CustomerCode,CustomerName,CustomerSegment,IndustryVertical,SizeTier,ParentCustomerCode,ParentCustomerName,HqCountryCode,HqCountryName,HqRegion,SalesRegion,AccountManager,AccountManagerEmail,CreditTier,PaymentTermsDays,ContractType,OnboardedDate,ScdValidFrom,ScdValidTo,IsCurrent,ScdVersion,CustomerKey
#NA,Unknown,#NA,#NA,#NA,#NA,#NA,#NA,Unknown,#NA,#NA,#NA,#NA,#NA,0,#NA,9999-12-31,9999-12-31,9999-12-31,0,0,-1
CUS0001,Voyager Stores S.A.,BCO,Retail,Mid-Market,,,IN,India,South Asia,APAC,Yuki Kowalski,yuki.kowalski@meridiangl.com,C,0,Long-Term Contract,2018-08-21,2018-08-21,9999-12-31,1,1,1
CUS0002,Sentinel Electronics PLC,Freight Forwarder,Electronics,Mid-Market,,,DE,Germany,N Europe,EMEA,Ingrid Nguyen,ingrid.nguyen@meridiangl.com,C,15,Spot,2024-01-22,2024-01-22,9999-12-31,1,1,2
CUS0003,Ivyhill Power Co.,SME Direct,Energy,SME,,,GB,United Kingdom,N Europe,EMEA,Carlos Al-Farsi,carlos.al-farsi@meridiangl.com,B,30,Spot,2016-01-23,2016-01-23,2021-02-12,0,1,3
CUS0003,Ivyhill Power Co.,SME Direct,Energy,National,,,GB,United Kingdom,N Europe,EMEA,Yuki O'Brien,yuki.obrien@meridiangl.com,B,30,Named Account Tariff,2016-01-23,2021-02-13,9999-12-31,1,2,4
CUS0004,Sterling Motors Pte Ltd,SME Direct,Automotive,SME,CUS0385,Everest Auto Parts PLC,IT,Italy,Mediterranean,EMEA,Elena O'Brien,elena.obrien@meridiangl.com,D,0,Spot,2025-06-16,2025-06-16,9999-12-31,1,1,5
CUS0005,Underhill Pharmaceuticals Co.,Freight Forwarder,Pharma,National,CUS0932,Kestrel Pharmaceuticals B.V.,ID,Indonesia,SE Asia,APAC,Diego Yamamoto,diego.yamamoto@meridiangl.com,A,30,Named Account Tariff,2019-03-23,2019-03-23,9999-12-31,1,1,6
CUS0006,Westbrook Technologies Holdings,BCO,Electronics,Mid-Market,,,ID,Indonesia,SE Asia,APAC,Ingrid Osei,ingrid.osei@meridiangl.com,C,15,Named Account Tariff,2016-05-24,2016-05-24,9999-12-31,1,1,7
CUS0007,Nova Apparel S.A.,3PL,Textiles,Mid-Market,,,SG,Singapore,SE Asia,APAC,Priya O'Brien,priya.obrien@meridiangl.com,C,15,Named Account Tariff,2020-12-04,2020-12-04,2022-03-24,0,1,8
CUS0007,Nova Apparel S.A.,3PL,Textiles,Mid-Market,,,SG,Singapore,SE Asia,APAC,Raj Kim,raj.kim@meridiangl.com,B,15,Long-Term Contract,2020-12-04,2022-03-25,9999-12-31,1,2,9
CUS0008,Cobalt Automotive Corp,BCO,Automotive,National,,,JP,Japan,East Asia,APAC,Wei Silva,wei.silva@meridiangl.com,C,30,Long-Term Contract,2019-09-18,2019-09-18,9999-12-31,1,1,10
CUS0009,Eastridge Agri-Foods B.V.,SME Direct,Agriculture,Mid-Market,,,CA,Canada,N America East,Americas,Grace Larsson,grace.larsson@meridiangl.com,D,15,Long-Term Contract,2024-02-14,2024-02-14,9999-12-31,1,1,11
CUS0010,Southwick Life Sciences GmbH,Freight Forwarder,Pharma,National,,,FR,France,N Europe,EMEA,James Larsson,james.larsson@meridiangl.com,B,45,Long-Term Contract,2017-01-02,2017-01-02,9999-12-31,1,1,12
CUS0011,Quarrystone Life Sciences LLC,NVOCC,Pharma,SME,,,FR,France,N Europe,EMEA,Maria Sharma,maria.sharma@meridiangl.com,D,45,Spot,2019-12-06,2019-12-06,2020-09-29,0,1,13
CUS0011,Quarrystone Life Sciences LLC,NVOCC,Pharma,SME,,,FR,France,N Europe,EMEA,Maria Sharma,maria.sharma@meridiangl.com,D,45,Named Account Tariff,2019-12-06,2020-09-30,9999-12-31,1,2,14
CUS0012,Millbrook Mercantile PLC,3PL,Retail,SME,CUS0291,Vantage Engineering Pte Ltd,SA,Saudi Arabia,Middle East,EMEA,Elena Berg,elena.berg@meridiangl.com,C,45,Spot,2017-05-08,2017-05-08,9999-12-31,1,1,15
CUS0013,Ashford Technologies GmbH,Freight Forwarder,Electronics,Mid-Market,,,BR,Brazil,LatAm East,Americas,Ahmed Novak,ahmed.novak@meridiangl.com,D,30,Spot,2019-04-30,2019-04-30,9999-12-31,1,1,16
CUS0014,Ironbridge Semiconductor Inc,NVOCC,Electronics,National,,,ZA,South Africa,Africa,EMEA,Priya O'Brien,priya.obrien@meridiangl.com,B,30,Long-Term Contract,2022-09-27,2022-09-27,9999-12-31,1,1,17
CUS0015,Lakemoor Apparel S.A.,NVOCC,Textiles,Mid-Market,CUS1367,Nightingale Semiconductor GmbH,AU,Australia,Oceania,ANZ,Carlos Ferreira,carlos.ferreira@meridiangl.com,D,15,Long-Term Contract,2015-03-24,2015-03-24,9999-12-31,1,1,18
CUS0016,Brightwater Pharma Pte Ltd,BCO,Pharma,Global Key Account,,,FR,France,N Europe,EMEA,Ahmed Tanaka,ahmed.tanaka@meridiangl.com,A,15,Long-Term Contract,2017-07-12,2017-07-12,9999-12-31,1,1,19
CUS0017,Cobalt Textiles Holdings,BCO,Textiles,Mid-Market,,,ES,Spain,Mediterranean,EMEA,Priya O'Brien,priya.obrien@meridiangl.com,B,45,Named Account Tariff,2025-05-12,2025-05-12,9999-12-31,1,1,20
CUS0018,Aurora Auto Parts GmbH,BCO,Automotive,Mid-Market,,,IT,Italy,Mediterranean,EMEA,Elena Haddad,elena.haddad@meridiangl.com,A,60,Spot,2023-05-10,2023-05-10,9999-12-31,1,1,21
CUS0019,Greystone Life Sciences GmbH,Freight Forwarder,Pharma,Mid-Market,,,VN,Vietnam,SE Asia,APAC,Sofia Ferreira,sofia.ferreira@meridiangl.com,B,45,Spot,2020-05-16,2020-05-16,9999-12-31,1,1,22
CUS0020,Mosaic Agro Corp,NVOCC,Agriculture,Mid-Market,CUS2857,Ashford Textiles B.V.,MX,Mexico,LatAm West,Americas,Carlos Haddad,carlos.haddad@meridiangl.com,B,60,Spot,2015-06-26,2015-06-26,2025-11-04,0,1,23
CUS0020,Mosaic Agro Corp,NVOCC,Agriculture,SME,CUS2857,Ashford Textiles B.V.,MX,Mexico,LatAm West,Americas,Carlos Haddad,carlos.haddad@meridiangl.com,A,60,Named Account Tariff,2015-06-26,2025-11-05,9999-12-31,1,2,24
CUS0021,Westbrook Consumer Goods Inc,3PL,FMCG,SME,,,CN,China,East Asia,APAC,Elena Haddad,elena.haddad@meridiangl.com,D,0,Long-Term Contract,2017-01-28,2017-01-28,2020-11-23,0,1,25
CUS0021,Westbrook Consumer Goods Inc,3PL,FMCG,Mid-Market,,,CN,China,East Asia,APAC,Elena Haddad,elena.haddad@meridiangl.com,A,0,Named Account Tariff,2017-01-28,2020-11-24,2021-10-21,0,2,26
CUS0021,Westbrook Consumer Goods Inc,3PL,FMCG,SME,,,CN,China,East Asia,APAC,Elena Haddad,elena.haddad@meridiangl.com,A,0,Long-Term Contract,2017-01-28,2021-10-22,9999-12-31,1,3,27
CUS0022,Onyx Chemicals Group,BCO,Chemicals,SME,,,TR,Turkey,Mediterranean,EMEA,Ingrid O'Brien,ingrid.obrien@meridiangl.com,C,15,Spot,2023-04-05,2023-04-05,9999-12-31,1,1,28
CUS0023,Zenith Retail Holdings,SME Direct,Retail,Mid-Market,,,DE,Germany,N Europe,EMEA,Carlos Sharma,carlos.sharma@meridiangl.com,B,45,Long-Term Contract,2020-01-30,2020-01-30,2021-08-20,0,1,29
CUS0023,Zenith Retail Holdings,SME Direct,Retail,SME,,,DE,Germany,N Europe,EMEA,Yuki Ramirez,yuki.ramirez@meridiangl.com,D,45,Spot,2020-01-30,2021-08-21,9999-12-31,1,2,30
CUS0024,Ashford Chemicals Co.,Freight Forwarder,Chemicals,Mid-Market,,,GB,United Kingdom,N Europe,EMEA,Elena Berg,elena.berg@meridiangl.com,D,45,Named Account Tariff,2022-04-12,2022-04-12,9999-12-31,1,1,31
CUS0025,Dockside Pharma S.A.,BCO,Pharma,Mid-Market,,,IN,India,South Asia,APAC,Anna Berg,anna.berg@meridiangl.com,B,30,Spot,2020-01-02,2020-01-02,2020-10-18,0,1,32
CUS0025,Dockside Pharma S.A.,BCO,Pharma,SME,,,IN,India,South Asia,APAC,Diego Yamamoto,diego.yamamoto@meridiangl.com,D,30,Long-Term Contract,2020-01-02,2020-10-19,9999-12-31,1,2,33
CUS0026,Lonestar Textiles Holdings,SME Direct,Textiles,National,,,AU,Australia,Oceania,ANZ,Elena Haddad,elena.haddad@meridiangl.com,C,45,Long-Term Contract,2018-11-14,2018-11-14,9999-12-31,1,1,34
CUS0027,Cobalt Retail Inc,BCO,Retail,National,,,GB,United Kingdom,N Europe,EMEA,Sofia Ferreira,sofia.ferreira@meridiangl.com,D,15,Long-Term Contract,2019-01-08,2019-01-08,9999-12-31,1,1,35
CUS0028,Westbrook Energy Ltd,BCO,Energy,SME,CUS1256,Granite Machinery Co.,FR,France,N Europe,EMEA,Kenji Tanaka,kenji.tanaka@meridiangl.com,D,15,Spot,2022-09-05,2022-09-05,9999-12-31,1,1,36
CUS0029,Greystone Trading S.A.,Freight Forwarder,Retail,SME,,,ES,Spain,Mediterranean,EMEA,Raj Kim,raj.kim@meridiangl.com,B,0,Spot,2020-10-24,2020-10-24,2026-04-24,0,1,37
CUS0029,Greystone Trading S.A.,Freight Forwarder,Retail,Mid-Market,,,ES,Spain,Mediterranean,EMEA,Ahmed Nguyen,ahmed.nguyen@meridiangl.com,A,0,Long-Term Contract,2020-10-24,2026-04-25,9999-12-31,1,2,38
CUS0030,Monsoon Agri-Foods Holdings,SME Direct,Agriculture,Mid-Market,,,IN,India,South Asia,APAC,Wei Tanaka,wei.tanaka@meridiangl.com,B,30,Spot,2024-05-01,2024-05-01,9999-12-31,1,1,39
CUS0031,Juniper Chemical Industries GmbH,BCO,Chemicals,Mid-Market,,,FR,France,N Europe,EMEA,Yuki Ramirez,yuki.ramirez@meridiangl.com,B,45,Named Account Tariff,2021-10-08,2021-10-08,9999-12-31,1,1,40
CUS0032,Marlowe Foods Co.,Freight Forwarder,FMCG,SME,,,TH,Thailand,SE Asia,APAC,Ingrid O'Brien,ingrid.obrien@meridiangl.com,C,45,Long-Term Contract,2016-02-03,2016-02-03,2024-07-21,0,1,41
CUS0032,Marlowe Foods Co.,Freight Forwarder,FMCG,National,,,TH,Thailand,SE Asia,APAC,Grace Larsson,grace.larsson@meridiangl.com,C,45,Named Account Tariff,2016-02-03,2024-07-22,9999-12-31,1,2,42
CUS0033,Wellspring Life Sciences LLC,Freight Forwarder,Pharma,SME,,,BR,Brazil,LatAm East,Americas,Ahmed Torres,ahmed.torres@meridiangl.com,C,30,Named Account Tariff,2015-10-09,2015-10-09,9999-12-31,1,1,43
CUS0034,Millbrook Power Pte Ltd,BCO,Energy,National,,,FR,France,N Europe,EMEA,Sofia Larsson,sofia.larsson@meridiangl.com,C,30,Long-Term Contract,2024-09-20,2024-09-20,9999-12-31,1,1,44
CUS0035,Sterling Metals Ltd,BCO,Metals,SME,,,KR,South Korea,East Asia,APAC,Ahmed Rossi,ahmed.rossi@meridiangl.com,D,15,Spot,2017-07-19,2017-07-19,9999-12-31,1,1,45
CUS0036,Skyline Technologies Inc,BCO,Electronics,SME,CUS1368,Zenith Engineering GmbH,AU,Australia,Oceania,ANZ,Priya Ferreira,priya.ferreira@meridiangl.com,C,15,Named Account Tariff,2019-08-11,2019-08-11,9999-12-31,1,1,46
CUS0037,Quarrystone FMCG GmbH,SME Direct,FMCG,SME,,,AU,Australia,Oceania,ANZ,Yuki Kowalski,yuki.kowalski@meridiangl.com,B,15,Spot,2020-08-29,2020-08-29,2025-06-05,0,1,47
CUS0037,Quarrystone FMCG GmbH,SME Direct,FMCG,SME,,,AU,Australia,Oceania,ANZ,Sofia Larsson,sofia.larsson@meridiangl.com,B,15,Named Account Tariff,2020-08-29,2025-06-06,9999-12-31,1,2,48
CUS0038,Wellspring Garments Pte Ltd,BCO,Textiles,SME,,,MY,Malaysia,SE Asia,APAC,Diego Patel,diego.patel@meridiangl.com,B,30,Long-Term Contract,2020-05-28,2020-05-28,2024-05-21,0,1,49
CUS0038,Wellspring Garments Pte Ltd,BCO,Textiles,Mid-Market,,,MY,Malaysia,SE Asia,APAC,Diego Patel,diego.patel@meridiangl.com,B,30,Long-Term Contract,2020-05-28,2024-05-22,9999-12-31,1,2,50
CUS0039,Glenmoor Agro LLC,NVOCC,Agriculture,SME,,,CN,China,East Asia,APAC,Ingrid Nguyen,ingrid.nguyen@meridiangl.com,C,0,Named Account Tariff,2017-04-17,2017-04-17,9999-12-31,1,1,51
CUS0040,Glenmoor Life Sciences LLC,3PL,Pharma,Mid-Market,,,CN,China,East Asia,APAC,Raj Kim,raj.kim@meridiangl.com,C,30,Spot,2015-08-25,2015-08-25,9999-12-31,1,1,52
CUS0041,Marlowe Agri-Foods Inc,BCO,Agriculture,Mid-Market,,,IN,India,South Asia,APAC,Elena Haddad,elena.haddad@meridiangl.com,A,45,Long-Term Contract,2015-06-03,2015-06-03,9999-12-31,1,1,53
CUS0042,Wellspring Alloys Group,NVOCC,Metals,Mid-Market,,,ES,Spain,Mediterranean,EMEA,Elena Haddad,elena.haddad@meridiangl.com,D,0,Spot,2026-06-20,2026-06-20,9999-12-31,1,1,54
CUS0043,Eastridge Technologies Ltd,NVOCC,Electronics,SME,CUS0560,Foxrun Chemical Industries GmbH,IT,Italy,Mediterranean,EMEA,Hassan Nguyen,hassan.nguyen@meridiangl.com,D,0,Spot,2024-08-04,2024-08-04,9999-12-31,1,1,55
CUS0044,Sterling Steel GmbH,Freight Forwarder,Metals,Mid-Market,,,AE,United Arab Emirates,Middle East,EMEA,Ingrid Tanaka,ingrid.tanaka@meridiangl.com,B,15,Named Account Tariff,2016-07-29,2016-07-29,9999-12-31,1,1,56
CUS0045,Monsoon Petrochemicals Pte Ltd,NVOCC,Energy,National,,,BE,Belgium,N Europe,EMEA,Fatima Haddad,fatima.haddad@meridiangl.com,B,45,Long-Term Contract,2026-03-23,2026-03-23,9999-12-31,1,1,57
CUS0046,Deerfield Chemicals Inc,BCO,Chemicals,Global Key Account,,,ID,Indonesia,SE Asia,APAC,Elena O'Brien,elena.obrien@meridiangl.com,C,30,Long-Term Contract,2020-10-28,2020-10-28,9999-12-31,1,1,58
CUS0047,Voyager Chemicals Group,SME Direct,Chemicals,SME,,,SG,Singapore,SE Asia,APAC,Ahmed Novak,ahmed.novak@meridiangl.com,D,0,Spot,2026-04-19,2026-04-19,9999-12-31,1,1,59
CUS0048,Vertex Retail Holdings,Freight Forwarder,Retail,National,CUS2150,Cobalt Foods GmbH,CA,Canada,N America East,Americas,Wei Tanaka,wei.tanaka@meridiangl.com,C,30,Long-Term Contract,2018-02-08,2018-02-08,9999-12-31,1,1,60
CUS0049,Eastridge Farms Corp,BCO,Agriculture,SME,,,VN,Vietnam,SE Asia,APAC,Ahmed Tanaka,ahmed.tanaka@meridiangl.com,C,15,Spot,2017-12-27,2017-12-27,9999-12-31,1,1,61
CUS0050,Vantage Semiconductor PLC,SME Direct,Electronics,Mid-Market,,,CA,Canada,N America East,Americas,Ahmed Rossi,ahmed.rossi@meridiangl.com,B,0,Named Account Tariff,2019-11-30,2019-11-30,9999-12-31,1,1,62
CUS0051,Monsoon Consumer Goods GmbH,SME Direct,FMCG,National,,,MX,Mexico,LatAm West,Americas,Carlos Haddad,carlos.haddad@meridiangl.com,B,0,Named Account Tariff,2016-08-21,2016-08-21,9999-12-31,1,1,63
CUS0052,Monsoon Technologies Ltd,BCO,Electronics,SME,,,ZA,South Africa,Africa,EMEA,Ingrid Ferreira,ingrid.ferreira@meridiangl.com,C,15,Spot,2019-12-22,2019-12-22,9999-12-31,1,1,64
CUS0053,Cedarline Mercantile PLC,3PL,Retail,National,,,ZA,South Africa,Africa,EMEA,Carlos Sharma,carlos.sharma@meridiangl.com,D,0,Long-Term Contract,2016-07-06,2016-07-06,2017-05-21,0,1,65
CUS0053,Cedarline Mercantile PLC,3PL,Retail,SME,,,ZA,South Africa,Africa,EMEA,Liam O'Brien,liam.obrien@meridiangl.com,A,0,Long-Term Contract,2016-07-06,2017-05-22,9999-12-31,1,2,66
CUS0054,Elmfield Chemicals Group,Freight Forwarder,Chemicals,Mid-Market,,,SA,Saudi Arabia,Middle East,EMEA,Elena Haddad,elena.haddad@meridiangl.com,B,30,Named Account Tariff,2020-04-30,2020-04-30,9999-12-31,1,1,67
CUS0055,Nightingale Retail Co.,Freight Forwarder,Retail,Mid-Market,,,JP,Japan,East Asia,APAC,Anna Berg,anna.berg@meridiangl.com,B,30,Spot,2023-09-20,2023-09-20,9999-12-31,1,1,68
CUS0056,Harborview Apparel Group,BCO,Textiles,Global Key Account,,,ZA,South Africa,Africa,EMEA,Sofia Larsson,sofia.larsson@meridiangl.com,B,45,Long-Term Contract,2020-11-28,2020-11-28,9999-12-31,1,1,69
CUS0057,Eastridge Garments Inc,BCO,Textiles,SME,,,BR,Brazil,LatAm East,Americas,Elena Haddad,elena.haddad@meridiangl.com,C,45,Spot,2021-07-18,2021-07-18,9999-12-31,1,1,70
CUS0058,Hillcrest Apparel LLC,SME Direct,Textiles,Mid-Market,CUS1029,Hillcrest Retail Inc,DE,Germany,N Europe,EMEA,Diego Yamamoto,diego.yamamoto@meridiangl.com,C,30,Spot,2026-03-30,2026-03-30,2026-04-06,0,1,71
CUS0058,Hillcrest Apparel LLC,SME Direct,Textiles,Mid-Market,CUS1029,Hillcrest Retail Inc,DE,Germany,N Europe,EMEA,Ahmed Rossi,ahmed.rossi@meridiangl.com,A,30,Spot,2026-03-30,2026-04-07,9999-12-31,1,2,72
CUS0059,Glenmoor Alloys Ltd,Freight Forwarder,Metals,SME,CUS2092,Nova Steel B.V.,IT,Italy,Mediterranean,EMEA,Hassan Nguyen,hassan.nguyen@meridiangl.com,B,0,Named Account Tariff,2024-11-05,2024-11-05,2025-10-29,0,1,73
CUS0059,Glenmoor Alloys Ltd,Freight Forwarder,Metals,National,CUS2092,Nova Steel B.V.,IT,Italy,Mediterranean,EMEA,Ingrid O'Brien,ingrid.obrien@meridiangl.com,A,0,Long-Term Contract,2024-11-05,2025-10-30,9999-12-31,1,2,74
CUS0060,Quarrystone Chemical Industries Co.,BCO,Chemicals,Mid-Market,,,IT,Italy,Mediterranean,EMEA,Elena Haddad,elena.haddad@meridiangl.com,B,45,Spot,2021-07-13,2021-07-13,9999-12-31,1,1,75
CUS0061,Fairhaven Petrochemicals LLC,BCO,Energy,SME,,,TR,Turkey,Mediterranean,EMEA,James Tanaka,james.tanaka@meridiangl.com,C,0,Named Account Tariff,2024-10-22,2024-10-22,9999-12-31,1,1,76
CUS0062,Nightingale Garments LLC,3PL,Textiles,Mid-Market,CUS1792,Fairhaven Metals GmbH,SA,Saudi Arabia,Middle East,EMEA,Sofia Larsson,sofia.larsson@meridiangl.com,C,45,Spot,2019-03-18,2019-03-18,2026-04-21,0,1,77
CUS0062,Nightingale Garments LLC,3PL,Textiles,National,CUS1792,Fairhaven Metals GmbH,SA,Saudi Arabia,Middle East,EMEA,Ahmed Torres,ahmed.torres@meridiangl.com,C,45,Named Account Tariff,2019-03-18,2026-04-22,9999-12-31,1,2,78
CUS0063,Dockside Farms LLC,3PL,Agriculture,SME,,,AU,Australia,Oceania,ANZ,Ingrid Ferreira,ingrid.ferreira@meridiangl.com,C,15,Spot,2026-07-18,2026-07-18,2026-07-30,0,1,79
CUS0063,Dockside Farms LLC,3PL,Agriculture,SME,,,AU,Australia,Oceania,ANZ,Carlos Al-Farsi,carlos.al-farsi@meridiangl.com,A,15,Long-Term Contract,2026-07-18,2026-07-31,9999-12-31,1,2,80
CUS0064,Oakford Petrochemicals LLC,NVOCC,Energy,Mid-Market,,,TH,Thailand,SE Asia,APAC,Sofia Ferreira,sofia.ferreira@meridiangl.com,D,30,Spot,2025-04-19,2025-04-19,9999-12-31,1,1,81
CUS0065,Millbrook Automotive B.V.,BCO,Automotive,Mid-Market,,,CA,Canada,N America East,Americas,Elena O'Brien,elena.obrien@meridiangl.com,C,30,Long-Term Contract,2020-10-09,2020-10-09,9999-12-31,1,1,82
CUS0066,Dockside Garments Pte Ltd,Freight Forwarder,Textiles,National,,,JP,Japan,East Asia,APAC,Elena O'Brien,elena.obrien@meridiangl.com,B,60,Long-Term Contract,2017-07-28,2017-07-28,9999-12-31,1,1,83
CUS0067,Solstice Automotive Group,Freight Forwarder,Automotive,National,,,ZA,South Africa,Africa,EMEA,Ingrid Osei,ingrid.osei@meridiangl.com,D,15,Long-Term Contract,2017-05-26,2017-05-26,2020-12-01,0,1,84
CUS0067,Solstice Automotive Group,Freight Forwarder,Automotive,National,,,ZA,South Africa,Africa,EMEA,Ingrid Osei,ingrid.osei@meridiangl.com,C,15,Long-Term Contract,2017-05-26,2020-12-02,9999-12-31,1,2,85
CUS0068,Lakemoor Chemical Industries B.V.,3PL,Chemicals,Mid-Market,,,IN,India,South Asia,APAC,James Larsson,james.larsson@meridiangl.com,C,15,Long-Term Contract,2021-07-23,2021-07-23,9999-12-31,1,1,86
CUS0069,Ashgrove Semiconductor B.V.,SME Direct,Electronics,SME,,,SG,Singapore,SE Asia,APAC,Diego Yamamoto,diego.yamamoto@meridiangl.com,D,30,Spot,2019-01-25,2019-01-25,9999-12-31,1,1,87
CUS0070,Dockside Semiconductor Group,BCO,Electronics,SME,,,ID,Indonesia,SE Asia,APAC,Diego Kowalski,diego.kowalski@meridiangl.com,C,15,Named Account Tariff,2018-02-11,2018-02-11,2021-06-18,0,1,88
CUS0070,Dockside Semiconductor Group,BCO,Electronics,Mid-Market,,,ID,Indonesia,SE Asia,APAC,Diego Kowalski,diego.kowalski@meridiangl.com,D,15,Named Account Tariff,2018-02-11,2021-06-19,9999-12-31,1,2,89
CUS0071,Everest Consumer Goods PLC,SME Direct,FMCG,Mid-Market,,,BR,Brazil,LatAm East,Americas,Yuki Kowalski,yuki.kowalski@meridiangl.com,C,60,Spot,2023-11-05,2023-11-05,2025-09-02,0,1,90
CUS0071,Everest Consumer Goods PLC,SME Direct,FMCG,National,,,BR,Brazil,LatAm East,Americas,Sofia Larsson,sofia.larsson@meridiangl.com,C,60,Spot,2023-11-05,2025-09-03,9999-12-31,1,2,91
CUS0072,Thornwell Technologies Holdings,Freight Forwarder,Electronics,Mid-Market,,,KR,South Korea,East Asia,APAC,Elena O'Brien,elena.obrien@meridiangl.com,C,15,Long-Term Contract,2017-10-29,2017-10-29,9999-12-31,1,1,92
CUS0073,Ironwood Energy LLC,3PL,Energy,SME,,,CA,Canada,N America East,Americas,Yuki O'Brien,yuki.obrien@meridiangl.com,D,30,Spot,2016-09-07,2016-09-07,2025-11-21,0,1,93
CUS0073,Ironwood Energy LLC,3PL,Energy,SME,,,CA,Canada,N America East,Americas,Ahmed Nguyen,ahmed.nguyen@meridiangl.com,C,30,Named Account Tariff,2016-09-07,2025-11-22,9999-12-31,1,2,94
CUS0074,Harborview Energy Corp,BCO,Energy,Mid-Market,,,DE,Germany,N Europe,EMEA,Yuki Kowalski,yuki.kowalski@meridiangl.com,A,45,Spot,2016-11-22,2016-11-22,2019-05-08,0,1,95
CUS0074,Harborview Energy Corp,BCO,Energy,National,,,DE,Germany,N Europe,EMEA,Elena O'Brien,elena.obrien@meridiangl.com,B,45,Named Account Tariff,2016-11-22,2019-05-09,9999-12-31,1,2,96
CUS0075,Lonestar Consumer Goods Inc,Freight Forwarder,FMCG,National,,,VN,Vietnam,SE Asia,APAC,Elena O'Brien,elena.obrien@meridiangl.com,B,30,Long-Term Contract,2015-01-25,2015-01-25,9999-12-31,1,1,97
CUS0076,Lakemoor Farms Inc,Freight Forwarder,Agriculture,National,,,TH,Thailand,SE Asia,APAC,Carlos Ferreira,carlos.ferreira@meridiangl.com,D,30,Named Account Tariff,2024-06-14,2024-06-14,9999-12-31,1,1,98
CUS0077,Southwick Engineering Pte Ltd,NVOCC,Machinery,Mid-Market,,,HK,Hong Kong,East Asia,APAC,Elena Haddad,elena.haddad@meridiangl.com,C,60,Named Account Tariff,2016-11-03,2016-11-03,2017-11-22,0,1,99
CUS0077,Southwick Engineering Pte Ltd,NVOCC,Machinery,Mid-Market,,,HK,Hong Kong,East Asia,APAC,Grace Larsson,grace.larsson@meridiangl.com,B,60,Named Account Tariff,2016-11-03,2017-11-23,2020-02-21,0,2,100
CUS0077,Southwick Engineering Pte Ltd,NVOCC,Machinery,SME,,,HK,Hong Kong,East Asia,APAC,Grace Larsson,grace.larsson@meridiangl.com,D,60,Spot,2016-11-03,2020-02-22,9999-12-31,1,3,101
CUS0078,Skyline Energy S.A.,Freight Forwarder,Energy,Mid-Market,,,US,United States,N America East,Americas,Liam O'Brien,liam.obrien@meridiangl.com,B,15,Named Account Tariff,2019-03-03,2019-03-03,9999-12-31,1,1,102
CUS0079,Ashford Technologies Inc,NVOCC,Electronics,SME,,,TW,Taiwan,East Asia,APAC,James Larsson,james.larsson@meridiangl.com,C,60,Spot,2016-01-03,2016-01-03,9999-12-31,1,1,103
CUS0080,Sentinel Industrial Pte Ltd,Freight Forwarder,Machinery,National,,,HK,Hong Kong,East Asia,APAC,Ingrid Osei,ingrid.osei@meridiangl.com,C,60,Named Account Tariff,2022-08-14,2022-08-14,2025-02-13,0,1,104
CUS0080,Sentinel Industrial Pte Ltd,Freight Forwarder,Machinery,SME,,,HK,Hong Kong,East Asia,APAC,Maria Sharma,maria.sharma@meridiangl.com,A,60,Long-Term Contract,2022-08-14,2025-02-14,9999-12-31,1,2,105
CUS0081,Monsoon Pharma Ltd,SME Direct,Pharma,SME,CUS2628,Junction Steel Inc,BE,Belgium,N Europe,EMEA,Liam O'Brien,liam.obrien@meridiangl.com,C,15,Spot,2015-11-28,2015-11-28,2024-07-21,0,1,106
CUS0081,Monsoon Pharma Ltd,SME Direct,Pharma,SME,CUS2628,Junction Steel Inc,BE,Belgium,N Europe,EMEA,Liam O'Brien,liam.obrien@meridiangl.com,C,15,Long-Term Contract,2015-11-28,2024-07-22,9999-12-31,1,2,107
CUS0082,Sterling Consumer Goods GmbH,SME Direct,FMCG,National,,,JP,Japan,East Asia,APAC,Diego Patel,diego.patel@meridiangl.com,C,30,Long-Term Contract,2025-02-16,2025-02-16,9999-12-31,1,1,108
CUS0083,Kingswell Metals Pte Ltd,Freight Forwarder,Metals,SME,,,TW,Taiwan,East Asia,APAC,Fatima Haddad,fatima.haddad@meridiangl.com,D,0,Spot,2022-12-04,2022-12-04,9999-12-31,1,1,109
CUS0084,Elmfield Electronics PLC,BCO,Electronics,Mid-Market,,,HK,Hong Kong,East Asia,APAC,Ingrid Osei,ingrid.osei@meridiangl.com,C,60,Spot,2025-02-27,2025-02-27,9999-12-31,1,1,110
CUS0085,Ridgemont Agri-Foods LLC,SME Direct,Agriculture,SME,,,BE,Belgium,N Europe,EMEA,Elena Haddad,elena.haddad@meridiangl.com,C,15,Spot,2019-01-20,2019-01-20,9999-12-31,1,1,111
CUS0086,Lonestar Semiconductor GmbH,BCO,Electronics,SME,,,TW,Taiwan,East Asia,APAC,Ahmed Nguyen,ahmed.nguyen@meridiangl.com,C,30,Spot,2018-02-03,2018-02-03,9999-12-31,1,1,112
CUS0087,Northgate Textiles B.V.,Freight Forwarder,Textiles,Mid-Market,,,JP,Japan,East Asia,APAC,Sofia Larsson,sofia.larsson@meridiangl.com,C,30,Long-Term Contract,2019-03-02,2019-03-02,9999-12-31,1,1,113
CUS0088,Ivyhill Engineering B.V.,BCO,Machinery,Mid-Market,,,TR,Turkey,Mediterranean,EMEA,Wei Tanaka,wei.tanaka@meridiangl.com,C,30,Named Account Tariff,2024-10-08,2024-10-08,9999-12-31,1,1,114
CUS0089,Nightingale Metals Co.,BCO,Metals,Mid-Market,,,DE,Germany,N Europe,EMEA,Elena Berg,elena.berg@meridiangl.com,C,0,Named Account Tariff,2017-01-09,2017-01-09,2022-06-20,0,1,115
CUS0089,Nightingale Metals Co.,BCO,Metals,Mid-Market,,,DE,Germany,N Europe,EMEA,Liam O'Brien,liam.obrien@meridiangl.com,B,0,Spot,2017-01-09,2022-06-21,9999-12-31,1,2,116
CUS0090,Vertex Motors Corp,BCO,Automotive,SME,CUS2749,Sterling Pharmaceuticals Pte Ltd,IT,Italy,Mediterranean,EMEA,Ingrid Ferreira,ingrid.ferreira@meridiangl.com,C,30,Spot,2024-03-23,2024-03-23,2026-08-01,0,1,117
CUS0090,Vertex Motors Corp,BCO,Automotive,National,CUS2749,Sterling Pharmaceuticals Pte Ltd,IT,Italy,Mediterranean,EMEA,Raj Kim,raj.kim@meridiangl.com,B,30,Named Account Tariff,2024-03-23,2026-08-02,9999-12-31,1,2,118
CUS0091,Lonestar Foods S.A.,BCO,FMCG,SME,,,TW,Taiwan,East Asia,APAC,Carlos Ferreira,carlos.ferreira@meridiangl.com,C,0,Spot,2023-09-07,2023-09-07,9999-12-31,1,1,119
CUS0092,Voyager Pharma Holdings,3PL,Pharma,SME,,,KR,South Korea,East Asia,APAC,Priya Ferreira,priya.ferreira@meridiangl.com,C,15,Spot,2022-12-13,2022-12-13,2023-07-28,0,1,120
CUS0092,Voyager Pharma Holdings,3PL,Pharma,SME,,,KR,South Korea,East Asia,APAC,Diego Kowalski,diego.kowalski@meridiangl.com,C,15,Spot,2022-12-13,2023-07-29,9999-12-31,1,2,121
CUS0093,Ironbridge Consumer Goods Ltd,NVOCC,FMCG,Mid-Market,,,BE,Belgium,N Europe,EMEA,Grace Osei,grace.osei@meridiangl.com,A,45,Named Account Tariff,2021-02-13,2021-02-13,9999-12-31,1,1,122
CUS0094,Ivyhill Steel Holdings,NVOCC,Metals,SME,,,TW,Taiwan,East Asia,APAC,Ingrid Tanaka,ingrid.tanaka@meridiangl.com,D,15,Named Account Tariff,2021-01-12,2021-01-12,2021-03-09,0,1,123
CUS0094,Ivyhill Steel Holdings,NVOCC,Metals,Mid-Market,,,TW,Taiwan,East Asia,APAC,Carlos Haddad,carlos.haddad@meridiangl.com,C,15,Long-Term Contract,2021-01-12,2021-03-10,9999-12-31,1,2,124
CUS0095,Quarrystone Retail Ltd,NVOCC,Retail,Mid-Market,,,DE,Germany,N Europe,EMEA,Ahmed Torres,ahmed.torres@meridiangl.com,B,30,Named Account Tariff,2022-02-23,2022-02-23,9999-12-31,1,1,125
CUS0096,Kingswell Trading Corp,NVOCC,Retail,Mid-Market,,,CN,China,East Asia,APAC,Wei Silva,wei.silva@meridiangl.com,D,0,Named Account Tariff,2023-05-29,2023-05-29,2025-06-18,0,1,126
CUS0096,Kingswell Trading Corp,NVOCC,Retail,SME,,,CN,China,East Asia,APAC,Wei Silva,wei.silva@meridiangl.com,C,0,Long-Term Contract,2023-05-29,2025-06-19,9999-12-31,1,2,127
CUS0097,Ironbridge Trading Co.,Freight Forwarder,Retail,National,,,KR,South Korea,East Asia,APAC,Elena Haddad,elena.haddad@meridiangl.com,A,15,Named Account Tariff,2018-10-13,2018-10-13,9999-12-31,1,1,128
CUS0098,Sentinel Metals Group,Freight Forwarder,Metals,Mid-Market,,,TR,Turkey,Mediterranean,EMEA,Carlos Ferreira,carlos.ferreira@meridiangl.com,B,30,Spot,2024-02-05,2024-02-05,2026-02-23,0,1,129
CUS0098,Sentinel Metals Group,Freight Forwarder,Metals,Mid-Market,,,TR,Turkey,Mediterranean,EMEA,Fatima Haddad,fatima.haddad@meridiangl.com,B,30,Spot,2024-02-05,2026-02-24,9999-12-31,1,2,130
CUS0099,Palisade Life Sciences LLC,3PL,Pharma,SME,,,TH,Thailand,SE Asia,APAC,Yuki Ramirez,yuki.ramirez@meridiangl.com,C,30,Spot,2021-08-06,2021-08-06,9999-12-31,1,1,131
CUS0100,Ivyhill Trading Pte Ltd,Freight Forwarder,Retail,Mid-Market,,,NZ,New Zealand,Oceania,ANZ,Diego Kowalski,diego.kowalski@meridiangl.com,D,15,Named Account Tariff,2019-05-30,2019-05-30,2026-04-02,0,1,132
CUS0100,Ivyhill Trading Pte Ltd,Freight Forwarder,Retail,Mid-Market,,,NZ,New Zealand,Oceania,ANZ,Diego Kowalski,diego.kowalski@meridiangl.com,D,15,Long-Term Contract,2019-05-30,2026-04-03,9999-12-31,1,2,133
CUS0101,Sentinel Machinery Holdings,BCO,Machinery,National,CUS2123,Valleyforge Foods Inc,NZ,New Zealand,Oceania,ANZ,James Tanaka,james.tanaka@meridiangl.com,B,60,Named Account Tariff,2018-02-15,2018-02-15,2023-05-23,0,1,134
CUS0101,Sentinel Machinery Holdings,BCO,Machinery,National,CUS2123,Valleyforge Foods Inc,NZ,New Zealand,Oceania,ANZ,James Tanaka,james.tanaka@meridiangl.com,A,60,Named Account Tariff,2018-02-15,2023-05-24,9999-12-31,1,2,135
CUS0102,Brightwater Machinery GmbH,NVOCC,Machinery,National,,,IT,Italy,Mediterranean,EMEA,Carlos Sharma,carlos.sharma@meridiangl.com,D,15,Long-Term Contract,2020-04-23,2020-04-23,9999-12-31,1,1,136
CUS0103,Clearwater Pharma Co.,3PL,Pharma,Mid-Market,,,ES,Spain,Mediterranean,EMEA,James Tanaka,james.tanaka@meridiangl.com,C,0,Named Account Tariff,2018-07-10,2018-07-10,9999-12-31,1,1,137
CUS0104,Voyager Auto Parts Inc,BCO,Automotive,Mid-Market,CUS2092,Nova Steel B.V.,ID,Indonesia,SE Asia,APAC,Elena Haddad,elena.haddad@meridiangl.com,A,60,Named Account Tariff,2015-12-20,2015-12-20,2021-04-23,0,1,138
CUS0104,Voyager Auto Parts Inc,BCO,Automotive,SME,CUS2092,Nova Steel B.V.,ID,Indonesia,SE Asia,APAC,Elena Haddad,elena.haddad@meridiangl.com,A,60,Long-Term Contract,2015-12-20,2021-04-24,9999-12-31,1,2,139
CUS0105,Fairhaven Chemicals Pte Ltd,3PL,Chemicals,Mid-Market,,,VN,Vietnam,SE Asia,APAC,Ingrid Ferreira,ingrid.ferreira@meridiangl.com,B,45,Named Account Tariff,2020-11-13,2020-11-13,2024-08-15,0,1,140
CUS0105,Fairhaven Chemicals Pte Ltd,3PL,Chemicals,SME,,,VN,Vietnam,SE Asia,APAC,Wei Tanaka,wei.tanaka@meridiangl.com,B,45,Long-Term Contract,2020-11-13,2024-08-16,9999-12-31,1,2,141
CUS0106,Foxrun Motors Corp,BCO,Automotive,Mid-Market,,,ID,Indonesia,SE Asia,APAC,Ingrid Osei,ingrid.osei@meridiangl.com,A,45,Spot,2017-09-21,2017-09-21,9999-12-31,1,1,142
CUS0107,Thornwell Agro Inc,BCO,Agriculture,Mid-Market,,,DE,Germany,N Europe,EMEA,Elena O'Brien,elena.obrien@meridiangl.com,A,45,Spot,2020-11-24,2020-11-24,9999-12-31,1,1,143
CUS0108,Underhill Farms Co.,BCO,Agriculture,Mid-Market,,,NL,Netherlands,N Europe,EMEA,Ahmed Rossi,ahmed.rossi@meridiangl.com,D,15,Spot,2019-12-30,2019-12-30,9999-12-31,1,1,144
CUS0109,Palisade Motors LLC,BCO,Automotive,Mid-Market,,,CL,Chile,LatAm West,Americas,Elena Berg,elena.berg@meridiangl.com,C,0,Named Account Tariff,2020-02-23,2020-02-23,2022-01-01,0,1,145
CUS0109,Palisade Motors LLC,BCO,Automotive,Mid-Market,,,CL,Chile,LatAm West,Americas,Elena O'Brien,elena.obrien@meridiangl.com,D,0,Spot,2020-02-23,2022-01-02,9999-12-31,1,2,146
CUS0110,Solstice Motors LLC,BCO,Automotive,SME,,,AU,Australia,Oceania,ANZ,Raj Kim,raj.kim@meridiangl.com,D,30,Spot,2026-05-22,2026-05-22,9999-12-31,1,1,147
CUS0111,Cobalt Consumer Goods GmbH,Freight Forwarder,FMCG,Global Key Account,,,TH,Thailand,SE Asia,APAC,Hassan Nguyen,hassan.nguyen@meridiangl.com,A,45,Long-Term Contract,2021-08-25,2021-08-25,9999-12-31,1,1,148
CUS0112,Voyager Technologies Holdings,3PL,Electronics,SME,,,NL,Netherlands,N Europe,EMEA,Diego Kowalski,diego.kowalski@meridiangl.com,D,15,Spot,2020-05-26,2020-05-26,9999-12-31,1,1,149
CUS0113,Brightwater Pharmaceuticals Corp,BCO,Pharma,SME,,,ZA,South Africa,Africa,EMEA,Anna Berg,anna.berg@meridiangl.com,B,0,Spot,2024-04-21,2024-04-21,9999-12-31,1,1,150
CUS0114,Zenith Trading Corp,BCO,Retail,SME,,,BE,Belgium,N Europe,EMEA,James Larsson,james.larsson@meridiangl.com,B,30,Spot,2020-03-05,2020-03-05,9999-12-31,1,1,151
CUS0115,Lonestar Power S.A.,Freight Forwarder,Energy,National,,,ZA,South Africa,Africa,EMEA,Fatima O'Brien,fatima.obrien@meridiangl.com,B,60,Long-Term Contract,2019-09-15,2019-09-15,9999-12-31,1,1,152
CUS0116,Palisade Metals GmbH,3PL,Metals,SME,,,MY,Malaysia,SE Asia,APAC,Carlos Sharma,carlos.sharma@meridiangl.com,D,15,Spot,2021-03-11,2021-03-11,9999-12-31,1,1,153
CUS0117,Quarrystone Automotive Co.,3PL,Automotive,SME,,,DE,Germany,N Europe,EMEA,Diego Kowalski,diego.kowalski@meridiangl.com,B,30,Spot,2021-01-31,2021-01-31,2023-02-04,0,1,154
CUS0117,Quarrystone Automotive Co.,3PL,Automotive,Mid-Market,,,DE,Germany,N Europe,EMEA,Kenji Tanaka,kenji.tanaka@meridiangl.com,D,30,Named Account Tariff,2021-01-31,2023-02-05,9999-12-31,1,2,155
CUS0118,Kingswell Alloys Holdings,BCO,Metals,SME,,,CN,China,East Asia,APAC,Yuki O'Brien,yuki.obrien@meridiangl.com,B,45,Named Account Tariff,2019-04-14,2019-04-14,9999-12-31,1,1,156
CUS0119,Lonestar Agro GmbH,BCO,Agriculture,SME,,,DE,Germany,N Europe,EMEA,Carlos Ferreira,carlos.ferreira@meridiangl.com,D,15,Named Account Tariff,2017-09-13,2017-09-13,2020-10-22,0,1,157
CUS0119,Lonestar Agro GmbH,BCO,Agriculture,National,,,DE,Germany,N Europe,EMEA,Ingrid Osei,ingrid.osei@meridiangl.com,A,15,Long-Term Contract,2017-09-13,2020-10-23,9999-12-31,1,2,158
CUS0120,Lakemoor Retail Ltd,Freight Forwarder,Retail,SME,,,ID,Indonesia,SE Asia,APAC,Ahmed Rossi,ahmed.rossi@meridiangl.com,C,30,Spot,2021-02-18,2021-02-18,2022-05-05,0,1,159
CUS0120,Lakemoor Retail Ltd,Freight Forwarder,Retail,SME,,,ID,Indonesia,SE Asia,APAC,Ahmed Rossi,ahmed.rossi@meridiangl.com,B,30,Named Account Tariff,2021-02-18,2022-05-06,9999-12-31,1,2,160
CUS0121,Ironbridge Industrial Pte Ltd,BCO,Machinery,Mid-Market,,,MX,Mexico,LatAm West,Americas,Ahmed Rossi,ahmed.rossi@meridiangl.com,C,15,Named Account Tariff,2018-03-08,2018-03-08,9999-12-31,1,1,161
CUS0122,Millbrook Retail Ltd,BCO,Retail,National,,,AU,Australia,Oceania,ANZ,Maria Sharma,maria.sharma@meridiangl.com,B,45,Spot,2024-03-27,2024-03-27,2026-03-22,0,1,162
CUS0122,Millbrook Retail Ltd,BCO,Retail,SME,,,AU,Australia,Oceania,ANZ,Diego Kowalski,diego.kowalski@meridiangl.com,D,45,Named Account Tariff,2024-03-27,2026-03-23,9999-12-31,1,2,163
CUS0123,Nova Pharmaceuticals Co.,SME Direct,Pharma,SME,,,DE,Germany,N Europe,EMEA,Elena O'Brien,elena.obrien@meridiangl.com,D,0,Named Account Tariff,2018-05-14,2018-05-14,9999-12-31,1,1,164
CUS0124,Glenmoor FMCG Group,BCO,FMCG,SME,,,CL,Chile,LatAm West,Americas,Liam O'Brien,liam.obrien@meridiangl.com,C,0,Spot,2015-10-23,2015-10-23,9999-12-31,1,1,165
CUS0125,Solstice Pharma B.V.,BCO,Pharma,SME,CUS2443,Glenmoor Automotive Ltd,BE,Belgium,N Europe,EMEA,Elena Tanaka,elena.tanaka@meridiangl.com,B,30,Spot,2015-10-25,2015-10-25,9999-12-31,1,1,166
CUS0126,Ashgrove Electronics Corp,Freight Forwarder,Electronics,Mid-Market,,,CA,Canada,N America East,Americas,Yuki O'Brien,yuki.obrien@meridiangl.com,B,15,Named Account Tariff,2017-09-28,2017-09-28,9999-12-31,1,1,167
CUS0127,Lakemoor Pharma PLC,3PL,Pharma,Mid-Market,,,AU,Australia,Oceania,ANZ,Anna Berg,anna.berg@meridiangl.com,B,30,Spot,2015-01-17,2015-01-17,9999-12-31,1,1,168
CUS0128,Valleyforge Apparel Corp,Freight Forwarder,Textiles,National,,,KR,South Korea,East Asia,APAC,Elena Haddad,elena.haddad@meridiangl.com,A,30,Named Account Tariff,2016-04-14,2016-04-14,9999-12-31,1,1,169
CUS0129,Elmfield Pharma LLC,3PL,Pharma,Mid-Market,CUS1898,Cobalt Pharma GmbH,BR,Brazil,LatAm East,Americas,Ahmed Tanaka,ahmed.tanaka@meridiangl.com,C,15,Spot,2018-06-05,2018-06-05,9999-12-31,1,1,170
CUS0130,Onyx Trading Ltd,SME Direct,Retail,SME,,,AU,Australia,Oceania,ANZ,Diego Patel,diego.patel@meridiangl.com,A,45,Spot,2019-08-31,2019-08-31,9999-12-31,1,1,171
CUS0131,Everest Garments Pte Ltd,Freight Forwarder,Textiles,Mid-Market,,,VN,Vietnam,SE Asia,APAC,Fatima Tanaka,fatima.tanaka@meridiangl.com,B,30,Spot,2021-06-07,2021-06-07,9999-12-31,1,1,172
CUS0132,Mosaic Petrochemicals LLC,3PL,Energy,Mid-Market,,,BE,Belgium,N Europe,EMEA,Yuki O'Brien,yuki.obrien@meridiangl.com,A,45,Spot,2019-09-10,2019-09-10,9999-12-31,1,1,173
CUS0133,Kestrel Consumer Goods Inc,Freight Forwarder,FMCG,SME,,,ID,Indonesia,SE Asia,APAC,Elena O'Brien,elena.obrien@meridiangl.com,A,30,Spot,2021-03-11,2021-03-11,9999-12-31,1,1,174
CUS0134,Aurora Engineering S.A.,BCO,Machinery,National,,,HK,Hong Kong,East Asia,APAC,Carlos Haddad,carlos.haddad@meridiangl.com,D,60,Long-Term Contract,2020-02-06,2020-02-06,9999-12-31,1,1,175
CUS0135,Fairhaven Life Sciences GmbH,3PL,Pharma,Mid-Market,,,TH,Thailand,SE Asia,APAC,Elena Berg,elena.berg@meridiangl.com,C,30,Spot,2022-06-20,2022-06-20,2024-09-01,0,1,176
CUS0135,Fairhaven Life Sciences GmbH,3PL,Pharma,National,,,TH,Thailand,SE Asia,APAC,Elena Berg,elena.berg@meridiangl.com,C,30,Long-Term Contract,2022-06-20,2024-09-02,9999-12-31,1,2,177
CUS0136,Zenith Metals PLC,SME Direct,Metals,Mid-Market,CUS1853,Palisade Life Sciences B.V.,HK,Hong Kong,East Asia,APAC,Diego Kowalski,diego.kowalski@meridiangl.com,B,45,Named Account Tariff,2021-05-06,2021-05-06,9999-12-31,1,1,178
CUS0137,Southwick Petrochemicals Group,BCO,Energy,SME,CUS0442,Everest Industrial Ltd,DE,Germany,N Europe,EMEA,Elena Haddad,elena.haddad@meridiangl.com,A,15,Long-Term Contract,2023-01-14,2023-01-14,9999-12-31,1,1,179
CUS0138,Granite Technologies Holdings,BCO,Electronics,National,,,KR,South Korea,East Asia,APAC,Elena Haddad,elena.haddad@meridiangl.com,A,60,Long-Term Contract,2016-08-22,2016-08-22,2022-08-06,0,1,180
CUS0138,Granite Technologies Holdings,BCO,Electronics,Mid-Market,,,KR,South Korea,East Asia,APAC,Elena O'Brien,elena.obrien@meridiangl.com,B,60,Spot,2016-08-22,2022-08-07,9999-12-31,1,2,181
CUS0139,Beacon Stores Corp,Freight Forwarder,Retail,Global Key Account,,,TH,Thailand,SE Asia,APAC,Hassan Silva,hassan.silva@meridiangl.com,A,45,Named Account Tariff,2016-09-26,2016-09-26,2021-04-09,0,1,182
CUS0139,Beacon Stores Corp,Freight Forwarder,Retail,Global Key Account,,,TH,Thailand,SE Asia,APAC,Hassan Silva,hassan.silva@meridiangl.com,D,45,Named Account Tariff,2016-09-26,2021-04-10,9999-12-31,1,2,183
CUS0140,Zenith FMCG Co.,Freight Forwarder,FMCG,Mid-Market,CUS0640,Ashford Pharmaceuticals PLC,KR,South Korea,East Asia,APAC,Diego Patel,diego.patel@meridiangl.com,D,30,Spot,2026-05-04,2026-05-04,2026-07-27,0,1,184
CUS0140,Zenith FMCG Co.,Freight Forwarder,FMCG,SME,CUS0640,Ashford Pharmaceuticals PLC,KR,South Korea,East Asia,APAC,Sofia Tanaka,sofia.tanaka@meridiangl.com,C,30,Named Account Tariff,2026-05-04,2026-07-28,2026-08-18,0,2,185
CUS0140,Zenith FMCG Co.,Freight Forwarder,FMCG,SME,CUS0640,Ashford Pharmaceuticals PLC,KR,South Korea,East Asia,APAC,Sofia Tanaka,sofia.tanaka@meridiangl.com,C,30,Spot,2026-05-04,2026-08-19,9999-12-31,1,3,186
CUS0141,Junction Chemical Industries B.V.,Freight Forwarder,Chemicals,SME,,,ID,Indonesia,SE Asia,APAC,Elena Tanaka,elena.tanaka@meridiangl.com,C,0,Named Account Tariff,2019-01-04,2019-01-04,9999-12-31,1,1,187
CUS0142,Dockside Agro Holdings,Freight Forwarder,Agriculture,National,,,CL,Chile,LatAm West,Americas,Elena Tanaka,elena.tanaka@meridiangl.com,B,30,Named Account Tariff,2016-09-09,2016-09-09,2022-05-26,0,1,188
CUS0142,Dockside Agro Holdings,Freight Forwarder,Agriculture,Mid-Market,,,CL,Chile,LatAm West,Americas,Elena Tanaka,elena.tanaka@meridiangl.com,B,30,Named Account Tariff,2016-09-09,2022-05-27,9999-12-31,1,2,189
CUS0143,Granite Trading S.A.,Freight Forwarder,Retail,SME,,,SA,Saudi Arabia,Middle East,EMEA,Sofia Larsson,sofia.larsson@meridiangl.com,B,15,Spot,2020-02-04,2020-02-04,2021-05-19,0,1,190
CUS0143,Granite Trading S.A.,Freight Forwarder,Retail,SME,,,SA,Saudi Arabia,Middle East,EMEA,Yuki Ramirez,yuki.ramirez@meridiangl.com,D,15,Long-Term Contract,2020-02-04,2021-05-20,9999-12-31,1,2,191
CUS0144,Valleyforge Alloys Inc,Freight Forwarder,Metals,Mid-Market,,,CN,China,East Asia,APAC,Grace Osei,grace.osei@meridiangl.com,C,15,Named Account Tariff,2018-07-14,2018-07-14,9999-12-31,1,1,192
CUS0145,Kestrel Auto Parts Group,Freight Forwarder,Automotive,National,,,GB,United Kingdom,N Europe,EMEA,James Larsson,james.larsson@meridiangl.com,A,60,Long-Term Contract,2016-12-18,2016-12-18,9999-12-31,1,1,193
CUS0146,Everest Pharma S.A.,3PL,Pharma,National,,,IT,Italy,Mediterranean,EMEA,Diego Yamamoto,diego.yamamoto@meridiangl.com,C,30,Spot,2023-04-03,2023-04-03,2024-10-03,0,1,194
CUS0146,Everest Pharma S.A.,3PL,Pharma,National,,,IT,Italy,Mediterranean,EMEA,Anna Berg,anna.berg@meridiangl.com,A,30,Named Account Tariff,2023-04-03,2024-10-04,9999-12-31,1,2,195
CUS0147,Underhill Stores Holdings,BCO,Retail,Mid-Market,,,SG,Singapore,SE Asia,APAC,Grace Osei,grace.osei@meridiangl.com,B,30,Named Account Tariff,2019-01-21,2019-01-21,9999-12-31,1,1,196
CUS0148,Harborview Agro PLC,3PL,Agriculture,Mid-Market,,,US,United States,N America East,Americas,Sofia Tanaka,sofia.tanaka@meridiangl.com,D,60,Long-Term Contract,2017-03-05,2017-03-05,9999-12-31,1,1,197
CUS0149,Lakemoor Motors B.V.,Freight Forwarder,Automotive,Global Key Account,,,GB,United Kingdom,N Europe,EMEA,Ingrid O'Brien,ingrid.obrien@meridiangl.com,A,60,Named Account Tariff,2025-04-30,2025-04-30,9999-12-31,1,1,198
CUS0150,Brookline Textiles Pte Ltd,BCO,Textiles,Mid-Market,,,AE,United Arab Emirates,Middle East,EMEA,Elena Haddad,elena.haddad@meridiangl.com,A,60,Spot,2015-12-01,2015-12-01,2016-06-04,0,1,199
CUS0150,Brookline Textiles Pte Ltd,BCO,Textiles,Mid-Market,,,AE,United Arab Emirates,Middle East,EMEA,Grace Larsson,grace.larsson@meridiangl.com,B,60,Long-Term Contract,2015-12-01,2016-06-05,9999-12-31,1,2,200
CUS0151,Ridgemont Retail S.A.,NVOCC,Retail,Mid-Market,,,HK,Hong Kong,East Asia,APAC,Sofia Tanaka,sofia.tanaka@meridiangl.com,D,15,Long-Term Contract,2023-08-10,2023-08-10,2025-12-13,0,1,201
CUS0151,Ridgemont Retail S.A.,NVOCC,Retail,Mid-Market,,,HK,Hong Kong,East Asia,APAC,Sofia Ferreira,sofia.ferreira@meridiangl.com,D,15,Long-Term Contract,2023-08-10,2025-12-14,9999-12-31,1,2,202
CUS0152,Brookline Agro Co.,BCO,Agriculture,SME,CUS1280,Equator Automotive Corp,FR,France,N Europe,EMEA,Wei Silva,wei.silva@meridiangl.com,D,45,Spot,2015-08-28,2015-08-28,9999-12-31,1,1,203
CUS0153,Lonestar Agro Group,SME Direct,Agriculture,National,,,CN,China,East Asia,APAC,Fatima Chen,fatima.chen@meridiangl.com,B,45,Spot,2018-09-12,2018-09-12,9999-12-31,1,1,204
CUS0154,Vertex Engineering B.V.,Freight Forwarder,Machinery,SME,CUS0785,Aurora Trading LLC,VN,Vietnam,SE Asia,APAC,Priya Ferreira,priya.ferreira@meridiangl.com,C,45,Spot,2019-06-04,2019-06-04,2021-01-07,0,1,205
CUS0154,Vertex Engineering B.V.,Freight Forwarder,Machinery,SME,CUS0785,Aurora Trading LLC,VN,Vietnam,SE Asia,APAC,Ahmed Novak,ahmed.novak@meridiangl.com,C,45,Long-Term Contract,2019-06-04,2021-01-08,9999-12-31,1,2,206
CUS0155,Foxrun Machinery Corp,BCO,Machinery,Mid-Market,,,US,United States,N America East,Americas,Sofia Ferreira,sofia.ferreira@meridiangl.com,C,45,Long-Term Contract,2018-12-29,2018-12-29,9999-12-31,1,1,207
CUS0156,Dockside Life Sciences Co.,BCO,Pharma,Mid-Market,,,US,United States,N America East,Americas,Diego Patel,diego.patel@meridiangl.com,A,30,Named Account Tariff,2016-11-15,2016-11-15,9999-12-31,1,1,208
CUS0157,Ironbridge Industrial Group,NVOCC,Machinery,SME,,,BE,Belgium,N Europe,EMEA,Ingrid Tanaka,ingrid.tanaka@meridiangl.com,C,30,Spot,2018-05-24,2018-05-24,9999-12-31,1,1,209
CUS0158,Quarrystone Apparel GmbH,Freight Forwarder,Textiles,SME,,,TH,Thailand,SE Asia,APAC,Priya Ferreira,priya.ferreira@meridiangl.com,D,30,Spot,2016-12-28,2016-12-28,9999-12-31,1,1,210
CUS0159,Foxrun Engineering PLC,BCO,Machinery,SME,,,BR,Brazil,LatAm East,Americas,Yuki Ramirez,yuki.ramirez@meridiangl.com,C,30,Spot,2026-06-10,2026-06-10,9999-12-31,1,1,211
CUS0160,Aurora Pharmaceuticals B.V.,BCO,Pharma,SME,,,VN,Vietnam,SE Asia,APAC,Ahmed Rossi,ahmed.rossi@meridiangl.com,D,0,Spot,2015-04-20,2015-04-20,2015-04-27,0,1,212
CUS0160,Aurora Pharmaceuticals B.V.,BCO,Pharma,Mid-Market,,,VN,Vietnam,SE Asia,APAC,Ahmed Rossi,ahmed.rossi@meridiangl.com,D,0,Named Account Tariff,2015-04-20,2015-04-28,9999-12-31,1,2,213
CUS0161,Palisade Metals Holdings,BCO,Metals,Mid-Market,,,ES,Spain,Mediterranean,EMEA,Grace Osei,grace.osei@meridiangl.com,A,30,Spot,2018-01-29,2018-01-29,9999-12-31,1,1,214
CUS0162,Cedarline Life Sciences Group,SME Direct,Pharma,Mid-Market,CUS2552,Solstice Engineering GmbH,NL,Netherlands,N Europe,EMEA,Kenji Tanaka,kenji.tanaka@meridiangl.com,B,45,Spot,2018-01-21,2018-01-21,9999-12-31,1,1,215
CUS0163,Cobalt Textiles LLC,BCO,Textiles,SME,,,ES,Spain,Mediterranean,EMEA,Grace Osei,grace.osei@meridiangl.com,B,60,Spot,2019-02-07,2019-02-07,2020-02-11,0,1,216
CUS0163,Cobalt Textiles LLC,BCO,Textiles,National,,,ES,Spain,Mediterranean,EMEA,Grace Osei,grace.osei@meridiangl.com,A,60,Long-Term Contract,2019-02-07,2020-02-12,9999-12-31,1,2,217
CUS0164,Dockside Machinery Holdings,SME Direct,Machinery,SME,,,CA,Canada,N America East,Americas,Ingrid Nguyen,ingrid.nguyen@meridiangl.com,B,45,Spot,2017-08-07,2017-08-07,9999-12-31,1,1,218
CUS0165,Thornwell Life Sciences Corp,BCO,Pharma,SME,CUS1074,Ironwood Life Sciences B.V.,TR,Turkey,Mediterranean,EMEA,James Tanaka,james.tanaka@meridiangl.com,D,30,Spot,2024-11-09,2024-11-09,9999-12-31,1,1,219
CUS0166,Ashford Chemical Industries PLC,Freight Forwarder,Chemicals,National,CUS1408,Equator Agro Corp,SA,Saudi Arabia,Middle East,EMEA,Yuki Torres,yuki.torres@meridiangl.com,A,60,Long-Term Contract,2021-05-11,2021-05-11,9999-12-31,1,1,220
CUS0167,Redwood Energy PLC,BCO,Energy,Mid-Market,,,CL,Chile,LatAm West,Americas,Kenji Tanaka,kenji.tanaka@meridiangl.com,C,30,Spot,2021-07-25,2021-07-25,9999-12-31,1,1,221
CUS0168,Ironbridge Agri-Foods Group,3PL,Agriculture,Mid-Market,,,NZ,New Zealand,Oceania,ANZ,Fatima Haddad,fatima.haddad@meridiangl.com,B,30,Spot,2017-03-27,2017-03-27,2017-06-26,0,1,222
CUS0168,Ironbridge Agri-Foods Group,3PL,Agriculture,National,,,NZ,New Zealand,Oceania,ANZ,Fatima Haddad,fatima.haddad@meridiangl.com,B,30,Spot,2017-03-27,2017-06-27,9999-12-31,1,2,223
CUS0169,Granite Automotive Holdings,BCO,Automotive,SME,CUS0932,Kestrel Pharmaceuticals B.V.,SA,Saudi Arabia,Middle East,EMEA,Carlos Ferreira,carlos.ferreira@meridiangl.com,D,0,Spot,2016-12-01,2016-12-01,9999-12-31,1,1,224
CUS0170,Monsoon Life Sciences GmbH,3PL,Pharma,Mid-Market,,,NL,Netherlands,N Europe,EMEA,Ahmed Nguyen,ahmed.nguyen@meridiangl.com,D,45,Named Account Tariff,2025-08-16,2025-08-16,9999-12-31,1,1,225
CUS0171,Vantage Motors Group,3PL,Automotive,SME,,,AE,United Arab Emirates,Middle East,EMEA,Wei Silva,wei.silva@meridiangl.com,B,45,Spot,2015-06-01,2015-06-01,2019-11-29,0,1,226
CUS0171,Vantage Motors Group,3PL,Automotive,National,,,AE,United Arab Emirates,Middle East,EMEA,Wei Silva,wei.silva@meridiangl.com,C,45,Spot,2015-06-01,2019-11-30,9999-12-31,1,2,227
CUS0172,Voyager Motors Co.,3PL,Automotive,SME,CUS1938,Lonestar Alloys LLC,ZA,South Africa,Africa,EMEA,Carlos Haddad,carlos.haddad@meridiangl.com,C,30,Named Account Tariff,2017-10-13,2017-10-13,9999-12-31,1,1,228
CUS0173,Ridgemont Garments GmbH,NVOCC,Textiles,SME,,,MX,Mexico,LatAm West,Americas,Ingrid Nguyen,ingrid.nguyen@meridiangl.com,C,30,Named Account Tariff,2016-06-01,2016-06-01,9999-12-31,1,1,229
CUS0174,Foxrun Motors GmbH,Freight Forwarder,Automotive,National,,,BR,Brazil,LatAm East,Americas,Liam O'Brien,liam.obrien@meridiangl.com,A,45,Long-Term Contract,2023-10-10,2023-10-10,2026-03-07,0,1,230
CUS0174,Foxrun Motors GmbH,Freight Forwarder,Automotive,SME,,,BR,Brazil,LatAm East,Americas,James Tanaka,james.tanaka@meridiangl.com,B,45,Spot,2023-10-10,2026-03-08,9999-12-31,1,2,231
CUS0175,Oakford Consumer Goods Corp,3PL,FMCG,Global Key Account,,,HK,Hong Kong,East Asia,APAC,James Tanaka,james.tanaka@meridiangl.com,A,30,Long-Term Contract,2017-05-30,2017-05-30,9999-12-31,1,1,232
CUS0176,Ivyhill Chemicals Pte Ltd,NVOCC,Chemicals,Mid-Market,,,ES,Spain,Mediterranean,EMEA,James Larsson,james.larsson@meridiangl.com,C,30,Long-Term Contract,2023-04-12,2023-04-12,9999-12-31,1,1,233
CUS0177,Ironbridge Pharma LLC,BCO,Pharma,SME,,,TR,Turkey,Mediterranean,EMEA,Fatima Haddad,fatima.haddad@meridiangl.com,D,30,Spot,2016-06-27,2016-06-27,9999-12-31,1,1,234
CUS0178,Everest Electronics Ltd,BCO,Electronics,SME,,,SG,Singapore,SE Asia,APAC,Kenji Tanaka,kenji.tanaka@meridiangl.com,D,0,Named Account Tariff,2017-04-12,2017-04-12,2021-07-18,0,1,235
CUS0178,Everest Electronics Ltd,BCO,Electronics,Mid-Market,,,SG,Singapore,SE Asia,APAC,Ingrid Tanaka,ingrid.tanaka@meridiangl.com,A,0,Named Account Tariff,2017-04-12,2021-07-19,9999-12-31,1,2,236
CUS0179,Zenith Engineering Co.,BCO,Machinery,Mid-Market,,,KR,South Korea,East Asia,APAC,Yuki Kowalski,yuki.kowalski@meridiangl.com,B,15,Spot,2018-01-24,2018-01-24,9999-12-31,1,1,237
CUS0180,Northgate Electronics PLC,BCO,Electronics,Mid-Market,,,DE,Germany,N Europe,EMEA,Ahmed Novak,ahmed.novak@meridiangl.com,C,30,Spot,2017-08-07,2017-08-07,9999-12-31,1,1,238
CUS0181,Clearwater Chemicals LLC,3PL,Chemicals,Mid-Market,,,KR,South Korea,East Asia,APAC,Elena Berg,elena.berg@meridiangl.com,C,30,Named Account Tariff,2020-10-15,2020-10-15,9999-12-31,1,1,239
CUS0182,Nightingale Mercantile Group,Freight Forwarder,Retail,National,,,BR,Brazil,LatAm East,Americas,Diego Yamamoto,diego.yamamoto@meridiangl.com,C,60,Long-Term Contract,2018-04-19,2018-04-19,9999-12-31,1,1,240
CUS0183,Nova Consumer Goods LLC,3PL,FMCG,Mid-Market,,,AE,United Arab Emirates,Middle East,EMEA,Carlos Ferreira,carlos.ferreira@meridiangl.com,B,15,Long-Term Contract,2025-06-16,2025-06-16,9999-12-31,1,1,241
CUS0184,Elmfield Alloys Group,NVOCC,Metals,Mid-Market,,,ZA,South Africa,Africa,EMEA,Elena Berg,elena.berg@meridiangl.com,C,60,Spot,2016-08-10,2016-08-10,9999-12-31,1,1,242
CUS0185,Fairhaven Semiconductor B.V.,3PL,Electronics,SME,CUS1395,Millbrook Mercantile Corp,VN,Vietnam,SE Asia,APAC,Diego Kowalski,diego.kowalski@meridiangl.com,C,0,Spot,2017-08-19,2017-08-19,2018-05-01,0,1,243
CUS0185,Fairhaven Semiconductor B.V.,3PL,Electronics,SME,CUS1395,Millbrook Mercantile Corp,VN,Vietnam,SE Asia,APAC,Ingrid O'Brien,ingrid.obrien@meridiangl.com,C,0,Spot,2017-08-19,2018-05-02,9999-12-31,1,2,244
CUS0186,Underhill Foods Corp,NVOCC,FMCG,SME,,,SG,Singapore,SE Asia,APAC,Anna Berg,anna.berg@meridiangl.com,C,30,Spot,2017-01-24,2017-01-24,9999-12-31,1,1,245
CUS0187,Ironbridge Consumer Goods Corp,BCO,FMCG,National,,,CL,Chile,LatAm West,Americas,Fatima Haddad,fatima.haddad@meridiangl.com,A,60,Long-Term Contract,2026-07-31,2026-07-31,9999-12-31,1,1,246
CUS0188,Greystone Chemicals GmbH,3PL,Chemicals,SME,,,SA,Saudi Arabia,Middle East,EMEA,Carlos Haddad,carlos.haddad@meridiangl.com,D,15,Spot,2024-10-27,2024-10-27,9999-12-31,1,1,247
CUS0189,Oakford Foods Co.,BCO,FMCG,SME,,,DE,Germany,N Europe,EMEA,Liam O'Brien,liam.obrien@meridiangl.com,B,30,Long-Term Contract,2019-07-04,2019-07-04,9999-12-31,1,1,248
CUS0190,Northgate Agro Inc,BCO,Agriculture,SME,CUS2693,Underhill Pharmaceuticals Inc,ZA,South Africa,Africa,EMEA,Fatima O'Brien,fatima.obrien@meridiangl.com,D,0,Long-Term Contract,2018-05-14,2018-05-14,9999-12-31,1,1,249
CUS0191,Cobalt Agro LLC,BCO,Agriculture,Global Key Account,,,JP,Japan,East Asia,APAC,Fatima Haddad,fatima.haddad@meridiangl.com,B,0,Long-Term Contract,2016-10-26,2016-10-26,9999-12-31,1,1,250
CUS0192,Vertex Apparel LLC,SME Direct,Textiles,SME,,,CA,Canada,N America East,Americas,Raj Kim,raj.kim@meridiangl.com,C,15,Spot,2018-03-27,2018-03-27,9999-12-31,1,1,251
CUS0193,Underhill Chemical Industries LLC,SME Direct,Chemicals,Mid-Market,,,CN,China,East Asia,APAC,Elena Haddad,elena.haddad@meridiangl.com,A,15,Spot,2015-08-24,2015-08-24,9999-12-31,1,1,252
CUS0194,Everest Energy GmbH,NVOCC,Energy,SME,,,TW,Taiwan,East Asia,APAC,Carlos Sharma,carlos.sharma@meridiangl.com,D,15,Spot,2026-04-17,2026-04-17,9999-12-31,1,1,253
CUS0195,Cobalt Apparel LLC,NVOCC,Textiles,National,CUS0368,Kestrel Power PLC,NL,Netherlands,N Europe,EMEA,Anna Berg,anna.berg@meridiangl.com,B,30,Named Account Tariff,2019-05-27,2019-05-27,9999-12-31,1,1,254
CUS0196,Brookline Automotive GmbH,3PL,Automotive,Mid-Market,,,ZA,South Africa,Africa,EMEA,Sofia Tanaka,sofia.tanaka@meridiangl.com,B,30,Long-Term Contract,2020-08-20,2020-08-20,2026-05-13,0,1,255
CUS0196,Brookline Automotive GmbH,3PL,Automotive,National,,,ZA,South Africa,Africa,EMEA,Elena O'Brien,elena.obrien@meridiangl.com,D,30,Spot,2020-08-20,2026-05-14,9999-12-31,1,2,256
CUS0197,Mosaic Farms Group,3PL,Agriculture,SME,,,MY,Malaysia,SE Asia,APAC,Carlos Ferreira,carlos.ferreira@meridiangl.com,C,15,Spot,2017-08-28,2017-08-28,9999-12-31,1,1,257
CUS0198,Juniper Petrochemicals S.A.,SME Direct,Energy,Mid-Market,,,CL,Chile,LatAm West,Americas,Liam O'Brien,liam.obrien@meridiangl.com,C,0,Long-Term Contract,2024-02-06,2024-02-06,9999-12-31,1,1,258
CUS0199,Ridgemont Automotive Ltd,3PL,Automotive,Mid-Market,CUS2693,Underhill Pharmaceuticals Inc,US,United States,N America East,Americas,Sofia Ferreira,sofia.ferreira@meridiangl.com,C,15,Named Account Tariff,2025-05-01,2025-05-01,9999-12-31,1,1,259
CUS0200,Quarrystone Garments Pte Ltd,NVOCC,Textiles,SME,,,BR,Brazil,LatAm East,Americas,Ahmed Tanaka,ahmed.tanaka@meridiangl.com,D,0,Spot,2023-12-09,2023-12-09,9999-12-31,1,1,260
CUS0201,Clearwater Life Sciences S.A.,BCO,Pharma,SME,,,NZ,New Zealand,Oceania,ANZ,Priya Ferreira,priya.ferreira@meridiangl.com,C,30,Spot,2021-06-29,2021-06-29,9999-12-31,1,1,261
CUS0202,Nova Retail B.V.,NVOCC,Retail,Mid-Market,,,MY,Malaysia,SE Asia,APAC,Sofia Larsson,sofia.larsson@meridiangl.com,D,15,Named Account Tariff,2020-07-29,2020-07-29,9999-12-31,1,1,262
CUS0203,Equator Trading Co.,NVOCC,Retail,Mid-Market,,,AE,United Arab Emirates,Middle East,EMEA,Elena O'Brien,elena.obrien@meridiangl.com,B,30,Named Account Tariff,2023-07-14,2023-07-14,9999-12-31,1,1,263
CUS0204,Ironbridge Industrial S.A.,NVOCC,Machinery,Mid-Market,,,SA,Saudi Arabia,Middle East,EMEA,Elena Haddad,elena.haddad@meridiangl.com,C,30,Named Account Tariff,2017-10-27,2017-10-27,9999-12-31,1,1,264
CUS0205,Eastridge Apparel LLC,BCO,Textiles,Mid-Market,,,AE,United Arab Emirates,Middle East,EMEA,Ingrid O'Brien,ingrid.obrien@meridiangl.com,A,45,Long-Term Contract,2025-10-13,2025-10-13,9999-12-31,1,1,265
CUS0206,Solstice Chemicals Co.,Freight Forwarder,Chemicals,SME,CUS2123,Valleyforge Foods Inc,TW,Taiwan,East Asia,APAC,Elena O'Brien,elena.obrien@meridiangl.com,D,15,Spot,2015-11-02,2015-11-02,2023-05-12,0,1,266
CUS0206,Solstice Chemicals Co.,Freight Forwarder,Chemicals,SME,CUS2123,Valleyforge Foods Inc,TW,Taiwan,East Asia,APAC,Elena O'Brien,elena.obrien@meridiangl.com,B,15,Spot,2015-11-02,2023-05-13,9999-12-31,1,2,267
CUS0207,Onyx Chemical Industries Holdings,BCO,Chemicals,Mid-Market,,,MY,Malaysia,SE Asia,APAC,Diego Patel,diego.patel@meridiangl.com,D,30,Long-Term Contract,2020-09-11,2020-09-11,2021-09-09,0,1,268
CUS0207,Onyx Chemical Industries Holdings,BCO,Chemicals,SME,,,MY,Malaysia,SE Asia,APAC,Diego Patel,diego.patel@meridiangl.com,D,30,Spot,2020-09-11,2021-09-10,9999-12-31,1,2,269
CUS0208,Everest Stores GmbH,SME Direct,Retail,National,,,TR,Turkey,Mediterranean,EMEA,Ingrid Osei,ingrid.osei@meridiangl.com,C,30,Named Account Tariff,2021-05-21,2021-05-21,2021-10-18,0,1,270
CUS0208,Everest Stores GmbH,SME Direct,Retail,National,,,TR,Turkey,Mediterranean,EMEA,Elena O'Brien,elena.obrien@meridiangl.com,C,30,Named Account Tariff,2021-05-21,2021-10-19,9999-12-31,1,2,271
CUS0209,Northgate Consumer Goods Holdings,SME Direct,FMCG,SME,,,BE,Belgium,N Europe,EMEA,Yuki Kowalski,yuki.kowalski@meridiangl.com,A,15,Spot,2018-02-14,2018-02-14,9999-12-31,1,1,272
CUS0210,Brookline Chemical Industries S.A.,SME Direct,Chemicals,Mid-Market,,,MY,Malaysia,SE Asia,APAC,Kenji Tanaka,kenji.tanaka@meridiangl.com,B,15,Long-Term Contract,2025-04-04,2025-04-04,9999-12-31,1,1,273
CUS0211,Redwood Life Sciences Pte Ltd,SME Direct,Pharma,SME,,,DE,Germany,N Europe,EMEA,Diego Kowalski,diego.kowalski@meridiangl.com,C,30,Spot,2025-12-29,2025-12-29,2026-03-17,0,1,274
CUS0211,Redwood Life Sciences Pte Ltd,SME Direct,Pharma,SME,,,DE,Germany,N Europe,EMEA,Diego Kowalski,diego.kowalski@meridiangl.com,A,30,Long-Term Contract,2025-12-29,2026-03-18,9999-12-31,1,2,275
CUS0212,Oakford Chemicals GmbH,BCO,Chemicals,Mid-Market,,,NL,Netherlands,N Europe,EMEA,Priya Ferreira,priya.ferreira@meridiangl.com,B,15,Spot,2016-05-19,2016-05-19,2016-08-12,0,1,276
CUS0212,Oakford Chemicals GmbH,BCO,Chemicals,National,,,NL,Netherlands,N Europe,EMEA,Priya Ferreira,priya.ferreira@meridiangl.com,C,15,Spot,2016-05-19,2016-08-13,9999-12-31,1,2,277
CUS0213,Westbrook Petrochemicals Ltd,BCO,Energy,Mid-Market,,,SA,Saudi Arabia,Middle East,EMEA,Elena Tanaka,elena.tanaka@meridiangl.com,D,30,Named Account Tariff,2015-03-01,2015-03-01,9999-12-31,1,1,278
CUS0214,Wellspring Garments GmbH,BCO,Textiles,Mid-Market,,,TW,Taiwan,East Asia,APAC,Hassan Silva,hassan.silva@meridiangl.com,C,30,Named Account Tariff,2021-08-18,2021-08-18,9999-12-31,1,1,279
CUS0215,Ashgrove Industrial PLC,BCO,Machinery,National,,,KR,South Korea,East Asia,APAC,Priya Ferreira,priya.ferreira@meridiangl.com,A,60,Long-Term Contract,2018-10-31,2018-10-31,2022-12-23,0,1,280
CUS0215,Ashgrove Industrial PLC,BCO,Machinery,National,,,KR,South Korea,East Asia,APAC,Ingrid Ferreira,ingrid.ferreira@meridiangl.com,B,60,Long-Term Contract,2018-10-31,2022-12-24,9999-12-31,1,2,281
CUS0216,Brookline Auto Parts Inc,SME Direct,Automotive,SME,,,ID,Indonesia,SE Asia,APAC,Ingrid Ferreira,ingrid.ferreira@meridiangl.com,C,30,Named Account Tariff,2024-04-12,2024-04-12,2025-12-23,0,1,282
CUS0216,Brookline Auto Parts Inc,SME Direct,Automotive,SME,,,ID,Indonesia,SE Asia,APAC,Ingrid Ferreira,ingrid.ferreira@meridiangl.com,A,30,Named Account Tariff,2024-04-12,2025-12-24,9999-12-31,1,2,283
CUS0217,Monsoon Electronics LLC,SME Direct,Electronics,SME,,,NL,Netherlands,N Europe,EMEA,Grace Osei,grace.osei@meridiangl.com,C,0,Spot,2019-09-19,2019-09-19,9999-12-31,1,1,284
CUS0218,Quarrystone Industrial Holdings,NVOCC,Machinery,Mid-Market,,,MX,Mexico,LatAm West,Americas,Yuki Ramirez,yuki.ramirez@meridiangl.com,B,30,Long-Term Contract,2026-05-03,2026-05-03,2026-08-10,0,1,285
CUS0218,Quarrystone Industrial Holdings,NVOCC,Machinery,SME,,,MX,Mexico,LatAm West,Americas,Ahmed Nguyen,ahmed.nguyen@meridiangl.com,A,30,Long-Term Contract,2026-05-03,2026-08-11,9999-12-31,1,2,286
CUS0219,Aurora Semiconductor Holdings,NVOCC,Electronics,SME,,,GB,United Kingdom,N Europe,EMEA,Elena Berg,elena.berg@meridiangl.com,D,15,Long-Term Contract,2015-01-19,2015-01-19,9999-12-31,1,1,287
CUS0220,Kestrel Trading LLC,BCO,Retail,National,,,TH,Thailand,SE Asia,APAC,Fatima Haddad,fatima.haddad@meridiangl.com,C,15,Named Account Tariff,2025-11-30,2025-11-30,9999-12-31,1,1,288
CUS0221,Monsoon Machinery Group,3PL,Machinery,SME,,,BR,Brazil,LatAm East,Americas,Kenji Tanaka,kenji.tanaka@meridiangl.com,C,45,Long-Term Contract,2017-02-12,2017-02-12,9999-12-31,1,1,289
CUS0222,Kestrel Energy Holdings,BCO,Energy,SME,,,AE,United Arab Emirates,Middle East,EMEA,Elena Haddad,elena.haddad@meridiangl.com,B,45,Named Account Tariff,2025-12-28,2025-12-28,9999-12-31,1,1,290
CUS0223,Lonestar Garments Pte Ltd,Freight Forwarder,Textiles,Mid-Market,,,IT,Italy,Mediterranean,EMEA,Yuki Ramirez,yuki.ramirez@meridiangl.com,D,0,Long-Term Contract,2016-04-26,2016-04-26,2017-12-12,0,1,291
CUS0223,Lonestar Garments Pte Ltd,Freight Forwarder,Textiles,National,,,IT,Italy,Mediterranean,EMEA,Yuki Ramirez,yuki.ramirez@meridiangl.com,D,0,Long-Term Contract,2016-04-26,2017-12-13,9999-12-31,1,2,292
CUS0224,Ironbridge Agri-Foods Inc,BCO,Agriculture,Mid-Market,,,IN,India,South Asia,APAC,Grace Larsson,grace.larsson@meridiangl.com,C,30,Long-Term Contract,2017-07-07,2017-07-07,2020-04-29,0,1,293
CUS0224,Ironbridge Agri-Foods Inc,BCO,Agriculture,National,,,IN,India,South Asia,APAC,Grace Larsson,grace.larsson@meridiangl.com,C,30,Long-Term Contract,2017-07-07,2020-04-30,9999-12-31,1,2,294
CUS0225,Clearwater Textiles S.A.,3PL,Textiles,SME,,,NZ,New Zealand,Oceania,ANZ,Sofia Larsson,sofia.larsson@meridiangl.com,B,15,Spot,2024-12-18,2024-12-18,9999-12-31,1,1,295
CUS0226,Kingswell Automotive Corp,NVOCC,Automotive,Global Key Account,,,AU,Australia,Oceania,ANZ,Ahmed Torres,ahmed.torres@meridiangl.com,C,15,Long-Term Contract,2016-10-29,2016-10-29,2018-07-14,0,1,296
CUS0226,Kingswell Automotive Corp,NVOCC,Automotive,Global Key Account,,,AU,Australia,Oceania,ANZ,Liam O'Brien,liam.obrien@meridiangl.com,A,15,Named Account Tariff,2016-10-29,2018-07-15,9999-12-31,1,2,297
CUS0227,Clearwater Agro Inc,BCO,Agriculture,National,,,ID,Indonesia,SE Asia,APAC,James Tanaka,james.tanaka@meridiangl.com,C,15,Named Account Tariff,2016-03-04,2016-03-04,2017-12-02,0,1,298
CUS0227,Clearwater Agro Inc,BCO,Agriculture,SME,,,ID,Indonesia,SE Asia,APAC,Sofia Ferreira,sofia.ferreira@meridiangl.com,A,15,Spot,2016-03-04,2017-12-03,9999-12-31,1,2,299
CUS0228,Quarrystone Pharma B.V.,SME Direct,Pharma,SME,CUS1014,Millbrook Power Holdings,BR,Brazil,LatAm East,Americas,Ahmed Novak,ahmed.novak@meridiangl.com,C,30,Named Account Tariff,2020-05-01,2020-05-01,9999-12-31,1,1,300
CUS0229,Marlowe Chemicals Holdings,3PL,Chemicals,Mid-Market,,,TR,Turkey,Mediterranean,EMEA,Ahmed Rossi,ahmed.rossi@meridiangl.com,C,0,Spot,2025-07-21,2025-07-21,2026-01-27,0,1,301
CUS0229,Marlowe Chemicals Holdings,3PL,Chemicals,National,,,TR,Turkey,Mediterranean,EMEA,Ahmed Rossi,ahmed.rossi@meridiangl.com,C,0,Named Account Tariff,2025-07-21,2026-01-28,9999-12-31,1,2,302
CUS0230,Nova FMCG Pte Ltd,3PL,FMCG,National,,,IT,Italy,Mediterranean,EMEA,Ahmed Tanaka,ahmed.tanaka@meridiangl.com,D,45,Named Account Tariff,2024-11-02,2024-11-02,2025-08-13,0,1,303
CUS0230,Nova FMCG Pte Ltd,3PL,FMCG,Mid-Market,,,IT,Italy,Mediterranean,EMEA,Ahmed Torres,ahmed.torres@meridiangl.com,C,45,Spot,2024-11-02,2025-08-14,9999-12-31,1,2,304
CUS0231,Voyager Motors Ltd,BCO,Automotive,SME,,,CA,Canada,N America East,Americas,Fatima Haddad,fatima.haddad@meridiangl.com,D,15,Spot,2020-07-18,2020-07-18,2024-01-30,0,1,305
CUS0231,Voyager Motors Ltd,BCO,Automotive,SME,,,CA,Canada,N America East,Americas,Ahmed Rossi,ahmed.rossi@meridiangl.com,B,15,Named Account Tariff,2020-07-18,2024-01-31,9999-12-31,1,2,306
CUS0232,Lonestar FMCG Holdings,SME Direct,FMCG,National,,,US,United States,N America East,Americas,Sofia Ferreira,sofia.ferreira@meridiangl.com,B,30,Long-Term Contract,2019-03-05,2019-03-05,2020-12-12,0,1,307
CUS0232,Lonestar FMCG Holdings,SME Direct,FMCG,Mid-Market,,,US,United States,N America East,Americas,Sofia Ferreira,sofia.ferreira@meridiangl.com,C,30,Long-Term Contract,2019-03-05,2020-12-13,9999-12-31,1,2,308
CUS0233,Oakford Energy S.A.,Freight Forwarder,Energy,SME,,,TH,Thailand,SE Asia,APAC,Ingrid Nguyen,ingrid.nguyen@meridiangl.com,C,0,Spot,2017-08-12,2017-08-12,9999-12-31,1,1,309
CUS0234,Sentinel Electronics Holdings,NVOCC,Electronics,Mid-Market,,,TR,Turkey,Mediterranean,EMEA,Kenji Tanaka,kenji.tanaka@meridiangl.com,C,30,Named Account Tariff,2017-05-04,2017-05-04,2022-10-20,0,1,310
CUS0234,Sentinel Electronics Holdings,NVOCC,Electronics,SME,,,TR,Turkey,Mediterranean,EMEA,Kenji Tanaka,kenji.tanaka@meridiangl.com,B,30,Named Account Tariff,2017-05-04,2022-10-21,9999-12-31,1,2,311
CUS0235,Clearwater Trading Group,3PL,Retail,Mid-Market,,,NL,Netherlands,N Europe,EMEA,Diego Patel,diego.patel@meridiangl.com,C,15,Named Account Tariff,2018-07-10,2018-07-10,9999-12-31,1,1,312
CUS0236,Hillcrest Electronics LLC,3PL,Electronics,National,,,VN,Vietnam,SE Asia,APAC,Ahmed Tanaka,ahmed.tanaka@meridiangl.com,C,15,Named Account Tariff,2021-06-17,2021-06-17,2024-01-06,0,1,313
CUS0236,Hillcrest Electronics LLC,3PL,Electronics,Mid-Market,,,VN,Vietnam,SE Asia,APAC,Maria Sharma,maria.sharma@meridiangl.com,D,15,Named Account Tariff,2021-06-17,2024-01-07,9999-12-31,1,2,314
CUS0237,Brightwater Trading Inc,NVOCC,Retail,Mid-Market,,,KR,South Korea,East Asia,APAC,Liam O'Brien,liam.obrien@meridiangl.com,C,0,Spot,2020-10-25,2020-10-25,9999-12-31,1,1,315
CUS0238,Kestrel Life Sciences B.V.,BCO,Pharma,SME,,,MY,Malaysia,SE Asia,APAC,Anna Berg,anna.berg@meridiangl.com,D,15,Spot,2015-07-16,2015-07-16,2022-03-08,0,1,316
CUS0238,Kestrel Life Sciences B.V.,BCO,Pharma,Mid-Market,,,MY,Malaysia,SE Asia,APAC,Priya O'Brien,priya.obrien@meridiangl.com,D,15,Spot,2015-07-16,2022-03-09,9999-12-31,1,2,317
CUS0239,Onyx Farms Holdings,SME Direct,Agriculture,Mid-Market,,,IT,Italy,Mediterranean,EMEA,Ahmed Torres,ahmed.torres@meridiangl.com,C,30,Named Account Tariff,2018-12-30,2018-12-30,9999-12-31,1,1,318
CUS0240,Foxrun Auto Parts Holdings,Freight Forwarder,Automotive,SME,,,IN,India,South Asia,APAC,Carlos Ferreira,carlos.ferreira@meridiangl.com,B,45,Spot,2022-05-21,2022-05-21,2025-03-13,0,1,319
CUS0240,Foxrun Auto Parts Holdings,Freight Forwarder,Automotive,Mid-Market,,,IN,India,South Asia,APAC,Ahmed Torres,ahmed.torres@meridiangl.com,C,45,Spot,2022-05-21,2025-03-14,9999-12-31,1,2,320
CUS0241,Marlowe Life Sciences PLC,BCO,Pharma,Mid-Market,,,VN,Vietnam,SE Asia,APAC,Yuki Torres,yuki.torres@meridiangl.com,A,45,Named Account Tariff,2015-09-09,2015-09-09,9999-12-31,1,1,321
CUS0242,Nova Agri-Foods Holdings,Freight Forwarder,Agriculture,Mid-Market,,,TH,Thailand,SE Asia,APAC,Ingrid Nguyen,ingrid.nguyen@meridiangl.com,A,30,Long-Term Contract,2024-07-01,2024-07-01,9999-12-31,1,1,322
CUS0243,Ironbridge Automotive Holdings,SME Direct,Automotive,Mid-Market,,,TR,Turkey,Mediterranean,EMEA,Ingrid O'Brien,ingrid.obrien@meridiangl.com,B,45,Spot,2024-10-03,2024-10-03,9999-12-31,1,1,323
CUS0244,Ridgemont Industrial B.V.,3PL,Machinery,SME,,,SA,Saudi Arabia,Middle East,EMEA,Ahmed Nguyen,ahmed.nguyen@meridiangl.com,C,30,Long-Term Contract,2019-07-28,2019-07-28,9999-12-31,1,1,324
CUS0245,Lonestar Chemical Industries Inc,BCO,Chemicals,Mid-Market,,,AE,United Arab Emirates,Middle East,EMEA,Ingrid Ferreira,ingrid.ferreira@meridiangl.com,C,30,Spot,2018-07-27,2018-07-27,2025-02-16,0,1,325
CUS0245,Lonestar Chemical Industries Inc,BCO,Chemicals,Mid-Market,,,AE,United Arab Emirates,Middle East,EMEA,Ingrid Ferreira,ingrid.ferreira@meridiangl.com,C,30,Named Account Tariff,2018-07-27,2025-02-17,9999-12-31,1,2,326
CUS0246,Southwick Textiles PLC,BCO,Textiles,SME,,,IT,Italy,Mediterranean,EMEA,Carlos Ferreira,carlos.ferreira@meridiangl.com,C,30,Named Account Tariff,2020-07-12,2020-07-12,9999-12-31,1,1,327
CUS0247,Zenith Machinery GmbH,3PL,Machinery,SME,,,DE,Germany,N Europe,EMEA,Ahmed Nguyen,ahmed.nguyen@meridiangl.com,C,30,Spot,2022-06-01,2022-06-01,2023-02-07,0,1,328
CUS0247,Zenith Machinery GmbH,3PL,Machinery,Mid-Market,,,DE,Germany,N Europe,EMEA,Ahmed Nguyen,ahmed.nguyen@meridiangl.com,D,30,Spot,2022-06-01,2023-02-08,9999-12-31,1,2,329
CUS0248,Solstice Steel Corp,3PL,Metals,Mid-Market,,,BE,Belgium,N Europe,EMEA,Yuki Torres,yuki.torres@meridiangl.com,B,45,Spot,2023-01-10,2023-01-10,9999-12-31,1,1,330
CUS0249,Ashford Electronics Corp,NVOCC,Electronics,National,,,BE,Belgium,N Europe,EMEA,Sofia Larsson,sofia.larsson@meridiangl.com,A,30,Spot,2026-08-07,2026-08-07,9999-12-31,1,1,331
CUS0250,Ironbridge Trading B.V.,NVOCC,Retail,Global Key Account,,,FR,France,N Europe,EMEA,Yuki Kowalski,yuki.kowalski@meridiangl.com,A,30,Long-Term Contract,2016-12-17,2016-12-17,2019-06-30,0,1,332
CUS0250,Ironbridge Trading B.V.,NVOCC,Retail,Global Key Account,,,FR,France,N Europe,EMEA,Yuki Kowalski,yuki.kowalski@meridiangl.com,A,30,Spot,2016-12-17,2019-07-01,9999-12-31,1,2,333
CUS0251,Oakford Machinery Inc,SME Direct,Machinery,SME,,,BE,Belgium,N Europe,EMEA,Sofia Ferreira,sofia.ferreira@meridiangl.com,C,45,Spot,2024-12-01,2024-12-01,9999-12-31,1,1,334
CUS0252,Brookline Chemicals S.A.,Freight Forwarder,Chemicals,Mid-Market,,,VN,Vietnam,SE Asia,APAC,Ahmed Rossi,ahmed.rossi@meridiangl.com,C,30,Long-Term Contract,2022-06-10,2022-06-10,9999-12-31,1,1,335
CUS0253,Juniper Pharmaceuticals Holdings,SME Direct,Pharma,National,,,AU,Australia,Oceania,ANZ,Ingrid Tanaka,ingrid.tanaka@meridiangl.com,C,0,Long-Term Contract,2016-06-08,2016-06-08,2025-12-28,0,1,336
CUS0253,Juniper Pharmaceuticals Holdings,SME Direct,Pharma,Mid-Market,,,AU,Australia,Oceania,ANZ,Ingrid Tanaka,ingrid.tanaka@meridiangl.com,A,0,Spot,2016-06-08,2025-12-29,9999-12-31,1,2,337
CUS0254,Solstice Machinery Corp,BCO,Machinery,SME,,,ID,Indonesia,SE Asia,APAC,Raj Kim,raj.kim@meridiangl.com,C,15,Spot,2020-08-17,2020-08-17,9999-12-31,1,1,338
CUS0255,Thornwell Motors S.A.,Freight Forwarder,Automotive,Global Key Account,,,FR,France,N Europe,EMEA,Wei Tanaka,wei.tanaka@meridiangl.com,B,15,Long-Term Contract,2023-07-29,2023-07-29,2026-04-15,0,1,339
CUS0255,Thornwell Motors S.A.,Freight Forwarder,Automotive,Global Key Account,,,FR,France,N Europe,EMEA,Yuki Torres,yuki.torres@meridiangl.com,D,15,Long-Term Contract,2023-07-29,2026-04-16,9999-12-31,1,2,340
CUS0256,Foxrun Electronics Corp,Freight Forwarder,Electronics,National,CUS1931,Wellspring Motors Ltd,FR,France,N Europe,EMEA,Priya Ferreira,priya.ferreira@meridiangl.com,D,15,Named Account Tariff,2019-08-15,2019-08-15,9999-12-31,1,1,341
CUS0257,Monsoon Petrochemicals Co.,BCO,Energy,SME,CUS2749,Sterling Pharmaceuticals Pte Ltd,TR,Turkey,Mediterranean,EMEA,Maria Sharma,maria.sharma@meridiangl.com,C,30,Spot,2020-12-24,2020-12-24,9999-12-31,1,1,342
CUS0258,Underhill Electronics Group,BCO,Electronics,SME,,,BE,Belgium,N Europe,EMEA,Fatima O'Brien,fatima.obrien@meridiangl.com,C,0,Spot,2023-09-02,2023-09-02,2024-02-15,0,1,343
CUS0258,Underhill Electronics Group,BCO,Electronics,Mid-Market,,,BE,Belgium,N Europe,EMEA,Kenji Tanaka,kenji.tanaka@meridiangl.com,C,0,Named Account Tariff,2023-09-02,2024-02-16,9999-12-31,1,2,344
CUS0259,Oakford Agri-Foods LLC,3PL,Agriculture,Mid-Market,,,CN,China,East Asia,APAC,Diego Patel,diego.patel@meridiangl.com,C,15,Spot,2019-03-06,2019-03-06,9999-12-31,1,1,345
CUS0260,Ridgemont Consumer Goods GmbH,3PL,FMCG,Global Key Account,,,SG,Singapore,SE Asia,APAC,Diego Patel,diego.patel@meridiangl.com,C,15,Long-Term Contract,2017-01-16,2017-01-16,2026-02-27,0,1,346
CUS0260,Ridgemont Consumer Goods GmbH,3PL,FMCG,Global Key Account,,,SG,Singapore,SE Asia,APAC,Diego Patel,diego.patel@meridiangl.com,A,15,Spot,2017-01-16,2026-02-28,9999-12-31,1,2,347
CUS0261,Ridgemont Technologies Holdings,3PL,Electronics,Mid-Market,CUS1367,Nightingale Semiconductor GmbH,IT,Italy,Mediterranean,EMEA,Carlos Ferreira,carlos.ferreira@meridiangl.com,C,30,Spot,2020-10-26,2020-10-26,2023-08-17,0,1,348
CUS0261,Ridgemont Technologies Holdings,3PL,Electronics,Mid-Market,CUS1367,Nightingale Semiconductor GmbH,IT,Italy,Mediterranean,EMEA,Carlos Ferreira,carlos.ferreira@meridiangl.com,A,30,Spot,2020-10-26,2023-08-18,9999-12-31,1,2,349
CUS0262,Quarrystone Technologies Group,Freight Forwarder,Electronics,National,,,NL,Netherlands,N Europe,EMEA,Ingrid Tanaka,ingrid.tanaka@meridiangl.com,B,45,Long-Term Contract,2017-07-18,2017-07-18,9999-12-31,1,1,350
CUS0263,Skyline Agri-Foods Group,3PL,Agriculture,SME,,,HK,Hong Kong,East Asia,APAC,Elena Haddad,elena.haddad@meridiangl.com,D,30,Spot,2024-08-28,2024-08-28,2024-08-30,0,1,351
CUS0263,Skyline Agri-Foods Group,3PL,Agriculture,National,,,HK,Hong Kong,East Asia,APAC,Fatima O'Brien,fatima.obrien@meridiangl.com,D,30,Spot,2024-08-28,2024-08-31,9999-12-31,1,2,352
CUS0264,Redwood Apparel S.A.,3PL,Textiles,Mid-Market,,,US,United States,N America East,Americas,Elena Haddad,elena.haddad@meridiangl.com,C,60,Named Account Tariff,2015-09-16,2015-09-16,2024-02-15,0,1,353
CUS0264,Redwood Apparel S.A.,3PL,Textiles,Mid-Market,,,US,United States,N America East,Americas,Elena Haddad,elena.haddad@meridiangl.com,D,60,Named Account Tariff,2015-09-16,2024-02-16,9999-12-31,1,2,354
CUS0265,Westbrook Pharma Group,3PL,Pharma,Global Key Account,,,JP,Japan,East Asia,APAC,Ingrid Nguyen,ingrid.nguyen@meridiangl.com,B,60,Long-Term Contract,2016-11-10,2016-11-10,2025-05-14,0,1,355
CUS0265,Westbrook Pharma Group,3PL,Pharma,Global Key Account,,,JP,Japan,East Asia,APAC,Raj Kim,raj.kim@meridiangl.com,C,60,Long-Term Contract,2016-11-10,2025-05-15,9999-12-31,1,2,356
CUS0266,Equator Semiconductor B.V.,BCO,Electronics,National,,,SG,Singapore,SE Asia,APAC,Ingrid Nguyen,ingrid.nguyen@meridiangl.com,D,30,Long-Term Contract,2021-01-03,2021-01-03,9999-12-31,1,1,357
CUS0267,Ridgemont Trading PLC,Freight Forwarder,Retail,Mid-Market,,,TW,Taiwan,East Asia,APAC,Elena O'Brien,elena.obrien@meridiangl.com,D,30,Long-Term Contract,2015-06-18,2015-06-18,9999-12-31,1,1,358
CUS0268,Northgate Engineering Pte Ltd,NVOCC,Machinery,National,,,BE,Belgium,N Europe,EMEA,Kenji Tanaka,kenji.tanaka@meridiangl.com,C,30,Long-Term Contract,2015-07-19,2015-07-19,2026-01-20,0,1,359
CUS0268,Northgate Engineering Pte Ltd,NVOCC,Machinery,Mid-Market,,,BE,Belgium,N Europe,EMEA,Yuki Ramirez,yuki.ramirez@meridiangl.com,A,30,Named Account Tariff,2015-07-19,2026-01-21,9999-12-31,1,2,360
CUS0269,Ironbridge Power LLC,SME Direct,Energy,Mid-Market,,,CL,Chile,LatAm West,Americas,Fatima Haddad,fatima.haddad@meridiangl.com,D,45,Spot,2017-05-08,2017-05-08,9999-12-31,1,1,361
CUS0270,Marlowe Motors Group,NVOCC,Automotive,Mid-Market,,,IN,India,South Asia,APAC,Fatima Haddad,fatima.haddad@meridiangl.com,B,15,Named Account Tariff,2018-02-13,2018-02-13,9999-12-31,1,1,362
CUS0271,Quarrystone Semiconductor Co.,BCO,Electronics,Mid-Market,,,NZ,New Zealand,Oceania,ANZ,Elena Berg,elena.berg@meridiangl.com,D,30,Spot,2019-05-01,2019-05-01,2024-11-12,0,1,363
CUS0271,Quarrystone Semiconductor Co.,BCO,Electronics,Mid-Market,,,NZ,New Zealand,Oceania,ANZ,Sofia Larsson,sofia.larsson@meridiangl.com,B,30,Named Account Tariff,2019-05-01,2024-11-13,9999-12-31,1,2,364
CUS0272,Hillcrest Chemicals Ltd,Freight Forwarder,Chemicals,SME,,,ES,Spain,Mediterranean,EMEA,James Larsson,james.larsson@meridiangl.com,D,0,Spot,2020-04-12,2020-04-12,9999-12-31,1,1,365
CUS0273,Westbrook Energy Corp,SME Direct,Energy,SME,CUS0353,Fairhaven Chemical Industries S.A.,MY,Malaysia,SE Asia,APAC,Diego Kowalski,diego.kowalski@meridiangl.com,C,45,Long-Term Contract,2021-02-02,2021-02-02,9999-12-31,1,1,366
CUS0274,Harborview Pharmaceuticals S.A.,BCO,Pharma,Mid-Market,,,GB,United Kingdom,N Europe,EMEA,Carlos Haddad,carlos.haddad@meridiangl.com,C,30,Spot,2015-08-17,2015-08-17,9999-12-31,1,1,367
CUS0275,Fairhaven Industrial Holdings,NVOCC,Machinery,SME,,,CL,Chile,LatAm West,Americas,Hassan Nguyen,hassan.nguyen@meridiangl.com,B,30,Spot,2015-07-08,2015-07-08,9999-12-31,1,1,368
CUS0276,Ashford Semiconductor LLC,Freight Forwarder,Electronics,National,,,TR,Turkey,Mediterranean,EMEA,Yuki O'Brien,yuki.obrien@meridiangl.com,B,15,Named Account Tariff,2016-04-03,2016-04-03,9999-12-31,1,1,369
CUS0277,Ashford Power S.A.,BCO,Energy,Mid-Market,,,VN,Vietnam,SE Asia,APAC,Hassan Nguyen,hassan.nguyen@meridiangl.com,B,45,Named Account Tariff,2016-06-17,2016-06-17,2017-09-13,0,1,370
CUS0277,Ashford Power S.A.,BCO,Energy,Mid-Market,,,VN,Vietnam,SE Asia,APAC,Hassan Nguyen,hassan.nguyen@meridiangl.com,A,45,Named Account Tariff,2016-06-17,2017-09-14,9999-12-31,1,2,371
CUS0278,Southwick Apparel B.V.,BCO,Textiles,SME,,,GB,United Kingdom,N Europe,EMEA,Sofia Larsson,sofia.larsson@meridiangl.com,D,30,Spot,2022-08-15,2022-08-15,9999-12-31,1,1,372
CUS0279,Elmfield Pharma Pte Ltd,Freight Forwarder,Pharma,SME,CUS1074,Ironwood Life Sciences B.V.,MY,Malaysia,SE Asia,APAC,Diego Kowalski,diego.kowalski@meridiangl.com,B,45,Spot,2017-09-24,2017-09-24,9999-12-31,1,1,373
CUS0280,Nightingale Textiles Group,NVOCC,Textiles,SME,,,AE,United Arab Emirates,Middle East,EMEA,Carlos Ferreira,carlos.ferreira@meridiangl.com,B,30,Long-Term Contract,2021-08-08,2021-08-08,2023-05-17,0,1,374
CUS0280,Nightingale Textiles Group,NVOCC,Textiles,SME,,,AE,United Arab Emirates,Middle East,EMEA,Carlos Ferreira,carlos.ferreira@meridiangl.com,C,30,Spot,2021-08-08,2023-05-18,9999-12-31,1,2,375
CUS0281,Valleyforge Petrochemicals S.A.,BCO,Energy,National,,,AU,Australia,Oceania,ANZ,Yuki Kowalski,yuki.kowalski@meridiangl.com,B,45,Named Account Tariff,2018-07-25,2018-07-25,2023-01-23,0,1,376
CUS0281,Valleyforge Petrochemicals S.A.,BCO,Energy,Mid-Market,,,AU,Australia,Oceania,ANZ,Ingrid Tanaka,ingrid.tanaka@meridiangl.com,A,45,Spot,2018-07-25,2023-01-24,9999-12-31,1,2,377
CUS0282,Solstice Electronics S.A.,BCO,Electronics,National,,,GB,United Kingdom,N Europe,EMEA,Grace Larsson,grace.larsson@meridiangl.com,D,30,Long-Term Contract,2020-07-29,2020-07-29,9999-12-31,1,1,378
CUS0283,Palisade Power PLC,SME Direct,Energy,SME,,,DE,Germany,N Europe,EMEA,Ingrid Nguyen,ingrid.nguyen@meridiangl.com,B,30,Named Account Tariff,2017-12-01,2017-12-01,9999-12-31,1,1,379
CUS0284,Palisade Mercantile PLC,BCO,Retail,Mid-Market,,,TW,Taiwan,East Asia,APAC,Elena Berg,elena.berg@meridiangl.com,C,30,Spot,2015-03-28,2015-03-28,9999-12-31,1,1,380
CUS0285,Ridgemont Power PLC,NVOCC,Energy,Mid-Market,,,AE,United Arab Emirates,Middle East,EMEA,Diego Yamamoto,diego.yamamoto@meridiangl.com,D,30,Named Account Tariff,2026-04-22,2026-04-22,9999-12-31,1,1,381
CUS0286,Sentinel FMCG Pte Ltd,SME Direct,FMCG,Mid-Market,,,ID,Indonesia,SE Asia,APAC,Fatima Tanaka,fatima.tanaka@meridiangl.com,A,30,Spot,2016-09-06,2016-09-06,9999-12-31,1,1,382
CUS0287,Lakemoor Technologies GmbH,NVOCC,Electronics,SME,,,GB,United Kingdom,N Europe,EMEA,Ingrid Nguyen,ingrid.nguyen@meridiangl.com,D,0,Spot,2019-12-03,2019-12-03,2025-08-22,0,1,383
CUS0287,Lakemoor Technologies GmbH,NVOCC,Electronics,SME,,,GB,United Kingdom,N Europe,EMEA,Elena Tanaka,elena.tanaka@meridiangl.com,D,0,Spot,2019-12-03,2025-08-23,9999-12-31,1,2,384
CUS0288,Elmfield Chemicals Holdings,Freight Forwarder,Chemicals,Mid-Market,,,NL,Netherlands,N Europe,EMEA,Ingrid Ferreira,ingrid.ferreira@meridiangl.com,B,0,Spot,2017-09-12,2017-09-12,9999-12-31,1,1,385
CUS0289,Mosaic Technologies PLC,NVOCC,Electronics,Mid-Market,,,KR,South Korea,East Asia,APAC,Elena Haddad,elena.haddad@meridiangl.com,B,15,Spot,2018-04-13,2018-04-13,9999-12-31,1,1,386
CUS0290,Fairhaven Automotive LLC,BCO,Automotive,Mid-Market,CUS2594,Ridgemont Farms B.V.,VN,Vietnam,SE Asia,APAC,Fatima O'Brien,fatima.obrien@meridiangl.com,C,30,Spot,2025-02-05,2025-02-05,9999-12-31,1,1,387
CUS0291,Vantage Engineering Pte Ltd,NVOCC,Machinery,Global Key Account,,,KR,South Korea,East Asia,APAC,Sofia Tanaka,sofia.tanaka@meridiangl.com,A,45,Long-Term Contract,2025-09-02,2025-09-02,2025-11-08,0,1,388
CUS0291,Vantage Engineering Pte Ltd,NVOCC,Machinery,Global Key Account,,,KR,South Korea,East Asia,APAC,Maria Sharma,maria.sharma@meridiangl.com,C,45,Named Account Tariff,2025-09-02,2025-11-09,9999-12-31,1,2,389
CUS0292,Elmfield Steel GmbH,SME Direct,Metals,National,,,CA,Canada,N America East,Americas,Ahmed Torres,ahmed.torres@meridiangl.com,A,45,Spot,2020-01-30,2020-01-30,2020-11-27,0,1,390
CUS0292,Elmfield Steel GmbH,SME Direct,Metals,Mid-Market,,,CA,Canada,N America East,Americas,Fatima O'Brien,fatima.obrien@meridiangl.com,B,45,Named Account Tariff,2020-01-30,2020-11-28,9999-12-31,1,2,391
CUS0293,Brightwater Automotive Pte Ltd,SME Direct,Automotive,National,,,TH,Thailand,SE Asia,APAC,Yuki Ramirez,yuki.ramirez@meridiangl.com,A,60,Long-Term Contract,2015-02-01,2015-02-01,9999-12-31,1,1,392
CUS0294,Sterling Metals B.V.,Freight Forwarder,Metals,National,,,DE,Germany,N Europe,EMEA,Fatima Chen,fatima.chen@meridiangl.com,B,15,Named Account Tariff,2019-04-16,2019-04-16,2024-11-24,0,1,393
CUS0294,Sterling Metals B.V.,Freight Forwarder,Metals,Mid-Market,,,DE,Germany,N Europe,EMEA,Kenji Tanaka,kenji.tanaka@meridiangl.com,B,15,Named Account Tariff,2019-04-16,2024-11-25,9999-12-31,1,2,394
CUS0295,Foxrun Semiconductor GmbH,BCO,Electronics,SME,,,NL,Netherlands,N Europe,EMEA,Fatima Haddad,fatima.haddad@meridiangl.com,C,0,Named Account Tariff,2021-12-19,2021-12-19,9999-12-31,1,1,395
CUS0296,Greystone Agri-Foods PLC,SME Direct,Agriculture,SME,CUS0932,Kestrel Pharmaceuticals B.V.,SG,Singapore,SE Asia,APAC,James Tanaka,james.tanaka@meridiangl.com,A,45,Spot,2023-03-19,2023-03-19,9999-12-31,1,1,396
CUS0297,Glenmoor Chemical Industries PLC,NVOCC,Chemicals,National,,,IT,Italy,Mediterranean,EMEA,Ahmed Novak,ahmed.novak@meridiangl.com,C,15,Long-Term Contract,2015-10-07,2015-10-07,9999-12-31,1,1,397
CUS0298,Westbrook Pharma Co.,NVOCC,Pharma,National,,,IT,Italy,Mediterranean,EMEA,Hassan Silva,hassan.silva@meridiangl.com,D,15,Spot,2019-05-24,2019-05-24,2022-10-07,0,1,398
CUS0298,Westbrook Pharma Co.,NVOCC,Pharma,National,,,IT,Italy,Mediterranean,EMEA,Ahmed Rossi,ahmed.rossi@meridiangl.com,D,15,Spot,2019-05-24,2022-10-08,9999-12-31,1,2,399
CUS0299,Oakford Steel PLC,Freight Forwarder,Metals,National,,,VN,Vietnam,SE Asia,APAC,Hassan Silva,hassan.silva@meridiangl.com,B,30,Long-Term Contract,2020-03-30,2020-03-30,9999-12-31,1,1,400
CUS0300,Junction Auto Parts S.A.,SME Direct,Automotive,SME,CUS2268,Mosaic Electronics PLC,AE,United Arab Emirates,Middle East,EMEA,Carlos Al-Farsi,carlos.al-farsi@meridiangl.com,C,15,Named Account Tariff,2016-12-31,2016-12-31,9999-12-31,1,1,401
CUS0301,Kingswell Motors GmbH,BCO,Automotive,SME,,,FR,France,N Europe,EMEA,Diego Kowalski,diego.kowalski@meridiangl.com,C,15,Long-Term Contract,2021-05-13,2021-05-13,9999-12-31,1,1,402
CUS0302,Monsoon Steel Co.,BCO,Metals,Mid-Market,,,BE,Belgium,N Europe,EMEA,Yuki Torres,yuki.torres@meridiangl.com,C,30,Named Account Tariff,2024-08-05,2024-08-05,9999-12-31,1,1,403
CUS0303,Harborview Automotive Ltd,3PL,Automotive,National,,,MX,Mexico,LatAm West,Americas,Diego Patel,diego.patel@meridiangl.com,C,30,Named Account Tariff,2023-06-02,2023-06-02,2023-12-16,0,1,404
CUS0303,Harborview Automotive Ltd,3PL,Automotive,National,,,MX,Mexico,LatAm West,Americas,Diego Patel,diego.patel@meridiangl.com,B,30,Long-Term Contract,2023-06-02,2023-12-17,9999-12-31,1,2,405
CUS0304,Clearwater Garments GmbH,Freight Forwarder,Textiles,SME,,,NZ,New Zealand,Oceania,ANZ,Elena Haddad,elena.haddad@meridiangl.com,D,0,Named Account Tariff,2020-06-09,2020-06-09,9999-12-31,1,1,406
CUS0305,Brightwater Pharmaceuticals LLC,3PL,Pharma,Mid-Market,,,IN,India,South Asia,APAC,Yuki O'Brien,yuki.obrien@meridiangl.com,C,60,Named Account Tariff,2018-06-06,2018-06-06,9999-12-31,1,1,407
CUS0306,Sterling FMCG Ltd,BCO,FMCG,Mid-Market,,,IN,India,South Asia,APAC,Ahmed Novak,ahmed.novak@meridiangl.com,C,15,Spot,2017-06-30,2017-06-30,2021-05-16,0,1,408
CUS0306,Sterling FMCG Ltd,BCO,FMCG,SME,,,IN,India,South Asia,APAC,Ahmed Novak,ahmed.novak@meridiangl.com,C,15,Spot,2017-06-30,2021-05-17,9999-12-31,1,2,409
CUS0307,Juniper Industrial LLC,BCO,Machinery,SME,,,NL,Netherlands,N Europe,EMEA,Fatima Tanaka,fatima.tanaka@meridiangl.com,C,0,Spot,2017-06-14,2017-06-14,9999-12-31,1,1,410
CUS0308,Quarrystone Chemicals Corp,BCO,Chemicals,National,,,FR,France,N Europe,EMEA,Fatima Tanaka,fatima.tanaka@meridiangl.com,B,45,Named Account Tariff,2019-08-31,2019-08-31,2024-01-07,0,1,411
CUS0308,Quarrystone Chemicals Corp,BCO,Chemicals,SME,,,FR,France,N Europe,EMEA,Anna Berg,anna.berg@meridiangl.com,B,45,Long-Term Contract,2019-08-31,2024-01-08,9999-12-31,1,2,412
CUS0309,Vantage Pharmaceuticals Group,3PL,Pharma,Mid-Market,,,JP,Japan,East Asia,APAC,Carlos Sharma,carlos.sharma@meridiangl.com,C,15,Spot,2015-09-12,2015-09-12,2024-11-19,0,1,413
CUS0309,Vantage Pharmaceuticals Group,3PL,Pharma,National,,,JP,Japan,East Asia,APAC,Carlos Sharma,carlos.sharma@meridiangl.com,A,15,Named Account Tariff,2015-09-12,2024-11-20,9999-12-31,1,2,414
CUS0310,Solstice Engineering Inc,3PL,Machinery,Mid-Market,,,NZ,New Zealand,Oceania,ANZ,Diego Yamamoto,diego.yamamoto@meridiangl.com,A,30,Spot,2018-01-16,2018-01-16,9999-12-31,1,1,415
CUS0311,Thornwell Power Pte Ltd,3PL,Energy,Mid-Market,,,TW,Taiwan,East Asia,APAC,Elena O'Brien,elena.obrien@meridiangl.com,B,45,Spot,2020-10-23,2020-10-23,9999-12-31,1,1,416
CUS0312,Mosaic Industrial Group,NVOCC,Machinery,SME,,,JP,Japan,East Asia,APAC,Liam O'Brien,liam.obrien@meridiangl.com,B,45,Long-Term Contract,2018-04-16,2018-04-16,2026-03-10,0,1,417
CUS0312,Mosaic Industrial Group,NVOCC,Machinery,SME,,,JP,Japan,East Asia,APAC,Liam O'Brien,liam.obrien@meridiangl.com,B,45,Named Account Tariff,2018-04-16,2026-03-11,9999-12-31,1,2,418
CUS0313,Ivyhill Chemicals Holdings,BCO,Chemicals,Mid-Market,,,HK,Hong Kong,East Asia,APAC,Elena O'Brien,elena.obrien@meridiangl.com,A,30,Spot,2023-07-01,2023-07-01,9999-12-31,1,1,419
CUS0314,Fairhaven Stores Pte Ltd,BCO,Retail,National,,,TW,Taiwan,East Asia,APAC,Ingrid Nguyen,ingrid.nguyen@meridiangl.com,A,30,Long-Term Contract,2024-06-23,2024-06-23,2026-03-07,0,1,420
CUS0314,Fairhaven Stores Pte Ltd,BCO,Retail,National,,,TW,Taiwan,East Asia,APAC,Elena Berg,elena.berg@meridiangl.com,A,30,Long-Term Contract,2024-06-23,2026-03-08,9999-12-31,1,2,421
CUS0315,Harborview Steel B.V.,NVOCC,Metals,National,,,NZ,New Zealand,Oceania,ANZ,Elena O'Brien,elena.obrien@meridiangl.com,B,30,Named Account Tariff,2020-04-10,2020-04-10,9999-12-31,1,1,422
CUS0316,Oakford Chemicals LLC,3PL,Chemicals,National,,,SG,Singapore,SE Asia,APAC,Elena Haddad,elena.haddad@meridiangl.com,C,60,Long-Term Contract,2016-02-15,2016-02-15,9999-12-31,1,1,423
CUS0317,Beacon Stores B.V.,NVOCC,Retail,Global Key Account,,,ID,Indonesia,SE Asia,APAC,Liam O'Brien,liam.obrien@meridiangl.com,A,45,Long-Term Contract,2015-02-23,2015-02-23,2018-08-08,0,1,424
CUS0317,Beacon Stores B.V.,NVOCC,Retail,Global Key Account,,,ID,Indonesia,SE Asia,APAC,Liam O'Brien,liam.obrien@meridiangl.com,A,45,Named Account Tariff,2015-02-23,2018-08-09,9999-12-31,1,2,425
CUS0318,Marlowe Agro GmbH,NVOCC,Agriculture,Mid-Market,,,ES,Spain,Mediterranean,EMEA,Elena Tanaka,elena.tanaka@meridiangl.com,A,60,Named Account Tariff,2025-12-25,2025-12-25,9999-12-31,1,1,426
CUS0319,Ashford Pharma Ltd,SME Direct,Pharma,Mid-Market,,,DE,Germany,N Europe,EMEA,Priya Ferreira,priya.ferreira@meridiangl.com,B,15,Long-Term Contract,2020-04-14,2020-04-14,2025-01-29,0,1,427
CUS0319,Ashford Pharma Ltd,SME Direct,Pharma,Mid-Market,,,DE,Germany,N Europe,EMEA,Raj Kim,raj.kim@meridiangl.com,B,15,Named Account Tariff,2020-04-14,2025-01-30,9999-12-31,1,2,428
CUS0320,Northgate Chemical Industries Holdings,3PL,Chemicals,Mid-Market,,,IN,India,South Asia,APAC,Ahmed Novak,ahmed.novak@meridiangl.com,D,0,Named Account Tariff,2015-04-04,2015-04-04,9999-12-31,1,1,429
CUS0321,Marlowe Agri-Foods Holdings,BCO,Agriculture,Mid-Market,,,KR,South Korea,East Asia,APAC,Ingrid Nguyen,ingrid.nguyen@meridiangl.com,B,60,Named Account Tariff,2016-05-20,2016-05-20,9999-12-31,1,1,430
CUS0322,Everest Apparel LLC,SME Direct,Textiles,Mid-Market,,,GB,United Kingdom,N Europe,EMEA,Elena Haddad,elena.haddad@meridiangl.com,C,15,Spot,2018-08-13,2018-08-13,2020-08-28,0,1,431
CUS0322,Everest Apparel LLC,SME Direct,Textiles,SME,,,GB,United Kingdom,N Europe,EMEA,Ahmed Tanaka,ahmed.tanaka@meridiangl.com,D,15,Named Account Tariff,2018-08-13,2020-08-29,9999-12-31,1,2,432
CUS0323,Kestrel Semiconductor Pte Ltd,BCO,Electronics,National,,,DE,Germany,N Europe,EMEA,Wei Silva,wei.silva@meridiangl.com,B,60,Spot,2018-07-07,2018-07-07,9999-12-31,1,1,433
CUS0324,Greystone Motors Group,Freight Forwarder,Automotive,Mid-Market,CUS0932,Kestrel Pharmaceuticals B.V.,CA,Canada,N America East,Americas,Ahmed Nguyen,ahmed.nguyen@meridiangl.com,C,15,Long-Term Contract,2018-01-12,2018-01-12,9999-12-31,1,1,434
CUS0325,Oakford Steel Pte Ltd,BCO,Metals,Mid-Market,,,MY,Malaysia,SE Asia,APAC,Sofia Tanaka,sofia.tanaka@meridiangl.com,D,30,Spot,2017-05-29,2017-05-29,2019-06-17,0,1,435
CUS0325,Oakford Steel Pte Ltd,BCO,Metals,Mid-Market,,,MY,Malaysia,SE Asia,APAC,Sofia Tanaka,sofia.tanaka@meridiangl.com,D,30,Named Account Tariff,2017-05-29,2019-06-18,9999-12-31,1,2,436
CUS0326,Everest Pharmaceuticals Holdings,3PL,Pharma,National,,,HK,Hong Kong,East Asia,APAC,Sofia Ferreira,sofia.ferreira@meridiangl.com,D,0,Long-Term Contract,2018-05-20,2018-05-20,9999-12-31,1,1,437
CUS0327,Nightingale Garments Holdings,NVOCC,Textiles,Mid-Market,,,CA,Canada,N America East,Americas,Diego Kowalski,diego.kowalski@meridiangl.com,C,15,Long-Term Contract,2018-05-31,2018-05-31,9999-12-31,1,1,438
CUS0328,Kestrel Metals PLC,BCO,Metals,Mid-Market,,,GB,United Kingdom,N Europe,EMEA,Kenji Tanaka,kenji.tanaka@meridiangl.com,D,0,Spot,2017-02-20,2017-02-20,9999-12-31,1,1,439
CUS0329,Cedarline Consumer Goods Corp,BCO,FMCG,SME,CUS0532,Greystone Auto Parts B.V.,CL,Chile,LatAm West,Americas,Fatima O'Brien,fatima.obrien@meridiangl.com,C,15,Named Account Tariff,2016-02-28,2016-02-28,2016-12-23,0,1,440
CUS0329,Cedarline Consumer Goods Corp,BCO,FMCG,SME,CUS0532,Greystone Auto Parts B.V.,CL,Chile,LatAm West,Americas,Elena Berg,elena.berg@meridiangl.com,C,15,Long-Term Contract,2016-02-28,2016-12-24,9999-12-31,1,2,441
CUS0330,Kestrel Farms GmbH,NVOCC,Agriculture,National,CUS0265,Westbrook Pharma Group,NL,Netherlands,N Europe,EMEA,James Larsson,james.larsson@meridiangl.com,B,45,Spot,2024-04-01,2024-04-01,9999-12-31,1,1,442
CUS0331,Nightingale Motors B.V.,BCO,Automotive,SME,,,CA,Canada,N America East,Americas,Diego Patel,diego.patel@meridiangl.com,D,0,Spot,2021-04-26,2021-04-26,9999-12-31,1,1,443
CUS0332,Lonestar Chemicals GmbH,BCO,Chemicals,National,,,ID,Indonesia,SE Asia,APAC,Priya Ferreira,priya.ferreira@meridiangl.com,B,0,Spot,2019-04-25,2019-04-25,9999-12-31,1,1,444
CUS0333,Ironwood Energy PLC,BCO,Energy,SME,CUS2396,Fairhaven Alloys GmbH,CA,Canada,N America East,Americas,Ahmed Nguyen,ahmed.nguyen@meridiangl.com,D,15,Spot,2020-06-04,2020-06-04,9999-12-31,1,1,445
CUS0334,Equator Textiles S.A.,NVOCC,Textiles,SME,,,JP,Japan,East Asia,APAC,Elena Haddad,elena.haddad@meridiangl.com,D,15,Named Account Tariff,2020-01-08,2020-01-08,9999-12-31,1,1,446
CUS0335,Vertex Textiles GmbH,3PL,Textiles,Mid-Market,,,IT,Italy,Mediterranean,EMEA,Carlos Ferreira,carlos.ferreira@meridiangl.com,B,45,Spot,2017-05-20,2017-05-20,2019-09-14,0,1,447
CUS0335,Vertex Textiles GmbH,3PL,Textiles,SME,,,IT,Italy,Mediterranean,EMEA,Liam O'Brien,liam.obrien@meridiangl.com,D,45,Long-Term Contract,2017-05-20,2019-09-15,9999-12-31,1,2,448
CUS0336,Granite Chemicals Co.,BCO,Chemicals,SME,,,SA,Saudi Arabia,Middle East,EMEA,Hassan Nguyen,hassan.nguyen@meridiangl.com,D,0,Long-Term Contract,2024-07-21,2024-07-21,9999-12-31,1,1,449
CUS0337,Thornwell Petrochemicals S.A.,Freight Forwarder,Energy,SME,,,MY,Malaysia,SE Asia,APAC,Raj Kim,raj.kim@meridiangl.com,D,15,Spot,2015-05-16,2015-05-16,9999-12-31,1,1,450
CUS0338,Equator Auto Parts Ltd,NVOCC,Automotive,Mid-Market,CUS0362,Oakford Energy Holdings,SG,Singapore,SE Asia,APAC,Ingrid Tanaka,ingrid.tanaka@meridiangl.com,C,60,Spot,2022-04-27,2022-04-27,9999-12-31,1,1,451
CUS0339,Skyline Pharma Group,Freight Forwarder,Pharma,Mid-Market,,,US,United States,N America East,Americas,Fatima Chen,fatima.chen@meridiangl.com,B,30,Spot,2016-12-09,2016-12-09,9999-12-31,1,1,452
CUS0340,Ashgrove Consumer Goods Ltd,3PL,FMCG,SME,CUS2823,Granite Consumer Goods LLC,BR,Brazil,LatAm East,Americas,Kenji Tanaka,kenji.tanaka@meridiangl.com,D,15,Spot,2018-04-02,2018-04-02,9999-12-31,1,1,453
CUS0341,Southwick Apparel LLC,Freight Forwarder,Textiles,National,,,KR,South Korea,East Asia,APAC,Sofia Ferreira,sofia.ferreira@meridiangl.com,C,30,Named Account Tariff,2018-12-13,2018-12-13,9999-12-31,1,1,454
CUS0342,Northgate Agri-Foods Holdings,NVOCC,Agriculture,Mid-Market,,,JP,Japan,East Asia,APAC,Kenji Tanaka,kenji.tanaka@meridiangl.com,C,45,Named Account Tariff,2023-05-10,2023-05-10,2024-07-24,0,1,455
CUS0342,Northgate Agri-Foods Holdings,NVOCC,Agriculture,SME,,,JP,Japan,East Asia,APAC,Raj Kim,raj.kim@meridiangl.com,C,45,Long-Term Contract,2023-05-10,2024-07-25,9999-12-31,1,2,456
CUS0343,Ironbridge Foods B.V.,Freight Forwarder,FMCG,Mid-Market,,,BE,Belgium,N Europe,EMEA,Sofia Tanaka,sofia.tanaka@meridiangl.com,D,30,Named Account Tariff,2023-03-28,2023-03-28,9999-12-31,1,1,457
CUS0344,Vantage FMCG Corp,BCO,FMCG,SME,,,VN,Vietnam,SE Asia,APAC,Carlos Ferreira,carlos.ferreira@meridiangl.com,B,60,Spot,2026-03-26,2026-03-26,9999-12-31,1,1,458
CUS0345,Redwood Industrial Corp,BCO,Machinery,Mid-Market,,,SA,Saudi Arabia,Middle East,EMEA,Yuki Kowalski,yuki.kowalski@meridiangl.com,C,15,Spot,2017-02-10,2017-02-10,9999-12-31,1,1,459
CUS0346,Sterling Apparel PLC,Freight Forwarder,Textiles,SME,CUS2461,Skyline Motors PLC,AU,Australia,Oceania,ANZ,Fatima O'Brien,fatima.obrien@meridiangl.com,B,30,Spot,2026-01-02,2026-01-02,2026-01-08,0,1,460
CUS0346,Sterling Apparel PLC,Freight Forwarder,Textiles,Mid-Market,CUS2461,Skyline Motors PLC,AU,Australia,Oceania,ANZ,Fatima O'Brien,fatima.obrien@meridiangl.com,B,30,Named Account Tariff,2026-01-02,2026-01-09,9999-12-31,1,2,461
CUS0347,Ridgemont Industrial Ltd,BCO,Machinery,SME,,,BR,Brazil,LatAm East,Americas,Fatima Chen,fatima.chen@meridiangl.com,C,15,Long-Term Contract,2016-09-14,2016-09-14,9999-12-31,1,1,462
CUS0348,Cobalt Agro PLC,SME Direct,Agriculture,SME,CUS1280,Equator Automotive Corp,HK,Hong Kong,East Asia,APAC,Elena Haddad,elena.haddad@meridiangl.com,B,30,Spot,2017-11-16,2017-11-16,9999-12-31,1,1,463
CUS0349,Nova Chemical Industries Co.,3PL,Chemicals,Mid-Market,,,AU,Australia,Oceania,ANZ,Ahmed Tanaka,ahmed.tanaka@meridiangl.com,A,45,Named Account Tariff,2015-10-17,2015-10-17,9999-12-31,1,1,464
CUS0350,Junction Metals Group,NVOCC,Metals,Mid-Market,CUS0260,Ridgemont Consumer Goods GmbH,ID,Indonesia,SE Asia,APAC,Elena Haddad,elena.haddad@meridiangl.com,C,15,Named Account Tariff,2019-04-12,2019-04-12,2019-06-02,0,1,465
CUS0350,Junction Metals Group,NVOCC,Metals,National,CUS0260,Ridgemont Consumer Goods GmbH,ID,Indonesia,SE Asia,APAC,Grace Osei,grace.osei@meridiangl.com,A,15,Spot,2019-04-12,2019-06-03,9999-12-31,1,2,466
CUS0351,Kingswell Technologies GmbH,SME Direct,Electronics,SME,,,CA,Canada,N America East,Americas,Grace Osei,grace.osei@meridiangl.com,D,0,Spot,2017-10-05,2017-10-05,9999-12-31,1,1,467
CUS0352,Juniper Chemicals Ltd,Freight Forwarder,Chemicals,SME,,,BR,Brazil,LatAm East,Americas,Ahmed Rossi,ahmed.rossi@meridiangl.com,B,45,Named Account Tariff,2020-12-19,2020-12-19,2021-04-28,0,1,468
CUS0352,Juniper Chemicals Ltd,Freight Forwarder,Chemicals,Mid-Market,,,BR,Brazil,LatAm East,Americas,Ahmed Rossi,ahmed.rossi@meridiangl.com,B,45,Spot,2020-12-19,2021-04-29,9999-12-31,1,2,469
CUS0353,Fairhaven Chemical Industries S.A.,SME Direct,Chemicals,Global Key Account,,,TR,Turkey,Mediterranean,EMEA,Yuki Ramirez,yuki.ramirez@meridiangl.com,A,0,Long-Term Contract,2017-03-11,2017-03-11,9999-12-31,1,1,470
CUS0354,Onyx Steel Corp,3PL,Metals,National,,,AU,Australia,Oceania,ANZ,Raj Kim,raj.kim@meridiangl.com,B,0,Long-Term Contract,2018-12-18,2018-12-18,9999-12-31,1,1,471
CUS0355,Cobalt Pharmaceuticals Ltd,3PL,Pharma,SME,,,BE,Belgium,N Europe,EMEA,Yuki Kowalski,yuki.kowalski@meridiangl.com,B,30,Long-Term Contract,2017-06-23,2017-06-23,2024-01-03,0,1,472
CUS0355,Cobalt Pharmaceuticals Ltd,3PL,Pharma,National,,,BE,Belgium,N Europe,EMEA,Yuki Kowalski,yuki.kowalski@meridiangl.com,A,30,Spot,2017-06-23,2024-01-04,9999-12-31,1,2,473
CUS0356,Nightingale Pharma Group,SME Direct,Pharma,National,,,HK,Hong Kong,East Asia,APAC,Wei Tanaka,wei.tanaka@meridiangl.com,C,30,Long-Term Contract,2017-12-31,2017-12-31,2018-12-28,0,1,474
CUS0356,Nightingale Pharma Group,SME Direct,Pharma,National,,,HK,Hong Kong,East Asia,APAC,Ingrid Osei,ingrid.osei@meridiangl.com,C,30,Long-Term Contract,2017-12-31,2018-12-29,9999-12-31,1,2,475
CUS0357,Cobalt Engineering Co.,Freight Forwarder,Machinery,Mid-Market,,,AU,Australia,Oceania,ANZ,Carlos Al-Farsi,carlos.al-farsi@meridiangl.com,C,60,Spot,2015-12-14,2015-12-14,9999-12-31,1,1,476
CUS0358,Kingswell Retail LLC,SME Direct,Retail,National,,,CA,Canada,N America East,Americas,Ahmed Tanaka,ahmed.tanaka@meridiangl.com,A,45,Named Account Tariff,2020-09-19,2020-09-19,2024-08-28,0,1,477
CUS0358,Kingswell Retail LLC,SME Direct,Retail,SME,,,CA,Canada,N America East,Americas,Ahmed Tanaka,ahmed.tanaka@meridiangl.com,A,45,Long-Term Contract,2020-09-19,2024-08-29,9999-12-31,1,2,478
CUS0359,Onyx Garments Inc,BCO,Textiles,Mid-Market,,,GB,United Kingdom,N Europe,EMEA,Yuki Torres,yuki.torres@meridiangl.com,C,30,Named Account Tariff,2016-07-06,2016-07-06,9999-12-31,1,1,479
CUS0360,Skyline Chemical Industries LLC,SME Direct,Chemicals,SME,,,GB,United Kingdom,N Europe,EMEA,Yuki Torres,yuki.torres@meridiangl.com,C,15,Spot,2019-04-12,2019-04-12,9999-12-31,1,1,480
CUS0361,Skyline Pharma PLC,BCO,Pharma,Mid-Market,,,KR,South Korea,East Asia,APAC,Wei Silva,wei.silva@meridiangl.com,D,30,Spot,2025-05-23,2025-05-23,9999-12-31,1,1,481
CUS0362,Oakford Energy Holdings,SME Direct,Energy,Global Key Account,,,ID,Indonesia,SE Asia,APAC,Sofia Larsson,sofia.larsson@meridiangl.com,A,60,Long-Term Contract,2019-01-29,2019-01-29,9999-12-31,1,1,482
CUS0363,Monsoon Alloys Inc,BCO,Metals,Mid-Market,,,MY,Malaysia,SE Asia,APAC,Elena O'Brien,elena.obrien@meridiangl.com,C,0,Named Account Tariff,2018-04-20,2018-04-20,9999-12-31,1,1,483
CUS0364,Aurora Mercantile Ltd,BCO,Retail,Global Key Account,,,TH,Thailand,SE Asia,APAC,Diego Yamamoto,diego.yamamoto@meridiangl.com,C,30,Long-Term Contract,2015-11-03,2015-11-03,9999-12-31,1,1,484
CUS0365,Cedarline FMCG Inc,BCO,FMCG,Mid-Market,,,JP,Japan,East Asia,APAC,Elena Haddad,elena.haddad@meridiangl.com,B,45,Long-Term Contract,2016-04-02,2016-04-02,9999-12-31,1,1,485
CUS0366,Hillcrest Electronics Inc,Freight Forwarder,Electronics,Mid-Market,,,MX,Mexico,LatAm West,Americas,Ahmed Rossi,ahmed.rossi@meridiangl.com,C,30,Long-Term Contract,2023-04-07,2023-04-07,9999-12-31,1,1,486
CUS0367,Ironbridge Pharmaceuticals LLC,SME Direct,Pharma,SME,,,SG,Singapore,SE Asia,APAC,Yuki Torres,yuki.torres@meridiangl.com,B,30,Named Account Tariff,2020-11-11,2020-11-11,9999-12-31,1,1,487
CUS0368,Kestrel Power PLC,SME Direct,Energy,Global Key Account,,,US,United States,N America East,Americas,Yuki O'Brien,yuki.obrien@meridiangl.com,A,60,Long-Term Contract,2022-03-09,2022-03-09,9999-12-31,1,1,488
CUS0369,Quarrystone Garments Inc,BCO,Textiles,SME,,,AU,Australia,Oceania,ANZ,Sofia Ferreira,sofia.ferreira@meridiangl.com,D,15,Spot,2021-06-05,2021-06-05,9999-12-31,1,1,489
CUS0370,Clearwater Trading Inc,BCO,Retail,SME,CUS0364,Aurora Mercantile Ltd,TR,Turkey,Mediterranean,EMEA,Sofia Tanaka,sofia.tanaka@meridiangl.com,C,45,Spot,2017-08-19,2017-08-19,9999-12-31,1,1,490
CUS0371,Westbrook Pharma Inc,NVOCC,Pharma,National,,,ZA,South Africa,Africa,EMEA,Elena Tanaka,elena.tanaka@meridiangl.com,D,0,Long-Term Contract,2020-04-19,2020-04-19,2023-04-06,0,1,491
CUS0371,Westbrook Pharma Inc,NVOCC,Pharma,Mid-Market,,,ZA,South Africa,Africa,EMEA,Yuki Torres,yuki.torres@meridiangl.com,A,0,Spot,2020-04-19,2023-04-07,9999-12-31,1,2,492
CUS0372,Lakemoor Textiles B.V.,BCO,Textiles,Mid-Market,,,NZ,New Zealand,Oceania,ANZ,Carlos Sharma,carlos.sharma@meridiangl.com,B,45,Named Account Tariff,2020-12-15,2020-12-15,2023-11-22,0,1,493
CUS0372,Lakemoor Textiles B.V.,BCO,Textiles,Mid-Market,,,NZ,New Zealand,Oceania,ANZ,Carlos Sharma,carlos.sharma@meridiangl.com,D,45,Named Account Tariff,2020-12-15,2023-11-23,9999-12-31,1,2,494
CUS0373,Hillcrest Motors GmbH,BCO,Automotive,Mid-Market,,,ES,Spain,Mediterranean,EMEA,Yuki O'Brien,yuki.obrien@meridiangl.com,D,15,Spot,2019-07-09,2019-07-09,9999-12-31,1,1,495
CUS0374,Kestrel Pharmaceuticals GmbH,SME Direct,Pharma,SME,CUS1229,Northgate Agri-Foods Ltd,MX,Mexico,LatAm West,Americas,Elena Haddad,elena.haddad@meridiangl.com,B,15,Spot,2020-12-12,2020-12-12,9999-12-31,1,1,496
CUS0375,Nightingale Consumer Goods Holdings,Freight Forwarder,FMCG,Mid-Market,,,CL,Chile,LatAm West,Americas,Carlos Sharma,carlos.sharma@meridiangl.com,C,30,Long-Term Contract,2026-06-10,2026-06-10,2026-07-17,0,1,497
CUS0375,Nightingale Consumer Goods Holdings,Freight Forwarder,FMCG,National,,,CL,Chile,LatAm West,Americas,Fatima O'Brien,fatima.obrien@meridiangl.com,B,30,Spot,2026-06-10,2026-07-18,9999-12-31,1,2,498
CUS0376,Ironwood Motors Holdings,3PL,Automotive,Mid-Market,,,BR,Brazil,LatAm East,Americas,Hassan Nguyen,hassan.nguyen@meridiangl.com,B,45,Named Account Tariff,2024-02-25,2024-02-25,9999-12-31,1,1,499
CUS0377,Fairhaven Consumer Goods Corp,3PL,FMCG,SME,CUS1301,Onyx Agri-Foods LLC,TR,Turkey,Mediterranean,EMEA,Yuki Kowalski,yuki.kowalski@meridiangl.com,D,0,Spot,2015-02-08,2015-02-08,2026-01-01,0,1,500
CUS0377,Fairhaven Consumer Goods Corp,3PL,FMCG,National,CUS1301,Onyx Agri-Foods LLC,TR,Turkey,Mediterranean,EMEA,Yuki Kowalski,yuki.kowalski@meridiangl.com,B,0,Spot,2015-02-08,2026-01-02,9999-12-31,1,2,501
CUS0378,Millbrook Consumer Goods LLC,BCO,FMCG,National,,,TR,Turkey,Mediterranean,EMEA,Sofia Tanaka,sofia.tanaka@meridiangl.com,C,15,Spot,2016-09-06,2016-09-06,9999-12-31,1,1,502
CUS0379,Voyager Machinery LLC,NVOCC,Machinery,Mid-Market,,,NZ,New Zealand,Oceania,ANZ,Carlos Al-Farsi,carlos.al-farsi@meridiangl.com,B,30,Long-Term Contract,2021-07-28,2021-07-28,2026-06-15,0,1,503
CUS0379,Voyager Machinery LLC,NVOCC,Machinery,National,,,NZ,New Zealand,Oceania,ANZ,Elena Haddad,elena.haddad@meridiangl.com,C,30,Spot,2021-07-28,2026-06-16,9999-12-31,1,2,504
CUS0380,Quarrystone Alloys PLC,BCO,Metals,SME,,,KR,South Korea,East Asia,APAC,Grace Osei,grace.osei@meridiangl.com,D,30,Named Account Tariff,2017-08-08,2017-08-08,9999-12-31,1,1,505
CUS0381,Greystone Industrial Holdings,SME Direct,Machinery,Mid-Market,,,ZA,South Africa,Africa,EMEA,Kenji Tanaka,kenji.tanaka@meridiangl.com,C,15,Long-Term Contract,2018-10-29,2018-10-29,9999-12-31,1,1,506
CUS0382,Ridgemont Motors S.A.,NVOCC,Automotive,SME,,,BR,Brazil,LatAm East,Americas,Elena Berg,elena.berg@meridiangl.com,D,15,Named Account Tariff,2024-11-10,2024-11-10,9999-12-31,1,1,507
CUS0383,Skyline Industrial Ltd,SME Direct,Machinery,Mid-Market,,,SA,Saudi Arabia,Middle East,EMEA,Wei Silva,wei.silva@meridiangl.com,C,30,Named Account Tariff,2022-08-03,2022-08-03,9999-12-31,1,1,508
CUS0384,Nova Machinery S.A.,3PL,Machinery,Global Key Account,,,TR,Turkey,Mediterranean,EMEA,Carlos Haddad,carlos.haddad@meridiangl.com,A,60,Long-Term Contract,2020-08-30,2020-08-30,9999-12-31,1,1,509
CUS0385,Everest Auto Parts PLC,Freight Forwarder,Automotive,Global Key Account,,,ZA,South Africa,Africa,EMEA,Fatima Haddad,fatima.haddad@meridiangl.com,C,15,Long-Term Contract,2019-08-18,2019-08-18,9999-12-31,1,1,510
CUS0386,Northgate Automotive GmbH,BCO,Automotive,Mid-Market,,,CL,Chile,LatAm West,Americas,Elena O'Brien,elena.obrien@meridiangl.com,B,60,Named Account Tariff,2020-07-02,2020-07-02,2024-02-21,0,1,511
CUS0386,Northgate Automotive GmbH,BCO,Automotive,Mid-Market,,,CL,Chile,LatAm West,Americas,Elena O'Brien,elena.obrien@meridiangl.com,D,60,Long-Term Contract,2020-07-02,2024-02-22,9999-12-31,1,2,512
CUS0387,Cobalt Agri-Foods Corp,SME Direct,Agriculture,Mid-Market,,,CL,Chile,LatAm West,Americas,Ingrid Tanaka,ingrid.tanaka@meridiangl.com,B,30,Long-Term Contract,2018-12-19,2018-12-19,9999-12-31,1,1,513
CUS0388,Sentinel Alloys PLC,BCO,Metals,National,,,TR,Turkey,Mediterranean,EMEA,Ingrid Osei,ingrid.osei@meridiangl.com,A,45,Spot,2024-12-19,2024-12-19,9999-12-31,1,1,514
CUS0389,Millbrook Industrial Corp,NVOCC,Machinery,National,,,BR,Brazil,LatAm East,Americas,Elena O'Brien,elena.obrien@meridiangl.com,B,30,Spot,2021-03-19,2021-03-19,9999-12-31,1,1,515
CUS0390,Ridgemont Foods Inc,Freight Forwarder,FMCG,SME,,,ID,Indonesia,SE Asia,APAC,Wei Silva,wei.silva@meridiangl.com,B,60,Named Account Tariff,2017-01-23,2017-01-23,2022-08-01,0,1,516
CUS0390,Ridgemont Foods Inc,Freight Forwarder,FMCG,SME,,,ID,Indonesia,SE Asia,APAC,Sofia Tanaka,sofia.tanaka@meridiangl.com,D,60,Spot,2017-01-23,2022-08-02,9999-12-31,1,2,517
CUS0391,Harborview Agri-Foods Corp,BCO,Agriculture,Mid-Market,,,DE,Germany,N Europe,EMEA,Elena O'Brien,elena.obrien@meridiangl.com,D,15,Long-Term Contract,2015-02-01,2015-02-01,9999-12-31,1,1,518
CUS0392,Quarrystone Agri-Foods Co.,NVOCC,Agriculture,SME,CUS0353,Fairhaven Chemical Industries S.A.,NL,Netherlands,N Europe,EMEA,Carlos Haddad,carlos.haddad@meridiangl.com,B,30,Spot,2018-12-22,2018-12-22,9999-12-31,1,1,519
CUS0393,Ironwood Life Sciences Pte Ltd,BCO,Pharma,National,,,TW,Taiwan,East Asia,APAC,Ahmed Rossi,ahmed.rossi@meridiangl.com,C,15,Long-Term Contract,2021-08-02,2021-08-02,9999-12-31,1,1,520
CUS0394,Sentinel Chemicals PLC,Freight Forwarder,Chemicals,Mid-Market,,,ZA,South Africa,Africa,EMEA,Ingrid Ferreira,ingrid.ferreira@meridiangl.com,B,30,Named Account Tariff,2016-05-11,2016-05-11,9999-12-31,1,1,521
CUS0395,Beacon Industrial Pte Ltd,3PL,Machinery,SME,CUS2823,Granite Consumer Goods LLC,AE,United Arab Emirates,Middle East,EMEA,Elena O'Brien,elena.obrien@meridiangl.com,C,15,Spot,2023-01-05,2023-01-05,9999-12-31,1,1,522
CUS0396,Fairhaven Mercantile GmbH,NVOCC,Retail,SME,,,IT,Italy,Mediterranean,EMEA,Anna Berg,anna.berg@meridiangl.com,D,0,Named Account Tariff,2025-07-24,2025-07-24,2026-03-14,0,1,523
CUS0396,Fairhaven Mercantile GmbH,NVOCC,Retail,Mid-Market,,,IT,Italy,Mediterranean,EMEA,Elena Tanaka,elena.tanaka@meridiangl.com,A,0,Long-Term Contract,2025-07-24,2026-03-15,9999-12-31,1,2,524
CUS0397,Aurora Trading Corp,NVOCC,Retail,SME,,,BE,Belgium,N Europe,EMEA,James Larsson,james.larsson@meridiangl.com,B,30,Spot,2016-10-08,2016-10-08,9999-12-31,1,1,525
CUS0398,Greystone Energy Inc,BCO,Energy,SME,,,NL,Netherlands,N Europe,EMEA,Grace Osei,grace.osei@meridiangl.com,B,30,Named Account Tariff,2018-03-04,2018-03-04,2020-03-16,0,1,526
CUS0398,Greystone Energy Inc,BCO,Energy,Mid-Market,,,NL,Netherlands,N Europe,EMEA,Grace Osei,grace.osei@meridiangl.com,B,30,Named Account Tariff,2018-03-04,2020-03-17,9999-12-31,1,2,527
CUS0399,Voyager Pharmaceuticals Pte Ltd,Freight Forwarder,Pharma,Mid-Market,,,SG,Singapore,SE Asia,APAC,Wei Silva,wei.silva@meridiangl.com,C,0,Spot,2020-04-08,2020-04-08,9999-12-31,1,1,528
CUS0400,Eastridge Automotive B.V.,Freight Forwarder,Automotive,SME,,,ES,Spain,Mediterranean,EMEA,Sofia Tanaka,sofia.tanaka@meridiangl.com,C,30,Named Account Tariff,2024-03-19,2024-03-19,2025-12-25,0,1,529
CUS0400,Eastridge Automotive B.V.,Freight Forwarder,Automotive,SME,,,ES,Spain,Mediterranean,EMEA,Priya O'Brien,priya.obrien@meridiangl.com,D,30,Spot,2024-03-19,2025-12-26,9999-12-31,1,2,530
CUS0401,Ashgrove Agri-Foods S.A.,Freight Forwarder,Agriculture,Mid-Market,,,NL,Netherlands,N Europe,EMEA,Sofia Ferreira,sofia.ferreira@meridiangl.com,D,0,Long-Term Contract,2022-07-18,2022-07-18,9999-12-31,1,1,531
CUS0402,Hillcrest Textiles Inc,SME Direct,Textiles,SME,,,MX,Mexico,LatAm West,Americas,Grace Larsson,grace.larsson@meridiangl.com,C,15,Spot,2025-12-26,2025-12-26,9999-12-31,1,1,532
CUS0403,Junction Motors Group,BCO,Automotive,Mid-Market,CUS1386,Monsoon Alloys Co.,IN,India,South Asia,APAC,Diego Yamamoto,diego.yamamoto@meridiangl.com,A,0,Named Account Tariff,2021-10-21,2021-10-21,9999-12-31,1,1,533
CUS0404,Solstice Metals GmbH,Freight Forwarder,Metals,SME,CUS0548,Millbrook Energy Ltd,CA,Canada,N America East,Americas,Elena Haddad,elena.haddad@meridiangl.com,C,15,Spot,2016-06-25,2016-06-25,2023-06-10,0,1,534
CUS0404,Solstice Metals GmbH,Freight Forwarder,Metals,SME,CUS0548,Millbrook Energy Ltd,CA,Canada,N America East,Americas,Carlos Sharma,carlos.sharma@meridiangl.com,B,15,Spot,2016-06-25,2023-06-11,9999-12-31,1,2,535
CUS0405,Clearwater Textiles LLC,SME Direct,Textiles,Mid-Market,,,GB,United Kingdom,N Europe,EMEA,Fatima Tanaka,fatima.tanaka@meridiangl.com,A,60,Long-Term Contract,2024-04-15,2024-04-15,2024-05-23,0,1,536
CUS0405,Clearwater Textiles LLC,SME Direct,Textiles,Mid-Market,,,GB,United Kingdom,N Europe,EMEA,Ingrid Ferreira,ingrid.ferreira@meridiangl.com,A,60,Long-Term Contract,2024-04-15,2024-05-24,2025-01-24,0,2,537
CUS0405,Clearwater Textiles LLC,SME Direct,Textiles,SME,,,GB,United Kingdom,N Europe,EMEA,Ingrid Ferreira,ingrid.ferreira@meridiangl.com,C,60,Long-Term Contract,2024-04-15,2025-01-25,9999-12-31,1,3,538
CUS0406,Cedarline Agro Ltd,Freight Forwarder,Agriculture,Mid-Market,,,SA,Saudi Arabia,Middle East,EMEA,Ingrid Osei,ingrid.osei@meridiangl.com,B,60,Spot,2017-08-04,2017-08-04,9999-12-31,1,1,539
CUS0407,Granite Life Sciences Inc,BCO,Pharma,National,,,CA,Canada,N America East,Americas,Ingrid Ferreira,ingrid.ferreira@meridiangl.com,A,0,Long-Term Contract,2026-03-01,2026-03-01,2026-07-18,0,1,540
CUS0407,Granite Life Sciences Inc,BCO,Pharma,National,,,CA,Canada,N America East,Americas,Ahmed Tanaka,ahmed.tanaka@meridiangl.com,B,0,Spot,2026-03-01,2026-07-19,9999-12-31,1,2,541
CUS0408,Onyx Machinery S.A.,Freight Forwarder,Machinery,Mid-Market,,,BR,Brazil,LatAm East,Americas,Elena O'Brien,elena.obrien@meridiangl.com,B,45,Spot,2020-06-18,2020-06-18,2025-12-16,0,1,542
CUS0408,Onyx Machinery S.A.,Freight Forwarder,Machinery,SME,,,BR,Brazil,LatAm East,Americas,James Tanaka,james.tanaka@meridiangl.com,B,45,Spot,2020-06-18,2025-12-17,9999-12-31,1,2,543
CUS0409,Juniper Metals Group,BCO,Metals,Mid-Market,,,DE,Germany,N Europe,EMEA,Yuki Torres,yuki.torres@meridiangl.com,D,0,Spot,2019-08-13,2019-08-13,9999-12-31,1,1,544
CUS0410,Greystone Farms Ltd,3PL,Agriculture,Mid-Market,,,ID,Indonesia,SE Asia,APAC,James Tanaka,james.tanaka@meridiangl.com,C,60,Long-Term Contract,2015-06-01,2015-06-01,9999-12-31,1,1,545
CUS0411,Lakemoor Engineering Ltd,BCO,Machinery,National,CUS0785,Aurora Trading LLC,BR,Brazil,LatAm East,Americas,Ahmed Rossi,ahmed.rossi@meridiangl.com,C,45,Named Account Tariff,2015-02-27,2015-02-27,9999-12-31,1,1,546
CUS0412,Brookline Pharma Pte Ltd,BCO,Pharma,SME,,,BR,Brazil,LatAm East,Americas,Elena Haddad,elena.haddad@meridiangl.com,C,30,Spot,2015-11-09,2015-11-09,9999-12-31,1,1,547
CUS0413,Ridgemont Alloys S.A.,SME Direct,Metals,Mid-Market,,,FR,France,N Europe,EMEA,Yuki O'Brien,yuki.obrien@meridiangl.com,B,60,Spot,2025-04-07,2025-04-07,2026-03-12,0,1,548
CUS0413,Ridgemont Alloys S.A.,SME Direct,Metals,SME,,,FR,France,N Europe,EMEA,Ahmed Nguyen,ahmed.nguyen@meridiangl.com,C,60,Spot,2025-04-07,2026-03-13,9999-12-31,1,2,549
CUS0414,Westbrook Pharmaceuticals Inc,BCO,Pharma,SME,,,VN,Vietnam,SE Asia,APAC,Ingrid O'Brien,ingrid.obrien@meridiangl.com,C,30,Spot,2025-12-30,2025-12-30,9999-12-31,1,1,550
CUS0415,Redwood Automotive S.A.,Freight Forwarder,Automotive,SME,,,HK,Hong Kong,East Asia,APAC,Grace Larsson,grace.larsson@meridiangl.com,D,30,Spot,2015-07-06,2015-07-06,9999-12-31,1,1,551
CUS0416,Lakemoor Alloys Corp,BCO,Metals,Mid-Market,,,BE,Belgium,N Europe,EMEA,Fatima O'Brien,fatima.obrien@meridiangl.com,D,30,Named Account Tariff,2023-11-19,2023-11-19,9999-12-31,1,1,552
CUS0417,Quarrystone Consumer Goods B.V.,BCO,FMCG,Mid-Market,,,CL,Chile,LatAm West,Americas,Ahmed Rossi,ahmed.rossi@meridiangl.com,D,0,Spot,2021-03-29,2021-03-29,9999-12-31,1,1,553
CUS0418,Thornwell Farms LLC,SME Direct,Agriculture,SME,CUS2929,Skyline Chemicals GmbH,MY,Malaysia,SE Asia,APAC,Liam O'Brien,liam.obrien@meridiangl.com,A,15,Named Account Tariff,2021-07-31,2021-07-31,9999-12-31,1,1,554
CUS0419,Ironwood Semiconductor GmbH,BCO,Electronics,SME,,,MX,Mexico,LatAm West,Americas,Hassan Nguyen,hassan.nguyen@meridiangl.com,A,45,Spot,2024-07-09,2024-07-09,9999-12-31,1,1,555
CUS0420,Junction Agro Holdings,BCO,Agriculture,SME,,,NZ,New Zealand,Oceania,ANZ,Yuki Kowalski,yuki.kowalski@meridiangl.com,B,60,Named Account Tariff,2020-03-18,2020-03-18,9999-12-31,1,1,556
CUS0421,Harborview Agri-Foods PLC,BCO,Agriculture,SME,,,CL,Chile,LatAm West,Americas,Kenji Tanaka,kenji.tanaka@meridiangl.com,B,30,Spot,2021-03-09,2021-03-09,9999-12-31,1,1,557
CUS0422,Ashgrove Motors Pte Ltd,Freight Forwarder,Automotive,Mid-Market,CUS0580,Oakford Consumer Goods Group,CN,China,East Asia,APAC,Raj Kim,raj.kim@meridiangl.com,D,15,Spot,2026-07-22,2026-07-22,9999-12-31,1,1,558
CUS0423,Lonestar Textiles LLC,Freight Forwarder,Textiles,SME,CUS2533,Clearwater Electronics PLC,MX,Mexico,LatAm West,Americas,Hassan Silva,hassan.silva@meridiangl.com,D,15,Long-Term Contract,2017-09-24,2017-09-24,9999-12-31,1,1,559
CUS0424,Vantage Chemical Industries Corp,SME Direct,Chemicals,Mid-Market,,,IT,Italy,Mediterranean,EMEA,Elena Tanaka,elena.tanaka@meridiangl.com,D,15,Long-Term Contract,2022-01-10,2022-01-10,9999-12-31,1,1,560
CUS0425,Vertex Life Sciences Corp,Freight Forwarder,Pharma,Mid-Market,,,CA,Canada,N America East,Americas,Elena Haddad,elena.haddad@meridiangl.com,A,30,Named Account Tariff,2025-03-15,2025-03-15,9999-12-31,1,1,561
CUS0426,Everest Foods PLC,NVOCC,FMCG,Mid-Market,,,TW,Taiwan,East Asia,APAC,Fatima Haddad,fatima.haddad@meridiangl.com,D,0,Spot,2020-11-09,2020-11-09,9999-12-31,1,1,562
CUS0427,Foxrun Life Sciences Pte Ltd,BCO,Pharma,SME,,,US,United States,N America East,Americas,Elena O'Brien,elena.obrien@meridiangl.com,C,15,Spot,2017-03-07,2017-03-07,9999-12-31,1,1,563
CUS0428,Southwick Petrochemicals Pte Ltd,SME Direct,Energy,Mid-Market,,,MX,Mexico,LatAm West,Americas,Ahmed Nguyen,ahmed.nguyen@meridiangl.com,B,45,Spot,2020-05-05,2020-05-05,2023-02-15,0,1,564
CUS0428,Southwick Petrochemicals Pte Ltd,SME Direct,Energy,National,,,MX,Mexico,LatAm West,Americas,Ahmed Tanaka,ahmed.tanaka@meridiangl.com,A,45,Named Account Tariff,2020-05-05,2023-02-16,9999-12-31,1,2,565
CUS0429,Zenith Motors GmbH,Freight Forwarder,Automotive,Mid-Market,CUS2500,Ridgemont Motors Corp,JP,Japan,East Asia,APAC,Ahmed Novak,ahmed.novak@meridiangl.com,C,30,Spot,2026-08-18,2026-08-18,9999-12-31,1,1,566
CUS0430,Ashford Apparel LLC,3PL,Textiles,Mid-Market,,,MX,Mexico,LatAm West,Americas,Elena Haddad,elena.haddad@meridiangl.com,D,15,Spot,2019-12-08,2019-12-08,9999-12-31,1,1,567
CUS0431,Monsoon Consumer Goods Co.,Freight Forwarder,FMCG,Mid-Market,,,GB,United Kingdom,N Europe,EMEA,Carlos Haddad,carlos.haddad@meridiangl.com,C,30,Spot,2020-01-30,2020-01-30,2025-07-04,0,1,568
CUS0431,Monsoon Consumer Goods Co.,Freight Forwarder,FMCG,National,,,GB,United Kingdom,N Europe,EMEA,Carlos Haddad,carlos.haddad@meridiangl.com,C,30,Spot,2020-01-30,2025-07-05,9999-12-31,1,2,569
CUS0432,Sentinel Foods Ltd,BCO,FMCG,SME,CUS1203,Sterling Motors Inc,TW,Taiwan,East Asia,APAC,Elena Haddad,elena.haddad@meridiangl.com,D,15,Spot,2019-12-03,2019-12-03,9999-12-31,1,1,570
CUS0433,Millbrook Chemicals Co.,Freight Forwarder,Chemicals,Mid-Market,,,BE,Belgium,N Europe,EMEA,Carlos Haddad,carlos.haddad@meridiangl.com,C,15,Spot,2016-07-14,2016-07-14,2022-08-04,0,1,571
CUS0433,Millbrook Chemicals Co.,Freight Forwarder,Chemicals,Mid-Market,,,BE,Belgium,N Europe,EMEA,Elena O'Brien,elena.obrien@meridiangl.com,C,15,Spot,2016-07-14,2022-08-05,9999-12-31,1,2,572
CUS0434,Glenmoor Retail Pte Ltd,BCO,Retail,Mid-Market,,,IN,India,South Asia,APAC,Fatima Tanaka,fatima.tanaka@meridiangl.com,C,30,Long-Term Contract,2019-08-25,2019-08-25,9999-12-31,1,1,573
CUS0435,Dockside Metals Group,Freight Forwarder,Metals,SME,,,BE,Belgium,N Europe,EMEA,Yuki Kowalski,yuki.kowalski@meridiangl.com,C,30,Spot,2021-09-16,2021-09-16,2025-05-18,0,1,574
CUS0435,Dockside Metals Group,Freight Forwarder,Metals,Mid-Market,,,BE,Belgium,N Europe,EMEA,Carlos Al-Farsi,carlos.al-farsi@meridiangl.com,D,30,Named Account Tariff,2021-09-16,2025-05-19,9999-12-31,1,2,575
CUS0436,Nightingale Pharmaceuticals Corp,SME Direct,Pharma,Mid-Market,,,ES,Spain,Mediterranean,EMEA,Fatima Tanaka,fatima.tanaka@meridiangl.com,D,0,Spot,2019-06-09,2019-06-09,2024-11-04,0,1,576
CUS0436,Nightingale Pharmaceuticals Corp,SME Direct,Pharma,SME,,,ES,Spain,Mediterranean,EMEA,Fatima Tanaka,fatima.tanaka@meridiangl.com,D,0,Spot,2019-06-09,2024-11-05,9999-12-31,1,2,577
CUS0437,Everest Technologies Group,BCO,Electronics,Mid-Market,,,NL,Netherlands,N Europe,EMEA,Diego Patel,diego.patel@meridiangl.com,C,30,Long-Term Contract,2019-07-05,2019-07-05,9999-12-31,1,1,578
CUS0438,Solstice Textiles Pte Ltd,3PL,Textiles,SME,CUS3045,Equator Pharma B.V.,IT,Italy,Mediterranean,EMEA,Grace Osei,grace.osei@meridiangl.com,D,45,Long-Term Contract,2022-08-16,2022-08-16,2024-11-01,0,1,579
CUS0438,Solstice Textiles Pte Ltd,3PL,Textiles,National,CUS3045,Equator Pharma B.V.,IT,Italy,Mediterranean,EMEA,Ingrid Tanaka,ingrid.tanaka@meridiangl.com,A,45,Named Account Tariff,2022-08-16,2024-11-02,9999-12-31,1,2,580
CUS0439,Solstice Life Sciences Group,BCO,Pharma,SME,CUS2530,Eastridge Alloys Pte Ltd,VN,Vietnam,SE Asia,APAC,Ingrid Tanaka,ingrid.tanaka@meridiangl.com,D,30,Named Account Tariff,2017-07-27,2017-07-27,9999-12-31,1,1,581
CUS0440,Fairhaven Semiconductor Co.,NVOCC,Electronics,National,,,SG,Singapore,SE Asia,APAC,Grace Osei,grace.osei@meridiangl.com,B,45,Spot,2021-09-27,2021-09-27,9999-12-31,1,1,582
CUS0441,Ridgemont FMCG PLC,3PL,FMCG,National,,,US,United States,N America East,Americas,Priya O'Brien,priya.obrien@meridiangl.com,B,15,Long-Term Contract,2017-08-05,2017-08-05,9999-12-31,1,1,583
CUS0442,Everest Industrial Ltd,SME Direct,Machinery,Global Key Account,,,ES,Spain,Mediterranean,EMEA,Elena O'Brien,elena.obrien@meridiangl.com,A,60,Long-Term Contract,2015-04-10,2015-04-10,9999-12-31,1,1,584
CUS0443,Aurora FMCG S.A.,BCO,FMCG,Mid-Market,,,NL,Netherlands,N Europe,EMEA,Yuki O'Brien,yuki.obrien@meridiangl.com,B,30,Spot,2019-03-28,2019-03-28,9999-12-31,1,1,585
CUS0444,Beacon Agri-Foods Ltd,BCO,Agriculture,SME,,,NL,Netherlands,N Europe,EMEA,Fatima Chen,fatima.chen@meridiangl.com,B,60,Named Account Tariff,2015-02-25,2015-02-25,2023-03-28,0,1,586
CUS0444,Beacon Agri-Foods Ltd,BCO,Agriculture,National,,,NL,Netherlands,N Europe,EMEA,Carlos Sharma,carlos.sharma@meridiangl.com,B,60,Named Account Tariff,2015-02-25,2023-03-29,9999-12-31,1,2,587
CUS0445,Fairhaven Pharma S.A.,BCO,Pharma,Mid-Market,,,DE,Germany,N Europe,EMEA,Diego Patel,diego.patel@meridiangl.com,C,15,Spot,2026-08-12,2026-08-12,2026-08-16,0,1,588
CUS0445,Fairhaven Pharma S.A.,BCO,Pharma,SME,,,DE,Germany,N Europe,EMEA,Yuki O'Brien,yuki.obrien@meridiangl.com,A,15,Spot,2026-08-12,2026-08-17,9999-12-31,1,2,589
CUS0446,Ridgemont Agro B.V.,3PL,Agriculture,SME,,,NZ,New Zealand,Oceania,ANZ,James Larsson,james.larsson@meridiangl.com,D,30,Spot,2023-04-02,2023-04-02,9999-12-31,1,1,590
CUS0447,Nova Metals Group,NVOCC,Metals,SME,CUS0635,Hillcrest FMCG Pte Ltd,MY,Malaysia,SE Asia,APAC,Grace Osei,grace.osei@meridiangl.com,B,30,Spot,2015-02-01,2015-02-01,2016-07-01,0,1,591
CUS0447,Nova Metals Group,NVOCC,Metals,Mid-Market,CUS0635,Hillcrest FMCG Pte Ltd,MY,Malaysia,SE Asia,APAC,Grace Osei,grace.osei@meridiangl.com,A,30,Named Account Tariff,2015-02-01,2016-07-02,9999-12-31,1,2,592
CUS0448,Nightingale Motors Pte Ltd,3PL,Automotive,SME,,,VN,Vietnam,SE Asia,APAC,James Tanaka,james.tanaka@meridiangl.com,C,30,Spot,2019-06-23,2019-06-23,9999-12-31,1,1,593
CUS0449,Ivyhill Chemicals B.V.,Freight Forwarder,Chemicals,SME,,,JP,Japan,East Asia,APAC,Diego Kowalski,diego.kowalski@meridiangl.com,D,0,Spot,2016-04-23,2016-04-23,9999-12-31,1,1,594
CUS0450,Ivyhill Consumer Goods B.V.,BCO,FMCG,SME,CUS3045,Equator Pharma B.V.,SG,Singapore,SE Asia,APAC,Sofia Ferreira,sofia.ferreira@meridiangl.com,B,30,Spot,2023-09-19,2023-09-19,9999-12-31,1,1,595
CUS0451,Valleyforge Technologies LLC,BCO,Electronics,Mid-Market,,,BE,Belgium,N Europe,EMEA,Fatima Haddad,fatima.haddad@meridiangl.com,C,15,Spot,2020-10-27,2020-10-27,9999-12-31,1,1,596
CUS0452,Ivyhill Apparel Group,Freight Forwarder,Textiles,Mid-Market,,,SA,Saudi Arabia,Middle East,EMEA,Carlos Sharma,carlos.sharma@meridiangl.com,C,30,Spot,2015-10-22,2015-10-22,2019-05-18,0,1,597
CUS0452,Ivyhill Apparel Group,Freight Forwarder,Textiles,Mid-Market,,,SA,Saudi Arabia,Middle East,EMEA,Fatima Tanaka,fatima.tanaka@meridiangl.com,C,30,Long-Term Contract,2015-10-22,2019-05-19,9999-12-31,1,2,598
CUS0453,Dockside Garments Group,SME Direct,Textiles,Mid-Market,,,BE,Belgium,N Europe,EMEA,Kenji Tanaka,kenji.tanaka@meridiangl.com,D,30,Named Account Tariff,2021-03-12,2021-03-12,9999-12-31,1,1,599
CUS0454,Eastridge Machinery GmbH,SME Direct,Machinery,Mid-Market,,,CL,Chile,LatAm West,Americas,Yuki Torres,yuki.torres@meridiangl.com,C,15,Spot,2017-02-22,2017-02-22,9999-12-31,1,1,600
CUS0455,Redwood Stores Pte Ltd,BCO,Retail,National,,,MY,Malaysia,SE Asia,APAC,Ahmed Rossi,ahmed.rossi@meridiangl.com,C,30,Long-Term Contract,2016-12-04,2016-12-04,2017-02-06,0,1,601
CUS0455,Redwood Stores Pte Ltd,BCO,Retail,Mid-Market,,,MY,Malaysia,SE Asia,APAC,Ahmed Rossi,ahmed.rossi@meridiangl.com,B,30,Spot,2016-12-04,2017-02-07,9999-12-31,1,2,602
CUS0456,Redwood Automotive Ltd,BCO,Automotive,SME,CUS1853,Palisade Life Sciences B.V.,NL,Netherlands,N Europe,EMEA,Elena Berg,elena.berg@meridiangl.com,D,30,Spot,2015-12-15,2015-12-15,9999-12-31,1,1,603
CUS0457,Aurora Foods S.A.,SME Direct,FMCG,National,,,IT,Italy,Mediterranean,EMEA,Hassan Nguyen,hassan.nguyen@meridiangl.com,B,60,Long-Term Contract,2021-10-28,2021-10-28,2022-05-17,0,1,604
CUS0457,Aurora Foods S.A.,SME Direct,FMCG,Mid-Market,,,IT,Italy,Mediterranean,EMEA,Ingrid Ferreira,ingrid.ferreira@meridiangl.com,C,60,Long-Term Contract,2021-10-28,2022-05-18,9999-12-31,1,2,605
CUS0458,Nova Chemicals GmbH,3PL,Chemicals,Mid-Market,,,IT,Italy,Mediterranean,EMEA,Maria Sharma,maria.sharma@meridiangl.com,C,30,Spot,2016-04-29,2016-04-29,9999-12-31,1,1,606
CUS0459,Ivyhill Engineering LLC,NVOCC,Machinery,SME,,,CN,China,East Asia,APAC,Ahmed Nguyen,ahmed.nguyen@meridiangl.com,C,15,Named Account Tariff,2020-05-27,2020-05-27,9999-12-31,1,1,607
CUS0460,Greystone Pharmaceuticals Corp,SME Direct,Pharma,National,,,DE,Germany,N Europe,EMEA,Ahmed Torres,ahmed.torres@meridiangl.com,B,60,Long-Term Contract,2023-11-04,2023-11-04,2026-04-18,0,1,608
CUS0460,Greystone Pharmaceuticals Corp,SME Direct,Pharma,SME,,,DE,Germany,N Europe,EMEA,Ahmed Torres,ahmed.torres@meridiangl.com,B,60,Long-Term Contract,2023-11-04,2026-04-19,9999-12-31,1,2,609
CUS0461,Fairhaven Agro Co.,BCO,Agriculture,National,,,US,United States,N America East,Americas,Raj Kim,raj.kim@meridiangl.com,A,60,Long-Term Contract,2022-09-19,2022-09-19,9999-12-31,1,1,610
CUS0462,Brightwater Stores S.A.,Freight Forwarder,Retail,National,,,ID,Indonesia,SE Asia,APAC,Yuki O'Brien,yuki.obrien@meridiangl.com,A,30,Long-Term Contract,2015-04-14,2015-04-14,9999-12-31,1,1,611
CUS0463,Ashgrove Apparel Group,Freight Forwarder,Textiles,Mid-Market,,,IN,India,South Asia,APAC,Ingrid Tanaka,ingrid.tanaka@meridiangl.com,B,15,Named Account Tariff,2019-04-27,2019-04-27,9999-12-31,1,1,612
CUS0464,Lakemoor Auto Parts PLC,3PL,Automotive,SME,,,TH,Thailand,SE Asia,APAC,Yuki Torres,yuki.torres@meridiangl.com,B,0,Spot,2018-12-29,2018-12-29,2022-05-03,0,1,613
CUS0464,Lakemoor Auto Parts PLC,3PL,Automotive,National,,,TH,Thailand,SE Asia,APAC,Yuki Torres,yuki.torres@meridiangl.com,B,0,Long-Term Contract,2018-12-29,2022-05-04,9999-12-31,1,2,614
CUS0465,Eastridge Automotive Holdings,BCO,Automotive,SME,CUS1280,Equator Automotive Corp,MX,Mexico,LatAm West,Americas,Ingrid Osei,ingrid.osei@meridiangl.com,D,0,Long-Term Contract,2019-12-10,2019-12-10,9999-12-31,1,1,615
CUS0466,Kingswell Technologies Co.,NVOCC,Electronics,SME,,,TR,Turkey,Mediterranean,EMEA,James Larsson,james.larsson@meridiangl.com,D,15,Named Account Tariff,2019-08-02,2019-08-02,9999-12-31,1,1,616
CUS0467,Granite Apparel S.A.,BCO,Textiles,Mid-Market,,,IN,India,South Asia,APAC,Carlos Sharma,carlos.sharma@meridiangl.com,B,30,Named Account Tariff,2024-02-21,2024-02-21,9999-12-31,1,1,617
CUS0468,Solstice Foods PLC,3PL,FMCG,Mid-Market,,,VN,Vietnam,SE Asia,APAC,Anna Berg,anna.berg@meridiangl.com,C,30,Long-Term Contract,2020-01-26,2020-01-26,9999-12-31,1,1,618
CUS0469,Redwood Agro Co.,NVOCC,Agriculture,SME,,,TH,Thailand,SE Asia,APAC,Yuki Ramirez,yuki.ramirez@meridiangl.com,D,0,Spot,2023-02-13,2023-02-13,9999-12-31,1,1,619
CUS0470,Cedarline Machinery Inc,3PL,Machinery,Mid-Market,,,CL,Chile,LatAm West,Americas,Hassan Silva,hassan.silva@meridiangl.com,C,15,Long-Term Contract,2023-05-03,2023-05-03,9999-12-31,1,1,620
CUS0471,Ashgrove Pharma LLC,SME Direct,Pharma,National,,,SG,Singapore,SE Asia,APAC,James Tanaka,james.tanaka@meridiangl.com,B,30,Named Account Tariff,2025-05-30,2025-05-30,9999-12-31,1,1,621
CUS0472,Valleyforge Automotive Ltd,3PL,Automotive,SME,,,MY,Malaysia,SE Asia,APAC,Elena Haddad,elena.haddad@meridiangl.com,C,15,Named Account Tariff,2017-12-08,2017-12-08,9999-12-31,1,1,622
CUS0473,Deerfield Semiconductor Corp,NVOCC,Electronics,Mid-Market,CUS2533,Clearwater Electronics PLC,TR,Turkey,Mediterranean,EMEA,Raj Kim,raj.kim@meridiangl.com,C,0,Named Account Tariff,2022-09-29,2022-09-29,2023-06-20,0,1,623
CUS0473,Deerfield Semiconductor Corp,NVOCC,Electronics,Mid-Market,CUS2533,Clearwater Electronics PLC,TR,Turkey,Mediterranean,EMEA,Raj Kim,raj.kim@meridiangl.com,B,0,Named Account Tariff,2022-09-29,2023-06-21,9999-12-31,1,2,624
CUS0474,Marlowe Pharma S.A.,SME Direct,Pharma,SME,,,NZ,New Zealand,Oceania,ANZ,Elena O'Brien,elena.obrien@meridiangl.com,C,30,Named Account Tariff,2019-02-04,2019-02-04,9999-12-31,1,1,625
CUS0475,Ridgemont Chemicals LLC,3PL,Chemicals,SME,,,VN,Vietnam,SE Asia,APAC,Diego Yamamoto,diego.yamamoto@meridiangl.com,B,45,Named Account Tariff,2016-12-27,2016-12-27,9999-12-31,1,1,626
CUS0476,Deerfield Motors Ltd,NVOCC,Automotive,SME,,,FR,France,N Europe,EMEA,Ahmed Tanaka,ahmed.tanaka@meridiangl.com,C,15,Named Account Tariff,2015-07-13,2015-07-13,9999-12-31,1,1,627
CUS0477,Deerfield Consumer Goods Holdings,Freight Forwarder,FMCG,Mid-Market,,,AU,Australia,Oceania,ANZ,Kenji Tanaka,kenji.tanaka@meridiangl.com,C,15,Long-Term Contract,2015-08-09,2015-08-09,9999-12-31,1,1,628
CUS0478,Brookline Life Sciences Holdings,BCO,Pharma,SME,,,BR,Brazil,LatAm East,Americas,Hassan Nguyen,hassan.nguyen@meridiangl.com,B,30,Named Account Tariff,2024-11-22,2024-11-22,9999-12-31,1,1,629
CUS0479,Vertex Technologies Group,NVOCC,Electronics,Mid-Market,,,TR,Turkey,Mediterranean,EMEA,Carlos Ferreira,carlos.ferreira@meridiangl.com,C,30,Named Account Tariff,2019-01-11,2019-01-11,9999-12-31,1,1,630
CUS0480,Nova Semiconductor S.A.,NVOCC,Electronics,National,,,MX,Mexico,LatAm West,Americas,Carlos Ferreira,carlos.ferreira@meridiangl.com,C,30,Long-Term Contract,2026-01-21,2026-01-21,9999-12-31,1,1,631
CUS0481,Ironwood Agri-Foods B.V.,BCO,Agriculture,SME,,,BR,Brazil,LatAm East,Americas,Priya Ferreira,priya.ferreira@meridiangl.com,C,30,Named Account Tariff,2016-02-22,2016-02-22,9999-12-31,1,1,632
CUS0482,Deerfield Electronics Corp,BCO,Electronics,Mid-Market,,,ZA,South Africa,Africa,EMEA,Fatima Tanaka,fatima.tanaka@meridiangl.com,B,30,Spot,2020-04-25,2020-04-25,9999-12-31,1,1,633
CUS0483,Southwick Textiles B.V.,BCO,Textiles,Mid-Market,,,TW,Taiwan,East Asia,APAC,Liam O'Brien,liam.obrien@meridiangl.com,B,15,Spot,2015-03-18,2015-03-18,2021-12-25,0,1,634
CUS0483,Southwick Textiles B.V.,BCO,Textiles,National,,,TW,Taiwan,East Asia,APAC,Liam O'Brien,liam.obrien@meridiangl.com,B,15,Spot,2015-03-18,2021-12-26,9999-12-31,1,2,635
CUS0484,Everest Trading Pte Ltd,SME Direct,Retail,Mid-Market,CUS0560,Foxrun Chemical Industries GmbH,CA,Canada,N America East,Americas,Ahmed Torres,ahmed.torres@meridiangl.com,B,30,Named Account Tariff,2021-03-21,2021-03-21,9999-12-31,1,1,636
CUS0485,Juniper Consumer Goods B.V.,NVOCC,FMCG,Mid-Market,,,FR,France,N Europe,EMEA,Fatima O'Brien,fatima.obrien@meridiangl.com,C,45,Named Account Tariff,2019-03-15,2019-03-15,9999-12-31,1,1,637
CUS0486,Fairhaven Technologies Corp,SME Direct,Electronics,Mid-Market,,,TR,Turkey,Mediterranean,EMEA,Grace Osei,grace.osei@meridiangl.com,C,30,Named Account Tariff,2020-08-10,2020-08-10,9999-12-31,1,1,638
CUS0487,Ashgrove Retail Group,BCO,Retail,Mid-Market,,,TW,Taiwan,East Asia,APAC,Ahmed Rossi,ahmed.rossi@meridiangl.com,A,45,Spot,2025-04-06,2025-04-06,9999-12-31,1,1,639
CUS0488,Voyager Pharma S.A.,BCO,Pharma,National,CUS1014,Millbrook Power Holdings,SG,Singapore,SE Asia,APAC,Elena Haddad,elena.haddad@meridiangl.com,B,30,Spot,2025-12-19,2025-12-19,9999-12-31,1,1,640
CUS0489,Junction Chemical Industries Group,BCO,Chemicals,Mid-Market,,,SG,Singapore,SE Asia,APAC,Yuki Torres,yuki.torres@meridiangl.com,C,30,Named Account Tariff,2022-05-28,2022-05-28,2022-07-09,0,1,641
CUS0489,Junction Chemical Industries Group,BCO,Chemicals,Mid-Market,,,SG,Singapore,SE Asia,APAC,Yuki Torres,yuki.torres@meridiangl.com,B,30,Named Account Tariff,2022-05-28,2022-07-10,2024-01-05,0,2,642
CUS0489,Junction Chemical Industries Group,BCO,Chemicals,Mid-Market,,,SG,Singapore,SE Asia,APAC,Yuki Torres,yuki.torres@meridiangl.com,C,30,Long-Term Contract,2022-05-28,2024-01-06,9999-12-31,1,3,643
CUS0490,Southwick Agri-Foods LLC,BCO,Agriculture,National,,,CL,Chile,LatAm West,Americas,Grace Osei,grace.osei@meridiangl.com,B,30,Long-Term Contract,2022-06-17,2022-06-17,2025-06-01,0,1,644
CUS0490,Southwick Agri-Foods LLC,BCO,Agriculture,National,,,CL,Chile,LatAm West,Americas,Grace Osei,grace.osei@meridiangl.com,C,30,Long-Term Contract,2022-06-17,2025-06-02,9999-12-31,1,2,645
CUS0491,Lakemoor Agri-Foods Ltd,Freight Forwarder,Agriculture,National,,,SA,Saudi Arabia,Middle East,EMEA,Grace Larsson,grace.larsson@meridiangl.com,A,30,Long-Term Contract,2017-01-25,2017-01-25,2022-12-06,0,1,646
CUS0491,Lakemoor Agri-Foods Ltd,Freight Forwarder,Agriculture,National,,,SA,Saudi Arabia,Middle East,EMEA,Grace Larsson,grace.larsson@meridiangl.com,A,30,Named Account Tariff,2017-01-25,2022-12-07,9999-12-31,1,2,647
CUS0492,Onyx FMCG Corp,BCO,FMCG,Mid-Market,,,IT,Italy,Mediterranean,EMEA,Diego Patel,diego.patel@meridiangl.com,C,30,Long-Term Contract,2017-06-24,2017-06-24,2022-03-27,0,1,648
CUS0492,Onyx FMCG Corp,BCO,FMCG,National,,,IT,Italy,Mediterranean,EMEA,Elena Haddad,elena.haddad@meridiangl.com,D,30,Spot,2017-06-24,2022-03-28,9999-12-31,1,2,649
CUS0493,Oakford Foods Ltd,SME Direct,FMCG,Mid-Market,,,TW,Taiwan,East Asia,APAC,Diego Kowalski,diego.kowalski@meridiangl.com,A,30,Long-Term Contract,2018-10-09,2018-10-09,9999-12-31,1,1,650
CUS0494,Oakford Agro Co.,3PL,Agriculture,National,,,TW,Taiwan,East Asia,APAC,Elena Berg,elena.berg@meridiangl.com,B,60,Long-Term Contract,2020-09-24,2020-09-24,9999-12-31,1,1,651
CUS0495,Solstice Life Sciences LLC,BCO,Pharma,Mid-Market,,,ES,Spain,Mediterranean,EMEA,Grace Osei,grace.osei@meridiangl.com,D,45,Named Account Tariff,2023-02-10,2023-02-10,9999-12-31,1,1,652
CUS0496,Valleyforge Machinery S.A.,3PL,Machinery,SME,CUS2123,Valleyforge Foods Inc,FR,France,N Europe,EMEA,Fatima O'Brien,fatima.obrien@meridiangl.com,C,30,Named Account Tariff,2016-07-01,2016-07-01,9999-12-31,1,1,653
CUS0497,Valleyforge Chemical Industries PLC,BCO,Chemicals,SME,,,ID,Indonesia,SE Asia,APAC,Ahmed Nguyen,ahmed.nguyen@meridiangl.com,D,15,Spot,2024-08-23,2024-08-23,9999-12-31,1,1,654
CUS0498,Deerfield Steel PLC,SME Direct,Metals,National,,,BR,Brazil,LatAm East,Americas,Yuki O'Brien,yuki.obrien@meridiangl.com,C,30,Long-Term Contract,2024-11-28,2024-11-28,9999-12-31,1,1,655
CUS0499,Vantage Steel Inc,3PL,Metals,SME,,,NZ,New Zealand,Oceania,ANZ,Ingrid Ferreira,ingrid.ferreira@meridiangl.com,C,30,Spot,2016-06-04,2016-06-04,2021-05-11,0,1,656
CUS0499,Vantage Steel Inc,3PL,Metals,National,,,NZ,New Zealand,Oceania,ANZ,Sofia Tanaka,sofia.tanaka@meridiangl.com,A,30,Long-Term Contract,2016-06-04,2021-05-12,9999-12-31,1,2,657
CUS0500,Voyager Power Pte Ltd,Freight Forwarder,Energy,Mid-Market,,,TR,Turkey,Mediterranean,EMEA,Yuki O'Brien,yuki.obrien@meridiangl.com,D,30,Named Account Tariff,2016-07-25,2016-07-25,9999-12-31,1,1,658
CUS0501,Southwick Textiles Ltd,BCO,Textiles,SME,,,AU,Australia,Oceania,ANZ,Hassan Silva,hassan.silva@meridiangl.com,C,30,Spot,2017-05-27,2017-05-27,2019-02-14,0,1,659
CUS0501,Southwick Textiles Ltd,BCO,Textiles,Mid-Market,,,AU,Australia,Oceania,ANZ,Sofia Ferreira,sofia.ferreira@meridiangl.com,A,30,Spot,2017-05-27,2019-02-15,9999-12-31,1,2,660
CUS0502,Aurora Life Sciences Holdings,BCO,Pharma,SME,,,IN,India,South Asia,APAC,Grace Osei,grace.osei@meridiangl.com,C,15,Spot,2020-08-03,2020-08-03,9999-12-31,1,1,661
CUS0503,Sterling Chemical Industries S.A.,Freight Forwarder,Chemicals,SME,,,NL,Netherlands,N Europe,EMEA,Yuki Kowalski,yuki.kowalski@meridiangl.com,D,30,Spot,2016-02-27,2016-02-27,9999-12-31,1,1,662
CUS0504,Beacon Consumer Goods Group,3PL,FMCG,SME,CUS2267,Voyager Trading B.V.,CL,Chile,LatAm West,Americas,Elena Haddad,elena.haddad@meridiangl.com,A,15,Spot,2019-12-31,2019-12-31,9999-12-31,1,1,663
CUS0505,Solstice Chemicals Inc,BCO,Chemicals,National,CUS1328,Kestrel Steel Inc,SG,Singapore,SE Asia,APAC,Diego Patel,diego.patel@meridiangl.com,B,45,Spot,2016-07-17,2016-07-17,9999-12-31,1,1,664
CUS0506,Palisade Pharma LLC,BCO,Pharma,Mid-Market,CUS1186,Ridgemont Technologies S.A.,TW,Taiwan,East Asia,APAC,Hassan Silva,hassan.silva@meridiangl.com,D,0,Long-Term Contract,2024-07-18,2024-07-18,9999-12-31,1,1,665
CUS0507,Brookline Chemicals Ltd,BCO,Chemicals,SME,,,JP,Japan,East Asia,APAC,Ingrid Nguyen,ingrid.nguyen@meridiangl.com,C,60,Spot,2018-04-27,2018-04-27,9999-12-31,1,1,666
CUS0508,Ironwood Energy Co.,BCO,Energy,SME,,,CN,China,East Asia,APAC,Ingrid Tanaka,ingrid.tanaka@meridiangl.com,B,15,Spot,2020-05-10,2020-05-10,9999-12-31,1,1,667
CUS0509,Glenmoor Apparel B.V.,BCO,Textiles,SME,,,DE,Germany,N Europe,EMEA,Yuki O'Brien,yuki.obrien@meridiangl.com,C,0,Named Account Tariff,2020-06-01,2020-06-01,9999-12-31,1,1,668
CUS0510,Harborview Mercantile Co.,BCO,Retail,SME,,,SA,Saudi Arabia,Middle East,EMEA,Kenji Tanaka,kenji.tanaka@meridiangl.com,D,0,Named Account Tariff,2018-09-19,2018-09-19,9999-12-31,1,1,669
CUS0511,Monsoon Mercantile LLC,NVOCC,Retail,Mid-Market,,,MX,Mexico,LatAm West,Americas,Anna Berg,anna.berg@meridiangl.com,D,0,Named Account Tariff,2024-12-10,2024-12-10,2025-09-07,0,1,670
CUS0511,Monsoon Mercantile LLC,NVOCC,Retail,Mid-Market,,,MX,Mexico,LatAm West,Americas,Anna Berg,anna.berg@meridiangl.com,D,0,Long-Term Contract,2024-12-10,2025-09-08,9999-12-31,1,2,671
CUS0512,Oakford Apparel Group,NVOCC,Textiles,SME,,,ID,Indonesia,SE Asia,APAC,Elena O'Brien,elena.obrien@meridiangl.com,C,15,Spot,2015-05-11,2015-05-11,9999-12-31,1,1,672
CUS0513,Ashgrove Consumer Goods Co.,BCO,FMCG,SME,,,NL,Netherlands,N Europe,EMEA,Grace Osei,grace.osei@meridiangl.com,C,15,Named Account Tariff,2020-05-18,2020-05-18,9999-12-31,1,1,673
CUS0514,Everest Industrial Group,BCO,Machinery,Mid-Market,,,AE,United Arab Emirates,Middle East,EMEA,Ingrid O'Brien,ingrid.obrien@meridiangl.com,B,30,Spot,2022-07-18,2022-07-18,2023-08-31,0,1,674
CUS0514,Everest Industrial Group,BCO,Machinery,Mid-Market,,,AE,United Arab Emirates,Middle East,EMEA,Elena Haddad,elena.haddad@meridiangl.com,A,30,Long-Term Contract,2022-07-18,2023-09-01,9999-12-31,1,2,675
CUS0515,Kestrel Engineering S.A.,NVOCC,Machinery,National,,,FR,France,N Europe,EMEA,James Larsson,james.larsson@meridiangl.com,A,45,Long-Term Contract,2020-11-01,2020-11-01,2025-11-16,0,1,676
CUS0515,Kestrel Engineering S.A.,NVOCC,Machinery,Mid-Market,,,FR,France,N Europe,EMEA,Elena O'Brien,elena.obrien@meridiangl.com,B,45,Spot,2020-11-01,2025-11-17,9999-12-31,1,2,677
CUS0516,Everest Auto Parts LLC,3PL,Automotive,SME,,,NL,Netherlands,N Europe,EMEA,Maria Sharma,maria.sharma@meridiangl.com,D,15,Long-Term Contract,2016-11-21,2016-11-21,9999-12-31,1,1,678
CUS0517,Westbrook Technologies Corp,NVOCC,Electronics,National,,,ZA,South Africa,Africa,EMEA,Elena O'Brien,elena.obrien@meridiangl.com,A,30,Long-Term Contract,2020-11-05,2020-11-05,2021-06-07,0,1,679
CUS0517,Westbrook Technologies Corp,NVOCC,Electronics,National,,,ZA,South Africa,Africa,EMEA,Ahmed Rossi,ahmed.rossi@meridiangl.com,C,30,Named Account Tariff,2020-11-05,2021-06-08,9999-12-31,1,2,680
CUS0518,Brightwater Farms S.A.,NVOCC,Agriculture,Mid-Market,,,US,United States,N America East,Americas,Carlos Haddad,carlos.haddad@meridiangl.com,C,30,Spot,2024-03-04,2024-03-04,9999-12-31,1,1,681
CUS0519,Northgate Foods Pte Ltd,3PL,FMCG,Mid-Market,,,JP,Japan,East Asia,APAC,Ingrid Ferreira,ingrid.ferreira@meridiangl.com,B,30,Named Account Tariff,2016-01-09,2016-01-09,2020-02-27,0,1,682
CUS0519,Northgate Foods Pte Ltd,3PL,FMCG,Mid-Market,,,JP,Japan,East Asia,APAC,Ingrid Tanaka,ingrid.tanaka@meridiangl.com,B,30,Long-Term Contract,2016-01-09,2020-02-28,9999-12-31,1,2,683
CUS0520,Hillcrest Petrochemicals Ltd,3PL,Energy,SME,,,FR,France,N Europe,EMEA,Ingrid Nguyen,ingrid.nguyen@meridiangl.com,C,60,Spot,2019-09-03,2019-09-03,9999-12-31,1,1,684
CUS0521,Solstice Pharmaceuticals Holdings,3PL,Pharma,Mid-Market,,,IN,India,South Asia,APAC,Ingrid Tanaka,ingrid.tanaka@meridiangl.com,C,15,Spot,2022-06-11,2022-06-11,2022-11-08,0,1,685
CUS0521,Solstice Pharmaceuticals Holdings,3PL,Pharma,Mid-Market,,,IN,India,South Asia,APAC,Diego Yamamoto,diego.yamamoto@meridiangl.com,D,15,Named Account Tariff,2022-06-11,2022-11-09,9999-12-31,1,2,686
CUS0522,Ironbridge Life Sciences Group,BCO,Pharma,Mid-Market,,,SG,Singapore,SE Asia,APAC,Ingrid Nguyen,ingrid.nguyen@meridiangl.com,B,45,Spot,2015-02-27,2015-02-27,9999-12-31,1,1,687
CUS0523,Vantage Retail Inc,Freight Forwarder,Retail,SME,,,BE,Belgium,N Europe,EMEA,Wei Silva,wei.silva@meridiangl.com,C,0,Spot,2016-09-21,2016-09-21,2022-06-15,0,1,688
CUS0523,Vantage Retail Inc,Freight Forwarder,Retail,Mid-Market,,,BE,Belgium,N Europe,EMEA,Ahmed Novak,ahmed.novak@meridiangl.com,D,0,Named Account Tariff,2016-09-21,2022-06-16,9999-12-31,1,2,689
CUS0524,Junction Stores S.A.,NVOCC,Retail,Mid-Market,,,TR,Turkey,Mediterranean,EMEA,Elena O'Brien,elena.obrien@meridiangl.com,B,30,Spot,2017-01-15,2017-01-15,2019-02-04,0,1,690
CUS0524,Junction Stores S.A.,NVOCC,Retail,Mid-Market,,,TR,Turkey,Mediterranean,EMEA,Elena O'Brien,elena.obrien@meridiangl.com,B,30,Long-Term Contract,2017-01-15,2019-02-05,9999-12-31,1,2,691
CUS0525,Greystone Life Sciences LLC,Freight Forwarder,Pharma,Mid-Market,,,CN,China,East Asia,APAC,Sofia Tanaka,sofia.tanaka@meridiangl.com,B,45,Spot,2015-06-29,2015-06-29,9999-12-31,1,1,692
CUS0526,Everest Consumer Goods LLC,SME Direct,FMCG,Mid-Market,,,GB,United Kingdom,N Europe,EMEA,Raj Kim,raj.kim@meridiangl.com,D,0,Spot,2016-06-12,2016-06-12,2017-05-14,0,1,693
CUS0526,Everest Consumer Goods LLC,SME Direct,FMCG,SME,,,GB,United Kingdom,N Europe,EMEA,Ahmed Tanaka,ahmed.tanaka@meridiangl.com,D,0,Long-Term Contract,2016-06-12,2017-05-15,9999-12-31,1,2,694
CUS0527,Ashgrove Consumer Goods Group,SME Direct,FMCG,Mid-Market,CUS1719,Nightingale Energy LLC,US,United States,N America East,Americas,Liam O'Brien,liam.obrien@meridiangl.com,B,30,Long-Term Contract,2022-01-21,2022-01-21,2022-08-11,0,1,695
CUS0527,Ashgrove Consumer Goods Group,SME Direct,FMCG,SME,CUS1719,Nightingale Energy LLC,US,United States,N America East,Americas,Priya Ferreira,priya.ferreira@meridiangl.com,A,30,Spot,2022-01-21,2022-08-12,9999-12-31,1,2,696
CUS0528,Skyline Trading B.V.,BCO,Retail,Mid-Market,,,SG,Singapore,SE Asia,APAC,Anna Berg,anna.berg@meridiangl.com,C,45,Named Account Tariff,2019-02-09,2019-02-09,9999-12-31,1,1,697
CUS0529,Mosaic Garments Inc,Freight Forwarder,Textiles,Mid-Market,,,KR,South Korea,East Asia,APAC,Sofia Tanaka,sofia.tanaka@meridiangl.com,D,15,Spot,2018-09-26,2018-09-26,9999-12-31,1,1,698
CUS0530,Kestrel Trading Corp,NVOCC,Retail,SME,,,NZ,New Zealand,Oceania,ANZ,Wei Silva,wei.silva@meridiangl.com,D,0,Spot,2020-11-23,2020-11-23,9999-12-31,1,1,699
CUS0531,Glenmoor Apparel Holdings,3PL,Textiles,SME,CUS0580,Oakford Consumer Goods Group,NL,Netherlands,N Europe,EMEA,Elena Haddad,elena.haddad@meridiangl.com,B,30,Spot,2018-08-06,2018-08-06,9999-12-31,1,1,700
CUS0532,Greystone Auto Parts B.V.,Freight Forwarder,Automotive,Global Key Account,,,AU,Australia,Oceania,ANZ,Ingrid Tanaka,ingrid.tanaka@meridiangl.com,A,45,Long-Term Contract,2019-09-15,2019-09-15,2022-07-01,0,1,701
CUS0532,Greystone Auto Parts B.V.,Freight Forwarder,Automotive,Global Key Account,,,AU,Australia,Oceania,ANZ,Ingrid Tanaka,ingrid.tanaka@meridiangl.com,A,45,Spot,2019-09-15,2022-07-02,9999-12-31,1,2,702
CUS0533,Beacon FMCG Ltd,3PL,FMCG,Mid-Market,CUS0660,Millbrook Alloys Corp,IN,India,South Asia,APAC,Yuki Ramirez,yuki.ramirez@meridiangl.com,C,15,Named Account Tariff,2016-01-21,2016-01-21,9999-12-31,1,1,703
CUS0534,Cobalt Mercantile Ltd,3PL,Retail,National,,,US,United States,N America East,Americas,Yuki O'Brien,yuki.obrien@meridiangl.com,A,30,Named Account Tariff,2016-10-03,2016-10-03,9999-12-31,1,1,704
CUS0535,Thornwell FMCG PLC,BCO,FMCG,Global Key Account,,,JP,Japan,East Asia,APAC,Ahmed Rossi,ahmed.rossi@meridiangl.com,B,30,Long-Term Contract,2019-11-21,2019-11-21,9999-12-31,1,1,705
CUS0536,Ironwood Chemical Industries Co.,BCO,Chemicals,Mid-Market,,,TW,Taiwan,East Asia,APAC,Ingrid Osei,ingrid.osei@meridiangl.com,D,15,Spot,2016-06-18,2016-06-18,9999-12-31,1,1,706
CUS0537,Quarrystone Motors Pte Ltd,SME Direct,Automotive,SME,,,BR,Brazil,LatAm East,Americas,Diego Kowalski,diego.kowalski@meridiangl.com,C,30,Spot,2022-08-30,2022-08-30,9999-12-31,1,1,707
CUS0538,Juniper Life Sciences S.A.,3PL,Pharma,Mid-Market,,,TH,Thailand,SE Asia,APAC,Elena Berg,elena.berg@meridiangl.com,C,45,Spot,2021-07-25,2021-07-25,2023-06-16,0,1,708
CUS0538,Juniper Life Sciences S.A.,3PL,Pharma,National,,,TH,Thailand,SE Asia,APAC,Raj Kim,raj.kim@meridiangl.com,D,45,Long-Term Contract,2021-07-25,2023-06-17,9999-12-31,1,2,709
CUS0539,Ashgrove Agri-Foods GmbH,3PL,Agriculture,National,,,VN,Vietnam,SE Asia,APAC,Elena O'Brien,elena.obrien@meridiangl.com,C,15,Long-Term Contract,2015-11-17,2015-11-17,2026-01-28,0,1,710
CUS0539,Ashgrove Agri-Foods GmbH,3PL,Agriculture,SME,,,VN,Vietnam,SE Asia,APAC,Elena O'Brien,elena.obrien@meridiangl.com,A,15,Long-Term Contract,2015-11-17,2026-01-29,9999-12-31,1,2,711
CUS0540,Ivyhill Automotive Group,Freight Forwarder,Automotive,National,,,TR,Turkey,Mediterranean,EMEA,Elena Haddad,elena.haddad@meridiangl.com,A,30,Long-Term Contract,2016-03-30,2016-03-30,9999-12-31,1,1,712
CUS0541,Sterling Farms PLC,SME Direct,Agriculture,SME,,,GB,United Kingdom,N Europe,EMEA,Elena Berg,elena.berg@meridiangl.com,C,30,Spot,2024-10-10,2024-10-10,9999-12-31,1,1,713
CUS0542,Thornwell Power B.V.,SME Direct,Energy,Mid-Market,,,TW,Taiwan,East Asia,APAC,Sofia Larsson,sofia.larsson@meridiangl.com,B,60,Spot,2023-02-21,2023-02-21,2025-11-10,0,1,714
CUS0542,Thornwell Power B.V.,SME Direct,Energy,National,,,TW,Taiwan,East Asia,APAC,Ahmed Nguyen,ahmed.nguyen@meridiangl.com,D,60,Named Account Tariff,2023-02-21,2025-11-11,9999-12-31,1,2,715
CUS0543,Marlowe Stores PLC,3PL,Retail,Mid-Market,,,BR,Brazil,LatAm East,Americas,Ingrid Tanaka,ingrid.tanaka@meridiangl.com,C,30,Named Account Tariff,2023-11-06,2023-11-06,2026-03-14,0,1,716
CUS0543,Marlowe Stores PLC,3PL,Retail,SME,,,BR,Brazil,LatAm East,Americas,Anna Berg,anna.berg@meridiangl.com,D,30,Spot,2023-11-06,2026-03-15,9999-12-31,1,2,717
CUS0544,Elmfield Alloys Pte Ltd,SME Direct,Metals,SME,CUS1971,Thornwell Garments PLC,AE,United Arab Emirates,Middle East,EMEA,Elena O'Brien,elena.obrien@meridiangl.com,C,15,Named Account Tariff,2021-04-21,2021-04-21,9999-12-31,1,1,718
CUS0545,Greystone Metals PLC,SME Direct,Metals,Mid-Market,,,NL,Netherlands,N Europe,EMEA,Ingrid Ferreira,ingrid.ferreira@meridiangl.com,C,0,Long-Term Contract,2024-04-27,2024-04-27,2024-05-01,0,1,719
CUS0545,Greystone Metals PLC,SME Direct,Metals,Mid-Market,,,NL,Netherlands,N Europe,EMEA,Ingrid Ferreira,ingrid.ferreira@meridiangl.com,B,0,Named Account Tariff,2024-04-27,2024-05-02,9999-12-31,1,2,720
CUS0546,Greystone Energy Corp,BCO,Energy,SME,CUS0801,Lakemoor Machinery GmbH,NZ,New Zealand,Oceania,ANZ,Fatima O'Brien,fatima.obrien@meridiangl.com,B,60,Named Account Tariff,2025-08-05,2025-08-05,2025-12-15,0,1,721
CUS0546,Greystone Energy Corp,BCO,Energy,National,CUS0801,Lakemoor Machinery GmbH,NZ,New Zealand,Oceania,ANZ,Fatima O'Brien,fatima.obrien@meridiangl.com,B,60,Named Account Tariff,2025-08-05,2025-12-16,9999-12-31,1,2,722
CUS0547,Nova Electronics S.A.,Freight Forwarder,Electronics,National,,,ES,Spain,Mediterranean,EMEA,James Larsson,james.larsson@meridiangl.com,B,45,Long-Term Contract,2020-07-20,2020-07-20,9999-12-31,1,1,723
CUS0548,Millbrook Energy Ltd,3PL,Energy,Global Key Account,,,NL,Netherlands,N Europe,EMEA,James Tanaka,james.tanaka@meridiangl.com,C,30,Long-Term Contract,2023-11-29,2023-11-29,2026-07-18,0,1,724
CUS0548,Millbrook Energy Ltd,3PL,Energy,Global Key Account,,,NL,Netherlands,N Europe,EMEA,Fatima Tanaka,fatima.tanaka@meridiangl.com,B,30,Long-Term Contract,2023-11-29,2026-07-19,9999-12-31,1,2,725
CUS0549,Greystone Textiles Corp,SME Direct,Textiles,Mid-Market,,,TR,Turkey,Mediterranean,EMEA,Ahmed Rossi,ahmed.rossi@meridiangl.com,C,30,Long-Term Contract,2026-04-22,2026-04-22,9999-12-31,1,1,726
CUS0550,Cedarline Retail LLC,NVOCC,Retail,Mid-Market,,,ZA,South Africa,Africa,EMEA,Yuki Ramirez,yuki.ramirez@meridiangl.com,B,45,Long-Term Contract,2019-02-03,2019-02-03,9999-12-31,1,1,727
CUS0551,Southwick Automotive PLC,NVOCC,Automotive,Mid-Market,,,FR,France,N Europe,EMEA,Ingrid Tanaka,ingrid.tanaka@meridiangl.com,A,30,Spot,2020-07-30,2020-07-30,9999-12-31,1,1,728
CUS0552,Ivyhill Retail GmbH,SME Direct,Retail,National,,,NL,Netherlands,N Europe,EMEA,Maria Sharma,maria.sharma@meridiangl.com,B,30,Long-Term Contract,2023-07-27,2023-07-27,2023-11-24,0,1,729
CUS0552,Ivyhill Retail GmbH,SME Direct,Retail,SME,,,NL,Netherlands,N Europe,EMEA,Carlos Al-Farsi,carlos.al-farsi@meridiangl.com,C,30,Long-Term Contract,2023-07-27,2023-11-25,9999-12-31,1,2,730
CUS0553,Brookline Farms Ltd,3PL,Agriculture,SME,,,BE,Belgium,N Europe,EMEA,Grace Larsson,grace.larsson@meridiangl.com,C,15,Spot,2022-04-05,2022-04-05,2024-05-05,0,1,731
CUS0553,Brookline Farms Ltd,3PL,Agriculture,National,,,BE,Belgium,N Europe,EMEA,Maria Sharma,maria.sharma@meridiangl.com,C,15,Long-Term Contract,2022-04-05,2024-05-06,9999-12-31,1,2,732
CUS0554,Kingswell Auto Parts Inc,Freight Forwarder,Automotive,Mid-Market,CUS1892,Harborview Electronics PLC,ID,Indonesia,SE Asia,APAC,Grace Osei,grace.osei@meridiangl.com,C,30,Named Account Tariff,2016-05-14,2016-05-14,2018-12-12,0,1,733
CUS0554,Kingswell Auto Parts Inc,Freight Forwarder,Automotive,Mid-Market,CUS1892,Harborview Electronics PLC,ID,Indonesia,SE Asia,APAC,Grace Osei,grace.osei@meridiangl.com,B,30,Long-Term Contract,2016-05-14,2018-12-13,9999-12-31,1,2,734
CUS0555,Westbrook Industrial B.V.,BCO,Machinery,SME,,,CL,Chile,LatAm West,Americas,Ahmed Torres,ahmed.torres@meridiangl.com,C,45,Long-Term Contract,2025-11-13,2025-11-13,9999-12-31,1,1,735
CUS0556,Westbrook Mercantile S.A.,BCO,Retail,Mid-Market,,,TW,Taiwan,East Asia,APAC,Wei Tanaka,wei.tanaka@meridiangl.com,D,30,Named Account Tariff,2020-10-28,2020-10-28,2025-08-15,0,1,736
CUS0556,Westbrook Mercantile S.A.,BCO,Retail,SME,,,TW,Taiwan,East Asia,APAC,Maria Sharma,maria.sharma@meridiangl.com,B,30,Long-Term Contract,2020-10-28,2025-08-16,9999-12-31,1,2,737
CUS0557,Nova Pharmaceuticals B.V.,3PL,Pharma,SME,,,NZ,New Zealand,Oceania,ANZ,Elena Haddad,elena.haddad@meridiangl.com,C,30,Long-Term Contract,2020-11-13,2020-11-13,9999-12-31,1,1,738
CUS0558,Valleyforge Motors PLC,BCO,Automotive,Mid-Market,,,IN,India,South Asia,APAC,Elena O'Brien,elena.obrien@meridiangl.com,C,0,Long-Term Contract,2020-06-12,2020-06-12,9999-12-31,1,1,739
CUS0559,Redwood Foods B.V.,BCO,FMCG,Mid-Market,,,TH,Thailand,SE Asia,APAC,Fatima Tanaka,fatima.tanaka@meridiangl.com,C,15,Named Account Tariff,2021-07-15,2021-07-15,9999-12-31,1,1,740
CUS0560,Foxrun Chemical Industries GmbH,NVOCC,Chemicals,Global Key Account,,,ES,Spain,Mediterranean,EMEA,Priya Ferreira,priya.ferreira@meridiangl.com,A,30,Long-Term Contract,2016-10-28,2016-10-28,2019-01-14,0,1,741
CUS0560,Foxrun Chemical Industries GmbH,NVOCC,Chemicals,Global Key Account,,,ES,Spain,Mediterranean,EMEA,Grace Larsson,grace.larsson@meridiangl.com,B,30,Long-Term Contract,2016-10-28,2019-01-15,9999-12-31,1,2,742
CUS0561,Cedarline Semiconductor S.A.,SME Direct,Electronics,SME,,,IT,Italy,Mediterranean,EMEA,Ahmed Rossi,ahmed.rossi@meridiangl.com,D,0,Spot,2017-10-24,2017-10-24,2020-08-02,0,1,743
CUS0561,Cedarline Semiconductor S.A.,SME Direct,Electronics,National,,,IT,Italy,Mediterranean,EMEA,Fatima Haddad,fatima.haddad@meridiangl.com,D,0,Long-Term Contract,2017-10-24,2020-08-03,9999-12-31,1,2,744
CUS0562,Eastridge FMCG B.V.,Freight Forwarder,FMCG,National,,,IN,India,South Asia,APAC,James Larsson,james.larsson@meridiangl.com,D,15,Named Account Tariff,2017-08-28,2017-08-28,9999-12-31,1,1,745
CUS0563,Valleyforge Steel Pte Ltd,SME Direct,Metals,Mid-Market,,,BR,Brazil,LatAm East,Americas,James Larsson,james.larsson@meridiangl.com,D,30,Named Account Tariff,2016-03-20,2016-03-20,9999-12-31,1,1,746
CUS0564,Skyline Retail Co.,BCO,Retail,Global Key Account,,,SA,Saudi Arabia,Middle East,EMEA,Ingrid Ferreira,ingrid.ferreira@meridiangl.com,A,45,Long-Term Contract,2026-04-21,2026-04-21,2026-06-08,0,1,747
CUS0564,Skyline Retail Co.,BCO,Retail,Global Key Account,,,SA,Saudi Arabia,Middle East,EMEA,Ingrid Ferreira,ingrid.ferreira@meridiangl.com,B,45,Named Account Tariff,2026-04-21,2026-06-09,9999-12-31,1,2,748
CUS0565,Deerfield Alloys S.A.,Freight Forwarder,Metals,SME,,,HK,Hong Kong,East Asia,APAC,Fatima Chen,fatima.chen@meridiangl.com,D,0,Spot,2023-01-22,2023-01-22,9999-12-31,1,1,749
CUS0566,Lonestar Steel S.A.,Freight Forwarder,Metals,Mid-Market,,,BE,Belgium,N Europe,EMEA,Sofia Ferreira,sofia.ferreira@meridiangl.com,C,30,Named Account Tariff,2026-04-09,2026-04-09,9999-12-31,1,1,750
CUS0567,Juniper Power Corp,3PL,Energy,Mid-Market,,,SA,Saudi Arabia,Middle East,EMEA,Fatima Chen,fatima.chen@meridiangl.com,D,30,Spot,2017-09-30,2017-09-30,9999-12-31,1,1,751
CUS0568,Thornwell Pharma Pte Ltd,NVOCC,Pharma,SME,,,NL,Netherlands,N Europe,EMEA,Yuki O'Brien,yuki.obrien@meridiangl.com,C,30,Spot,2019-10-21,2019-10-21,9999-12-31,1,1,752
CUS0569,Ironbridge FMCG GmbH,3PL,FMCG,Global Key Account,,,TR,Turkey,Mediterranean,EMEA,Hassan Silva,hassan.silva@meridiangl.com,B,30,Long-Term Contract,2017-05-01,2017-05-01,2021-11-26,0,1,753
CUS0569,Ironbridge FMCG GmbH,3PL,FMCG,Global Key Account,,,TR,Turkey,Mediterranean,EMEA,Hassan Silva,hassan.silva@meridiangl.com,C,30,Spot,2017-05-01,2021-11-27,9999-12-31,1,2,754
CUS0570,Voyager Energy Pte Ltd,BCO,Energy,National,,,JP,Japan,East Asia,APAC,Grace Larsson,grace.larsson@meridiangl.com,A,45,Long-Term Contract,2016-01-28,2016-01-28,9999-12-31,1,1,755
CUS0571,Glenmoor Metals Co.,BCO,Metals,Mid-Market,,,ZA,South Africa,Africa,EMEA,Fatima Tanaka,fatima.tanaka@meridiangl.com,B,30,Long-Term Contract,2016-11-21,2016-11-21,9999-12-31,1,1,756
CUS0572,Brookline Consumer Goods Ltd,Freight Forwarder,FMCG,Mid-Market,,,VN,Vietnam,SE Asia,APAC,Anna Berg,anna.berg@meridiangl.com,B,45,Spot,2020-03-23,2020-03-23,9999-12-31,1,1,757
CUS0573,Kestrel Chemicals LLC,Freight Forwarder,Chemicals,Mid-Market,,,ES,Spain,Mediterranean,EMEA,Hassan Nguyen,hassan.nguyen@meridiangl.com,D,0,Spot,2016-12-18,2016-12-18,9999-12-31,1,1,758
CUS0574,Everest Energy Corp,BCO,Energy,Mid-Market,CUS1931,Wellspring Motors Ltd,VN,Vietnam,SE Asia,APAC,Hassan Silva,hassan.silva@meridiangl.com,B,45,Spot,2025-12-13,2025-12-13,2026-03-05,0,1,759
CUS0574,Everest Energy Corp,BCO,Energy,SME,CUS1931,Wellspring Motors Ltd,VN,Vietnam,SE Asia,APAC,Yuki Kowalski,yuki.kowalski@meridiangl.com,A,45,Named Account Tariff,2025-12-13,2026-03-06,9999-12-31,1,2,760
CUS0575,Voyager Machinery Corp,SME Direct,Machinery,National,,,MX,Mexico,LatAm West,Americas,Yuki Torres,yuki.torres@meridiangl.com,D,30,Named Account Tariff,2016-09-17,2016-09-17,9999-12-31,1,1,761
CUS0576,Wellspring Stores Co.,3PL,Retail,SME,,,AE,United Arab Emirates,Middle East,EMEA,James Larsson,james.larsson@meridiangl.com,D,15,Spot,2019-03-21,2019-03-21,9999-12-31,1,1,762
CUS0577,Palisade Petrochemicals LLC,Freight Forwarder,Energy,SME,CUS1648,Vertex Alloys Corp,TR,Turkey,Mediterranean,EMEA,Carlos Sharma,carlos.sharma@meridiangl.com,B,0,Spot,2016-01-10,2016-01-10,2021-05-23,0,1,763
CUS0577,Palisade Petrochemicals LLC,Freight Forwarder,Energy,SME,CUS1648,Vertex Alloys Corp,TR,Turkey,Mediterranean,EMEA,Carlos Sharma,carlos.sharma@meridiangl.com,C,0,Spot,2016-01-10,2021-05-24,9999-12-31,1,2,764
CUS0578,Harborview Mercantile GmbH,Freight Forwarder,Retail,National,,,AE,United Arab Emirates,Middle East,EMEA,Fatima Haddad,fatima.haddad@meridiangl.com,D,0,Long-Term Contract,2026-02-01,2026-02-01,9999-12-31,1,1,765
CUS0579,Zenith Chemical Industries Pte Ltd,BCO,Chemicals,SME,,,CA,Canada,N America East,Americas,Elena Haddad,elena.haddad@meridiangl.com,C,30,Named Account Tariff,2024-07-14,2024-07-14,9999-12-31,1,1,766
CUS0580,Oakford Consumer Goods Group,3PL,FMCG,Global Key Account,,,JP,Japan,East Asia,APAC,Anna Berg,anna.berg@meridiangl.com,A,45,Long-Term Contract,2023-11-12,2023-11-12,9999-12-31,1,1,767
CUS0581,Vertex FMCG Holdings,BCO,FMCG,SME,,,TW,Taiwan,East Asia,APAC,Grace Larsson,grace.larsson@meridiangl.com,D,15,Spot,2021-09-21,2021-09-21,2023-10-03,0,1,768
CUS0581,Vertex FMCG Holdings,BCO,FMCG,SME,,,TW,Taiwan,East Asia,APAC,Grace Larsson,grace.larsson@meridiangl.com,B,15,Long-Term Contract,2021-09-21,2023-10-04,9999-12-31,1,2,769
CUS0582,Nova Steel Holdings,Freight Forwarder,Metals,National,,,NZ,New Zealand,Oceania,ANZ,Anna Berg,anna.berg@meridiangl.com,C,45,Long-Term Contract,2020-09-30,2020-09-30,9999-12-31,1,1,770
CUS0583,Brookline Power S.A.,3PL,Energy,SME,,,HK,Hong Kong,East Asia,APAC,Diego Patel,diego.patel@meridiangl.com,D,30,Spot,2019-09-04,2019-09-04,2026-04-27,0,1,771
CUS0583,Brookline Power S.A.,3PL,Energy,SME,,,HK,Hong Kong,East Asia,APAC,Diego Patel,diego.patel@meridiangl.com,C,30,Spot,2019-09-04,2026-04-28,9999-12-31,1,2,772
CUS0584,Vantage Pharmaceuticals Co.,BCO,Pharma,Mid-Market,,,ID,Indonesia,SE Asia,APAC,Yuki Torres,yuki.torres@meridiangl.com,B,60,Spot,2020-07-20,2020-07-20,9999-12-31,1,1,773
CUS0585,Vantage Chemicals S.A.,NVOCC,Chemicals,Mid-Market,,,TW,Taiwan,East Asia,APAC,Wei Tanaka,wei.tanaka@meridiangl.com,B,45,Long-Term Contract,2025-04-25,2025-04-25,9999-12-31,1,1,774
CUS0586,Wellspring Trading Co.,BCO,Retail,National,,,CN,China,East Asia,APAC,Carlos Haddad,carlos.haddad@meridiangl.com,D,15,Named Account Tariff,2016-08-08,2016-08-08,9999-12-31,1,1,775
CUS0587,Ivyhill Apparel B.V.,3PL,Textiles,Mid-Market,,,FR,France,N Europe,EMEA,Raj Kim,raj.kim@meridiangl.com,C,45,Named Account Tariff,2017-06-24,2017-06-24,2022-12-14,0,1,776
CUS0587,Ivyhill Apparel B.V.,3PL,Textiles,National,,,FR,France,N Europe,EMEA,Ingrid Tanaka,ingrid.tanaka@meridiangl.com,D,45,Spot,2017-06-24,2022-12-15,2023-05-25,0,2,777
CUS0587,Ivyhill Apparel B.V.,3PL,Textiles,National,,,FR,France,N Europe,EMEA,James Larsson,james.larsson@meridiangl.com,B,45,Long-Term Contract,2017-06-24,2023-05-26,9999-12-31,1,3,778
CUS0588,Underhill Engineering Holdings,3PL,Machinery,Mid-Market,,,TH,Thailand,SE Asia,APAC,Carlos Sharma,carlos.sharma@meridiangl.com,C,15,Spot,2016-09-14,2016-09-14,9999-12-31,1,1,779
CUS0589,Aurora Energy B.V.,Freight Forwarder,Energy,SME,,,SG,Singapore,SE Asia,APAC,Yuki O'Brien,yuki.obrien@meridiangl.com,D,30,Spot,2017-11-20,2017-11-20,9999-12-31,1,1,780
CUS0590,Marlowe Trading LLC,3PL,Retail,Mid-Market,CUS2823,Granite Consumer Goods LLC,BR,Brazil,LatAm East,Americas,Wei Tanaka,wei.tanaka@meridiangl.com,C,0,Named Account Tariff,2017-05-08,2017-05-08,9999-12-31,1,1,781
CUS0591,Fairhaven Industrial Corp,Freight Forwarder,Machinery,National,,,NL,Netherlands,N Europe,EMEA,Wei Silva,wei.silva@meridiangl.com,B,45,Named Account Tariff,2017-10-25,2017-10-25,9999-12-31,1,1,782
CUS0592,Beacon Foods B.V.,BCO,FMCG,Mid-Market,CUS0385,Everest Auto Parts PLC,AU,Australia,Oceania,ANZ,Fatima Chen,fatima.chen@meridiangl.com,B,30,Named Account Tariff,2021-03-23,2021-03-23,9999-12-31,1,1,783
CUS0593,Wellspring Consumer Goods LLC,BCO,FMCG,National,CUS2822,Granite Motors Pte Ltd,IT,Italy,Mediterranean,EMEA,Ahmed Rossi,ahmed.rossi@meridiangl.com,A,60,Named Account Tariff,2018-12-07,2018-12-07,9999-12-31,1,1,784
CUS0594,Thornwell Industrial Pte Ltd,BCO,Machinery,Mid-Market,,,TR,Turkey,Mediterranean,EMEA,James Tanaka,james.tanaka@meridiangl.com,C,45,Spot,2022-10-05,2022-10-05,9999-12-31,1,1,785
CUS0595,Foxrun Stores Holdings,Freight Forwarder,Retail,SME,,,CA,Canada,N America East,Americas,Grace Osei,grace.osei@meridiangl.com,C,30,Spot,2024-04-08,2024-04-08,9999-12-31,1,1,786
CUS0596,Westbrook Chemicals LLC,Freight Forwarder,Chemicals,SME,CUS3109,Cobalt Textiles Corp,BE,Belgium,N Europe,EMEA,Maria Sharma,maria.sharma@meridiangl.com,D,15,Spot,2019-01-31,2019-01-31,9999-12-31,1,1,787
CUS0597,Zenith Automotive Ltd,BCO,Automotive,SME,,,NL,Netherlands,N Europe,EMEA,Fatima O'Brien,fatima.obrien@meridiangl.com,D,15,Named Account Tariff,2017-05-23,2017-05-23,9999-12-31,1,1,788
CUS0598,Sentinel Metals Pte Ltd,SME Direct,Metals,Mid-Market,,,HK,Hong Kong,East Asia,APAC,Elena Haddad,elena.haddad@meridiangl.com,C,15,Long-Term Contract,2018-11-15,2018-11-15,9999-12-31,1,1,789
CUS0599,Nightingale Stores S.A.,Freight Forwarder,Retail,National,CUS1229,Northgate Agri-Foods Ltd,US,United States,N America East,Americas,Sofia Tanaka,sofia.tanaka@meridiangl.com,B,60,Spot,2016-10-04,2016-10-04,2024-04-01,0,1,790
CUS0599,Nightingale Stores S.A.,Freight Forwarder,Retail,National,CUS1229,Northgate Agri-Foods Ltd,US,United States,N America East,Americas,Sofia Tanaka,sofia.tanaka@meridiangl.com,B,60,Named Account Tariff,2016-10-04,2024-04-02,9999-12-31,1,2,791
CUS0600,Eastridge Chemicals Pte Ltd,NVOCC,Chemicals,Global Key Account,,,TR,Turkey,Mediterranean,EMEA,Liam O'Brien,liam.obrien@meridiangl.com,B,30,Long-Term Contract,2025-05-04,2025-05-04,9999-12-31,1,1,792
CUS0601,Juniper Power Holdings,BCO,Energy,SME,,,FR,France,N Europe,EMEA,Sofia Tanaka,sofia.tanaka@meridiangl.com,C,15,Spot,2023-12-10,2023-12-10,2024-07-27,0,1,793
CUS0601,Juniper Power Holdings,BCO,Energy,SME,,,FR,France,N Europe,EMEA,Elena Berg,elena.berg@meridiangl.com,C,15,Spot,2023-12-10,2024-07-28,9999-12-31,1,2,794
CUS0602,Nightingale Power Group,3PL,Energy,Mid-Market,,,IN,India,South Asia,APAC,Grace Larsson,grace.larsson@meridiangl.com,A,45,Spot,2024-11-05,2024-11-05,9999-12-31,1,1,795
CUS0603,Glenmoor FMCG PLC,3PL,FMCG,Mid-Market,CUS1412,Mosaic Pharmaceuticals PLC,TR,Turkey,Mediterranean,EMEA,Hassan Silva,hassan.silva@meridiangl.com,C,30,Spot,2018-03-01,2018-03-01,2025-12-04,0,1,796
CUS0603,Glenmoor FMCG PLC,3PL,FMCG,SME,CUS1412,Mosaic Pharmaceuticals PLC,TR,Turkey,Mediterranean,EMEA,Hassan Silva,hassan.silva@meridiangl.com,C,30,Spot,2018-03-01,2025-12-05,9999-12-31,1,2,797
CUS0604,Eastridge Mercantile GmbH,BCO,Retail,SME,,,FR,France,N Europe,EMEA,Elena Tanaka,elena.tanaka@meridiangl.com,C,15,Named Account Tariff,2022-10-25,2022-10-25,9999-12-31,1,1,798
CUS0605,Harborview Petrochemicals Holdings,3PL,Energy,Mid-Market,,,IN,India,South Asia,APAC,Hassan Nguyen,hassan.nguyen@meridiangl.com,C,15,Named Account Tariff,2015-01-23,2015-01-23,9999-12-31,1,1,799
CUS0606,Cobalt Technologies Inc,3PL,Electronics,SME,,,MY,Malaysia,SE Asia,APAC,Ingrid Tanaka,ingrid.tanaka@meridiangl.com,C,30,Spot,2015-04-10,2015-04-10,9999-12-31,1,1,800
CUS0607,Ironbridge Alloys Group,SME Direct,Metals,Mid-Market,,,ZA,South Africa,Africa,EMEA,Sofia Larsson,sofia.larsson@meridiangl.com,B,45,Named Account Tariff,2026-01-13,2026-01-13,9999-12-31,1,1,801
CUS0608,Quarrystone Stores PLC,BCO,Retail,Mid-Market,,,ES,Spain,Mediterranean,EMEA,Carlos Al-Farsi,carlos.al-farsi@meridiangl.com,D,30,Spot,2023-04-24,2023-04-24,9999-12-31,1,1,802
CUS0609,Voyager Textiles Co.,SME Direct,Textiles,Mid-Market,,,TR,Turkey,Mediterranean,EMEA,Carlos Al-Farsi,carlos.al-farsi@meridiangl.com,B,15,Named Account Tariff,2015-04-07,2015-04-07,9999-12-31,1,1,803
CUS0610,Mosaic Farms Co.,BCO,Agriculture,SME,,,NZ,New Zealand,Oceania,ANZ,Carlos Al-Farsi,carlos.al-farsi@meridiangl.com,C,30,Named Account Tariff,2020-02-12,2020-02-12,2023-03-15,0,1,804
CUS0610,Mosaic Farms Co.,BCO,Agriculture,SME,,,NZ,New Zealand,Oceania,ANZ,Fatima Haddad,fatima.haddad@meridiangl.com,D,30,Spot,2020-02-12,2023-03-16,9999-12-31,1,2,805
CUS0611,Everest Pharma Corp,SME Direct,Pharma,National,,,KR,South Korea,East Asia,APAC,Ingrid Nguyen,ingrid.nguyen@meridiangl.com,C,30,Named Account Tariff,2018-01-10,2018-01-10,2025-06-16,0,1,806
CUS0611,Everest Pharma Corp,SME Direct,Pharma,SME,,,KR,South Korea,East Asia,APAC,Ingrid Nguyen,ingrid.nguyen@meridiangl.com,A,30,Named Account Tariff,2018-01-10,2025-06-17,9999-12-31,1,2,807
CUS0612,Vantage Pharma Inc,NVOCC,Pharma,Mid-Market,CUS2086,Marlowe Semiconductor Holdings,ES,Spain,Mediterranean,EMEA,Ingrid Tanaka,ingrid.tanaka@meridiangl.com,B,30,Named Account Tariff,2018-07-17,2018-07-17,9999-12-31,1,1,808
CUS0613,Sentinel Garments B.V.,SME Direct,Textiles,SME,,,TR,Turkey,Mediterranean,EMEA,Ahmed Nguyen,ahmed.nguyen@meridiangl.com,B,30,Named Account Tariff,2022-08-28,2022-08-28,2024-01-17,0,1,809
CUS0613,Sentinel Garments B.V.,SME Direct,Textiles,SME,,,TR,Turkey,Mediterranean,EMEA,Ahmed Nguyen,ahmed.nguyen@meridiangl.com,D,30,Named Account Tariff,2022-08-28,2024-01-18,9999-12-31,1,2,810
CUS0614,Thornwell Steel Inc,3PL,Metals,SME,,,NZ,New Zealand,Oceania,ANZ,Wei Silva,wei.silva@meridiangl.com,C,0,Named Account Tariff,2020-05-18,2020-05-18,9999-12-31,1,1,811
CUS0615,Junction Power Co.,3PL,Energy,SME,,,NZ,New Zealand,Oceania,ANZ,Maria Sharma,maria.sharma@meridiangl.com,C,30,Spot,2021-06-29,2021-06-29,9999-12-31,1,1,812
CUS0616,Ashgrove Textiles Ltd,BCO,Textiles,Mid-Market,,,SA,Saudi Arabia,Middle East,EMEA,Priya Ferreira,priya.ferreira@meridiangl.com,D,30,Long-Term Contract,2016-09-29,2016-09-29,2025-06-10,0,1,813
CUS0616,Ashgrove Textiles Ltd,BCO,Textiles,National,,,SA,Saudi Arabia,Middle East,EMEA,Liam O'Brien,liam.obrien@meridiangl.com,C,30,Long-Term Contract,2016-09-29,2025-06-11,9999-12-31,1,2,814
CUS0617,Onyx Agri-Foods Ltd,BCO,Agriculture,National,,,SG,Singapore,SE Asia,APAC,Diego Patel,diego.patel@meridiangl.com,A,45,Spot,2015-06-27,2015-06-27,9999-12-31,1,1,815
CUS0618,Lonestar Chemicals B.V.,NVOCC,Chemicals,National,,,NZ,New Zealand,Oceania,ANZ,Yuki Kowalski,yuki.kowalski@meridiangl.com,B,45,Named Account Tariff,2023-04-06,2023-04-06,9999-12-31,1,1,816
CUS0619,Redwood Technologies GmbH,NVOCC,Electronics,SME,,,VN,Vietnam,SE Asia,APAC,Hassan Nguyen,hassan.nguyen@meridiangl.com,B,60,Named Account Tariff,2019-02-03,2019-02-03,2022-05-25,0,1,817
CUS0619,Redwood Technologies GmbH,NVOCC,Electronics,Mid-Market,,,VN,Vietnam,SE Asia,APAC,Anna Berg,anna.berg@meridiangl.com,B,60,Long-Term Contract,2019-02-03,2022-05-26,9999-12-31,1,2,818
CUS0620,Vertex Alloys GmbH,BCO,Metals,Mid-Market,,,FR,France,N Europe,EMEA,Hassan Silva,hassan.silva@meridiangl.com,B,30,Long-Term Contract,2019-10-08,2019-10-08,9999-12-31,1,1,819
CUS0621,Sentinel Energy Inc,Freight Forwarder,Energy,Mid-Market,,,ZA,South Africa,Africa,EMEA,Ingrid Tanaka,ingrid.tanaka@meridiangl.com,B,15,Spot,2026-03-06,2026-03-06,9999-12-31,1,1,820
CUS0622,Wellspring Electronics S.A.,BCO,Electronics,Mid-Market,CUS2092,Nova Steel B.V.,KR,South Korea,East Asia,APAC,Carlos Haddad,carlos.haddad@meridiangl.com,C,60,Named Account Tariff,2015-09-13,2015-09-13,9999-12-31,1,1,821
CUS0623,Marlowe Technologies Ltd,BCO,Electronics,Mid-Market,,,BR,Brazil,LatAm East,Americas,Fatima O'Brien,fatima.obrien@meridiangl.com,B,30,Spot,2023-08-08,2023-08-08,2024-06-28,0,1,822
CUS0623,Marlowe Technologies Ltd,BCO,Electronics,Mid-Market,,,BR,Brazil,LatAm East,Americas,Yuki O'Brien,yuki.obrien@meridiangl.com,D,30,Long-Term Contract,2023-08-08,2024-06-29,9999-12-31,1,2,823
CUS0624,Ridgemont Stores S.A.,3PL,Retail,National,,,KR,South Korea,East Asia,APAC,Ingrid O'Brien,ingrid.obrien@meridiangl.com,C,45,Spot,2016-06-06,2016-06-06,9999-12-31,1,1,824
CUS0625,Greystone Agri-Foods B.V.,SME Direct,Agriculture,Mid-Market,,,JP,Japan,East Asia,APAC,Ingrid Osei,ingrid.osei@meridiangl.com,B,30,Named Account Tariff,2022-10-11,2022-10-11,9999-12-31,1,1,825
CUS0626,Lakemoor Trading B.V.,SME Direct,Retail,SME,,,BR,Brazil,LatAm East,Americas,Ahmed Novak,ahmed.novak@meridiangl.com,B,30,Spot,2020-01-04,2020-01-04,9999-12-31,1,1,826
CUS0627,Underhill Agri-Foods Corp,BCO,Agriculture,Global Key Account,,,IN,India,South Asia,APAC,Ahmed Rossi,ahmed.rossi@meridiangl.com,A,30,Long-Term Contract,2015-04-13,2015-04-13,2020-01-18,0,1,827
CUS0627,Underhill Agri-Foods Corp,BCO,Agriculture,Global Key Account,,,IN,India,South Asia,APAC,Ahmed Rossi,ahmed.rossi@meridiangl.com,D,30,Long-Term Contract,2015-04-13,2020-01-19,9999-12-31,1,2,828
CUS0628,Northgate Consumer Goods S.A.,Freight Forwarder,FMCG,National,,,ES,Spain,Mediterranean,EMEA,Elena Berg,elena.berg@meridiangl.com,B,60,Named Account Tariff,2015-12-18,2015-12-18,2018-08-14,0,1,829
CUS0628,Northgate Consumer Goods S.A.,Freight Forwarder,FMCG,SME,,,ES,Spain,Mediterranean,EMEA,Carlos Haddad,carlos.haddad@meridiangl.com,D,60,Long-Term Contract,2015-12-18,2018-08-15,9999-12-31,1,2,830
CUS0629,Kestrel Garments GmbH,SME Direct,Textiles,National,CUS0265,Westbrook Pharma Group,TW,Taiwan,East Asia,APAC,Ahmed Rossi,ahmed.rossi@meridiangl.com,B,30,Long-Term Contract,2021-05-17,2021-05-17,2023-02-22,0,1,831
CUS0629,Kestrel Garments GmbH,SME Direct,Textiles,National,CUS0265,Westbrook Pharma Group,TW,Taiwan,East Asia,APAC,Diego Yamamoto,diego.yamamoto@meridiangl.com,B,30,Named Account Tariff,2021-05-17,2023-02-23,9999-12-31,1,2,832
CUS0630,Ridgemont Energy Holdings,Freight Forwarder,Energy,Mid-Market,,,NL,Netherlands,N Europe,EMEA,Raj Kim,raj.kim@meridiangl.com,C,15,Named Account Tariff,2015-07-02,2015-07-02,2021-01-04,0,1,833
CUS0630,Ridgemont Energy Holdings,Freight Forwarder,Energy,National,,,NL,Netherlands,N Europe,EMEA,Liam O'Brien,liam.obrien@meridiangl.com,B,15,Spot,2015-07-02,2021-01-05,9999-12-31,1,2,834
CUS0631,Solstice Machinery Pte Ltd,Freight Forwarder,Machinery,SME,,,CA,Canada,N America East,Americas,James Tanaka,james.tanaka@meridiangl.com,D,0,Named Account Tariff,2018-10-08,2018-10-08,9999-12-31,1,1,835
CUS0632,Glenmoor Metals Group,BCO,Metals,SME,,,IT,Italy,Mediterranean,EMEA,Wei Silva,wei.silva@meridiangl.com,B,30,Spot,2015-11-29,2015-11-29,9999-12-31,1,1,836
CUS0633,Ridgemont Life Sciences LLC,3PL,Pharma,Mid-Market,,,BE,Belgium,N Europe,EMEA,Ingrid Tanaka,ingrid.tanaka@meridiangl.com,C,0,Named Account Tariff,2026-01-29,2026-01-29,9999-12-31,1,1,837
CUS0634,Westbrook Electronics B.V.,Freight Forwarder,Electronics,Global Key Account,,,IT,Italy,Mediterranean,EMEA,Elena Haddad,elena.haddad@meridiangl.com,A,30,Long-Term Contract,2017-05-08,2017-05-08,9999-12-31,1,1,838
CUS0635,Hillcrest FMCG Pte Ltd,SME Direct,FMCG,Global Key Account,,,TW,Taiwan,East Asia,APAC,Liam O'Brien,liam.obrien@meridiangl.com,B,30,Long-Term Contract,2019-07-09,2019-07-09,9999-12-31,1,1,839
CUS0636,Granite FMCG Corp,SME Direct,FMCG,SME,CUS1029,Hillcrest Retail Inc,CA,Canada,N America East,Americas,Sofia Ferreira,sofia.ferreira@meridiangl.com,B,45,Spot,2020-12-16,2020-12-16,2023-11-15,0,1,840
CUS0636,Granite FMCG Corp,SME Direct,FMCG,SME,CUS1029,Hillcrest Retail Inc,CA,Canada,N America East,Americas,Yuki Ramirez,yuki.ramirez@meridiangl.com,D,45,Spot,2020-12-16,2023-11-16,9999-12-31,1,2,841
CUS0637,Granite Textiles Corp,3PL,Textiles,SME,CUS0785,Aurora Trading LLC,JP,Japan,East Asia,APAC,Ahmed Rossi,ahmed.rossi@meridiangl.com,D,15,Spot,2017-07-31,2017-07-31,9999-12-31,1,1,842
CUS0638,Equator Alloys Co.,SME Direct,Metals,Mid-Market,,,IT,Italy,Mediterranean,EMEA,James Larsson,james.larsson@meridiangl.com,B,30,Named Account Tariff,2026-04-30,2026-04-30,9999-12-31,1,1,843
CUS0639,Sentinel Power Inc,3PL,Energy,Mid-Market,,,BR,Brazil,LatAm East,Americas,Wei Tanaka,wei.tanaka@meridiangl.com,B,45,Spot,2017-06-14,2017-06-14,9999-12-31,1,1,844
CUS0640,Ashford Pharmaceuticals PLC,3PL,Pharma,Global Key Account,,,BR,Brazil,LatAm East,Americas,Elena Berg,elena.berg@meridiangl.com,A,60,Spot,2020-10-16,2020-10-16,9999-12-31,1,1,845
CUS0641,Aurora Farms Inc,BCO,Agriculture,SME,CUS1993,Wellspring FMCG Group,CN,China,East Asia,APAC,Carlos Ferreira,carlos.ferreira@meridiangl.com,B,30,Named Account Tariff,2020-09-08,2020-09-08,9999-12-31,1,1,846
CUS0642,Valleyforge Life Sciences Co.,BCO,Pharma,Mid-Market,,,BE,Belgium,N Europe,EMEA,Yuki Kowalski,yuki.kowalski@meridiangl.com,C,30,Spot,2015-12-24,2015-12-24,2026-06-12,0,1,847
CUS0642,Valleyforge Life Sciences Co.,BCO,Pharma,National,,,BE,Belgium,N Europe,EMEA,Diego Yamamoto,diego.yamamoto@meridiangl.com,A,30,Spot,2015-12-24,2026-06-13,9999-12-31,1,2,848
CUS0643,Solstice Steel PLC,3PL,Metals,Mid-Market,,,KR,South Korea,East Asia,APAC,Maria Sharma,maria.sharma@meridiangl.com,B,30,Named Account Tariff,2023-01-09,2023-01-09,9999-12-31,1,1,849
CUS0644,Nightingale Agro Pte Ltd,SME Direct,Agriculture,SME,,,SG,Singapore,SE Asia,APAC,Anna Berg,anna.berg@meridiangl.com,D,15,Named Account Tariff,2023-01-28,2023-01-28,9999-12-31,1,1,850
CUS0645,Eastridge Consumer Goods Corp,NVOCC,FMCG,SME,CUS2373,Vantage Life Sciences PLC,KR,South Korea,East Asia,APAC,Fatima Chen,fatima.chen@meridiangl.com,C,30,Spot,2025-10-12,2025-10-12,9999-12-31,1,1,851
CUS0646,Elmfield Petrochemicals Corp,BCO,Energy,Mid-Market,,,SA,Saudi Arabia,Middle East,EMEA,Ahmed Tanaka,ahmed.tanaka@meridiangl.com,C,30,Long-Term Contract,2019-04-14,2019-04-14,9999-12-31,1,1,852
CUS0647,Everest Consumer Goods Pte Ltd,Freight Forwarder,FMCG,Mid-Market,,,JP,Japan,East Asia,APAC,Yuki Kowalski,yuki.kowalski@meridiangl.com,D,15,Long-Term Contract,2017-07-26,2017-07-26,9999-12-31,1,1,853
CUS0648,Sentinel Semiconductor Holdings,BCO,Electronics,Mid-Market,,,FR,France,N Europe,EMEA,Elena O'Brien,elena.obrien@meridiangl.com,C,0,Spot,2020-08-22,2020-08-22,9999-12-31,1,1,854
CUS0649,Clearwater Power Ltd,NVOCC,Energy,SME,,,BR,Brazil,LatAm East,Americas,Liam O'Brien,liam.obrien@meridiangl.com,C,0,Spot,2025-11-17,2025-11-17,9999-12-31,1,1,855
CUS0650,Granite Garments Inc,BCO,Textiles,SME,,,IN,India,South Asia,APAC,Fatima Chen,fatima.chen@meridiangl.com,C,60,Spot,2020-07-15,2020-07-15,2022-08-30,0,1,856
CUS0650,Granite Garments Inc,BCO,Textiles,SME,,,IN,India,South Asia,APAC,Diego Yamamoto,diego.yamamoto@meridiangl.com,C,60,Spot,2020-07-15,2022-08-31,9999-12-31,1,2,857
CUS0651,Solstice Retail Inc,NVOCC,Retail,SME,,,NL,Netherlands,N Europe,EMEA,Elena O'Brien,elena.obrien@meridiangl.com,B,60,Spot,2023-03-17,2023-03-17,9999-12-31,1,1,858
CUS0652,Ironbridge Pharma B.V.,Freight Forwarder,Pharma,National,,,FR,France,N Europe,EMEA,Priya Ferreira,priya.ferreira@meridiangl.com,A,15,Named Account Tariff,2025-02-07,2025-02-07,9999-12-31,1,1,859
CUS0653,Wellspring Textiles PLC,Freight Forwarder,Textiles,SME,,,KR,South Korea,East Asia,APAC,Hassan Nguyen,hassan.nguyen@meridiangl.com,B,45,Named Account Tariff,2021-10-29,2021-10-29,9999-12-31,1,1,860
CUS0654,Ironbridge Metals B.V.,NVOCC,Metals,Mid-Market,,,VN,Vietnam,SE Asia,APAC,Sofia Larsson,sofia.larsson@meridiangl.com,C,15,Long-Term Contract,2020-12-13,2020-12-13,9999-12-31,1,1,861
CUS0655,Ashgrove Power Group,BCO,Energy,Mid-Market,,,MY,Malaysia,SE Asia,APAC,Sofia Ferreira,sofia.ferreira@meridiangl.com,D,0,Spot,2021-06-01,2021-06-01,9999-12-31,1,1,862
CUS0656,Westbrook Farms Group,Freight Forwarder,Agriculture,SME,,,AU,Australia,Oceania,ANZ,Grace Larsson,grace.larsson@meridiangl.com,D,15,Named Account Tariff,2015-09-04,2015-09-04,9999-12-31,1,1,863
CUS0657,Kingswell Technologies Corp,SME Direct,Electronics,SME,CUS2578,Dockside Power Ltd,CL,Chile,LatAm West,Americas,Fatima Tanaka,fatima.tanaka@meridiangl.com,C,30,Spot,2024-08-02,2024-08-02,9999-12-31,1,1,864
CUS0658,Oakford Auto Parts PLC,NVOCC,Automotive,Mid-Market,,,GB,United Kingdom,N Europe,EMEA,Yuki Ramirez,yuki.ramirez@meridiangl.com,C,0,Named Account Tariff,2021-05-06,2021-05-06,2023-07-09,0,1,865
CUS0658,Oakford Auto Parts PLC,NVOCC,Automotive,SME,,,GB,United Kingdom,N Europe,EMEA,Hassan Silva,hassan.silva@meridiangl.com,B,0,Long-Term Contract,2021-05-06,2023-07-10,9999-12-31,1,2,866
CUS0659,Ironbridge Steel Pte Ltd,BCO,Metals,Mid-Market,,,MX,Mexico,LatAm West,Americas,Diego Yamamoto,diego.yamamoto@meridiangl.com,C,30,Long-Term Contract,2026-07-21,2026-07-21,9999-12-31,1,1,867
CUS0660,Millbrook Alloys Corp,Freight Forwarder,Metals,Global Key Account,,,ID,Indonesia,SE Asia,APAC,Wei Silva,wei.silva@meridiangl.com,A,45,Long-Term Contract,2024-05-16,2024-05-16,9999-12-31,1,1,868
CUS0661,Glenmoor Pharmaceuticals Pte Ltd,BCO,Pharma,SME,,,VN,Vietnam,SE Asia,APAC,Ahmed Rossi,ahmed.rossi@meridiangl.com,D,30,Spot,2020-08-04,2020-08-04,9999-12-31,1,1,869
CUS0662,Dockside Technologies PLC,BCO,Electronics,Mid-Market,,,TR,Turkey,Mediterranean,EMEA,Fatima Tanaka,fatima.tanaka@meridiangl.com,D,30,Spot,2026-01-25,2026-01-25,9999-12-31,1,1,870
CUS0663,Foxrun Farms Pte Ltd,Freight Forwarder,Agriculture,SME,CUS0627,Underhill Agri-Foods Corp,NL,Netherlands,N Europe,EMEA,Anna Berg,anna.berg@meridiangl.com,D,15,Spot,2016-01-07,2016-01-07,9999-12-31,1,1,871
CUS0664,Harborview Life Sciences Holdings,Freight Forwarder,Pharma,Mid-Market,,,VN,Vietnam,SE Asia,APAC,Carlos Al-Farsi,carlos.al-farsi@meridiangl.com,C,30,Named Account Tariff,2020-06-21,2020-06-21,9999-12-31,1,1,872
CUS0665,Granite Garments Pte Ltd,BCO,Textiles,Mid-Market,,,BR,Brazil,LatAm East,Americas,Liam O'Brien,liam.obrien@meridiangl.com,B,45,Spot,2016-08-02,2016-08-02,2020-10-15,0,1,873
CUS0665,Granite Garments Pte Ltd,BCO,Textiles,SME,,,BR,Brazil,LatAm East,Americas,Maria Sharma,maria.sharma@meridiangl.com,B,45,Long-Term Contract,2016-08-02,2020-10-16,9999-12-31,1,2,874
CUS0666,Beacon Engineering Pte Ltd,BCO,Machinery,National,,,ES,Spain,Mediterranean,EMEA,Fatima O'Brien,fatima.obrien@meridiangl.com,B,30,Spot,2020-08-25,2020-08-25,9999-12-31,1,1,875
CUS0667,Glenmoor Machinery Holdings,3PL,Machinery,SME,CUS3200,Harborview Electronics Pte Ltd,KR,South Korea,East Asia,APAC,Sofia Ferreira,sofia.ferreira@meridiangl.com,C,30,Named Account Tariff,2018-10-30,2018-10-30,2020-09-09,0,1,876
CUS0667,Glenmoor Machinery Holdings,3PL,Machinery,Mid-Market,CUS3200,Harborview Electronics Pte Ltd,KR,South Korea,East Asia,APAC,Fatima Haddad,fatima.haddad@meridiangl.com,D,30,Long-Term Contract,2018-10-30,2020-09-10,9999-12-31,1,2,877
CUS0668,Fairhaven Motors PLC,BCO,Automotive,SME,,,TH,Thailand,SE Asia,APAC,Elena Berg,elena.berg@meridiangl.com,C,15,Long-Term Contract,2017-02-21,2017-02-21,2020-09-16,0,1,878
CUS0668,Fairhaven Motors PLC,BCO,Automotive,SME,,,TH,Thailand,SE Asia,APAC,Elena Berg,elena.berg@meridiangl.com,B,15,Named Account Tariff,2017-02-21,2020-09-17,9999-12-31,1,2,879
CUS0669,Aurora Chemicals Pte Ltd,BCO,Chemicals,Mid-Market,,,CL,Chile,LatAm West,Americas,Hassan Nguyen,hassan.nguyen@meridiangl.com,C,60,Named Account Tariff,2026-01-11,2026-01-11,9999-12-31,1,1,880
CUS0670,Ashgrove FMCG GmbH,BCO,FMCG,Mid-Market,,,MY,Malaysia,SE Asia,APAC,Elena O'Brien,elena.obrien@meridiangl.com,C,30,Named Account Tariff,2020-01-13,2020-01-13,9999-12-31,1,1,881
CUS0671,Valleyforge Pharmaceuticals Holdings,BCO,Pharma,SME,,,DE,Germany,N Europe,EMEA,Wei Tanaka,wei.tanaka@meridiangl.com,C,30,Named Account Tariff,2023-01-11,2023-01-11,9999-12-31,1,1,882
CUS0672,Zenith Retail LLC,Freight Forwarder,Retail,SME,CUS0056,Harborview Apparel Group,SA,Saudi Arabia,Middle East,EMEA,Fatima Haddad,fatima.haddad@meridiangl.com,D,15,Named Account Tariff,2016-02-21,2016-02-21,9999-12-31,1,1,883
CUS0673,Beacon Industrial B.V.,BCO,Machinery,Mid-Market,,,AE,United Arab Emirates,Middle East,EMEA,Yuki Torres,yuki.torres@meridiangl.com,C,30,Named Account Tariff,2019-01-20,2019-01-20,2025-06-17,0,1,884
CUS0673,Beacon Industrial B.V.,BCO,Machinery,National,,,AE,United Arab Emirates,Middle East,EMEA,James Larsson,james.larsson@meridiangl.com,D,30,Long-Term Contract,2019-01-20,2025-06-18,9999-12-31,1,2,885
CUS0674,Granite Auto Parts PLC,Freight Forwarder,Automotive,Mid-Market,CUS1885,Onyx FMCG LLC,IN,India,South Asia,APAC,Diego Kowalski,diego.kowalski@meridiangl.com,A,30,Long-Term Contract,2019-05-29,2019-05-29,9999-12-31,1,1,886
CUS0675,Juniper Stores Inc,SME Direct,Retail,Mid-Market,,,ZA,South Africa,Africa,EMEA,Priya Ferreira,priya.ferreira@meridiangl.com,B,60,Named Account Tariff,2019-08-21,2019-08-21,9999-12-31,1,1,887
CUS0676,Dockside Apparel S.A.,BCO,Textiles,SME,,,US,United States,N America East,Americas,Priya O'Brien,priya.obrien@meridiangl.com,C,15,Named Account Tariff,2018-04-21,2018-04-21,9999-12-31,1,1,888
CUS0677,Brightwater Power Group,Freight Forwarder,Energy,National,,,NL,Netherlands,N Europe,EMEA,Wei Silva,wei.silva@meridiangl.com,A,45,Spot,2015-04-06,2015-04-06,9999-12-31,1,1,889
CUS0678,Beacon Chemicals B.V.,NVOCC,Chemicals,Mid-Market,,,ID,Indonesia,SE Asia,APAC,Yuki Ramirez,yuki.ramirez@meridiangl.com,D,15,Spot,2017-04-20,2017-04-20,9999-12-31,1,1,890
CUS0679,Underhill Technologies Co.,3PL,Electronics,Mid-Market,,,ID,Indonesia,SE Asia,APAC,Yuki O'Brien,yuki.obrien@meridiangl.com,B,60,Named Account Tariff,2021-06-29,2021-06-29,9999-12-31,1,1,891
CUS0680,Nightingale Technologies Holdings,SME Direct,Electronics,Global Key Account,,,BR,Brazil,LatAm East,Americas,Yuki Kowalski,yuki.kowalski@meridiangl.com,A,45,Long-Term Contract,2025-08-22,2025-08-22,9999-12-31,1,1,892
CUS0681,Lonestar Machinery B.V.,Freight Forwarder,Machinery,SME,,,AU,Australia,Oceania,ANZ,Sofia Larsson,sofia.larsson@meridiangl.com,D,15,Spot,2017-02-25,2017-02-25,2020-09-03,0,1,893
CUS0681,Lonestar Machinery B.V.,Freight Forwarder,Machinery,National,,,AU,Australia,Oceania,ANZ,Sofia Larsson,sofia.larsson@meridiangl.com,C,15,Long-Term Contract,2017-02-25,2020-09-04,9999-12-31,1,2,894
CUS0682,Nightingale Auto Parts Ltd,Freight Forwarder,Automotive,Mid-Market,,,ES,Spain,Mediterranean,EMEA,Wei Tanaka,wei.tanaka@meridiangl.com,C,15,Long-Term Contract,2021-11-22,2021-11-22,9999-12-31,1,1,895
CUS0683,Granite Automotive PLC,Freight Forwarder,Automotive,National,,,ZA,South Africa,Africa,EMEA,Fatima Haddad,fatima.haddad@meridiangl.com,C,30,Long-Term Contract,2017-11-22,2017-11-22,9999-12-31,1,1,896
CUS0684,Palisade Chemical Industries Group,NVOCC,Chemicals,Mid-Market,,,ZA,South Africa,Africa,EMEA,Elena Haddad,elena.haddad@meridiangl.com,D,15,Long-Term Contract,2021-08-06,2021-08-06,2021-11-23,0,1,897
CUS0684,Palisade Chemical Industries Group,NVOCC,Chemicals,National,,,ZA,South Africa,Africa,EMEA,Elena Haddad,elena.haddad@meridiangl.com,C,15,Long-Term Contract,2021-08-06,2021-11-24,9999-12-31,1,2,898
CUS0685,Foxrun Agro Group,SME Direct,Agriculture,Mid-Market,,,NL,Netherlands,N Europe,EMEA,Sofia Ferreira,sofia.ferreira@meridiangl.com,B,45,Named Account Tariff,2023-05-18,2023-05-18,2026-02-02,0,1,899
CUS0685,Foxrun Agro Group,SME Direct,Agriculture,Mid-Market,,,NL,Netherlands,N Europe,EMEA,Sofia Ferreira,sofia.ferreira@meridiangl.com,D,45,Long-Term Contract,2023-05-18,2026-02-03,9999-12-31,1,2,900
CUS0686,Cedarline Alloys LLC,BCO,Metals,Mid-Market,,,TR,Turkey,Mediterranean,EMEA,Diego Kowalski,diego.kowalski@meridiangl.com,D,15,Named Account Tariff,2021-06-02,2021-06-02,9999-12-31,1,1,901
CUS0687,Onyx Machinery Pte Ltd,3PL,Machinery,Mid-Market,,,IT,Italy,Mediterranean,EMEA,Priya O'Brien,priya.obrien@meridiangl.com,D,0,Long-Term Contract,2019-11-12,2019-11-12,9999-12-31,1,1,902
CUS0688,Aurora Pharmaceuticals LLC,BCO,Pharma,SME,CUS3109,Cobalt Textiles Corp,ES,Spain,Mediterranean,EMEA,Maria Sharma,maria.sharma@meridiangl.com,B,45,Spot,2017-08-25,2017-08-25,9999-12-31,1,1,903
CUS0689,Palisade Farms Ltd,BCO,Agriculture,SME,CUS2578,Dockside Power Ltd,SG,Singapore,SE Asia,APAC,Elena O'Brien,elena.obrien@meridiangl.com,C,15,Spot,2017-04-02,2017-04-02,9999-12-31,1,1,904
CUS0690,Elmfield Textiles Corp,NVOCC,Textiles,SME,,,JP,Japan,East Asia,APAC,Raj Kim,raj.kim@meridiangl.com,C,0,Named Account Tariff,2020-03-16,2020-03-16,2023-01-04,0,1,905
CUS0690,Elmfield Textiles Corp,NVOCC,Textiles,SME,,,JP,Japan,East Asia,APAC,Ingrid Tanaka,ingrid.tanaka@meridiangl.com,C,0,Named Account Tariff,2020-03-16,2023-01-05,9999-12-31,1,2,906
CUS0691,Ivyhill Pharma Co.,Freight Forwarder,Pharma,SME,,,CL,Chile,LatAm West,Americas,Wei Silva,wei.silva@meridiangl.com,C,0,Named Account Tariff,2017-11-21,2017-11-21,2026-03-06,0,1,907
CUS0691,Ivyhill Pharma Co.,Freight Forwarder,Pharma,Mid-Market,,,CL,Chile,LatAm West,Americas,Hassan Nguyen,hassan.nguyen@meridiangl.com,D,0,Spot,2017-11-21,2026-03-07,9999-12-31,1,2,908
CUS0692,Cedarline Pharma Corp,SME Direct,Pharma,Global Key Account,,,CN,China,East Asia,APAC,Maria Sharma,maria.sharma@meridiangl.com,B,60,Long-Term Contract,2015-09-21,2015-09-21,9999-12-31,1,1,909
CUS0693,Ironwood Metals PLC,3PL,Metals,National,,,JP,Japan,East Asia,APAC,Carlos Haddad,carlos.haddad@meridiangl.com,B,60,Long-Term Contract,2016-11-01,2016-11-01,9999-12-31,1,1,910
CUS0694,Onyx Agro Co.,Freight Forwarder,Agriculture,SME,CUS2378,Cobalt Machinery Co.,ID,Indonesia,SE Asia,APAC,Maria Sharma,maria.sharma@meridiangl.com,B,30,Spot,2020-03-28,2020-03-28,9999-12-31,1,1,911
CUS0695,Skyline Trading Co.,NVOCC,Retail,SME,,,SG,Singapore,SE Asia,APAC,Wei Tanaka,wei.tanaka@meridiangl.com,D,30,Spot,2020-06-06,2020-06-06,2021-12-26,0,1,912
CUS0695,Skyline Trading Co.,NVOCC,Retail,Mid-Market,,,SG,Singapore,SE Asia,APAC,Wei Tanaka,wei.tanaka@meridiangl.com,A,30,Long-Term Contract,2020-06-06,2021-12-27,9999-12-31,1,2,913
CUS0696,Cobalt Auto Parts Inc,BCO,Automotive,SME,CUS2200,Vertex Garments Group,TH,Thailand,SE Asia,APAC,Ahmed Rossi,ahmed.rossi@meridiangl.com,B,30,Spot,2015-11-07,2015-11-07,9999-12-31,1,1,914
CUS0697,Hillcrest Automotive Group,BCO,Automotive,Mid-Market,CUS3023,Harborview Life Sciences GmbH,JP,Japan,East Asia,APAC,Fatima Chen,fatima.chen@meridiangl.com,C,15,Spot,2018-02-02,2018-02-02,2018-11-26,0,1,915
CUS0697,Hillcrest Automotive Group,BCO,Automotive,Mid-Market,CUS3023,Harborview Life Sciences GmbH,JP,Japan,East Asia,APAC,Ahmed Novak,ahmed.novak@meridiangl.com,B,15,Spot,2018-02-02,2018-11-27,9999-12-31,1,2,916
CUS0698,Thornwell Pharmaceuticals Ltd,BCO,Pharma,SME,,,IN,India,South Asia,APAC,Elena Tanaka,elena.tanaka@meridiangl.com,A,15,Spot,2015-03-18,2015-03-18,2023-03-09,0,1,917
CUS0698,Thornwell Pharmaceuticals Ltd,BCO,Pharma,Mid-Market,,,IN,India,South Asia,APAC,Elena Berg,elena.berg@meridiangl.com,A,15,Named Account Tariff,2015-03-18,2023-03-10,9999-12-31,1,2,918
CUS0699,Lonestar Foods Holdings,BCO,FMCG,SME,,,FR,France,N Europe,EMEA,Carlos Sharma,carlos.sharma@meridiangl.com,D,15,Named Account Tariff,2019-09-24,2019-09-24,2021-01-03,0,1,919
CUS0699,Lonestar Foods Holdings,BCO,FMCG,SME,,,FR,France,N Europe,EMEA,Elena Haddad,elena.haddad@meridiangl.com,D,15,Named Account Tariff,2019-09-24,2021-01-04,9999-12-31,1,2,920
CUS0700,Palisade Electronics Pte Ltd,NVOCC,Electronics,Mid-Market,,,TR,Turkey,Mediterranean,EMEA,Ahmed Rossi,ahmed.rossi@meridiangl.com,D,15,Spot,2017-06-27,2017-06-27,2019-11-13,0,1,921
CUS0700,Palisade Electronics Pte Ltd,NVOCC,Electronics,SME,,,TR,Turkey,Mediterranean,EMEA,Yuki Kowalski,yuki.kowalski@meridiangl.com,A,15,Long-Term Contract,2017-06-27,2019-11-14,9999-12-31,1,2,922
CUS0701,Lonestar Farms Group,NVOCC,Agriculture,SME,CUS1742,Elmfield Pharma Co.,TR,Turkey,Mediterranean,EMEA,Carlos Sharma,carlos.sharma@meridiangl.com,C,60,Named Account Tariff,2018-06-06,2018-06-06,9999-12-31,1,1,923
CUS0702,Dockside Pharmaceuticals GmbH,BCO,Pharma,Mid-Market,,,KR,South Korea,East Asia,APAC,Yuki O'Brien,yuki.obrien@meridiangl.com,B,30,Named Account Tariff,2023-10-14,2023-10-14,2024-09-06,0,1,924
CUS0702,Dockside Pharmaceuticals GmbH,BCO,Pharma,SME,,,KR,South Korea,East Asia,APAC,Yuki O'Brien,yuki.obrien@meridiangl.com,B,30,Named Account Tariff,2023-10-14,2024-09-07,9999-12-31,1,2,925
CUS0703,Foxrun Life Sciences Ltd,BCO,Pharma,SME,,,AE,United Arab Emirates,Middle East,EMEA,Ahmed Torres,ahmed.torres@meridiangl.com,C,30,Spot,2026-01-29,2026-01-29,2026-08-17,0,1,926
CUS0703,Foxrun Life Sciences Ltd,BCO,Pharma,National,,,AE,United Arab Emirates,Middle East,EMEA,Ahmed Torres,ahmed.torres@meridiangl.com,C,30,Spot,2026-01-29,2026-08-18,9999-12-31,1,2,927
CUS0704,Vantage Agro Inc,BCO,Agriculture,SME,,,AU,Australia,Oceania,ANZ,Fatima O'Brien,fatima.obrien@meridiangl.com,D,15,Named Account Tariff,2022-08-21,2022-08-21,2023-11-30,0,1,928
CUS0704,Vantage Agro Inc,BCO,Agriculture,National,,,AU,Australia,Oceania,ANZ,Fatima O'Brien,fatima.obrien@meridiangl.com,D,15,Spot,2022-08-21,2023-12-01,9999-12-31,1,2,929
CUS0705,Clearwater Steel Pte Ltd,SME Direct,Metals,Mid-Market,CUS1792,Fairhaven Metals GmbH,DE,Germany,N Europe,EMEA,Elena O'Brien,elena.obrien@meridiangl.com,B,30,Named Account Tariff,2022-07-08,2022-07-08,2022-11-24,0,1,930
CUS0705,Clearwater Steel Pte Ltd,SME Direct,Metals,National,CUS1792,Fairhaven Metals GmbH,DE,Germany,N Europe,EMEA,Fatima Chen,fatima.chen@meridiangl.com,A,30,Long-Term Contract,2022-07-08,2022-11-25,9999-12-31,1,2,931
CUS0706,Harborview Chemical Industries Holdings,NVOCC,Chemicals,Mid-Market,CUS1832,Beacon Chemicals PLC,GB,United Kingdom,N Europe,EMEA,Fatima Haddad,fatima.haddad@meridiangl.com,C,15,Spot,2023-04-29,2023-04-29,9999-12-31,1,1,932
CUS0707,Southwick Chemicals LLC,SME Direct,Chemicals,SME,,,GB,United Kingdom,N Europe,EMEA,Sofia Larsson,sofia.larsson@meridiangl.com,C,60,Spot,2019-08-18,2019-08-18,9999-12-31,1,1,933
CUS0708,Fairhaven Retail GmbH,3PL,Retail,Mid-Market,,,SA,Saudi Arabia,Middle East,EMEA,Ingrid Tanaka,ingrid.tanaka@meridiangl.com,D,15,Long-Term Contract,2015-02-26,2015-02-26,9999-12-31,1,1,934
CUS0709,Junction Technologies B.V.,3PL,Electronics,SME,,,US,United States,N America East,Americas,Liam O'Brien,liam.obrien@meridiangl.com,B,15,Spot,2018-12-01,2018-12-01,9999-12-31,1,1,935
CUS0710,Redwood Machinery Corp,SME Direct,Machinery,Mid-Market,,,FR,France,N Europe,EMEA,Yuki O'Brien,yuki.obrien@meridiangl.com,D,0,Spot,2021-09-17,2021-09-17,2025-01-05,0,1,936
CUS0710,Redwood Machinery Corp,SME Direct,Machinery,Mid-Market,,,FR,France,N Europe,EMEA,Yuki O'Brien,yuki.obrien@meridiangl.com,D,0,Long-Term Contract,2021-09-17,2025-01-06,9999-12-31,1,2,937
CUS0711,Sentinel FMCG Inc,SME Direct,FMCG,Mid-Market,,,CA,Canada,N America East,Americas,Ahmed Torres,ahmed.torres@meridiangl.com,A,30,Named Account Tariff,2018-09-08,2018-09-08,9999-12-31,1,1,938
CUS0712,Kestrel Mercantile Co.,BCO,Retail,SME,CUS0353,Fairhaven Chemical Industries S.A.,FR,France,N Europe,EMEA,Raj Kim,raj.kim@meridiangl.com,D,45,Named Account Tariff,2026-02-09,2026-02-09,9999-12-31,1,1,939
CUS0713,Ironbridge Auto Parts Pte Ltd,BCO,Automotive,National,CUS2735,Underhill Chemical Industries Co.,ES,Spain,Mediterranean,EMEA,Sofia Larsson,sofia.larsson@meridiangl.com,C,30,Named Account Tariff,2016-09-23,2016-09-23,9999-12-31,1,1,940
CUS0714,Oakford Auto Parts Co.,NVOCC,Automotive,Mid-Market,,,MY,Malaysia,SE Asia,APAC,Elena Haddad,elena.haddad@meridiangl.com,C,30,Long-Term Contract,2021-02-03,2021-02-03,9999-12-31,1,1,941
CUS0715,Solstice Stores S.A.,BCO,Retail,SME,CUS1100,Elmfield Industrial Co.,MY,Malaysia,SE Asia,APAC,Fatima O'Brien,fatima.obrien@meridiangl.com,B,15,Named Account Tariff,2019-06-21,2019-06-21,9999-12-31,1,1,942
CUS0716,Junction Automotive Inc,NVOCC,Automotive,SME,,,CN,China,East Asia,APAC,Ahmed Nguyen,ahmed.nguyen@meridiangl.com,D,0,Spot,2019-12-12,2019-12-12,9999-12-31,1,1,943
CUS0717,Ridgemont Electronics LLC,BCO,Electronics,Mid-Market,,,SA,Saudi Arabia,Middle East,EMEA,Elena Berg,elena.berg@meridiangl.com,A,60,Named Account Tariff,2023-09-27,2023-09-27,9999-12-31,1,1,944
CUS0718,Underhill Alloys Inc,SME Direct,Metals,Mid-Market,,,FR,France,N Europe,EMEA,Ingrid Osei,ingrid.osei@meridiangl.com,C,0,Named Account Tariff,2015-12-07,2015-12-07,9999-12-31,1,1,945
CUS0719,Valleyforge Machinery PLC,NVOCC,Machinery,Mid-Market,,,TW,Taiwan,East Asia,APAC,Yuki Kowalski,yuki.kowalski@meridiangl.com,B,60,Named Account Tariff,2018-02-01,2018-02-01,2022-08-16,0,1,946
CUS0719,Valleyforge Machinery PLC,NVOCC,Machinery,SME,,,TW,Taiwan,East Asia,APAC,Kenji Tanaka,kenji.tanaka@meridiangl.com,B,60,Named Account Tariff,2018-02-01,2022-08-17,9999-12-31,1,2,947
CUS0720,Underhill Garments LLC,NVOCC,Textiles,SME,,,MX,Mexico,LatAm West,Americas,Wei Tanaka,wei.tanaka@meridiangl.com,D,15,Spot,2023-11-11,2023-11-11,9999-12-31,1,1,948
CUS0721,Harborview Industrial GmbH,BCO,Machinery,SME,CUS0250,Ironbridge Trading B.V.,TH,Thailand,SE Asia,APAC,Ahmed Rossi,ahmed.rossi@meridiangl.com,C,30,Spot,2026-06-24,2026-06-24,9999-12-31,1,1,949
CUS0722,Kingswell Machinery LLC,SME Direct,Machinery,SME,CUS2278,Northgate Industrial Corp,SG,Singapore,SE Asia,APAC,Grace Larsson,grace.larsson@meridiangl.com,B,0,Spot,2018-02-07,2018-02-07,9999-12-31,1,1,950
CUS0723,Underhill Metals PLC,BCO,Metals,SME,,,ES,Spain,Mediterranean,EMEA,Ahmed Torres,ahmed.torres@meridiangl.com,D,0,Spot,2015-12-12,2015-12-12,2023-08-25,0,1,951
CUS0723,Underhill Metals PLC,BCO,Metals,National,,,ES,Spain,Mediterranean,EMEA,Ahmed Torres,ahmed.torres@meridiangl.com,B,0,Named Account Tariff,2015-12-12,2023-08-26,9999-12-31,1,2,952
CUS0724,Everest FMCG Pte Ltd,BCO,FMCG,Mid-Market,,,TW,Taiwan,East Asia,APAC,Raj Kim,raj.kim@meridiangl.com,B,30,Spot,2025-04-15,2025-04-15,9999-12-31,1,1,953
CUS0725,Wellspring Apparel Ltd,BCO,Textiles,National,,,AE,United Arab Emirates,Middle East,EMEA,Ahmed Torres,ahmed.torres@meridiangl.com,B,30,Named Account Tariff,2024-01-03,2024-01-03,9999-12-31,1,1,954
CUS0726,Brightwater Steel PLC,NVOCC,Metals,Mid-Market,CUS0111,Cobalt Consumer Goods GmbH,ZA,South Africa,Africa,EMEA,Hassan Silva,hassan.silva@meridiangl.com,C,0,Long-Term Contract,2019-03-27,2019-03-27,9999-12-31,1,1,955
CUS0727,Hillcrest Foods Inc,SME Direct,FMCG,SME,,,SG,Singapore,SE Asia,APAC,Ingrid Osei,ingrid.osei@meridiangl.com,C,15,Named Account Tariff,2017-03-10,2017-03-10,9999-12-31,1,1,956
CUS0728,Nova Textiles Inc,3PL,Textiles,SME,CUS2578,Dockside Power Ltd,US,United States,N America East,Americas,Fatima Haddad,fatima.haddad@meridiangl.com,B,15,Spot,2015-03-14,2015-03-14,9999-12-31,1,1,957
CUS0729,Nova Machinery Group,SME Direct,Machinery,SME,,,AU,Australia,Oceania,ANZ,Wei Silva,wei.silva@meridiangl.com,D,15,Spot,2025-07-13,2025-07-13,9999-12-31,1,1,958
CUS0730,Brightwater Foods Inc,NVOCC,FMCG,SME,CUS3103,Cobalt Chemicals B.V.,SA,Saudi Arabia,Middle East,EMEA,Ingrid O'Brien,ingrid.obrien@meridiangl.com,C,30,Spot,2019-03-07,2019-03-07,9999-12-31,1,1,959
CUS0731,Nightingale Pharmaceuticals Inc,3PL,Pharma,National,,,NZ,New Zealand,Oceania,ANZ,Elena O'Brien,elena.obrien@meridiangl.com,C,30,Long-Term Contract,2019-07-02,2019-07-02,2022-09-11,0,1,960
CUS0731,Nightingale Pharmaceuticals Inc,3PL,Pharma,SME,,,NZ,New Zealand,Oceania,ANZ,Sofia Larsson,sofia.larsson@meridiangl.com,C,30,Spot,2019-07-02,2022-09-12,9999-12-31,1,2,961
CUS0732,Nightingale Metals LLC,3PL,Metals,SME,,,ES,Spain,Mediterranean,EMEA,Priya O'Brien,priya.obrien@meridiangl.com,B,15,Spot,2019-09-03,2019-09-03,9999-12-31,1,1,962
CUS0733,Nova Chemicals Corp,3PL,Chemicals,National,,,NL,Netherlands,N Europe,EMEA,Fatima Haddad,fatima.haddad@meridiangl.com,A,45,Named Account Tariff,2016-08-16,2016-08-16,9999-12-31,1,1,963
CUS0734,Nightingale Foods Group,BCO,FMCG,National,,,JP,Japan,East Asia,APAC,Ahmed Nguyen,ahmed.nguyen@meridiangl.com,B,30,Spot,2018-12-23,2018-12-23,2020-06-13,0,1,964
CUS0734,Nightingale Foods Group,BCO,FMCG,National,,,JP,Japan,East Asia,APAC,Raj Kim,raj.kim@meridiangl.com,B,30,Named Account Tariff,2018-12-23,2020-06-14,9999-12-31,1,2,965
CUS0735,Marlowe Metals Ltd,BCO,Metals,Mid-Market,,,AU,Australia,Oceania,ANZ,Ingrid Tanaka,ingrid.tanaka@meridiangl.com,B,30,Named Account Tariff,2020-06-04,2020-06-04,9999-12-31,1,1,966
CUS0736,Aurora Energy S.A.,Freight Forwarder,Energy,National,,,VN,Vietnam,SE Asia,APAC,Priya O'Brien,priya.obrien@meridiangl.com,C,15,Spot,2019-11-01,2019-11-01,9999-12-31,1,1,967
CUS0737,Redwood Auto Parts Holdings,Freight Forwarder,Automotive,National,,,ID,Indonesia,SE Asia,APAC,Yuki Kowalski,yuki.kowalski@meridiangl.com,C,30,Named Account Tariff,2025-06-01,2025-06-01,9999-12-31,1,1,968
CUS0738,Oakford Chemical Industries Holdings,3PL,Chemicals,Mid-Market,,,BR,Brazil,LatAm East,Americas,Ingrid O'Brien,ingrid.obrien@meridiangl.com,D,0,Named Account Tariff,2019-07-26,2019-07-26,9999-12-31,1,1,969
CUS0739,Sentinel Foods Holdings,3PL,FMCG,SME,,,DE,Germany,N Europe,EMEA,Grace Larsson,grace.larsson@meridiangl.com,C,0,Named Account Tariff,2016-06-02,2016-06-02,2025-02-07,0,1,970
CUS0739,Sentinel Foods Holdings,3PL,FMCG,National,,,DE,Germany,N Europe,EMEA,Priya O'Brien,priya.obrien@meridiangl.com,B,0,Long-Term Contract,2016-06-02,2025-02-08,9999-12-31,1,2,971
CUS0740,Palisade Chemicals PLC,SME Direct,Chemicals,SME,CUS1993,Wellspring FMCG Group,GB,United Kingdom,N Europe,EMEA,Wei Silva,wei.silva@meridiangl.com,B,45,Named Account Tariff,2017-12-15,2017-12-15,9999-12-31,1,1,972
CUS0741,Ironwood Pharma LLC,Freight Forwarder,Pharma,Mid-Market,CUS2672,Brightwater Trading Holdings,AE,United Arab Emirates,Middle East,EMEA,Carlos Sharma,carlos.sharma@meridiangl.com,C,30,Named Account Tariff,2026-05-05,2026-05-05,2026-08-19,0,1,973
CUS0741,Ironwood Pharma LLC,Freight Forwarder,Pharma,SME,CUS2672,Brightwater Trading Holdings,AE,United Arab Emirates,Middle East,EMEA,Yuki Torres,yuki.torres@meridiangl.com,C,30,Named Account Tariff,2026-05-05,2026-08-20,9999-12-31,1,2,974
CUS0742,Cedarline Technologies GmbH,SME Direct,Electronics,SME,,,TH,Thailand,SE Asia,APAC,Elena Haddad,elena.haddad@meridiangl.com,D,15,Long-Term Contract,2020-07-13,2020-07-13,9999-12-31,1,1,975
CUS0743,Marlowe Electronics Ltd,BCO,Electronics,Mid-Market,,,ZA,South Africa,Africa,EMEA,Liam O'Brien,liam.obrien@meridiangl.com,B,45,Spot,2022-03-17,2022-03-17,9999-12-31,1,1,976
CUS0744,Fairhaven Life Sciences PLC,NVOCC,Pharma,Mid-Market,,,NZ,New Zealand,Oceania,ANZ,Diego Patel,diego.patel@meridiangl.com,C,30,Spot,2019-09-28,2019-09-28,9999-12-31,1,1,977
CUS0745,Palisade Auto Parts Holdings,SME Direct,Automotive,National,,,US,United States,N America East,Americas,James Tanaka,james.tanaka@meridiangl.com,B,15,Long-Term Contract,2025-08-20,2025-08-20,2025-09-18,0,1,978
CUS0745,Palisade Auto Parts Holdings,SME Direct,Automotive,SME,,,US,United States,N America East,Americas,Elena Tanaka,elena.tanaka@meridiangl.com,A,15,Long-Term Contract,2025-08-20,2025-09-19,9999-12-31,1,2,979
CUS0746,Oakford Motors Group,BCO,Automotive,Mid-Market,,,NL,Netherlands,N Europe,EMEA,Ingrid O'Brien,ingrid.obrien@meridiangl.com,C,45,Named Account Tariff,2019-07-12,2019-07-12,9999-12-31,1,1,980
CUS0747,Millbrook Life Sciences PLC,NVOCC,Pharma,SME,,,ZA,South Africa,Africa,EMEA,Carlos Sharma,carlos.sharma@meridiangl.com,C,30,Spot,2015-06-05,2015-06-05,2021-02-03,0,1,981
CUS0747,Millbrook Life Sciences PLC,NVOCC,Pharma,Mid-Market,,,ZA,South Africa,Africa,EMEA,Carlos Ferreira,carlos.ferreira@meridiangl.com,C,30,Named Account Tariff,2015-06-05,2021-02-04,9999-12-31,1,2,982
CUS0748,Juniper Automotive Holdings,Freight Forwarder,Automotive,SME,,,ZA,South Africa,Africa,EMEA,Elena Haddad,elena.haddad@meridiangl.com,D,30,Long-Term Contract,2022-01-29,2022-01-29,9999-12-31,1,1,983
CUS0749,Vantage Agro B.V.,BCO,Agriculture,Mid-Market,,,DE,Germany,N Europe,EMEA,Hassan Nguyen,hassan.nguyen@meridiangl.com,C,15,Spot,2021-09-26,2021-09-26,2026-01-26,0,1,984
CUS0749,Vantage Agro B.V.,BCO,Agriculture,SME,,,DE,Germany,N Europe,EMEA,Hassan Nguyen,hassan.nguyen@meridiangl.com,B,15,Spot,2021-09-26,2026-01-27,9999-12-31,1,2,985
CUS0750,Westbrook Engineering Pte Ltd,BCO,Machinery,SME,,,VN,Vietnam,SE Asia,APAC,Fatima Chen,fatima.chen@meridiangl.com,C,30,Spot,2018-08-07,2018-08-07,9999-12-31,1,1,986
CUS0751,Everest Chemicals PLC,BCO,Chemicals,SME,,,TR,Turkey,Mediterranean,EMEA,Ingrid Ferreira,ingrid.ferreira@meridiangl.com,D,15,Named Account Tariff,2017-04-21,2017-04-21,2017-07-19,0,1,987
CUS0751,Everest Chemicals PLC,BCO,Chemicals,SME,,,TR,Turkey,Mediterranean,EMEA,Ingrid Ferreira,ingrid.ferreira@meridiangl.com,D,15,Spot,2017-04-21,2017-07-20,9999-12-31,1,2,988
CUS0752,Hillcrest Pharmaceuticals LLC,3PL,Pharma,Mid-Market,CUS0635,Hillcrest FMCG Pte Ltd,MY,Malaysia,SE Asia,APAC,Elena Berg,elena.berg@meridiangl.com,D,15,Spot,2015-10-20,2015-10-20,2017-12-24,0,1,989
CUS0752,Hillcrest Pharmaceuticals LLC,3PL,Pharma,Mid-Market,CUS0635,Hillcrest FMCG Pte Ltd,MY,Malaysia,SE Asia,APAC,Diego Patel,diego.patel@meridiangl.com,C,15,Long-Term Contract,2015-10-20,2017-12-25,9999-12-31,1,2,990
CUS0753,Brookline Farms Group,BCO,Agriculture,SME,CUS2583,Vantage Retail Co.,IN,India,South Asia,APAC,Elena Tanaka,elena.tanaka@meridiangl.com,A,60,Spot,2022-10-24,2022-10-24,2024-11-18,0,1,991
CUS0753,Brookline Farms Group,BCO,Agriculture,SME,CUS2583,Vantage Retail Co.,IN,India,South Asia,APAC,Elena Tanaka,elena.tanaka@meridiangl.com,C,60,Named Account Tariff,2022-10-24,2024-11-19,9999-12-31,1,2,992
CUS0754,Vantage Electronics Group,BCO,Electronics,Mid-Market,CUS2735,Underhill Chemical Industries Co.,JP,Japan,East Asia,APAC,Priya Ferreira,priya.ferreira@meridiangl.com,B,45,Named Account Tariff,2017-01-15,2017-01-15,9999-12-31,1,1,993
CUS0755,Juniper Chemical Industries Pte Ltd,BCO,Chemicals,Mid-Market,,,NL,Netherlands,N Europe,EMEA,Fatima Chen,fatima.chen@meridiangl.com,C,45,Long-Term Contract,2021-11-14,2021-11-14,9999-12-31,1,1,994
CUS0756,Sentinel Foods PLC,NVOCC,FMCG,Mid-Market,,,MX,Mexico,LatAm West,Americas,Wei Silva,wei.silva@meridiangl.com,D,15,Named Account Tariff,2023-02-11,2023-02-11,9999-12-31,1,1,995
CUS0757,Junction Engineering GmbH,3PL,Machinery,National,,,AU,Australia,Oceania,ANZ,Carlos Ferreira,carlos.ferreira@meridiangl.com,B,30,Named Account Tariff,2016-12-21,2016-12-21,9999-12-31,1,1,996
CUS0758,Vertex Farms S.A.,BCO,Agriculture,SME,,,SG,Singapore,SE Asia,APAC,Ingrid Nguyen,ingrid.nguyen@meridiangl.com,C,45,Spot,2024-08-17,2024-08-17,9999-12-31,1,1,997
CUS0759,Harborview Alloys Ltd,3PL,Metals,National,,,ZA,South Africa,Africa,EMEA,James Larsson,james.larsson@meridiangl.com,A,30,Named Account Tariff,2021-05-09,2021-05-09,9999-12-31,1,1,998
CUS0760,Westbrook Apparel Holdings,BCO,Textiles,SME,,,TH,Thailand,SE Asia,APAC,Elena O'Brien,elena.obrien@meridiangl.com,B,60,Spot,2021-05-30,2021-05-30,9999-12-31,1,1,999
CUS0761,Dockside Garments S.A.,3PL,Textiles,Mid-Market,,,CL,Chile,LatAm West,Americas,Carlos Al-Farsi,carlos.al-farsi@meridiangl.com,C,30,Named Account Tariff,2021-12-27,2021-12-27,9999-12-31,1,1,1000
CUS0762,Skyline Consumer Goods Inc,SME Direct,FMCG,SME,,,SG,Singapore,SE Asia,APAC,Priya Ferreira,priya.ferreira@meridiangl.com,C,0,Named Account Tariff,2021-12-11,2021-12-11,2024-01-18,0,1,1001
CUS0762,Skyline Consumer Goods Inc,SME Direct,FMCG,National,,,SG,Singapore,SE Asia,APAC,Diego Kowalski,diego.kowalski@meridiangl.com,B,0,Named Account Tariff,2021-12-11,2024-01-19,9999-12-31,1,2,1002
CUS0763,Junction Petrochemicals Co.,3PL,Energy,Mid-Market,,,JP,Japan,East Asia,APAC,James Larsson,james.larsson@meridiangl.com,C,15,Spot,2021-04-03,2021-04-03,2025-10-16,0,1,1003
CUS0763,Junction Petrochemicals Co.,3PL,Energy,SME,,,JP,Japan,East Asia,APAC,Fatima Chen,fatima.chen@meridiangl.com,B,15,Long-Term Contract,2021-04-03,2025-10-17,9999-12-31,1,2,1004
CUS0764,Everest Chemical Industries Pte Ltd,3PL,Chemicals,SME,,,ID,Indonesia,SE Asia,APAC,Elena Haddad,elena.haddad@meridiangl.com,D,15,Spot,2021-09-18,2021-09-18,9999-12-31,1,1,1005
CUS0765,Eastridge Auto Parts Holdings,BCO,Automotive,National,,,VN,Vietnam,SE Asia,APAC,Carlos Sharma,carlos.sharma@meridiangl.com,A,30,Named Account Tariff,2019-08-23,2019-08-23,9999-12-31,1,1,1006
CUS0766,Greystone Technologies S.A.,Freight Forwarder,Electronics,National,,,ES,Spain,Mediterranean,EMEA,Yuki Ramirez,yuki.ramirez@meridiangl.com,B,15,Spot,2020-08-13,2020-08-13,2026-06-09,0,1,1007
CUS0766,Greystone Technologies S.A.,Freight Forwarder,Electronics,SME,,,ES,Spain,Mediterranean,EMEA,Yuki Ramirez,yuki.ramirez@meridiangl.com,B,15,Spot,2020-08-13,2026-06-10,9999-12-31,1,2,1008
CUS0767,Westbrook Chemical Industries Corp,SME Direct,Chemicals,Mid-Market,,,IT,Italy,Mediterranean,EMEA,Elena O'Brien,elena.obrien@meridiangl.com,A,60,Long-Term Contract,2019-07-17,2019-07-17,2020-12-16,0,1,1009
CUS0767,Westbrook Chemical Industries Corp,SME Direct,Chemicals,Mid-Market,,,IT,Italy,Mediterranean,EMEA,Elena O'Brien,elena.obrien@meridiangl.com,B,60,Long-Term Contract,2019-07-17,2020-12-17,9999-12-31,1,2,1010
CUS0768,Aurora Mercantile B.V.,BCO,Retail,Mid-Market,,,US,United States,N America East,Americas,Ahmed Rossi,ahmed.rossi@meridiangl.com,C,0,Named Account Tariff,2015-02-01,2015-02-01,9999-12-31,1,1,1011
CUS0769,Ironwood Industrial Corp,Freight Forwarder,Machinery,SME,CUS0255,Thornwell Motors S.A.,HK,Hong Kong,East Asia,APAC,James Larsson,james.larsson@meridiangl.com,B,30,Long-Term Contract,2024-07-10,2024-07-10,2024-10-05,0,1,1012
CUS0769,Ironwood Industrial Corp,Freight Forwarder,Machinery,National,CUS0255,Thornwell Motors S.A.,HK,Hong Kong,East Asia,APAC,Elena Berg,elena.berg@meridiangl.com,B,30,Long-Term Contract,2024-07-10,2024-10-06,9999-12-31,1,2,1013
CUS0770,Oakford Agro LLC,Freight Forwarder,Agriculture,Mid-Market,,,BR,Brazil,LatAm East,Americas,Elena O'Brien,elena.obrien@meridiangl.com,D,30,Long-Term Contract,2019-06-26,2019-06-26,9999-12-31,1,1,1014
CUS0771,Nova Engineering Pte Ltd,Freight Forwarder,Machinery,Mid-Market,,,IN,India,South Asia,APAC,Ingrid O'Brien,ingrid.obrien@meridiangl.com,C,30,Named Account Tariff,2016-08-06,2016-08-06,2021-12-01,0,1,1015
CUS0771,Nova Engineering Pte Ltd,Freight Forwarder,Machinery,Mid-Market,,,IN,India,South Asia,APAC,Priya O'Brien,priya.obrien@meridiangl.com,C,30,Spot,2016-08-06,2021-12-02,9999-12-31,1,2,1016
CUS0772,Equator Machinery Inc,NVOCC,Machinery,SME,,,MY,Malaysia,SE Asia,APAC,Hassan Nguyen,hassan.nguyen@meridiangl.com,D,15,Named Account Tariff,2021-03-04,2021-03-04,9999-12-31,1,1,1017
CUS0773,Junction Chemical Industries LLC,NVOCC,Chemicals,National,,,SG,Singapore,SE Asia,APAC,Liam O'Brien,liam.obrien@meridiangl.com,C,30,Named Account Tariff,2017-03-02,2017-03-02,9999-12-31,1,1,1018
CUS0774,Vantage Auto Parts Holdings,BCO,Automotive,SME,,,HK,Hong Kong,East Asia,APAC,Liam O'Brien,liam.obrien@meridiangl.com,D,15,Spot,2015-04-20,2015-04-20,9999-12-31,1,1,1019
CUS0775,Foxrun Trading GmbH,BCO,Retail,Mid-Market,,,ZA,South Africa,Africa,EMEA,Elena Haddad,elena.haddad@meridiangl.com,B,30,Spot,2016-12-28,2016-12-28,9999-12-31,1,1,1020
CUS0776,Palisade Energy GmbH,NVOCC,Energy,SME,,,TH,Thailand,SE Asia,APAC,Liam O'Brien,liam.obrien@meridiangl.com,B,45,Named Account Tariff,2021-04-14,2021-04-14,9999-12-31,1,1,1021
CUS0777,Quarrystone Industrial PLC,BCO,Machinery,Mid-Market,,,JP,Japan,East Asia,APAC,Sofia Larsson,sofia.larsson@meridiangl.com,C,15,Named Account Tariff,2020-02-26,2020-02-26,2024-07-28,0,1,1022
CUS0777,Quarrystone Industrial PLC,BCO,Machinery,Mid-Market,,,JP,Japan,East Asia,APAC,Hassan Nguyen,hassan.nguyen@meridiangl.com,C,15,Named Account Tariff,2020-02-26,2024-07-29,9999-12-31,1,2,1023
CUS0778,Southwick Steel B.V.,BCO,Metals,SME,CUS2373,Vantage Life Sciences PLC,ID,Indonesia,SE Asia,APAC,Wei Silva,wei.silva@meridiangl.com,C,30,Spot,2016-03-22,2016-03-22,2019-12-20,0,1,1024
CUS0778,Southwick Steel B.V.,BCO,Metals,SME,CUS2373,Vantage Life Sciences PLC,ID,Indonesia,SE Asia,APAC,Liam O'Brien,liam.obrien@meridiangl.com,D,30,Long-Term Contract,2016-03-22,2019-12-21,9999-12-31,1,2,1025
CUS0779,Millbrook Chemicals Ltd,BCO,Chemicals,Mid-Market,,,GB,United Kingdom,N Europe,EMEA,Ingrid Tanaka,ingrid.tanaka@meridiangl.com,C,45,Named Account Tariff,2025-01-09,2025-01-09,9999-12-31,1,1,1026
CUS0780,Ironwood Auto Parts Group,BCO,Automotive,National,,,TR,Turkey,Mediterranean,EMEA,Sofia Tanaka,sofia.tanaka@meridiangl.com,B,30,Long-Term Contract,2020-12-18,2020-12-18,9999-12-31,1,1,1027
CUS0781,Palisade Agri-Foods Co.,BCO,Agriculture,National,,,JP,Japan,East Asia,APAC,Grace Osei,grace.osei@meridiangl.com,A,15,Long-Term Contract,2017-08-04,2017-08-04,9999-12-31,1,1,1028
CUS0782,Nova Engineering S.A.,BCO,Machinery,Mid-Market,,,CN,China,East Asia,APAC,Hassan Nguyen,hassan.nguyen@meridiangl.com,C,30,Named Account Tariff,2017-02-04,2017-02-04,2019-12-21,0,1,1029
CUS0782,Nova Engineering S.A.,BCO,Machinery,Mid-Market,,,CN,China,East Asia,APAC,Elena Haddad,elena.haddad@meridiangl.com,A,30,Named Account Tariff,2017-02-04,2019-12-22,9999-12-31,1,2,1030
CUS0783,Elmfield Auto Parts B.V.,SME Direct,Automotive,Mid-Market,,,IT,Italy,Mediterranean,EMEA,Ingrid O'Brien,ingrid.obrien@meridiangl.com,C,0,Spot,2017-03-07,2017-03-07,9999-12-31,1,1,1031
CUS0784,Northgate Steel GmbH,NVOCC,Metals,Mid-Market,,,TW,Taiwan,East Asia,APAC,Ingrid Nguyen,ingrid.nguyen@meridiangl.com,C,0,Spot,2019-08-12,2019-08-12,9999-12-31,1,1,1032
CUS0785,Aurora Trading LLC,BCO,Retail,Global Key Account,,,NZ,New Zealand,Oceania,ANZ,Liam O'Brien,liam.obrien@meridiangl.com,A,30,Named Account Tariff,2017-12-10,2017-12-10,9999-12-31,1,1,1033
CUS0786,Elmfield Mercantile S.A.,BCO,Retail,SME,,,NZ,New Zealand,Oceania,ANZ,Yuki O'Brien,yuki.obrien@meridiangl.com,C,30,Spot,2019-05-08,2019-05-08,9999-12-31,1,1,1034
CUS0787,Glenmoor Semiconductor GmbH,BCO,Electronics,Mid-Market,,,AU,Australia,Oceania,ANZ,Kenji Tanaka,kenji.tanaka@meridiangl.com,D,15,Named Account Tariff,2016-05-22,2016-05-22,2023-11-22,0,1,1035
CUS0787,Glenmoor Semiconductor GmbH,BCO,Electronics,SME,,,AU,Australia,Oceania,ANZ,Priya Ferreira,priya.ferreira@meridiangl.com,D,15,Spot,2016-05-22,2023-11-23,9999-12-31,1,2,1036
CUS0788,Everest Steel Corp,Freight Forwarder,Metals,Mid-Market,,,MX,Mexico,LatAm West,Americas,Ingrid Osei,ingrid.osei@meridiangl.com,B,45,Named Account Tariff,2022-12-08,2022-12-08,2026-05-21,0,1,1037
CUS0788,Everest Steel Corp,Freight Forwarder,Metals,SME,,,MX,Mexico,LatAm West,Americas,Ingrid Osei,ingrid.osei@meridiangl.com,B,45,Spot,2022-12-08,2026-05-22,9999-12-31,1,2,1038
CUS0789,Westbrook Technologies Group,3PL,Electronics,SME,,,JP,Japan,East Asia,APAC,Fatima Chen,fatima.chen@meridiangl.com,B,30,Spot,2022-06-27,2022-06-27,9999-12-31,1,1,1039
CUS0790,Eastridge Retail GmbH,BCO,Retail,SME,,,CL,Chile,LatAm West,Americas,Yuki O'Brien,yuki.obrien@meridiangl.com,C,45,Spot,2015-02-07,2015-02-07,9999-12-31,1,1,1040
CUS0791,Hillcrest Engineering Group,Freight Forwarder,Machinery,Global Key Account,,,JP,Japan,East Asia,APAC,Priya O'Brien,priya.obrien@meridiangl.com,B,30,Long-Term Contract,2021-12-09,2021-12-09,9999-12-31,1,1,1041
CUS0792,Northgate Alloys Pte Ltd,SME Direct,Metals,SME,,,BR,Brazil,LatAm East,Americas,Ingrid O'Brien,ingrid.obrien@meridiangl.com,A,45,Spot,2020-02-24,2020-02-24,9999-12-31,1,1,1042
CUS0793,Palisade Consumer Goods Co.,BCO,FMCG,Mid-Market,,,FR,France,N Europe,EMEA,Elena Berg,elena.berg@meridiangl.com,D,30,Spot,2020-11-12,2020-11-12,9999-12-31,1,1,1043
CUS0794,Lonestar Technologies Corp,3PL,Electronics,SME,,,AU,Australia,Oceania,ANZ,Ahmed Tanaka,ahmed.tanaka@meridiangl.com,D,30,Long-Term Contract,2016-09-10,2016-09-10,9999-12-31,1,1,1044
CUS0795,Vantage Engineering Ltd,BCO,Machinery,Mid-Market,,,BR,Brazil,LatAm East,Americas,Wei Tanaka,wei.tanaka@meridiangl.com,B,45,Named Account Tariff,2025-09-30,2025-09-30,2025-11-03,0,1,1045
CUS0795,Vantage Engineering Ltd,BCO,Machinery,SME,,,BR,Brazil,LatAm East,Americas,Wei Tanaka,wei.tanaka@meridiangl.com,A,45,Long-Term Contract,2025-09-30,2025-11-04,9999-12-31,1,2,1046
CUS0796,Foxrun Pharmaceuticals Corp,Freight Forwarder,Pharma,SME,,,FR,France,N Europe,EMEA,Carlos Sharma,carlos.sharma@meridiangl.com,C,15,Spot,2016-06-11,2016-06-11,9999-12-31,1,1,1047
CUS0797,Cedarline Metals Group,NVOCC,Metals,Mid-Market,,,CA,Canada,N America East,Americas,Carlos Sharma,carlos.sharma@meridiangl.com,D,30,Named Account Tariff,2026-01-13,2026-01-13,2026-03-08,0,1,1048
CUS0797,Cedarline Metals Group,NVOCC,Metals,Mid-Market,,,CA,Canada,N America East,Americas,Carlos Sharma,carlos.sharma@meridiangl.com,D,30,Long-Term Contract,2026-01-13,2026-03-09,9999-12-31,1,2,1049
CUS0798,Kestrel Alloys GmbH,BCO,Metals,Mid-Market,CUS2086,Marlowe Semiconductor Holdings,ZA,South Africa,Africa,EMEA,Yuki Ramirez,yuki.ramirez@meridiangl.com,C,30,Named Account Tariff,2019-03-19,2019-03-19,2022-12-29,0,1,1050
CUS0798,Kestrel Alloys GmbH,BCO,Metals,Mid-Market,CUS2086,Marlowe Semiconductor Holdings,ZA,South Africa,Africa,EMEA,Yuki Ramirez,yuki.ramirez@meridiangl.com,B,30,Spot,2019-03-19,2022-12-30,9999-12-31,1,2,1051
CUS0799,Zenith Automotive Corp,3PL,Automotive,SME,CUS1586,Cedarline Alloys GmbH,CL,Chile,LatAm West,Americas,Grace Larsson,grace.larsson@meridiangl.com,C,0,Spot,2021-05-05,2021-05-05,9999-12-31,1,1,1052
CUS0800,Northgate Chemicals LLC,Freight Forwarder,Chemicals,National,,,BR,Brazil,LatAm East,Americas,Carlos Sharma,carlos.sharma@meridiangl.com,A,45,Named Account Tariff,2023-09-30,2023-09-30,9999-12-31,1,1,1053
CUS0801,Lakemoor Machinery GmbH,BCO,Machinery,Global Key Account,,,IT,Italy,Mediterranean,EMEA,Yuki Kowalski,yuki.kowalski@meridiangl.com,A,45,Long-Term Contract,2016-07-05,2016-07-05,2024-07-29,0,1,1054
CUS0801,Lakemoor Machinery GmbH,BCO,Machinery,Global Key Account,,,IT,Italy,Mediterranean,EMEA,Ahmed Torres,ahmed.torres@meridiangl.com,A,45,Named Account Tariff,2016-07-05,2024-07-30,9999-12-31,1,2,1055
CUS0802,Thornwell Automotive Holdings,3PL,Automotive,Mid-Market,,,SG,Singapore,SE Asia,APAC,James Tanaka,james.tanaka@meridiangl.com,C,30,Spot,2022-05-13,2022-05-13,9999-12-31,1,1,1056
CUS0803,Quarrystone Auto Parts Co.,Freight Forwarder,Automotive,Mid-Market,,,TW,Taiwan,East Asia,APAC,Diego Kowalski,diego.kowalski@meridiangl.com,C,15,Spot,2021-07-19,2021-07-19,2026-03-23,0,1,1057
CUS0803,Quarrystone Auto Parts Co.,Freight Forwarder,Automotive,National,,,TW,Taiwan,East Asia,APAC,Diego Kowalski,diego.kowalski@meridiangl.com,B,15,Named Account Tariff,2021-07-19,2026-03-24,9999-12-31,1,2,1058
CUS0804,Westbrook Farms Ltd,NVOCC,Agriculture,Mid-Market,,,CN,China,East Asia,APAC,Ahmed Rossi,ahmed.rossi@meridiangl.com,A,30,Named Account Tariff,2021-02-03,2021-02-03,9999-12-31,1,1,1059
CUS0805,Redwood Chemicals Corp,SME Direct,Chemicals,National,,,NL,Netherlands,N Europe,EMEA,Hassan Nguyen,hassan.nguyen@meridiangl.com,B,30,Spot,2020-10-06,2020-10-06,2024-08-13,0,1,1060
CUS0805,Redwood Chemicals Corp,SME Direct,Chemicals,SME,,,NL,Netherlands,N Europe,EMEA,Hassan Nguyen,hassan.nguyen@meridiangl.com,B,30,Long-Term Contract,2020-10-06,2024-08-14,9999-12-31,1,2,1061
CUS0806,Southwick Engineering Corp,Freight Forwarder,Machinery,Mid-Market,,,BE,Belgium,N Europe,EMEA,Ahmed Rossi,ahmed.rossi@meridiangl.com,C,15,Named Account Tariff,2017-08-04,2017-08-04,9999-12-31,1,1,1062
CUS0807,Cedarline Apparel B.V.,BCO,Textiles,Mid-Market,,,CA,Canada,N America East,Americas,Hassan Nguyen,hassan.nguyen@meridiangl.com,B,15,Named Account Tariff,2017-04-30,2017-04-30,9999-12-31,1,1,1063
CUS0808,Brightwater Pharmaceuticals B.V.,NVOCC,Pharma,Mid-Market,CUS2383,Westbrook Energy S.A.,BE,Belgium,N Europe,EMEA,Hassan Nguyen,hassan.nguyen@meridiangl.com,A,60,Named Account Tariff,2023-10-18,2023-10-18,9999-12-31,1,1,1064
CUS0809,Northgate Semiconductor S.A.,Freight Forwarder,Electronics,SME,,,TR,Turkey,Mediterranean,EMEA,Raj Kim,raj.kim@meridiangl.com,D,30,Spot,2018-05-21,2018-05-21,9999-12-31,1,1,1065
CUS0810,Hillcrest FMCG Inc,NVOCC,FMCG,National,,,GB,United Kingdom,N Europe,EMEA,Ahmed Novak,ahmed.novak@meridiangl.com,C,15,Long-Term Contract,2021-07-29,2021-07-29,9999-12-31,1,1,1066
CUS0811,Deerfield Motors LLC,3PL,Automotive,SME,,,TW,Taiwan,East Asia,APAC,Grace Larsson,grace.larsson@meridiangl.com,D,45,Spot,2025-05-22,2025-05-22,9999-12-31,1,1,1067
CUS0812,Fairhaven Agro Holdings,BCO,Agriculture,SME,,,TW,Taiwan,East Asia,APAC,Ingrid O'Brien,ingrid.obrien@meridiangl.com,C,30,Named Account Tariff,2021-02-21,2021-02-21,9999-12-31,1,1,1068
CUS0813,Juniper Engineering LLC,Freight Forwarder,Machinery,Mid-Market,CUS1894,Junction Foods Holdings,BR,Brazil,LatAm East,Americas,Diego Patel,diego.patel@meridiangl.com,C,45,Spot,2022-12-08,2022-12-08,9999-12-31,1,1,1069
CUS0814,Greystone Steel Holdings,3PL,Metals,Mid-Market,,,ES,Spain,Mediterranean,EMEA,Kenji Tanaka,kenji.tanaka@meridiangl.com,D,30,Long-Term Contract,2019-01-10,2019-01-10,9999-12-31,1,1,1070
CUS0815,Elmfield Petrochemicals B.V.,Freight Forwarder,Energy,National,,,HK,Hong Kong,East Asia,APAC,Kenji Tanaka,kenji.tanaka@meridiangl.com,C,0,Named Account Tariff,2026-01-06,2026-01-06,2026-03-02,0,1,1071
CUS0815,Elmfield Petrochemicals B.V.,Freight Forwarder,Energy,National,,,HK,Hong Kong,East Asia,APAC,Grace Larsson,grace.larsson@meridiangl.com,C,0,Spot,2026-01-06,2026-03-03,9999-12-31,1,2,1072
CUS0816,Southwick Retail Co.,3PL,Retail,SME,,,GB,United Kingdom,N Europe,EMEA,Ingrid O'Brien,ingrid.obrien@meridiangl.com,B,60,Spot,2020-06-05,2020-06-05,9999-12-31,1,1,1073
CUS0817,Westbrook Textiles Corp,NVOCC,Textiles,Mid-Market,CUS0362,Oakford Energy Holdings,US,United States,N America East,Americas,Yuki Ramirez,yuki.ramirez@meridiangl.com,C,30,Long-Term Contract,2017-03-29,2017-03-29,2025-04-23,0,1,1074
CUS0817,Westbrook Textiles Corp,NVOCC,Textiles,Mid-Market,CUS0362,Oakford Energy Holdings,US,United States,N America East,Americas,Grace Larsson,grace.larsson@meridiangl.com,C,30,Named Account Tariff,2017-03-29,2025-04-24,9999-12-31,1,2,1075
CUS0818,Equator Pharma Pte Ltd,BCO,Pharma,National,,,KR,South Korea,East Asia,APAC,Elena Tanaka,elena.tanaka@meridiangl.com,B,60,Named Account Tariff,2021-12-29,2021-12-29,9999-12-31,1,1,1076
CUS0819,Westbrook Pharmaceuticals GmbH,BCO,Pharma,Mid-Market,,,BE,Belgium,N Europe,EMEA,Diego Yamamoto,diego.yamamoto@meridiangl.com,A,15,Named Account Tariff,2019-08-12,2019-08-12,9999-12-31,1,1,1077
CUS0820,Underhill Power GmbH,NVOCC,Energy,SME,,,ZA,South Africa,Africa,EMEA,Ingrid Ferreira,ingrid.ferreira@meridiangl.com,D,30,Spot,2025-06-19,2025-06-19,9999-12-31,1,1,1078
CUS0821,Granite Metals Holdings,Freight Forwarder,Metals,SME,,,TR,Turkey,Mediterranean,EMEA,Anna Berg,anna.berg@meridiangl.com,D,45,Named Account Tariff,2015-08-13,2015-08-13,2018-06-21,0,1,1079
CUS0821,Granite Metals Holdings,Freight Forwarder,Metals,Mid-Market,,,TR,Turkey,Mediterranean,EMEA,Yuki O'Brien,yuki.obrien@meridiangl.com,C,45,Named Account Tariff,2015-08-13,2018-06-22,9999-12-31,1,2,1080
CUS0822,Onyx Alloys PLC,BCO,Metals,Mid-Market,CUS0265,Westbrook Pharma Group,AE,United Arab Emirates,Middle East,EMEA,Ingrid O'Brien,ingrid.obrien@meridiangl.com,B,30,Spot,2015-02-16,2015-02-16,2015-07-16,0,1,1081
CUS0822,Onyx Alloys PLC,BCO,Metals,Mid-Market,CUS0265,Westbrook Pharma Group,AE,United Arab Emirates,Middle East,EMEA,Ingrid O'Brien,ingrid.obrien@meridiangl.com,C,30,Spot,2015-02-16,2015-07-17,9999-12-31,1,2,1082
CUS0823,Greystone Garments Group,Freight Forwarder,Textiles,Mid-Market,,,ZA,South Africa,Africa,EMEA,Elena O'Brien,elena.obrien@meridiangl.com,C,30,Spot,2025-04-19,2025-04-19,9999-12-31,1,1,1083
CUS0824,Dockside Technologies Holdings,SME Direct,Electronics,Mid-Market,,,AE,United Arab Emirates,Middle East,EMEA,Sofia Ferreira,sofia.ferreira@meridiangl.com,C,45,Named Account Tariff,2015-10-23,2015-10-23,2024-03-16,0,1,1084
CUS0824,Dockside Technologies Holdings,SME Direct,Electronics,Mid-Market,,,AE,United Arab Emirates,Middle East,EMEA,Sofia Ferreira,sofia.ferreira@meridiangl.com,C,45,Spot,2015-10-23,2024-03-17,9999-12-31,1,2,1085
CUS0825,Junction Mercantile S.A.,SME Direct,Retail,SME,,,GB,United Kingdom,N Europe,EMEA,Wei Tanaka,wei.tanaka@meridiangl.com,D,15,Named Account Tariff,2016-03-18,2016-03-18,9999-12-31,1,1,1086
CUS0826,Oakford Trading Ltd,Freight Forwarder,Retail,SME,CUS1301,Onyx Agri-Foods LLC,TW,Taiwan,East Asia,APAC,Wei Tanaka,wei.tanaka@meridiangl.com,D,15,Spot,2022-05-17,2022-05-17,9999-12-31,1,1,1087
CUS0827,Wellspring Mercantile GmbH,3PL,Retail,Mid-Market,,,ES,Spain,Mediterranean,EMEA,Elena Haddad,elena.haddad@meridiangl.com,C,60,Named Account Tariff,2016-01-17,2016-01-17,9999-12-31,1,1,1088
CUS0828,Millbrook FMCG Group,BCO,FMCG,National,,,ES,Spain,Mediterranean,EMEA,Elena Haddad,elena.haddad@meridiangl.com,B,30,Long-Term Contract,2019-03-13,2019-03-13,9999-12-31,1,1,1089
CUS0829,Underhill Metals Inc,3PL,Metals,SME,,,HK,Hong Kong,East Asia,APAC,Fatima O'Brien,fatima.obrien@meridiangl.com,D,15,Spot,2025-11-28,2025-11-28,9999-12-31,1,1,1090
CUS0830,Clearwater Trading Holdings,BCO,Retail,National,,,IN,India,South Asia,APAC,Diego Patel,diego.patel@meridiangl.com,A,45,Named Account Tariff,2018-09-03,2018-09-03,9999-12-31,1,1,1091
CUS0831,Hillcrest Electronics S.A.,Freight Forwarder,Electronics,SME,,,CL,Chile,LatAm West,Americas,Wei Tanaka,wei.tanaka@meridiangl.com,D,30,Long-Term Contract,2015-10-12,2015-10-12,9999-12-31,1,1,1092
CUS0832,Greystone Stores Co.,BCO,Retail,Mid-Market,,,MY,Malaysia,SE Asia,APAC,Ahmed Rossi,ahmed.rossi@meridiangl.com,B,30,Long-Term Contract,2017-07-06,2017-07-06,9999-12-31,1,1,1093
CUS0833,Deerfield Agri-Foods Co.,BCO,Agriculture,Mid-Market,CUS1368,Zenith Engineering GmbH,IT,Italy,Mediterranean,EMEA,Elena O'Brien,elena.obrien@meridiangl.com,B,30,Named Account Tariff,2018-08-31,2018-08-31,9999-12-31,1,1,1094
CUS0834,Lonestar Engineering Inc,BCO,Machinery,National,,,US,United States,N America East,Americas,Fatima Haddad,fatima.haddad@meridiangl.com,B,15,Named Account Tariff,2020-05-17,2020-05-17,2024-11-21,0,1,1095
CUS0834,Lonestar Engineering Inc,BCO,Machinery,National,,,US,United States,N America East,Americas,Fatima Haddad,fatima.haddad@meridiangl.com,B,15,Spot,2020-05-17,2024-11-22,9999-12-31,1,2,1096
CUS0835,Kestrel Chemicals Ltd,Freight Forwarder,Chemicals,SME,,,NZ,New Zealand,Oceania,ANZ,Sofia Larsson,sofia.larsson@meridiangl.com,C,15,Spot,2020-09-26,2020-09-26,9999-12-31,1,1,1097
CUS0836,Cobalt FMCG LLC,BCO,FMCG,Mid-Market,,,ID,Indonesia,SE Asia,APAC,Sofia Ferreira,sofia.ferreira@meridiangl.com,A,60,Spot,2026-01-11,2026-01-11,9999-12-31,1,1,1098
CUS0837,Oakford Mercantile Ltd,Freight Forwarder,Retail,Mid-Market,,,CN,China,East Asia,APAC,Ahmed Rossi,ahmed.rossi@meridiangl.com,B,30,Named Account Tariff,2018-08-17,2018-08-17,9999-12-31,1,1,1099
CUS0838,Clearwater Foods Ltd,BCO,FMCG,Mid-Market,,,GB,United Kingdom,N Europe,EMEA,Grace Larsson,grace.larsson@meridiangl.com,D,0,Long-Term Contract,2025-05-23,2025-05-23,9999-12-31,1,1,1100
CUS0839,Juniper Pharma Pte Ltd,Freight Forwarder,Pharma,Mid-Market,,,BR,Brazil,LatAm East,Americas,Wei Silva,wei.silva@meridiangl.com,A,15,Spot,2026-05-18,2026-05-18,2026-07-01,0,1,1101
CUS0839,Juniper Pharma Pte Ltd,Freight Forwarder,Pharma,Mid-Market,,,BR,Brazil,LatAm East,Americas,Wei Silva,wei.silva@meridiangl.com,A,15,Named Account Tariff,2026-05-18,2026-07-02,9999-12-31,1,2,1102
CUS0840,Vertex Agro Pte Ltd,BCO,Agriculture,Mid-Market,CUS0580,Oakford Consumer Goods Group,ID,Indonesia,SE Asia,APAC,Diego Kowalski,diego.kowalski@meridiangl.com,A,30,Long-Term Contract,2020-11-30,2020-11-30,2021-04-04,0,1,1103
CUS0840,Vertex Agro Pte Ltd,BCO,Agriculture,Mid-Market,CUS0580,Oakford Consumer Goods Group,ID,Indonesia,SE Asia,APAC,Diego Kowalski,diego.kowalski@meridiangl.com,A,30,Spot,2020-11-30,2021-04-05,9999-12-31,1,2,1104
CUS0841,Brightwater Industrial Group,NVOCC,Machinery,SME,,,ID,Indonesia,SE Asia,APAC,Liam O'Brien,liam.obrien@meridiangl.com,C,15,Spot,2021-03-19,2021-03-19,9999-12-31,1,1,1105
CUS0842,Ridgemont FMCG Holdings,BCO,FMCG,Mid-Market,,,CA,Canada,N America East,Americas,Raj Kim,raj.kim@meridiangl.com,C,0,Long-Term Contract,2019-12-05,2019-12-05,2025-10-05,0,1,1106
CUS0842,Ridgemont FMCG Holdings,BCO,FMCG,Mid-Market,,,CA,Canada,N America East,Americas,Raj Kim,raj.kim@meridiangl.com,A,0,Named Account Tariff,2019-12-05,2025-10-06,9999-12-31,1,2,1107
CUS0843,Voyager Automotive Corp,NVOCC,Automotive,Mid-Market,,,FR,France,N Europe,EMEA,Ahmed Torres,ahmed.torres@meridiangl.com,A,30,Spot,2026-07-30,2026-07-30,2026-08-07,0,1,1108
CUS0843,Voyager Automotive Corp,NVOCC,Automotive,Mid-Market,,,FR,France,N Europe,EMEA,Ahmed Torres,ahmed.torres@meridiangl.com,B,30,Spot,2026-07-30,2026-08-08,9999-12-31,1,2,1109
CUS0844,Oakford Machinery Pte Ltd,3PL,Machinery,Mid-Market,,,FR,France,N Europe,EMEA,Carlos Sharma,carlos.sharma@meridiangl.com,A,15,Named Account Tariff,2019-11-27,2019-11-27,9999-12-31,1,1,1110
CUS0845,Equator Chemical Industries PLC,BCO,Chemicals,National,,,AE,United Arab Emirates,Middle East,EMEA,Ingrid Osei,ingrid.osei@meridiangl.com,A,15,Long-Term Contract,2019-01-05,2019-01-05,9999-12-31,1,1,1111
CUS0846,Ironbridge Chemical Industries GmbH,Freight Forwarder,Chemicals,SME,,,CN,China,East Asia,APAC,Diego Kowalski,diego.kowalski@meridiangl.com,B,30,Long-Term Contract,2023-07-17,2023-07-17,9999-12-31,1,1,1112
CUS0847,Valleyforge Agro Holdings,BCO,Agriculture,SME,CUS0532,Greystone Auto Parts B.V.,VN,Vietnam,SE Asia,APAC,Raj Kim,raj.kim@meridiangl.com,C,15,Long-Term Contract,2018-02-16,2018-02-16,9999-12-31,1,1,1113
CUS0848,Ridgemont Agri-Foods Ltd,BCO,Agriculture,National,,,AE,United Arab Emirates,Middle East,EMEA,Elena O'Brien,elena.obrien@meridiangl.com,B,30,Spot,2018-10-10,2018-10-10,9999-12-31,1,1,1114
CUS0849,Westbrook Apparel Pte Ltd,BCO,Textiles,Mid-Market,CUS0046,Deerfield Chemicals Inc,CA,Canada,N America East,Americas,Maria Sharma,maria.sharma@meridiangl.com,C,15,Long-Term Contract,2018-11-06,2018-11-06,9999-12-31,1,1,1115
CUS0850,Valleyforge Industrial PLC,NVOCC,Machinery,National,,,MY,Malaysia,SE Asia,APAC,Yuki Kowalski,yuki.kowalski@meridiangl.com,B,30,Long-Term Contract,2024-11-18,2024-11-18,9999-12-31,1,1,1116
CUS0851,Lonestar Mercantile B.V.,BCO,Retail,Mid-Market,,,TR,Turkey,Mediterranean,EMEA,Sofia Ferreira,sofia.ferreira@meridiangl.com,D,15,Spot,2017-04-25,2017-04-25,9999-12-31,1,1,1117
CUS0852,Eastridge Agro S.A.,BCO,Agriculture,Mid-Market,,,KR,South Korea,East Asia,APAC,Ingrid Osei,ingrid.osei@meridiangl.com,B,45,Spot,2015-12-15,2015-12-15,9999-12-31,1,1,1118
CUS0853,Ashgrove Motors S.A.,BCO,Automotive,Mid-Market,,,ES,Spain,Mediterranean,EMEA,Ingrid Ferreira,ingrid.ferreira@meridiangl.com,B,45,Named Account Tariff,2023-09-09,2023-09-09,2023-11-11,0,1,1119
CUS0853,Ashgrove Motors S.A.,BCO,Automotive,National,,,ES,Spain,Mediterranean,EMEA,Ingrid Ferreira,ingrid.ferreira@meridiangl.com,C,45,Long-Term Contract,2023-09-09,2023-11-12,9999-12-31,1,2,1120
CUS0854,Aurora Petrochemicals Group,Freight Forwarder,Energy,National,,,NZ,New Zealand,Oceania,ANZ,Ingrid Nguyen,ingrid.nguyen@meridiangl.com,A,60,Long-Term Contract,2025-07-30,2025-07-30,2025-12-29,0,1,1121
CUS0854,Aurora Petrochemicals Group,Freight Forwarder,Energy,SME,,,NZ,New Zealand,Oceania,ANZ,Ingrid Nguyen,ingrid.nguyen@meridiangl.com,A,60,Long-Term Contract,2025-07-30,2025-12-30,9999-12-31,1,2,1122
CUS0855,Ivyhill Machinery LLC,BCO,Machinery,Mid-Market,,,ID,Indonesia,SE Asia,APAC,Yuki Kowalski,yuki.kowalski@meridiangl.com,B,45,Named Account Tariff,2017-09-28,2017-09-28,9999-12-31,1,1,1123
CUS0856,Valleyforge Life Sciences S.A.,NVOCC,Pharma,National,,,IT,Italy,Mediterranean,EMEA,Grace Larsson,grace.larsson@meridiangl.com,A,30,Long-Term Contract,2019-10-31,2019-10-31,2024-10-02,0,1,1124
CUS0856,Valleyforge Life Sciences S.A.,NVOCC,Pharma,SME,,,IT,Italy,Mediterranean,EMEA,Elena Haddad,elena.haddad@meridiangl.com,B,30,Spot,2019-10-31,2024-10-03,9999-12-31,1,2,1125
CUS0857,Brookline Farms Corp,BCO,Agriculture,Mid-Market,,,IN,India,South Asia,APAC,Fatima Tanaka,fatima.tanaka@meridiangl.com,C,30,Spot,2018-03-04,2018-03-04,2020-01-31,0,1,1126
CUS0857,Brookline Farms Corp,BCO,Agriculture,Mid-Market,,,IN,India,South Asia,APAC,Fatima Tanaka,fatima.tanaka@meridiangl.com,D,30,Named Account Tariff,2018-03-04,2020-02-01,9999-12-31,1,2,1127
CUS0858,Cedarline Semiconductor Inc,NVOCC,Electronics,Mid-Market,,,BR,Brazil,LatAm East,Americas,Elena Tanaka,elena.tanaka@meridiangl.com,C,30,Spot,2026-02-27,2026-02-27,9999-12-31,1,1,1128
CUS0859,Southwick Machinery B.V.,BCO,Machinery,Mid-Market,,,SA,Saudi Arabia,Middle East,EMEA,James Larsson,james.larsson@meridiangl.com,B,30,Spot,2021-01-27,2021-01-27,2024-12-06,0,1,1129
CUS0859,Southwick Machinery B.V.,BCO,Machinery,National,,,SA,Saudi Arabia,Middle East,EMEA,Elena Haddad,elena.haddad@meridiangl.com,C,30,Named Account Tariff,2021-01-27,2024-12-07,9999-12-31,1,2,1130
CUS0860,Nightingale Chemicals LLC,BCO,Chemicals,SME,CUS0175,Oakford Consumer Goods Corp,SG,Singapore,SE Asia,APAC,Raj Kim,raj.kim@meridiangl.com,D,0,Spot,2019-04-20,2019-04-20,9999-12-31,1,1,1131
CUS0861,Marlowe Technologies B.V.,NVOCC,Electronics,National,,,MY,Malaysia,SE Asia,APAC,Carlos Sharma,carlos.sharma@meridiangl.com,C,45,Named Account Tariff,2024-02-20,2024-02-20,9999-12-31,1,1,1132
CUS0862,Onyx Garments PLC,Freight Forwarder,Textiles,SME,,,AE,United Arab Emirates,Middle East,EMEA,Sofia Ferreira,sofia.ferreira@meridiangl.com,B,15,Spot,2015-07-20,2015-07-20,9999-12-31,1,1,1133
CUS0863,Hillcrest Steel Corp,NVOCC,Metals,SME,,,KR,South Korea,East Asia,APAC,Ingrid Tanaka,ingrid.tanaka@meridiangl.com,B,30,Spot,2018-10-31,2018-10-31,2021-09-03,0,1,1134
CUS0863,Hillcrest Steel Corp,NVOCC,Metals,SME,,,KR,South Korea,East Asia,APAC,Ingrid Tanaka,ingrid.tanaka@meridiangl.com,D,30,Named Account Tariff,2018-10-31,2021-09-04,9999-12-31,1,2,1135
CUS0864,Oakford Power Ltd,BCO,Energy,SME,,,CL,Chile,LatAm West,Americas,Ingrid Tanaka,ingrid.tanaka@meridiangl.com,C,30,Spot,2018-01-25,2018-01-25,9999-12-31,1,1,1136
CUS0865,Ashgrove Technologies Ltd,NVOCC,Electronics,Global Key Account,,,ZA,South Africa,Africa,EMEA,Ingrid O'Brien,ingrid.obrien@meridiangl.com,C,15,Long-Term Contract,2015-02-12,2015-02-12,9999-12-31,1,1,1137
CUS0866,Solstice Life Sciences S.A.,BCO,Pharma,Mid-Market,CUS2533,Clearwater Electronics PLC,HK,Hong Kong,East Asia,APAC,James Tanaka,james.tanaka@meridiangl.com,C,30,Spot,2015-09-02,2015-09-02,9999-12-31,1,1,1138
CUS0867,Cedarline Machinery S.A.,Freight Forwarder,Machinery,National,,,BE,Belgium,N Europe,EMEA,Fatima Haddad,fatima.haddad@meridiangl.com,B,30,Named Account Tariff,2022-02-26,2022-02-26,9999-12-31,1,1,1139
CUS0868,Junction Automotive GmbH,3PL,Automotive,Mid-Market,,,ID,Indonesia,SE Asia,APAC,Yuki Kowalski,yuki.kowalski@meridiangl.com,B,30,Spot,2020-05-25,2020-05-25,2025-07-17,0,1,1140
CUS0868,Junction Automotive GmbH,3PL,Automotive,SME,,,ID,Indonesia,SE Asia,APAC,Yuki Kowalski,yuki.kowalski@meridiangl.com,B,30,Spot,2020-05-25,2025-07-18,9999-12-31,1,2,1141
CUS0869,Marlowe Chemical Industries Inc,SME Direct,Chemicals,Mid-Market,,,FR,France,N Europe,EMEA,Elena Tanaka,elena.tanaka@meridiangl.com,B,0,Named Account Tariff,2015-05-12,2015-05-12,9999-12-31,1,1,1142
CUS0870,Elmfield Power GmbH,3PL,Energy,SME,,,US,United States,N America East,Americas,Yuki Kowalski,yuki.kowalski@meridiangl.com,C,15,Named Account Tariff,2019-03-19,2019-03-19,9999-12-31,1,1,1143
CUS0871,Deerfield Retail Inc,NVOCC,Retail,Mid-Market,,,BE,Belgium,N Europe,EMEA,Ingrid Ferreira,ingrid.ferreira@meridiangl.com,D,0,Spot,2022-06-13,2022-06-13,9999-12-31,1,1,1144
CUS0872,Millbrook Farms Co.,BCO,Agriculture,National,,,JP,Japan,East Asia,APAC,Diego Kowalski,diego.kowalski@meridiangl.com,B,30,Spot,2017-10-11,2017-10-11,2024-07-30,0,1,1145
CUS0872,Millbrook Farms Co.,BCO,Agriculture,SME,,,JP,Japan,East Asia,APAC,Carlos Sharma,carlos.sharma@meridiangl.com,B,30,Spot,2017-10-11,2024-07-31,9999-12-31,1,2,1146
CUS0873,Foxrun Metals Corp,SME Direct,Metals,Mid-Market,CUS2085,Nightingale FMCG Group,IT,Italy,Mediterranean,EMEA,Sofia Ferreira,sofia.ferreira@meridiangl.com,C,30,Spot,2016-10-12,2016-10-12,9999-12-31,1,1,1147
CUS0874,Monsoon Textiles GmbH,BCO,Textiles,SME,,,TH,Thailand,SE Asia,APAC,Fatima Chen,fatima.chen@meridiangl.com,B,30,Spot,2019-05-07,2019-05-07,9999-12-31,1,1,1148
CUS0875,Sterling Motors Group,NVOCC,Automotive,Mid-Market,CUS2120,Granite Mercantile GmbH,US,United States,N America East,Americas,Fatima O'Brien,fatima.obrien@meridiangl.com,C,0,Named Account Tariff,2024-08-12,2024-08-12,9999-12-31,1,1,1149
CUS0876,Clearwater Mercantile Co.,NVOCC,Retail,National,,,NL,Netherlands,N Europe,EMEA,Diego Kowalski,diego.kowalski@meridiangl.com,B,15,Long-Term Contract,2018-04-18,2018-04-18,9999-12-31,1,1,1150
CUS0877,Equator Life Sciences Corp,3PL,Pharma,Mid-Market,CUS2278,Northgate Industrial Corp,AU,Australia,Oceania,ANZ,Hassan Silva,hassan.silva@meridiangl.com,A,30,Spot,2018-03-17,2018-03-17,9999-12-31,1,1,1151
CUS0878,Valleyforge Energy Ltd,Freight Forwarder,Energy,SME,CUS0255,Thornwell Motors S.A.,ES,Spain,Mediterranean,EMEA,Hassan Silva,hassan.silva@meridiangl.com,D,30,Spot,2019-05-12,2019-05-12,9999-12-31,1,1,1152
CUS0879,Monsoon Electronics Group,3PL,Electronics,SME,CUS2373,Vantage Life Sciences PLC,IT,Italy,Mediterranean,EMEA,Fatima O'Brien,fatima.obrien@meridiangl.com,B,30,Spot,2021-04-28,2021-04-28,9999-12-31,1,1,1153
CUS0880,Kestrel Industrial S.A.,3PL,Machinery,Mid-Market,,,US,United States,N America East,Americas,Diego Kowalski,diego.kowalski@meridiangl.com,B,30,Spot,2019-10-23,2019-10-23,9999-12-31,1,1,1154
CUS0881,Mosaic Textiles GmbH,BCO,Textiles,SME,,,NZ,New Zealand,Oceania,ANZ,Fatima Haddad,fatima.haddad@meridiangl.com,C,60,Named Account Tariff,2025-05-06,2025-05-06,9999-12-31,1,1,1155
CUS0882,Ironbridge Pharma Ltd,BCO,Pharma,Mid-Market,,,CN,China,East Asia,APAC,Yuki Kowalski,yuki.kowalski@meridiangl.com,C,0,Spot,2015-09-01,2015-09-01,9999-12-31,1,1,1156
CUS0883,Oakford Chemical Industries PLC,BCO,Chemicals,SME,,,MY,Malaysia,SE Asia,APAC,Ahmed Tanaka,ahmed.tanaka@meridiangl.com,D,0,Spot,2016-09-03,2016-09-03,9999-12-31,1,1,1157
CUS0884,Marlowe Alloys Pte Ltd,BCO,Metals,SME,,,NL,Netherlands,N Europe,EMEA,Yuki Ramirez,yuki.ramirez@meridiangl.com,C,30,Named Account Tariff,2017-03-24,2017-03-24,9999-12-31,1,1,1158
CUS0885,Redwood Alloys Inc,SME Direct,Metals,Mid-Market,CUS1502,Southwick Industrial Inc,TW,Taiwan,East Asia,APAC,Hassan Nguyen,hassan.nguyen@meridiangl.com,C,30,Named Account Tariff,2018-12-17,2018-12-17,9999-12-31,1,1,1159
CUS0886,Ironwood Pharma PLC,BCO,Pharma,Mid-Market,CUS1969,Southwick Textiles Co.,BE,Belgium,N Europe,EMEA,Hassan Silva,hassan.silva@meridiangl.com,B,45,Spot,2021-06-14,2021-06-14,9999-12-31,1,1,1160
CUS0887,Onyx Automotive Corp,BCO,Automotive,Mid-Market,,,MX,Mexico,LatAm West,Americas,Wei Silva,wei.silva@meridiangl.com,C,0,Named Account Tariff,2025-03-28,2025-03-28,9999-12-31,1,1,1161
CUS0888,Solstice Garments Holdings,BCO,Textiles,National,,,HK,Hong Kong,East Asia,APAC,Priya Ferreira,priya.ferreira@meridiangl.com,C,30,Long-Term Contract,2015-04-11,2015-04-11,2025-03-09,0,1,1162
CUS0888,Solstice Garments Holdings,BCO,Textiles,National,,,HK,Hong Kong,East Asia,APAC,Kenji Tanaka,kenji.tanaka@meridiangl.com,C,30,Long-Term Contract,2015-04-11,2025-03-10,9999-12-31,1,2,1163
CUS0889,Skyline Petrochemicals B.V.,Freight Forwarder,Energy,SME,CUS2085,Nightingale FMCG Group,AE,United Arab Emirates,Middle East,EMEA,Diego Kowalski,diego.kowalski@meridiangl.com,D,30,Long-Term Contract,2015-07-16,2015-07-16,2026-01-26,0,1,1164
CUS0889,Skyline Petrochemicals B.V.,Freight Forwarder,Energy,SME,CUS2085,Nightingale FMCG Group,AE,United Arab Emirates,Middle East,EMEA,Diego Kowalski,diego.kowalski@meridiangl.com,A,30,Named Account Tariff,2015-07-16,2026-01-27,9999-12-31,1,2,1165
CUS0890,Millbrook Energy Inc,SME Direct,Energy,National,,,CA,Canada,N America East,Americas,Ahmed Nguyen,ahmed.nguyen@meridiangl.com,B,60,Named Account Tariff,2024-02-11,2024-02-11,9999-12-31,1,1,1166
CUS0891,Millbrook Pharma Pte Ltd,BCO,Pharma,Mid-Market,,,US,United States,N America East,Americas,Kenji Tanaka,kenji.tanaka@meridiangl.com,C,15,Long-Term Contract,2016-07-13,2016-07-13,2018-05-05,0,1,1167
CUS0891,Millbrook Pharma Pte Ltd,BCO,Pharma,SME,,,US,United States,N America East,Americas,Sofia Larsson,sofia.larsson@meridiangl.com,D,15,Long-Term Contract,2016-07-13,2018-05-06,9999-12-31,1,2,1168
CUS0892,Greystone Semiconductor Group,3PL,Electronics,Mid-Market,,,TW,Taiwan,East Asia,APAC,Wei Silva,wei.silva@meridiangl.com,B,60,Named Account Tariff,2025-04-10,2025-04-10,2025-06-11,0,1,1169
CUS0892,Greystone Semiconductor Group,3PL,Electronics,Mid-Market,,,TW,Taiwan,East Asia,APAC,Wei Silva,wei.silva@meridiangl.com,B,60,Long-Term Contract,2025-04-10,2025-06-12,9999-12-31,1,2,1170
CUS0893,Valleyforge Auto Parts B.V.,BCO,Automotive,SME,,,MX,Mexico,LatAm West,Americas,Ahmed Nguyen,ahmed.nguyen@meridiangl.com,D,30,Spot,2018-01-18,2018-01-18,2020-04-07,0,1,1171
CUS0893,Valleyforge Auto Parts B.V.,BCO,Automotive,SME,,,MX,Mexico,LatAm West,Americas,Ahmed Nguyen,ahmed.nguyen@meridiangl.com,C,30,Spot,2018-01-18,2020-04-08,9999-12-31,1,2,1172
CUS0894,Palisade Engineering Inc,BCO,Machinery,Mid-Market,,,IN,India,South Asia,APAC,Yuki Torres,yuki.torres@meridiangl.com,A,45,Spot,2018-12-13,2018-12-13,9999-12-31,1,1,1173
CUS0895,Granite Engineering B.V.,BCO,Machinery,SME,,,DE,Germany,N Europe,EMEA,Diego Yamamoto,diego.yamamoto@meridiangl.com,C,30,Named Account Tariff,2023-01-05,2023-01-05,9999-12-31,1,1,1174
CUS0896,Palisade Engineering PLC,SME Direct,Machinery,SME,,,CN,China,East Asia,APAC,Kenji Tanaka,kenji.tanaka@meridiangl.com,C,15,Long-Term Contract,2017-06-18,2017-06-18,9999-12-31,1,1,1175
CUS0897,Oakford Engineering Group,3PL,Machinery,SME,CUS1029,Hillcrest Retail Inc,NZ,New Zealand,Oceania,ANZ,Elena O'Brien,elena.obrien@meridiangl.com,C,15,Spot,2020-02-12,2020-02-12,9999-12-31,1,1,1176
CUS0898,Thornwell Semiconductor Ltd,3PL,Electronics,Mid-Market,,,CA,Canada,N America East,Americas,Sofia Tanaka,sofia.tanaka@meridiangl.com,C,0,Named Account Tariff,2018-11-07,2018-11-07,9999-12-31,1,1,1177
CUS0899,Glenmoor Chemicals B.V.,BCO,Chemicals,Mid-Market,,,HK,Hong Kong,East Asia,APAC,Carlos Sharma,carlos.sharma@meridiangl.com,C,30,Spot,2023-12-22,2023-12-22,9999-12-31,1,1,1178
CUS0900,Kingswell Farms Pte Ltd,SME Direct,Agriculture,Mid-Market,,,VN,Vietnam,SE Asia,APAC,Raj Kim,raj.kim@meridiangl.com,B,15,Long-Term Contract,2021-06-23,2021-06-23,9999-12-31,1,1,1179
CUS0901,Aurora Alloys GmbH,SME Direct,Metals,Mid-Market,,,AE,United Arab Emirates,Middle East,EMEA,Ingrid Ferreira,ingrid.ferreira@meridiangl.com,D,15,Named Account Tariff,2016-05-28,2016-05-28,9999-12-31,1,1,1180
CUS0902,Vertex Semiconductor Group,NVOCC,Electronics,SME,CUS2709,Palisade Electronics S.A.,AE,United Arab Emirates,Middle East,EMEA,Ahmed Rossi,ahmed.rossi@meridiangl.com,D,30,Named Account Tariff,2020-07-27,2020-07-27,2025-11-11,0,1,1181
CUS0902,Vertex Semiconductor Group,NVOCC,Electronics,Mid-Market,CUS2709,Palisade Electronics S.A.,AE,United Arab Emirates,Middle East,EMEA,Sofia Ferreira,sofia.ferreira@meridiangl.com,C,30,Named Account Tariff,2020-07-27,2025-11-12,9999-12-31,1,2,1182
CUS0903,Quarrystone Pharmaceuticals GmbH,SME Direct,Pharma,Mid-Market,,,AE,United Arab Emirates,Middle East,EMEA,Ahmed Torres,ahmed.torres@meridiangl.com,D,15,Named Account Tariff,2015-04-15,2015-04-15,9999-12-31,1,1,1183
CUS0904,Juniper Energy Holdings,BCO,Energy,SME,,,MX,Mexico,LatAm West,Americas,Sofia Larsson,sofia.larsson@meridiangl.com,B,60,Named Account Tariff,2022-10-05,2022-10-05,2025-08-20,0,1,1184
CUS0904,Juniper Energy Holdings,BCO,Energy,Mid-Market,,,MX,Mexico,LatAm West,Americas,Sofia Larsson,sofia.larsson@meridiangl.com,B,60,Named Account Tariff,2022-10-05,2025-08-21,9999-12-31,1,2,1185
CUS0905,Monsoon Electronics B.V.,NVOCC,Electronics,Global Key Account,,,TW,Taiwan,East Asia,APAC,Yuki Torres,yuki.torres@meridiangl.com,C,15,Long-Term Contract,2024-05-16,2024-05-16,9999-12-31,1,1,1186
CUS0906,Junction Semiconductor PLC,NVOCC,Electronics,National,,,CN,China,East Asia,APAC,Raj Kim,raj.kim@meridiangl.com,B,30,Long-Term Contract,2020-08-14,2020-08-14,2023-11-28,0,1,1187
CUS0906,Junction Semiconductor PLC,NVOCC,Electronics,National,,,CN,China,East Asia,APAC,Sofia Ferreira,sofia.ferreira@meridiangl.com,B,30,Named Account Tariff,2020-08-14,2023-11-29,9999-12-31,1,2,1188
CUS0907,Juniper Electronics LLC,NVOCC,Electronics,SME,,,US,United States,N America East,Americas,Wei Silva,wei.silva@meridiangl.com,C,30,Spot,2022-04-11,2022-04-11,2022-11-05,0,1,1189
CUS0907,Juniper Electronics LLC,NVOCC,Electronics,Mid-Market,,,US,United States,N America East,Americas,Ahmed Rossi,ahmed.rossi@meridiangl.com,A,30,Named Account Tariff,2022-04-11,2022-11-06,9999-12-31,1,2,1190
CUS0908,Redwood Steel LLC,BCO,Metals,Mid-Market,,,ZA,South Africa,Africa,EMEA,Ahmed Torres,ahmed.torres@meridiangl.com,B,30,Named Account Tariff,2018-04-21,2018-04-21,2020-08-12,0,1,1191
CUS0908,Redwood Steel LLC,BCO,Metals,SME,,,ZA,South Africa,Africa,EMEA,Ahmed Torres,ahmed.torres@meridiangl.com,B,30,Named Account Tariff,2018-04-21,2020-08-13,9999-12-31,1,2,1192
CUS0909,Quarrystone Engineering Pte Ltd,NVOCC,Machinery,SME,CUS1393,Monsoon Chemical Industries GmbH,FR,France,N Europe,EMEA,Ahmed Rossi,ahmed.rossi@meridiangl.com,C,45,Spot,2021-04-29,2021-04-29,2022-05-27,0,1,1193
CUS0909,Quarrystone Engineering Pte Ltd,NVOCC,Machinery,Mid-Market,CUS1393,Monsoon Chemical Industries GmbH,FR,France,N Europe,EMEA,Priya O'Brien,priya.obrien@meridiangl.com,B,45,Spot,2021-04-29,2022-05-28,9999-12-31,1,2,1194
CUS0910,Southwick Machinery Pte Ltd,3PL,Machinery,Mid-Market,,,ZA,South Africa,Africa,EMEA,Diego Patel,diego.patel@meridiangl.com,D,30,Named Account Tariff,2021-10-02,2021-10-02,9999-12-31,1,1,1195
CUS0911,Ashgrove Garments Holdings,BCO,Textiles,SME,,,GB,United Kingdom,N Europe,EMEA,Fatima Chen,fatima.chen@meridiangl.com,D,0,Named Account Tariff,2025-03-04,2025-03-04,2025-07-19,0,1,1196
CUS0911,Ashgrove Garments Holdings,BCO,Textiles,Mid-Market,,,GB,United Kingdom,N Europe,EMEA,Fatima Chen,fatima.chen@meridiangl.com,A,0,Spot,2025-03-04,2025-07-20,9999-12-31,1,2,1197
CUS0912,Sentinel Agri-Foods GmbH,Freight Forwarder,Agriculture,Mid-Market,,,CA,Canada,N America East,Americas,Ahmed Rossi,ahmed.rossi@meridiangl.com,A,15,Long-Term Contract,2018-11-02,2018-11-02,2026-08-10,0,1,1198
CUS0912,Sentinel Agri-Foods GmbH,Freight Forwarder,Agriculture,Mid-Market,,,CA,Canada,N America East,Americas,Carlos Ferreira,carlos.ferreira@meridiangl.com,A,15,Long-Term Contract,2018-11-02,2026-08-11,9999-12-31,1,2,1199
CUS0913,Dockside Agro Pte Ltd,BCO,Agriculture,Mid-Market,,,TR,Turkey,Mediterranean,EMEA,Diego Kowalski,diego.kowalski@meridiangl.com,C,30,Named Account Tariff,2015-07-21,2015-07-21,9999-12-31,1,1,1200
CUS0914,Beacon Garments PLC,3PL,Textiles,Mid-Market,,,SA,Saudi Arabia,Middle East,EMEA,James Tanaka,james.tanaka@meridiangl.com,C,15,Long-Term Contract,2020-10-02,2020-10-02,9999-12-31,1,1,1201
CUS0915,Onyx Alloys S.A.,BCO,Metals,SME,,,BR,Brazil,LatAm East,Americas,Ahmed Torres,ahmed.torres@meridiangl.com,B,30,Named Account Tariff,2015-06-27,2015-06-27,9999-12-31,1,1,1202
CUS0916,Quarrystone Semiconductor Corp,Freight Forwarder,Electronics,SME,CUS2305,Marlowe Apparel Ltd,KR,South Korea,East Asia,APAC,Maria Sharma,maria.sharma@meridiangl.com,C,15,Named Account Tariff,2019-06-10,2019-06-10,2025-09-08,0,1,1203
CUS0916,Quarrystone Semiconductor Corp,Freight Forwarder,Electronics,Mid-Market,CUS2305,Marlowe Apparel Ltd,KR,South Korea,East Asia,APAC,Elena Berg,elena.berg@meridiangl.com,A,15,Spot,2019-06-10,2025-09-09,9999-12-31,1,2,1204
CUS0917,Junction Pharma Co.,Freight Forwarder,Pharma,Mid-Market,CUS1971,Thornwell Garments PLC,VN,Vietnam,SE Asia,APAC,Carlos Sharma,carlos.sharma@meridiangl.com,A,45,Long-Term Contract,2023-06-10,2023-06-10,2023-08-22,0,1,1205
CUS0917,Junction Pharma Co.,Freight Forwarder,Pharma,Mid-Market,CUS1971,Thornwell Garments PLC,VN,Vietnam,SE Asia,APAC,Carlos Sharma,carlos.sharma@meridiangl.com,A,45,Named Account Tariff,2023-06-10,2023-08-23,9999-12-31,1,2,1206
CUS0918,Ironwood Farms PLC,BCO,Agriculture,SME,,,NZ,New Zealand,Oceania,ANZ,Kenji Tanaka,kenji.tanaka@meridiangl.com,D,15,Spot,2019-02-07,2019-02-07,9999-12-31,1,1,1207
CUS0919,Thornwell Garments S.A.,NVOCC,Textiles,Mid-Market,,,JP,Japan,East Asia,APAC,Carlos Haddad,carlos.haddad@meridiangl.com,B,30,Spot,2021-05-14,2021-05-14,9999-12-31,1,1,1208
CUS0920,Zenith Farms Ltd,SME Direct,Agriculture,SME,,,HK,Hong Kong,East Asia,APAC,Hassan Nguyen,hassan.nguyen@meridiangl.com,C,0,Spot,2016-02-14,2016-02-14,9999-12-31,1,1,1209
CUS0921,Clearwater Auto Parts Ltd,BCO,Automotive,Mid-Market,,,US,United States,N America East,Americas,Ahmed Novak,ahmed.novak@meridiangl.com,C,15,Named Account Tariff,2017-07-10,2017-07-10,9999-12-31,1,1,1210
CUS0922,Northgate Electronics S.A.,SME Direct,Electronics,Mid-Market,,,MX,Mexico,LatAm West,Americas,Fatima Chen,fatima.chen@meridiangl.com,D,0,Spot,2017-06-05,2017-06-05,2019-12-06,0,1,1211
CUS0922,Northgate Electronics S.A.,SME Direct,Electronics,National,,,MX,Mexico,LatAm West,Americas,Elena Haddad,elena.haddad@meridiangl.com,C,0,Spot,2017-06-05,2019-12-07,9999-12-31,1,2,1212
CUS0923,Harborview Semiconductor Ltd,BCO,Electronics,Mid-Market,,,DE,Germany,N Europe,EMEA,Elena Haddad,elena.haddad@meridiangl.com,B,15,Spot,2021-05-08,2021-05-08,9999-12-31,1,1,1213
CUS0924,Oakford Trading GmbH,Freight Forwarder,Retail,Mid-Market,,,CL,Chile,LatAm West,Americas,Hassan Nguyen,hassan.nguyen@meridiangl.com,A,45,Long-Term Contract,2024-03-21,2024-03-21,2025-05-20,0,1,1214
CUS0924,Oakford Trading GmbH,Freight Forwarder,Retail,National,,,CL,Chile,LatAm West,Americas,Hassan Nguyen,hassan.nguyen@meridiangl.com,A,45,Long-Term Contract,2024-03-21,2025-05-21,2025-12-09,0,2,1215
CUS0924,Oakford Trading GmbH,Freight Forwarder,Retail,Mid-Market,,,CL,Chile,LatAm West,Americas,Hassan Nguyen,hassan.nguyen@meridiangl.com,C,45,Named Account Tariff,2024-03-21,2025-12-10,9999-12-31,1,3,1216
CUS0925,Harborview Motors LLC,Freight Forwarder,Automotive,Mid-Market,,,VN,Vietnam,SE Asia,APAC,Wei Tanaka,wei.tanaka@meridiangl.com,B,30,Spot,2022-12-11,2022-12-11,9999-12-31,1,1,1217
CUS0926,Glenmoor Petrochemicals LLC,NVOCC,Energy,SME,CUS0368,Kestrel Power PLC,SA,Saudi Arabia,Middle East,EMEA,Priya O'Brien,priya.obrien@meridiangl.com,A,0,Long-Term Contract,2019-05-28,2019-05-28,9999-12-31,1,1,1218
CUS0927,Palisade Agro LLC,SME Direct,Agriculture,Mid-Market,,,BE,Belgium,N Europe,EMEA,James Larsson,james.larsson@meridiangl.com,C,30,Named Account Tariff,2015-05-19,2015-05-19,9999-12-31,1,1,1219
CUS0928,Greystone Textiles Pte Ltd,SME Direct,Textiles,SME,CUS0580,Oakford Consumer Goods Group,DE,Germany,N Europe,EMEA,Wei Tanaka,wei.tanaka@meridiangl.com,D,0,Named Account Tariff,2022-02-17,2022-02-17,9999-12-31,1,1,1220
CUS0929,Millbrook Pharma Group,NVOCC,Pharma,SME,CUS2748,Fairhaven Garments Group,ZA,South Africa,Africa,EMEA,Sofia Larsson,sofia.larsson@meridiangl.com,C,30,Spot,2022-07-28,2022-07-28,2023-03-03,0,1,1221
CUS0929,Millbrook Pharma Group,NVOCC,Pharma,National,CUS2748,Fairhaven Garments Group,ZA,South Africa,Africa,EMEA,Elena Berg,elena.berg@meridiangl.com,A,30,Named Account Tariff,2022-07-28,2023-03-04,9999-12-31,1,2,1222
CUS0930,Zenith Electronics PLC,Freight Forwarder,Electronics,Mid-Market,,,AE,United Arab Emirates,Middle East,EMEA,Diego Patel,diego.patel@meridiangl.com,B,15,Spot,2016-11-05,2016-11-05,9999-12-31,1,1,1223
CUS0931,Clearwater FMCG Inc,SME Direct,FMCG,Global Key Account,,,CA,Canada,N America East,Americas,James Tanaka,james.tanaka@meridiangl.com,B,45,Long-Term Contract,2020-12-04,2020-12-04,9999-12-31,1,1,1224
CUS0932,Kestrel Pharmaceuticals B.V.,NVOCC,Pharma,Global Key Account,,,MY,Malaysia,SE Asia,APAC,James Larsson,james.larsson@meridiangl.com,A,30,Long-Term Contract,2017-12-22,2017-12-22,9999-12-31,1,1,1225
CUS0933,Nightingale Pharma Inc,NVOCC,Pharma,SME,,,AU,Australia,Oceania,ANZ,Anna Berg,anna.berg@meridiangl.com,C,0,Spot,2020-05-05,2020-05-05,2022-06-13,0,1,1226
CUS0933,Nightingale Pharma Inc,NVOCC,Pharma,SME,,,AU,Australia,Oceania,ANZ,Anna Berg,anna.berg@meridiangl.com,D,0,Long-Term Contract,2020-05-05,2022-06-14,9999-12-31,1,2,1227
CUS0934,Solstice Chemicals PLC,NVOCC,Chemicals,SME,CUS2399,Equator Foods GmbH,ID,Indonesia,SE Asia,APAC,Sofia Larsson,sofia.larsson@meridiangl.com,C,30,Spot,2015-01-30,2015-01-30,9999-12-31,1,1,1228
CUS0935,Lonestar Auto Parts Holdings,NVOCC,Automotive,Mid-Market,,,JP,Japan,East Asia,APAC,Elena Haddad,elena.haddad@meridiangl.com,B,30,Long-Term Contract,2026-02-12,2026-02-12,9999-12-31,1,1,1229
CUS0936,Foxrun Chemical Industries S.A.,SME Direct,Chemicals,Global Key Account,,,NZ,New Zealand,Oceania,ANZ,Ingrid O'Brien,ingrid.obrien@meridiangl.com,A,30,Long-Term Contract,2019-02-27,2019-02-27,9999-12-31,1,1,1230
CUS0937,Dockside Stores Ltd,NVOCC,Retail,SME,CUS0569,Ironbridge FMCG GmbH,ID,Indonesia,SE Asia,APAC,James Tanaka,james.tanaka@meridiangl.com,B,0,Spot,2015-05-03,2015-05-03,9999-12-31,1,1,1231
CUS0938,Solstice Energy Ltd,BCO,Energy,Mid-Market,,,ZA,South Africa,Africa,EMEA,Ahmed Rossi,ahmed.rossi@meridiangl.com,C,0,Named Account Tariff,2015-06-29,2015-06-29,9999-12-31,1,1,1232
CUS0939,Hillcrest Foods Ltd,NVOCC,FMCG,National,,,TR,Turkey,Mediterranean,EMEA,Grace Larsson,grace.larsson@meridiangl.com,D,15,Named Account Tariff,2018-11-29,2018-11-29,9999-12-31,1,1,1233
CUS0940,Palisade Trading LLC,3PL,Retail,Mid-Market,,,VN,Vietnam,SE Asia,APAC,Yuki O'Brien,yuki.obrien@meridiangl.com,C,15,Named Account Tariff,2020-04-24,2020-04-24,2025-04-22,0,1,1234
CUS0940,Palisade Trading LLC,3PL,Retail,National,,,VN,Vietnam,SE Asia,APAC,Maria Sharma,maria.sharma@meridiangl.com,A,15,Spot,2020-04-24,2025-04-23,9999-12-31,1,2,1235
CUS0941,Kestrel Motors LLC,NVOCC,Automotive,SME,,,FR,France,N Europe,EMEA,Diego Patel,diego.patel@meridiangl.com,B,60,Spot,2016-06-02,2016-06-02,9999-12-31,1,1,1236
CUS0942,Junction Foods Group,NVOCC,FMCG,Mid-Market,,,MX,Mexico,LatAm West,Americas,Elena O'Brien,elena.obrien@meridiangl.com,C,30,Long-Term Contract,2018-11-11,2018-11-11,9999-12-31,1,1,1237
CUS0943,Brightwater Technologies Ltd,BCO,Electronics,Mid-Market,,,AU,Australia,Oceania,ANZ,Fatima O'Brien,fatima.obrien@meridiangl.com,C,15,Long-Term Contract,2017-02-10,2017-02-10,9999-12-31,1,1,1238
CUS0944,Voyager FMCG PLC,BCO,FMCG,SME,CUS0384,Nova Machinery S.A.,NL,Netherlands,N Europe,EMEA,Maria Sharma,maria.sharma@meridiangl.com,C,30,Spot,2015-09-01,2015-09-01,2016-07-18,0,1,1239
CUS0944,Voyager FMCG PLC,BCO,FMCG,Mid-Market,CUS0384,Nova Machinery S.A.,NL,Netherlands,N Europe,EMEA,Ahmed Tanaka,ahmed.tanaka@meridiangl.com,D,30,Spot,2015-09-01,2016-07-19,9999-12-31,1,2,1240
CUS0945,Ashford Industrial LLC,3PL,Machinery,Mid-Market,,,IT,Italy,Mediterranean,EMEA,Fatima Haddad,fatima.haddad@meridiangl.com,B,45,Long-Term Contract,2015-09-04,2015-09-04,9999-12-31,1,1,1241
CUS0946,Everest Petrochemicals LLC,BCO,Energy,Mid-Market,,,TH,Thailand,SE Asia,APAC,Yuki Kowalski,yuki.kowalski@meridiangl.com,B,30,Spot,2020-10-31,2020-10-31,9999-12-31,1,1,1242
CUS0947,Palisade Machinery Pte Ltd,BCO,Machinery,Mid-Market,,,NZ,New Zealand,Oceania,ANZ,Sofia Larsson,sofia.larsson@meridiangl.com,B,60,Long-Term Contract,2015-09-13,2015-09-13,2017-07-20,0,1,1243
CUS0947,Palisade Machinery Pte Ltd,BCO,Machinery,Mid-Market,,,NZ,New Zealand,Oceania,ANZ,Carlos Haddad,carlos.haddad@meridiangl.com,D,60,Spot,2015-09-13,2017-07-21,9999-12-31,1,2,1244
CUS0948,Vertex Petrochemicals Holdings,BCO,Energy,SME,,,ZA,South Africa,Africa,EMEA,James Tanaka,james.tanaka@meridiangl.com,C,30,Named Account Tariff,2017-09-06,2017-09-06,9999-12-31,1,1,1245
CUS0949,Ashgrove Trading PLC,BCO,Retail,Mid-Market,,,NL,Netherlands,N Europe,EMEA,Grace Larsson,grace.larsson@meridiangl.com,D,0,Long-Term Contract,2026-01-23,2026-01-23,9999-12-31,1,1,1246
CUS0950,Granite Motors Group,NVOCC,Automotive,Mid-Market,,,HK,Hong Kong,East Asia,APAC,Fatima Chen,fatima.chen@meridiangl.com,B,0,Long-Term Contract,2025-05-21,2025-05-21,9999-12-31,1,1,1247
CUS0951,Beacon Steel LLC,3PL,Metals,SME,CUS1229,Northgate Agri-Foods Ltd,GB,United Kingdom,N Europe,EMEA,Maria Sharma,maria.sharma@meridiangl.com,C,30,Spot,2025-09-16,2025-09-16,9999-12-31,1,1,1248
CUS0952,Ironwood Motors Inc,SME Direct,Automotive,Mid-Market,,,VN,Vietnam,SE Asia,APAC,Priya O'Brien,priya.obrien@meridiangl.com,D,30,Spot,2024-06-09,2024-06-09,2024-10-26,0,1,1249
CUS0952,Ironwood Motors Inc,SME Direct,Automotive,National,,,VN,Vietnam,SE Asia,APAC,Fatima Haddad,fatima.haddad@meridiangl.com,C,30,Named Account Tariff,2024-06-09,2024-10-27,9999-12-31,1,2,1250
CUS0953,Aurora Agro LLC,BCO,Agriculture,SME,,,MY,Malaysia,SE Asia,APAC,Ingrid Osei,ingrid.osei@meridiangl.com,D,0,Long-Term Contract,2022-10-17,2022-10-17,2022-11-08,0,1,1251
CUS0953,Aurora Agro LLC,BCO,Agriculture,National,,,MY,Malaysia,SE Asia,APAC,Ingrid Osei,ingrid.osei@meridiangl.com,D,0,Long-Term Contract,2022-10-17,2022-11-09,9999-12-31,1,2,1252
CUS0954,Northgate Machinery Inc,NVOCC,Machinery,SME,,,IT,Italy,Mediterranean,EMEA,Fatima Chen,fatima.chen@meridiangl.com,C,60,Spot,2019-08-01,2019-08-01,9999-12-31,1,1,1253
CUS0955,Granite Alloys Corp,Freight Forwarder,Metals,Mid-Market,,,US,United States,N America East,Americas,James Tanaka,james.tanaka@meridiangl.com,C,15,Long-Term Contract,2020-03-17,2020-03-17,9999-12-31,1,1,1254
CUS0956,Wellspring Agri-Foods GmbH,SME Direct,Agriculture,SME,,,ZA,South Africa,Africa,EMEA,Ingrid Ferreira,ingrid.ferreira@meridiangl.com,C,30,Spot,2017-06-28,2017-06-28,9999-12-31,1,1,1255
CUS0957,Fairhaven Life Sciences Pte Ltd,BCO,Pharma,Mid-Market,,,SG,Singapore,SE Asia,APAC,Elena Tanaka,elena.tanaka@meridiangl.com,B,0,Spot,2024-08-16,2024-08-16,2024-09-09,0,1,1256
CUS0957,Fairhaven Life Sciences Pte Ltd,BCO,Pharma,National,,,SG,Singapore,SE Asia,APAC,Ahmed Tanaka,ahmed.tanaka@meridiangl.com,A,0,Named Account Tariff,2024-08-16,2024-09-10,9999-12-31,1,2,1257
CUS0958,Northgate Metals Inc,3PL,Metals,SME,,,HK,Hong Kong,East Asia,APAC,Diego Yamamoto,diego.yamamoto@meridiangl.com,A,60,Spot,2020-09-26,2020-09-26,9999-12-31,1,1,1258
CUS0959,Ivyhill Farms PLC,3PL,Agriculture,Mid-Market,,,MX,Mexico,LatAm West,Americas,Sofia Tanaka,sofia.tanaka@meridiangl.com,D,30,Long-Term Contract,2021-06-04,2021-06-04,9999-12-31,1,1,1259
CUS0960,Foxrun Foods B.V.,Freight Forwarder,FMCG,National,,,ES,Spain,Mediterranean,EMEA,Liam O'Brien,liam.obrien@meridiangl.com,C,30,Long-Term Contract,2020-12-06,2020-12-06,9999-12-31,1,1,1260
CUS0961,Redwood Pharmaceuticals PLC,BCO,Pharma,Mid-Market,CUS1327,Dockside Garments LLC,MX,Mexico,LatAm West,Americas,Carlos Sharma,carlos.sharma@meridiangl.com,D,15,Spot,2020-07-08,2020-07-08,9999-12-31,1,1,1261
CUS0962,Voyager Mercantile Corp,BCO,Retail,National,,,NZ,New Zealand,Oceania,ANZ,Priya Ferreira,priya.ferreira@meridiangl.com,A,15,Long-Term Contract,2017-10-11,2017-10-11,9999-12-31,1,1,1262
CUS0963,Cedarline Agro Group,3PL,Agriculture,Mid-Market,,,KR,South Korea,East Asia,APAC,Ingrid Ferreira,ingrid.ferreira@meridiangl.com,D,30,Named Account Tariff,2020-01-02,2020-01-02,9999-12-31,1,1,1263
CUS0964,Ridgemont Stores B.V.,3PL,Retail,SME,CUS1533,Westbrook Semiconductor GmbH,HK,Hong Kong,East Asia,APAC,Fatima Chen,fatima.chen@meridiangl.com,C,15,Named Account Tariff,2021-05-22,2021-05-22,2022-09-16,0,1,1264
CUS0964,Ridgemont Stores B.V.,3PL,Retail,National,CUS1533,Westbrook Semiconductor GmbH,HK,Hong Kong,East Asia,APAC,Fatima Chen,fatima.chen@meridiangl.com,C,15,Named Account Tariff,2021-05-22,2022-09-17,9999-12-31,1,2,1265
CUS0965,Ivyhill Machinery Pte Ltd,BCO,Machinery,SME,,,TR,Turkey,Mediterranean,EMEA,Raj Kim,raj.kim@meridiangl.com,C,45,Named Account Tariff,2019-01-15,2019-01-15,9999-12-31,1,1,1266
CUS0966,Brookline Motors Inc,NVOCC,Automotive,National,CUS0046,Deerfield Chemicals Inc,MX,Mexico,LatAm West,Americas,Liam O'Brien,liam.obrien@meridiangl.com,D,0,Spot,2019-11-23,2019-11-23,2025-04-27,0,1,1267
CUS0966,Brookline Motors Inc,NVOCC,Automotive,National,CUS0046,Deerfield Chemicals Inc,MX,Mexico,LatAm West,Americas,Ingrid Ferreira,ingrid.ferreira@meridiangl.com,D,0,Spot,2019-11-23,2025-04-28,9999-12-31,1,2,1268
CUS0967,Lakemoor Chemicals Inc,3PL,Chemicals,Mid-Market,,,NL,Netherlands,N Europe,EMEA,Wei Silva,wei.silva@meridiangl.com,A,45,Spot,2022-12-11,2022-12-11,9999-12-31,1,1,1269
CUS0968,Ironbridge Pharma Pte Ltd,BCO,Pharma,SME,,,NZ,New Zealand,Oceania,ANZ,Sofia Ferreira,sofia.ferreira@meridiangl.com,B,30,Spot,2021-02-07,2021-02-07,9999-12-31,1,1,1270
CUS0969,Monsoon Engineering Corp,SME Direct,Machinery,SME,CUS2092,Nova Steel B.V.,NZ,New Zealand,Oceania,ANZ,James Larsson,james.larsson@meridiangl.com,A,45,Spot,2016-11-18,2016-11-18,9999-12-31,1,1,1271
CUS0970,Kestrel Life Sciences Corp,Freight Forwarder,Pharma,Mid-Market,CUS1892,Harborview Electronics PLC,DE,Germany,N Europe,EMEA,Carlos Al-Farsi,carlos.al-farsi@meridiangl.com,B,45,Named Account Tariff,2018-02-24,2018-02-24,9999-12-31,1,1,1272
CUS0971,Granite Pharma LLC,3PL,Pharma,Mid-Market,,,TH,Thailand,SE Asia,APAC,Hassan Nguyen,hassan.nguyen@meridiangl.com,D,0,Spot,2017-05-12,2017-05-12,2020-03-22,0,1,1273
CUS0971,Granite Pharma LLC,3PL,Pharma,National,,,TH,Thailand,SE Asia,APAC,Fatima O'Brien,fatima.obrien@meridiangl.com,C,0,Named Account Tariff,2017-05-12,2020-03-23,9999-12-31,1,2,1274
CUS0972,Hillcrest Chemicals S.A.,BCO,Chemicals,National,,,KR,South Korea,East Asia,APAC,Elena Tanaka,elena.tanaka@meridiangl.com,B,45,Long-Term Contract,2016-05-15,2016-05-15,2021-11-11,0,1,1275
CUS0972,Hillcrest Chemicals S.A.,BCO,Chemicals,SME,,,KR,South Korea,East Asia,APAC,Diego Patel,diego.patel@meridiangl.com,A,45,Spot,2016-05-15,2021-11-12,9999-12-31,1,2,1276
CUS0973,Zenith Semiconductor LLC,BCO,Electronics,SME,,,BR,Brazil,LatAm East,Americas,James Tanaka,james.tanaka@meridiangl.com,C,45,Long-Term Contract,2016-11-13,2016-11-13,9999-12-31,1,1,1277
CUS0974,Northgate Apparel LLC,Freight Forwarder,Textiles,Mid-Market,,,VN,Vietnam,SE Asia,APAC,Elena Haddad,elena.haddad@meridiangl.com,C,30,Spot,2025-01-17,2025-01-17,9999-12-31,1,1,1278
CUS0975,Wellspring Auto Parts LLC,Freight Forwarder,Automotive,Mid-Market,,,GB,United Kingdom,N Europe,EMEA,Sofia Ferreira,sofia.ferreira@meridiangl.com,B,60,Long-Term Contract,2015-02-01,2015-02-01,2022-05-03,0,1,1279
CUS0975,Wellspring Auto Parts LLC,Freight Forwarder,Automotive,SME,,,GB,United Kingdom,N Europe,EMEA,Elena Berg,elena.berg@meridiangl.com,B,60,Long-Term Contract,2015-02-01,2022-05-04,9999-12-31,1,2,1280
CUS0976,Mosaic Semiconductor Ltd,BCO,Electronics,SME,,,IT,Italy,Mediterranean,EMEA,Grace Larsson,grace.larsson@meridiangl.com,B,45,Spot,2019-08-07,2019-08-07,9999-12-31,1,1,1281
CUS0977,Hillcrest Alloys Pte Ltd,NVOCC,Metals,Mid-Market,CUS1275,Millbrook Semiconductor LLC,TH,Thailand,SE Asia,APAC,Fatima O'Brien,fatima.obrien@meridiangl.com,C,15,Long-Term Contract,2018-12-04,2018-12-04,9999-12-31,1,1,1282
CUS0978,Ashford Automotive Ltd,SME Direct,Automotive,SME,,,GB,United Kingdom,N Europe,EMEA,Sofia Ferreira,sofia.ferreira@meridiangl.com,C,0,Spot,2021-02-25,2021-02-25,2022-03-28,0,1,1283
CUS0978,Ashford Automotive Ltd,SME Direct,Automotive,National,,,GB,United Kingdom,N Europe,EMEA,Ahmed Torres,ahmed.torres@meridiangl.com,B,0,Named Account Tariff,2021-02-25,2022-03-29,9999-12-31,1,2,1284
CUS0979,Elmfield Farms Inc,Freight Forwarder,Agriculture,SME,CUS2039,Skyline Steel Co.,SA,Saudi Arabia,Middle East,EMEA,Yuki Torres,yuki.torres@meridiangl.com,C,15,Spot,2016-03-06,2016-03-06,9999-12-31,1,1,1285
CUS0980,Vantage Engineering B.V.,Freight Forwarder,Machinery,National,,,HK,Hong Kong,East Asia,APAC,Priya O'Brien,priya.obrien@meridiangl.com,A,30,Long-Term Contract,2023-12-16,2023-12-16,9999-12-31,1,1,1286
CUS0981,Harborview Consumer Goods Co.,BCO,FMCG,SME,CUS0291,Vantage Engineering Pte Ltd,ZA,South Africa,Africa,EMEA,Sofia Ferreira,sofia.ferreira@meridiangl.com,D,15,Spot,2018-12-06,2018-12-06,9999-12-31,1,1,1287
CUS0982,Onyx Pharma S.A.,BCO,Pharma,Mid-Market,,,CA,Canada,N America East,Americas,Ahmed Novak,ahmed.novak@meridiangl.com,C,30,Named Account Tariff,2024-01-02,2024-01-02,2024-03-15,0,1,1288
CUS0982,Onyx Pharma S.A.,BCO,Pharma,Mid-Market,,,CA,Canada,N America East,Americas,Ahmed Rossi,ahmed.rossi@meridiangl.com,C,30,Named Account Tariff,2024-01-02,2024-03-16,9999-12-31,1,2,1289
CUS0983,Elmfield Textiles LLC,Freight Forwarder,Textiles,SME,,,BE,Belgium,N Europe,EMEA,Elena Tanaka,elena.tanaka@meridiangl.com,B,30,Spot,2021-09-24,2021-09-24,9999-12-31,1,1,1290
CUS0984,Millbrook FMCG LLC,NVOCC,FMCG,National,,,BE,Belgium,N Europe,EMEA,Priya O'Brien,priya.obrien@meridiangl.com,B,30,Long-Term Contract,2018-05-07,2018-05-07,9999-12-31,1,1,1291
CUS0985,Nova Auto Parts Corp,NVOCC,Automotive,SME,,,VN,Vietnam,SE Asia,APAC,Anna Berg,anna.berg@meridiangl.com,B,30,Spot,2021-08-29,2021-08-29,9999-12-31,1,1,1292
CUS0986,Junction Electronics Corp,BCO,Electronics,Mid-Market,CUS0255,Thornwell Motors S.A.,AE,United Arab Emirates,Middle East,EMEA,Ingrid Nguyen,ingrid.nguyen@meridiangl.com,C,60,Spot,2018-11-02,2018-11-02,9999-12-31,1,1,1293
CUS0987,Ashford Automotive PLC,SME Direct,Automotive,Mid-Market,,,CA,Canada,N America East,Americas,Grace Osei,grace.osei@meridiangl.com,C,15,Spot,2025-11-14,2025-11-14,9999-12-31,1,1,1294
CUS0988,Brookline Steel Holdings,NVOCC,Metals,Mid-Market,,,CL,Chile,LatAm West,Americas,Fatima Haddad,fatima.haddad@meridiangl.com,D,30,Long-Term Contract,2025-09-02,2025-09-02,9999-12-31,1,1,1295
CUS0989,Ashford Life Sciences Group,SME Direct,Pharma,Mid-Market,,,ES,Spain,Mediterranean,EMEA,Hassan Silva,hassan.silva@meridiangl.com,D,0,Long-Term Contract,2019-08-26,2019-08-26,9999-12-31,1,1,1296
CUS0990,Vantage Foods Inc,SME Direct,FMCG,SME,,,DE,Germany,N Europe,EMEA,Ahmed Novak,ahmed.novak@meridiangl.com,C,0,Spot,2026-01-15,2026-01-15,2026-01-28,0,1,1297
CUS0990,Vantage Foods Inc,SME Direct,FMCG,SME,,,DE,Germany,N Europe,EMEA,Elena Haddad,elena.haddad@meridiangl.com,D,0,Named Account Tariff,2026-01-15,2026-01-29,9999-12-31,1,2,1298
CUS0991,Oakford Semiconductor Ltd,BCO,Electronics,SME,,,SG,Singapore,SE Asia,APAC,Ahmed Torres,ahmed.torres@meridiangl.com,C,45,Spot,2018-07-23,2018-07-23,2019-05-08,0,1,1299
CUS0991,Oakford Semiconductor Ltd,BCO,Electronics,SME,,,SG,Singapore,SE Asia,APAC,Ahmed Torres,ahmed.torres@meridiangl.com,D,45,Long-Term Contract,2018-07-23,2019-05-09,9999-12-31,1,2,1300
CUS0992,Nightingale Petrochemicals Corp,BCO,Energy,National,,,AE,United Arab Emirates,Middle East,EMEA,Liam O'Brien,liam.obrien@meridiangl.com,C,30,Named Account Tariff,2019-12-11,2019-12-11,9999-12-31,1,1,1301
CUS0993,Harborview Electronics Holdings,3PL,Electronics,SME,CUS0548,Millbrook Energy Ltd,CN,China,East Asia,APAC,James Larsson,james.larsson@meridiangl.com,D,15,Long-Term Contract,2019-01-27,2019-01-27,2021-09-06,0,1,1302
CUS0993,Harborview Electronics Holdings,3PL,Electronics,Mid-Market,CUS0548,Millbrook Energy Ltd,CN,China,East Asia,APAC,Wei Tanaka,wei.tanaka@meridiangl.com,B,15,Named Account Tariff,2019-01-27,2021-09-07,9999-12-31,1,2,1303
CUS0994,Underhill Machinery LLC,3PL,Machinery,National,,,DE,Germany,N Europe,EMEA,Wei Silva,wei.silva@meridiangl.com,D,0,Long-Term Contract,2015-07-24,2015-07-24,9999-12-31,1,1,1304
CUS0995,Hillcrest Chemical Industries Corp,SME Direct,Chemicals,Mid-Market,,,TH,Thailand,SE Asia,APAC,Ahmed Novak,ahmed.novak@meridiangl.com,A,60,Named Account Tariff,2018-12-01,2018-12-01,9999-12-31,1,1,1305
CUS0996,Underhill Semiconductor GmbH,BCO,Electronics,Mid-Market,,,DE,Germany,N Europe,EMEA,Wei Silva,wei.silva@meridiangl.com,D,30,Named Account Tariff,2024-09-21,2024-09-21,9999-12-31,1,1,1306
CUS0997,Sentinel Motors S.A.,Freight Forwarder,Automotive,Mid-Market,,,NZ,New Zealand,Oceania,ANZ,Carlos Sharma,carlos.sharma@meridiangl.com,C,15,Spot,2018-10-01,2018-10-01,2021-07-06,0,1,1307
CUS0997,Sentinel Motors S.A.,Freight Forwarder,Automotive,Mid-Market,,,NZ,New Zealand,Oceania,ANZ,Carlos Ferreira,carlos.ferreira@meridiangl.com,B,15,Named Account Tariff,2018-10-01,2021-07-07,9999-12-31,1,2,1308
CUS0998,Equator Petrochemicals Ltd,3PL,Energy,Mid-Market,,,US,United States,N America East,Americas,Elena O'Brien,elena.obrien@meridiangl.com,D,15,Named Account Tariff,2016-04-09,2016-04-09,9999-12-31,1,1,1309
CUS0999,Thornwell Industrial Inc,SME Direct,Machinery,SME,CUS2748,Fairhaven Garments Group,HK,Hong Kong,East Asia,APAC,Yuki Kowalski,yuki.kowalski@meridiangl.com,D,0,Long-Term Contract,2015-03-03,2015-03-03,9999-12-31,1,1,1310
CUS1000,Lakemoor Alloys B.V.,3PL,Metals,SME,CUS1719,Nightingale Energy LLC,BR,Brazil,LatAm East,Americas,Elena O'Brien,elena.obrien@meridiangl.com,C,30,Spot,2026-05-05,2026-05-05,9999-12-31,1,1,1311
CUS1001,Junction Trading Holdings,SME Direct,Retail,Mid-Market,,,BR,Brazil,LatAm East,Americas,Ingrid Ferreira,ingrid.ferreira@meridiangl.com,B,30,Long-Term Contract,2017-11-28,2017-11-28,9999-12-31,1,1,1312
CUS1002,Harborview Machinery PLC,BCO,Machinery,National,,,SA,Saudi Arabia,Middle East,EMEA,Yuki Torres,yuki.torres@meridiangl.com,B,60,Long-Term Contract,2019-04-04,2019-04-04,9999-12-31,1,1,1313
CUS1003,Mosaic Stores S.A.,BCO,Retail,SME,,,IT,Italy,Mediterranean,EMEA,Kenji Tanaka,kenji.tanaka@meridiangl.com,C,45,Spot,2021-11-24,2021-11-24,9999-12-31,1,1,1314
CUS1004,Monsoon Automotive PLC,Freight Forwarder,Automotive,Mid-Market,,,BE,Belgium,N Europe,EMEA,Kenji Tanaka,kenji.tanaka@meridiangl.com,C,30,Named Account Tariff,2015-08-27,2015-08-27,2020-07-10,0,1,1315
CUS1004,Monsoon Automotive PLC,Freight Forwarder,Automotive,Mid-Market,,,BE,Belgium,N Europe,EMEA,Kenji Tanaka,kenji.tanaka@meridiangl.com,A,30,Named Account Tariff,2015-08-27,2020-07-11,9999-12-31,1,2,1316
CUS1005,Brookline Agro Group,BCO,Agriculture,SME,,,AE,United Arab Emirates,Middle East,EMEA,Carlos Haddad,carlos.haddad@meridiangl.com,C,30,Named Account Tariff,2022-03-07,2022-03-07,9999-12-31,1,1,1317
CUS1006,Harborview Agro Inc,BCO,Agriculture,National,,,TW,Taiwan,East Asia,APAC,Priya Ferreira,priya.ferreira@meridiangl.com,B,30,Spot,2015-09-30,2015-09-30,9999-12-31,1,1,1318
CUS1007,Millbrook Life Sciences B.V.,Freight Forwarder,Pharma,SME,,,AE,United Arab Emirates,Middle East,EMEA,Raj Kim,raj.kim@meridiangl.com,B,30,Named Account Tariff,2018-01-07,2018-01-07,9999-12-31,1,1,1319
CUS1008,Zenith Garments Group,SME Direct,Textiles,National,,,NZ,New Zealand,Oceania,ANZ,Diego Patel,diego.patel@meridiangl.com,B,30,Long-Term Contract,2019-03-01,2019-03-01,2026-07-25,0,1,1320
CUS1008,Zenith Garments Group,SME Direct,Textiles,SME,,,NZ,New Zealand,Oceania,ANZ,Diego Patel,diego.patel@meridiangl.com,C,30,Spot,2019-03-01,2026-07-26,9999-12-31,1,2,1321
CUS1009,Everest Auto Parts Inc,Freight Forwarder,Automotive,National,,,MX,Mexico,LatAm West,Americas,Diego Yamamoto,diego.yamamoto@meridiangl.com,C,30,Named Account Tariff,2016-09-05,2016-09-05,2025-12-16,0,1,1322
CUS1009,Everest Auto Parts Inc,Freight Forwarder,Automotive,National,,,MX,Mexico,LatAm West,Americas,Diego Yamamoto,diego.yamamoto@meridiangl.com,B,30,Long-Term Contract,2016-09-05,2025-12-17,9999-12-31,1,2,1323
CUS1010,Solstice Technologies Ltd,Freight Forwarder,Electronics,Mid-Market,,,ZA,South Africa,Africa,EMEA,Yuki Ramirez,yuki.ramirez@meridiangl.com,A,30,Named Account Tariff,2017-08-26,2017-08-26,2020-03-31,0,1,1324
CUS1010,Solstice Technologies Ltd,Freight Forwarder,Electronics,Mid-Market,,,ZA,South Africa,Africa,EMEA,Yuki Ramirez,yuki.ramirez@meridiangl.com,C,30,Named Account Tariff,2017-08-26,2020-04-01,9999-12-31,1,2,1325
CUS1011,Lonestar Foods PLC,BCO,FMCG,Mid-Market,,,SA,Saudi Arabia,Middle East,EMEA,Ahmed Novak,ahmed.novak@meridiangl.com,D,15,Long-Term Contract,2016-05-26,2016-05-26,9999-12-31,1,1,1326
CUS1012,Greystone Trading Pte Ltd,3PL,Retail,SME,,,US,United States,N America East,Americas,Diego Yamamoto,diego.yamamoto@meridiangl.com,C,30,Spot,2017-03-28,2017-03-28,2025-08-25,0,1,1327
CUS1012,Greystone Trading Pte Ltd,3PL,Retail,Mid-Market,,,US,United States,N America East,Americas,Ahmed Torres,ahmed.torres@meridiangl.com,D,30,Named Account Tariff,2017-03-28,2025-08-26,9999-12-31,1,2,1328
CUS1013,Nightingale Pharmaceuticals Holdings,BCO,Pharma,National,,,ZA,South Africa,Africa,EMEA,Sofia Larsson,sofia.larsson@meridiangl.com,A,60,Long-Term Contract,2016-02-06,2016-02-06,9999-12-31,1,1,1329
CUS1014,Millbrook Power Holdings,Freight Forwarder,Energy,Global Key Account,,,BE,Belgium,N Europe,EMEA,Ingrid Osei,ingrid.osei@meridiangl.com,A,60,Named Account Tariff,2017-05-03,2017-05-03,2020-04-03,0,1,1330
CUS1014,Millbrook Power Holdings,Freight Forwarder,Energy,Global Key Account,,,BE,Belgium,N Europe,EMEA,Ahmed Nguyen,ahmed.nguyen@meridiangl.com,D,60,Named Account Tariff,2017-05-03,2020-04-04,9999-12-31,1,2,1331
CUS1015,Millbrook Energy Co.,NVOCC,Energy,Mid-Market,,,SG,Singapore,SE Asia,APAC,Grace Osei,grace.osei@meridiangl.com,A,60,Spot,2017-07-25,2017-07-25,9999-12-31,1,1,1332
CUS1016,Marlowe Textiles LLC,Freight Forwarder,Textiles,National,,,ZA,South Africa,Africa,EMEA,Carlos Haddad,carlos.haddad@meridiangl.com,D,15,Spot,2019-05-07,2019-05-07,2021-02-09,0,1,1333
CUS1016,Marlowe Textiles LLC,Freight Forwarder,Textiles,Mid-Market,,,ZA,South Africa,Africa,EMEA,Hassan Nguyen,hassan.nguyen@meridiangl.com,B,15,Long-Term Contract,2019-05-07,2021-02-10,9999-12-31,1,2,1334
CUS1017,Ashgrove Auto Parts Pte Ltd,NVOCC,Automotive,Mid-Market,,,AU,Australia,Oceania,ANZ,Yuki Torres,yuki.torres@meridiangl.com,C,30,Named Account Tariff,2019-06-16,2019-06-16,9999-12-31,1,1,1335
CUS1018,Beacon Alloys Pte Ltd,BCO,Metals,SME,CUS2578,Dockside Power Ltd,AU,Australia,Oceania,ANZ,Grace Larsson,grace.larsson@meridiangl.com,C,30,Spot,2020-04-06,2020-04-06,9999-12-31,1,1,1336
CUS1019,Cedarline Automotive B.V.,NVOCC,Automotive,Mid-Market,,,DE,Germany,N Europe,EMEA,Ingrid O'Brien,ingrid.obrien@meridiangl.com,D,15,Named Account Tariff,2018-01-19,2018-01-19,9999-12-31,1,1,1337
CUS1020,Granite Machinery B.V.,Freight Forwarder,Machinery,National,,,CL,Chile,LatAm West,Americas,Carlos Haddad,carlos.haddad@meridiangl.com,A,60,Long-Term Contract,2015-03-29,2015-03-29,9999-12-31,1,1,1338
CUS1021,Nova Farms B.V.,NVOCC,Agriculture,National,CUS1656,Zenith Engineering Group,AE,United Arab Emirates,Middle East,EMEA,Ahmed Nguyen,ahmed.nguyen@meridiangl.com,C,30,Long-Term Contract,2022-10-21,2022-10-21,9999-12-31,1,1,1339
CUS1022,Sentinel Agri-Foods LLC,SME Direct,Agriculture,National,,,CA,Canada,N America East,Americas,Yuki Kowalski,yuki.kowalski@meridiangl.com,A,0,Long-Term Contract,2016-01-27,2016-01-27,9999-12-31,1,1,1340
CUS1023,Palisade Energy Co.,BCO,Energy,Mid-Market,,,AE,United Arab Emirates,Middle East,EMEA,Carlos Haddad,carlos.haddad@meridiangl.com,B,45,Spot,2018-10-17,2018-10-17,9999-12-31,1,1,1341
CUS1024,Underhill Semiconductor Pte Ltd,SME Direct,Electronics,Mid-Market,CUS1502,Southwick Industrial Inc,US,United States,N America East,Americas,Ahmed Torres,ahmed.torres@meridiangl.com,D,30,Spot,2016-10-12,2016-10-12,9999-12-31,1,1,1342
CUS1025,Westbrook Farms GmbH,SME Direct,Agriculture,SME,CUS2443,Glenmoor Automotive Ltd,NZ,New Zealand,Oceania,ANZ,Ingrid Nguyen,ingrid.nguyen@meridiangl.com,C,45,Spot,2017-04-10,2017-04-10,9999-12-31,1,1,1343
CUS1026,Marlowe Machinery B.V.,3PL,Machinery,Mid-Market,,,KR,South Korea,East Asia,APAC,Grace Osei,grace.osei@meridiangl.com,B,15,Named Account Tariff,2020-07-08,2020-07-08,9999-12-31,1,1,1344
CUS1027,Wellspring Consumer Goods S.A.,Freight Forwarder,FMCG,SME,CUS2672,Brightwater Trading Holdings,SA,Saudi Arabia,Middle East,EMEA,Maria Sharma,maria.sharma@meridiangl.com,D,30,Spot,2019-02-27,2019-02-27,9999-12-31,1,1,1345
CUS1028,Solstice Mercantile Co.,NVOCC,Retail,Mid-Market,,,SG,Singapore,SE Asia,APAC,Elena Tanaka,elena.tanaka@meridiangl.com,A,45,Spot,2018-02-25,2018-02-25,9999-12-31,1,1,1346
CUS1029,Hillcrest Retail Inc,BCO,Retail,Global Key Account,,,US,United States,N America East,Americas,Ingrid Osei,ingrid.osei@meridiangl.com,A,45,Long-Term Contract,2020-06-28,2020-06-28,9999-12-31,1,1,1347
CUS1030,Mosaic Alloys PLC,Freight Forwarder,Metals,Mid-Market,,,CN,China,East Asia,APAC,Sofia Tanaka,sofia.tanaka@meridiangl.com,B,30,Named Account Tariff,2019-02-26,2019-02-26,9999-12-31,1,1,1348
CUS1031,Redwood Pharma B.V.,NVOCC,Pharma,Mid-Market,CUS0801,Lakemoor Machinery GmbH,ZA,South Africa,Africa,EMEA,Sofia Ferreira,sofia.ferreira@meridiangl.com,C,30,Long-Term Contract,2020-05-10,2020-05-10,9999-12-31,1,1,1349
CUS1032,Solstice Textiles LLC,3PL,Textiles,National,,,US,United States,N America East,Americas,Diego Patel,diego.patel@meridiangl.com,C,0,Long-Term Contract,2017-02-14,2017-02-14,2024-11-20,0,1,1350
CUS1032,Solstice Textiles LLC,3PL,Textiles,National,,,US,United States,N America East,Americas,Anna Berg,anna.berg@meridiangl.com,C,0,Long-Term Contract,2017-02-14,2024-11-21,9999-12-31,1,2,1351
CUS1033,Cedarline Energy Corp,NVOCC,Energy,Mid-Market,,,CN,China,East Asia,APAC,Yuki Torres,yuki.torres@meridiangl.com,D,15,Spot,2015-04-05,2015-04-05,9999-12-31,1,1,1352
CUS1034,Northgate Energy GmbH,Freight Forwarder,Energy,SME,,,FR,France,N Europe,EMEA,Grace Larsson,grace.larsson@meridiangl.com,C,30,Named Account Tariff,2017-12-11,2017-12-11,9999-12-31,1,1,1353
CUS1035,Beacon Auto Parts GmbH,NVOCC,Automotive,Mid-Market,,,IT,Italy,Mediterranean,EMEA,Kenji Tanaka,kenji.tanaka@meridiangl.com,B,30,Spot,2024-09-29,2024-09-29,9999-12-31,1,1,1354
CUS1036,Dockside Farms Corp,BCO,Agriculture,National,CUS1327,Dockside Garments LLC,MX,Mexico,LatAm West,Americas,Carlos Sharma,carlos.sharma@meridiangl.com,B,30,Long-Term Contract,2020-02-19,2020-02-19,2025-07-24,0,1,1355
CUS1036,Dockside Farms Corp,BCO,Agriculture,SME,CUS1327,Dockside Garments LLC,MX,Mexico,LatAm West,Americas,Carlos Sharma,carlos.sharma@meridiangl.com,D,30,Long-Term Contract,2020-02-19,2025-07-25,9999-12-31,1,2,1356
CUS1037,Vantage Chemicals Holdings,Freight Forwarder,Chemicals,SME,,,CL,Chile,LatAm West,Americas,Yuki O'Brien,yuki.obrien@meridiangl.com,D,15,Spot,2017-04-28,2017-04-28,9999-12-31,1,1,1357
CUS1038,Quarrystone Chemicals B.V.,SME Direct,Chemicals,National,,,DE,Germany,N Europe,EMEA,Anna Berg,anna.berg@meridiangl.com,B,15,Long-Term Contract,2019-09-15,2019-09-15,2021-06-24,0,1,1358
CUS1038,Quarrystone Chemicals B.V.,SME Direct,Chemicals,SME,,,DE,Germany,N Europe,EMEA,Elena O'Brien,elena.obrien@meridiangl.com,B,15,Spot,2019-09-15,2021-06-25,9999-12-31,1,2,1359
CUS1039,Valleyforge Agro Ltd,NVOCC,Agriculture,Mid-Market,,,SG,Singapore,SE Asia,APAC,Hassan Silva,hassan.silva@meridiangl.com,C,45,Spot,2023-03-05,2023-03-05,2024-03-18,0,1,1360
CUS1039,Valleyforge Agro Ltd,NVOCC,Agriculture,SME,,,SG,Singapore,SE Asia,APAC,Carlos Haddad,carlos.haddad@meridiangl.com,A,45,Named Account Tariff,2023-03-05,2024-03-19,9999-12-31,1,2,1361
CUS1040,Vertex Pharma GmbH,SME Direct,Pharma,SME,,,TW,Taiwan,East Asia,APAC,Sofia Ferreira,sofia.ferreira@meridiangl.com,D,15,Spot,2020-02-13,2020-02-13,9999-12-31,1,1,1362
CUS1041,Palisade Chemical Industries Co.,SME Direct,Chemicals,National,CUS2862,Cobalt Petrochemicals S.A.,SA,Saudi Arabia,Middle East,EMEA,Grace Larsson,grace.larsson@meridiangl.com,B,30,Named Account Tariff,2018-04-20,2018-04-20,9999-12-31,1,1,1363
CUS1042,Brookline Consumer Goods B.V.,BCO,FMCG,SME,CUS2443,Glenmoor Automotive Ltd,KR,South Korea,East Asia,APAC,Carlos Sharma,carlos.sharma@meridiangl.com,C,15,Named Account Tariff,2020-08-03,2020-08-03,9999-12-31,1,1,1364
CUS1043,Skyline Garments Ltd,SME Direct,Textiles,Mid-Market,,,SA,Saudi Arabia,Middle East,EMEA,Elena O'Brien,elena.obrien@meridiangl.com,A,45,Named Account Tariff,2020-07-26,2020-07-26,2024-07-12,0,1,1365
CUS1043,Skyline Garments Ltd,SME Direct,Textiles,Mid-Market,,,SA,Saudi Arabia,Middle East,EMEA,Elena O'Brien,elena.obrien@meridiangl.com,B,45,Named Account Tariff,2020-07-26,2024-07-13,9999-12-31,1,2,1366
CUS1044,Equator Chemical Industries LLC,BCO,Chemicals,Mid-Market,CUS0532,Greystone Auto Parts B.V.,ZA,South Africa,Africa,EMEA,Ahmed Rossi,ahmed.rossi@meridiangl.com,C,30,Named Account Tariff,2020-03-05,2020-03-05,9999-12-31,1,1,1367
CUS1045,Voyager Energy PLC,BCO,Energy,Mid-Market,CUS2530,Eastridge Alloys Pte Ltd,MY,Malaysia,SE Asia,APAC,Yuki Torres,yuki.torres@meridiangl.com,B,60,Spot,2023-05-09,2023-05-09,2024-05-21,0,1,1368
CUS1045,Voyager Energy PLC,BCO,Energy,SME,CUS2530,Eastridge Alloys Pte Ltd,MY,Malaysia,SE Asia,APAC,Kenji Tanaka,kenji.tanaka@meridiangl.com,A,60,Long-Term Contract,2023-05-09,2024-05-22,9999-12-31,1,2,1369
CUS1046,Ashford Apparel Ltd,SME Direct,Textiles,Mid-Market,,,CL,Chile,LatAm West,Americas,Wei Silva,wei.silva@meridiangl.com,C,0,Spot,2025-06-21,2025-06-21,9999-12-31,1,1,1370
CUS1047,Voyager Chemical Industries PLC,BCO,Chemicals,Mid-Market,,,TW,Taiwan,East Asia,APAC,Anna Berg,anna.berg@meridiangl.com,A,30,Spot,2026-02-28,2026-02-28,2026-08-12,0,1,1371
CUS1047,Voyager Chemical Industries PLC,BCO,Chemicals,SME,,,TW,Taiwan,East Asia,APAC,Anna Berg,anna.berg@meridiangl.com,C,30,Spot,2026-02-28,2026-08-13,9999-12-31,1,2,1372
CUS1048,Granite Steel S.A.,NVOCC,Metals,Mid-Market,,,JP,Japan,East Asia,APAC,Elena Berg,elena.berg@meridiangl.com,D,30,Named Account Tariff,2016-01-01,2016-01-01,9999-12-31,1,1,1373
CUS1049,Beacon Machinery Corp,Freight Forwarder,Machinery,Mid-Market,,,KR,South Korea,East Asia,APAC,Priya O'Brien,priya.obrien@meridiangl.com,B,30,Spot,2017-04-04,2017-04-04,9999-12-31,1,1,1374
CUS1050,Glenmoor Farms Inc,Freight Forwarder,Agriculture,SME,,,ZA,South Africa,Africa,EMEA,Ingrid Nguyen,ingrid.nguyen@meridiangl.com,D,15,Named Account Tariff,2018-01-03,2018-01-03,9999-12-31,1,1,1375
CUS1051,Vertex Machinery PLC,BCO,Machinery,SME,,,MY,Malaysia,SE Asia,APAC,Diego Patel,diego.patel@meridiangl.com,D,15,Spot,2018-06-19,2018-06-19,9999-12-31,1,1,1376
CUS1052,Beacon Technologies Co.,BCO,Electronics,SME,CUS1898,Cobalt Pharma GmbH,FR,France,N Europe,EMEA,Diego Kowalski,diego.kowalski@meridiangl.com,C,30,Spot,2025-10-02,2025-10-02,2026-05-23,0,1,1377
CUS1052,Beacon Technologies Co.,BCO,Electronics,SME,CUS1898,Cobalt Pharma GmbH,FR,France,N Europe,EMEA,Diego Kowalski,diego.kowalski@meridiangl.com,D,30,Long-Term Contract,2025-10-02,2026-05-24,9999-12-31,1,2,1378
CUS1053,Aurora Electronics Group,3PL,Electronics,Mid-Market,,,NZ,New Zealand,Oceania,ANZ,James Tanaka,james.tanaka@meridiangl.com,D,30,Named Account Tariff,2017-06-06,2017-06-06,2018-12-25,0,1,1379
CUS1053,Aurora Electronics Group,3PL,Electronics,SME,,,NZ,New Zealand,Oceania,ANZ,Ahmed Nguyen,ahmed.nguyen@meridiangl.com,D,30,Long-Term Contract,2017-06-06,2018-12-26,9999-12-31,1,2,1380
CUS1054,Elmfield Foods Co.,BCO,FMCG,Mid-Market,,,ID,Indonesia,SE Asia,APAC,Sofia Tanaka,sofia.tanaka@meridiangl.com,B,15,Long-Term Contract,2021-09-05,2021-09-05,9999-12-31,1,1,1381
CUS1055,Ironbridge Life Sciences B.V.,BCO,Pharma,SME,,,US,United States,N America East,Americas,Fatima Chen,fatima.chen@meridiangl.com,C,15,Spot,2021-03-25,2021-03-25,9999-12-31,1,1,1382
CUS1056,Underhill Engineering Ltd,NVOCC,Machinery,Mid-Market,,,ES,Spain,Mediterranean,EMEA,Carlos Sharma,carlos.sharma@meridiangl.com,B,60,Spot,2024-01-07,2024-01-07,2025-09-26,0,1,1383
CUS1056,Underhill Engineering Ltd,NVOCC,Machinery,Mid-Market,,,ES,Spain,Mediterranean,EMEA,Carlos Sharma,carlos.sharma@meridiangl.com,C,60,Spot,2024-01-07,2025-09-27,9999-12-31,1,2,1384
CUS1057,Equator Power LLC,BCO,Energy,National,CUS0385,Everest Auto Parts PLC,NL,Netherlands,N Europe,EMEA,Carlos Ferreira,carlos.ferreira@meridiangl.com,B,60,Named Account Tariff,2016-07-13,2016-07-13,9999-12-31,1,1,1385
CUS1058,Monsoon Petrochemicals Inc,3PL,Energy,National,,,BE,Belgium,N Europe,EMEA,Elena Berg,elena.berg@meridiangl.com,C,0,Named Account Tariff,2017-03-25,2017-03-25,9999-12-31,1,1,1386
CUS1059,Southwick Foods Inc,3PL,FMCG,Mid-Market,,,KR,South Korea,East Asia,APAC,Ahmed Rossi,ahmed.rossi@meridiangl.com,C,15,Spot,2019-04-07,2019-04-07,9999-12-31,1,1,1387
CUS1060,Zenith Textiles B.V.,NVOCC,Textiles,SME,,,IN,India,South Asia,APAC,Raj Kim,raj.kim@meridiangl.com,C,15,Named Account Tariff,2020-12-11,2020-12-11,9999-12-31,1,1,1388
CUS1061,Junction Metals Pte Ltd,NVOCC,Metals,National,,,SG,Singapore,SE Asia,APAC,Priya O'Brien,priya.obrien@meridiangl.com,B,30,Long-Term Contract,2025-01-06,2025-01-06,9999-12-31,1,1,1389
CUS1062,Junction Garments LLC,BCO,Textiles,SME,,,GB,United Kingdom,N Europe,EMEA,Elena Tanaka,elena.tanaka@meridiangl.com,C,15,Spot,2015-03-15,2015-03-15,9999-12-31,1,1,1390
CUS1063,Solstice Auto Parts Inc,SME Direct,Automotive,SME,,,MY,Malaysia,SE Asia,APAC,Fatima Chen,fatima.chen@meridiangl.com,C,60,Spot,2016-07-02,2016-07-02,2019-04-02,0,1,1391
CUS1063,Solstice Auto Parts Inc,SME Direct,Automotive,SME,,,MY,Malaysia,SE Asia,APAC,Elena Haddad,elena.haddad@meridiangl.com,C,60,Spot,2016-07-02,2019-04-03,9999-12-31,1,2,1392
CUS1064,Junction Machinery Ltd,3PL,Machinery,National,,,KR,South Korea,East Asia,APAC,Grace Osei,grace.osei@meridiangl.com,B,15,Named Account Tariff,2015-10-07,2015-10-07,9999-12-31,1,1,1393
CUS1065,Kingswell Auto Parts PLC,BCO,Automotive,SME,,,ES,Spain,Mediterranean,EMEA,James Tanaka,james.tanaka@meridiangl.com,D,0,Named Account Tariff,2015-06-16,2015-06-16,9999-12-31,1,1,1394
CUS1066,Brookline Electronics Ltd,3PL,Electronics,SME,,,ID,Indonesia,SE Asia,APAC,Grace Larsson,grace.larsson@meridiangl.com,D,15,Named Account Tariff,2019-12-06,2019-12-06,2022-06-26,0,1,1395
CUS1066,Brookline Electronics Ltd,3PL,Electronics,SME,,,ID,Indonesia,SE Asia,APAC,Grace Larsson,grace.larsson@meridiangl.com,B,15,Long-Term Contract,2019-12-06,2022-06-27,9999-12-31,1,2,1396
CUS1067,Mosaic Garments Corp,Freight Forwarder,Textiles,Mid-Market,CUS0175,Oakford Consumer Goods Corp,SA,Saudi Arabia,Middle East,EMEA,Wei Silva,wei.silva@meridiangl.com,C,15,Named Account Tariff,2016-11-01,2016-11-01,9999-12-31,1,1,1397
CUS1068,Equator Machinery Holdings,BCO,Machinery,SME,CUS1894,Junction Foods Holdings,TW,Taiwan,East Asia,APAC,Priya O'Brien,priya.obrien@meridiangl.com,B,15,Spot,2025-07-12,2025-07-12,2025-08-04,0,1,1398
CUS1068,Equator Machinery Holdings,BCO,Machinery,SME,CUS1894,Junction Foods Holdings,TW,Taiwan,East Asia,APAC,Sofia Larsson,sofia.larsson@meridiangl.com,D,15,Long-Term Contract,2025-07-12,2025-08-05,9999-12-31,1,2,1399
CUS1069,Everest Power Co.,BCO,Energy,National,,,US,United States,N America East,Americas,Carlos Ferreira,carlos.ferreira@meridiangl.com,C,15,Spot,2016-01-01,2016-01-01,2025-04-27,0,1,1400
CUS1069,Everest Power Co.,BCO,Energy,National,,,US,United States,N America East,Americas,Ahmed Rossi,ahmed.rossi@meridiangl.com,C,15,Spot,2016-01-01,2025-04-28,9999-12-31,1,2,1401
CUS1070,Clearwater Steel Co.,Freight Forwarder,Metals,SME,CUS2378,Cobalt Machinery Co.,US,United States,N America East,Americas,Carlos Ferreira,carlos.ferreira@meridiangl.com,C,45,Named Account Tariff,2026-01-16,2026-01-16,9999-12-31,1,1,1402
CUS1071,Southwick Apparel Ltd,BCO,Textiles,National,,,CA,Canada,N America East,Americas,Elena Haddad,elena.haddad@meridiangl.com,D,30,Long-Term Contract,2015-07-21,2015-07-21,9999-12-31,1,1,1403
CUS1072,Marlowe Pharmaceuticals Pte Ltd,BCO,Pharma,SME,,,TR,Turkey,Mediterranean,EMEA,Carlos Sharma,carlos.sharma@meridiangl.com,B,30,Spot,2021-06-15,2021-06-15,2024-07-25,0,1,1404
CUS1072,Marlowe Pharmaceuticals Pte Ltd,BCO,Pharma,National,,,TR,Turkey,Mediterranean,EMEA,Carlos Sharma,carlos.sharma@meridiangl.com,B,30,Spot,2021-06-15,2024-07-26,9999-12-31,1,2,1405
CUS1073,Palisade Alloys GmbH,Freight Forwarder,Metals,National,,,JP,Japan,East Asia,APAC,Ingrid Nguyen,ingrid.nguyen@meridiangl.com,D,15,Named Account Tariff,2023-07-30,2023-07-30,9999-12-31,1,1,1406
CUS1074,Ironwood Life Sciences B.V.,BCO,Pharma,Global Key Account,,,ID,Indonesia,SE Asia,APAC,Anna Berg,anna.berg@meridiangl.com,A,30,Long-Term Contract,2020-09-12,2020-09-12,9999-12-31,1,1,1407
CUS1075,Brightwater Electronics LLC,SME Direct,Electronics,Mid-Market,,,KR,South Korea,East Asia,APAC,Ahmed Rossi,ahmed.rossi@meridiangl.com,C,30,Spot,2019-02-07,2019-02-07,2020-05-02,0,1,1408
CUS1075,Brightwater Electronics LLC,SME Direct,Electronics,National,,,KR,South Korea,East Asia,APAC,Diego Kowalski,diego.kowalski@meridiangl.com,D,30,Named Account Tariff,2019-02-07,2020-05-03,9999-12-31,1,2,1409
CUS1076,Oakford Energy PLC,BCO,Energy,Mid-Market,CUS3109,Cobalt Textiles Corp,TH,Thailand,SE Asia,APAC,Ingrid Nguyen,ingrid.nguyen@meridiangl.com,A,30,Spot,2017-04-27,2017-04-27,2023-10-16,0,1,1410
CUS1076,Oakford Energy PLC,BCO,Energy,Mid-Market,CUS3109,Cobalt Textiles Corp,TH,Thailand,SE Asia,APAC,Sofia Larsson,sofia.larsson@meridiangl.com,A,30,Long-Term Contract,2017-04-27,2023-10-17,9999-12-31,1,2,1411
CUS1077,Lakemoor Machinery Pte Ltd,Freight Forwarder,Machinery,SME,CUS2399,Equator Foods GmbH,US,United States,N America East,Americas,Kenji Tanaka,kenji.tanaka@meridiangl.com,C,30,Spot,2018-04-17,2018-04-17,9999-12-31,1,1,1412
CUS1078,Quarrystone Industrial B.V.,3PL,Machinery,SME,,,ES,Spain,Mediterranean,EMEA,Diego Yamamoto,diego.yamamoto@meridiangl.com,C,15,Named Account Tariff,2017-10-12,2017-10-12,9999-12-31,1,1,1413
CUS1079,Westbrook Retail S.A.,Freight Forwarder,Retail,SME,CUS0791,Hillcrest Engineering Group,BE,Belgium,N Europe,EMEA,Fatima Chen,fatima.chen@meridiangl.com,D,0,Spot,2016-11-23,2016-11-23,9999-12-31,1,1,1414
CUS1080,Solstice Chemical Industries Corp,Freight Forwarder,Chemicals,Mid-Market,CUS2748,Fairhaven Garments Group,GB,United Kingdom,N Europe,EMEA,Ingrid Tanaka,ingrid.tanaka@meridiangl.com,C,30,Long-Term Contract,2016-06-28,2016-06-28,9999-12-31,1,1,1415
CUS1081,Vertex Apparel Inc,BCO,Textiles,Mid-Market,,,HK,Hong Kong,East Asia,APAC,Diego Patel,diego.patel@meridiangl.com,D,0,Named Account Tariff,2015-07-14,2015-07-14,9999-12-31,1,1,1416
CUS1082,Vertex Automotive PLC,SME Direct,Automotive,Mid-Market,,,CN,China,East Asia,APAC,Grace Larsson,grace.larsson@meridiangl.com,C,0,Long-Term Contract,2018-11-01,2018-11-01,9999-12-31,1,1,1417
CUS1083,Thornwell Petrochemicals Corp,Freight Forwarder,Energy,National,,,BR,Brazil,LatAm East,Americas,Elena O'Brien,elena.obrien@meridiangl.com,B,15,Named Account Tariff,2019-10-22,2019-10-22,2022-01-18,0,1,1418
CUS1083,Thornwell Petrochemicals Corp,Freight Forwarder,Energy,National,,,BR,Brazil,LatAm East,Americas,Elena O'Brien,elena.obrien@meridiangl.com,B,15,Long-Term Contract,2019-10-22,2022-01-19,9999-12-31,1,2,1419
CUS1084,Eastridge Life Sciences PLC,SME Direct,Pharma,Mid-Market,,,IN,India,South Asia,APAC,Diego Yamamoto,diego.yamamoto@meridiangl.com,C,30,Named Account Tariff,2024-02-13,2024-02-13,9999-12-31,1,1,1420
CUS1085,Aurora Textiles S.A.,SME Direct,Textiles,Mid-Market,,,JP,Japan,East Asia,APAC,Ahmed Tanaka,ahmed.tanaka@meridiangl.com,C,30,Spot,2015-03-23,2015-03-23,9999-12-31,1,1,1421
CUS1086,Hillcrest Steel Co.,BCO,Metals,SME,CUS0016,Brightwater Pharma Pte Ltd,ID,Indonesia,SE Asia,APAC,Elena O'Brien,elena.obrien@meridiangl.com,B,30,Spot,2017-06-26,2017-06-26,9999-12-31,1,1,1422
CUS1087,Junction Pharma GmbH,BCO,Pharma,SME,,,IN,India,South Asia,APAC,Elena Haddad,elena.haddad@meridiangl.com,C,30,Named Account Tariff,2023-02-27,2023-02-27,9999-12-31,1,1,1423
CUS1088,Kingswell Mercantile Group,SME Direct,Retail,Mid-Market,,,MX,Mexico,LatAm West,Americas,Hassan Nguyen,hassan.nguyen@meridiangl.com,D,0,Long-Term Contract,2020-10-09,2020-10-09,9999-12-31,1,1,1424
CUS1089,Wellspring Alloys Co.,SME Direct,Metals,Mid-Market,,,VN,Vietnam,SE Asia,APAC,Diego Patel,diego.patel@meridiangl.com,B,30,Spot,2015-01-28,2015-01-28,2017-10-18,0,1,1425
CUS1089,Wellspring Alloys Co.,SME Direct,Metals,SME,,,VN,Vietnam,SE Asia,APAC,Ingrid O'Brien,ingrid.obrien@meridiangl.com,A,30,Long-Term Contract,2015-01-28,2017-10-19,9999-12-31,1,2,1426
CUS1090,Everest Pharmaceuticals Group,BCO,Pharma,SME,,,CL,Chile,LatAm West,Americas,Ahmed Tanaka,ahmed.tanaka@meridiangl.com,C,30,Named Account Tariff,2019-08-03,2019-08-03,9999-12-31,1,1,1427
CUS1091,Hillcrest Petrochemicals Co.,3PL,Energy,SME,,,GB,United Kingdom,N Europe,EMEA,Carlos Sharma,carlos.sharma@meridiangl.com,C,15,Spot,2019-06-14,2019-06-14,2025-01-04,0,1,1428
CUS1091,Hillcrest Petrochemicals Co.,3PL,Energy,SME,,,GB,United Kingdom,N Europe,EMEA,Carlos Sharma,carlos.sharma@meridiangl.com,A,15,Spot,2019-06-14,2025-01-05,9999-12-31,1,2,1429
CUS1092,Kingswell Semiconductor Corp,BCO,Electronics,Mid-Market,,,BR,Brazil,LatAm East,Americas,Liam O'Brien,liam.obrien@meridiangl.com,B,30,Spot,2020-08-30,2020-08-30,9999-12-31,1,1,1430
CUS1093,Ironwood Steel Ltd,BCO,Metals,SME,,,ID,Indonesia,SE Asia,APAC,Ingrid Nguyen,ingrid.nguyen@meridiangl.com,C,15,Named Account Tariff,2018-08-21,2018-08-21,9999-12-31,1,1,1431
CUS1094,Oakford Steel Inc,BCO,Metals,SME,,,BE,Belgium,N Europe,EMEA,Ahmed Nguyen,ahmed.nguyen@meridiangl.com,C,15,Spot,2015-01-25,2015-01-25,9999-12-31,1,1,1432
CUS1095,Skyline Engineering Co.,3PL,Machinery,SME,,,VN,Vietnam,SE Asia,APAC,Diego Yamamoto,diego.yamamoto@meridiangl.com,D,30,Spot,2015-09-07,2015-09-07,9999-12-31,1,1,1433
CUS1096,Ridgemont Mercantile Ltd,3PL,Retail,National,,,VN,Vietnam,SE Asia,APAC,Ahmed Rossi,ahmed.rossi@meridiangl.com,B,30,Named Account Tariff,2015-01-07,2015-01-07,2025-02-02,0,1,1434
CUS1096,Ridgemont Mercantile Ltd,3PL,Retail,Mid-Market,,,VN,Vietnam,SE Asia,APAC,Carlos Al-Farsi,carlos.al-farsi@meridiangl.com,A,30,Long-Term Contract,2015-01-07,2025-02-03,9999-12-31,1,2,1435
CUS1097,Greystone Engineering Group,NVOCC,Machinery,Mid-Market,,,NL,Netherlands,N Europe,EMEA,Hassan Silva,hassan.silva@meridiangl.com,A,60,Named Account Tariff,2016-01-31,2016-01-31,9999-12-31,1,1,1436
CUS1098,Greystone Chemicals LLC,SME Direct,Chemicals,Mid-Market,CUS2461,Skyline Motors PLC,SA,Saudi Arabia,Middle East,EMEA,Elena Tanaka,elena.tanaka@meridiangl.com,D,0,Spot,2020-01-09,2020-01-09,9999-12-31,1,1,1437
CUS1099,Deerfield Automotive LLC,Freight Forwarder,Automotive,SME,,,ID,Indonesia,SE Asia,APAC,Grace Larsson,grace.larsson@meridiangl.com,C,60,Named Account Tariff,2020-03-22,2020-03-22,9999-12-31,1,1,1438
CUS1100,Elmfield Industrial Co.,SME Direct,Machinery,Global Key Account,,,HK,Hong Kong,East Asia,APAC,Hassan Nguyen,hassan.nguyen@meridiangl.com,C,30,Long-Term Contract,2022-02-17,2022-02-17,9999-12-31,1,1,1439
CUS1101,Kestrel Machinery Holdings,BCO,Machinery,Mid-Market,,,IT,Italy,Mediterranean,EMEA,Ahmed Torres,ahmed.torres@meridiangl.com,C,45,Spot,2018-04-26,2018-04-26,9999-12-31,1,1,1440
CUS1102,Brookline Industrial Ltd,Freight Forwarder,Machinery,Mid-Market,,,NL,Netherlands,N Europe,EMEA,Ingrid O'Brien,ingrid.obrien@meridiangl.com,D,0,Spot,2020-07-21,2020-07-21,2021-10-24,0,1,1441
CUS1102,Brookline Industrial Ltd,Freight Forwarder,Machinery,National,,,NL,Netherlands,N Europe,EMEA,Ingrid O'Brien,ingrid.obrien@meridiangl.com,D,0,Long-Term Contract,2020-07-21,2021-10-25,9999-12-31,1,2,1442
CUS1103,Fairhaven Foods B.V.,BCO,FMCG,SME,,,MY,Malaysia,SE Asia,APAC,Anna Berg,anna.berg@meridiangl.com,C,15,Named Account Tariff,2020-07-31,2020-07-31,9999-12-31,1,1,1443
CUS1104,Cedarline Textiles LLC,Freight Forwarder,Textiles,Global Key Account,,,TR,Turkey,Mediterranean,EMEA,Yuki Kowalski,yuki.kowalski@meridiangl.com,A,45,Long-Term Contract,2020-12-30,2020-12-30,2025-10-26,0,1,1444
CUS1104,Cedarline Textiles LLC,Freight Forwarder,Textiles,Global Key Account,,,TR,Turkey,Mediterranean,EMEA,Yuki Kowalski,yuki.kowalski@meridiangl.com,C,45,Long-Term Contract,2020-12-30,2025-10-27,9999-12-31,1,2,1445
CUS1105,Kestrel Auto Parts LLC,NVOCC,Automotive,Mid-Market,,,SG,Singapore,SE Asia,APAC,Carlos Ferreira,carlos.ferreira@meridiangl.com,B,15,Spot,2015-08-06,2015-08-06,9999-12-31,1,1,1446
CUS1106,Foxrun Machinery GmbH,NVOCC,Machinery,Mid-Market,CUS1904,Nova Industrial Holdings,CA,Canada,N America East,Americas,Anna Berg,anna.berg@meridiangl.com,C,30,Spot,2015-11-11,2015-11-11,9999-12-31,1,1,1447
CUS1107,Ivyhill Life Sciences Ltd,BCO,Pharma,National,,,FR,France,N Europe,EMEA,Elena Berg,elena.berg@meridiangl.com,D,15,Long-Term Contract,2015-12-16,2015-12-16,9999-12-31,1,1,1448
CUS1108,Vantage Agro S.A.,BCO,Agriculture,SME,,,ZA,South Africa,Africa,EMEA,Hassan Nguyen,hassan.nguyen@meridiangl.com,D,0,Spot,2015-03-13,2015-03-13,2019-11-24,0,1,1449
CUS1108,Vantage Agro S.A.,BCO,Agriculture,Mid-Market,,,ZA,South Africa,Africa,EMEA,Hassan Nguyen,hassan.nguyen@meridiangl.com,A,0,Long-Term Contract,2015-03-13,2019-11-25,9999-12-31,1,2,1450
CUS1109,Voyager Semiconductor Group,BCO,Electronics,National,,,JP,Japan,East Asia,APAC,Priya O'Brien,priya.obrien@meridiangl.com,A,60,Named Account Tariff,2022-06-02,2022-06-02,9999-12-31,1,1,1451
CUS1110,Clearwater Foods Group,BCO,FMCG,Mid-Market,CUS2828,Westbrook Life Sciences Pte Ltd,ZA,South Africa,Africa,EMEA,Elena O'Brien,elena.obrien@meridiangl.com,A,15,Named Account Tariff,2016-03-07,2016-03-07,9999-12-31,1,1,1452
CUS1111,Elmfield Life Sciences Corp,NVOCC,Pharma,Mid-Market,,,KR,South Korea,East Asia,APAC,Priya Ferreira,priya.ferreira@meridiangl.com,B,0,Named Account Tariff,2020-02-12,2020-02-12,9999-12-31,1,1,1453
CUS1112,Ashford Garments LLC,NVOCC,Textiles,Mid-Market,,,SA,Saudi Arabia,Middle East,EMEA,Elena Haddad,elena.haddad@meridiangl.com,A,45,Spot,2020-11-07,2020-11-07,2021-06-26,0,1,1454
CUS1112,Ashford Garments LLC,NVOCC,Textiles,National,,,SA,Saudi Arabia,Middle East,EMEA,Elena Haddad,elena.haddad@meridiangl.com,A,45,Long-Term Contract,2020-11-07,2021-06-27,9999-12-31,1,2,1455
CUS1113,Lonestar Semiconductor Ltd,Freight Forwarder,Electronics,Mid-Market,,,BR,Brazil,LatAm East,Americas,Elena Haddad,elena.haddad@meridiangl.com,B,15,Spot,2024-06-10,2024-06-10,9999-12-31,1,1,1456
CUS1114,Fairhaven Technologies PLC,NVOCC,Electronics,National,,,BE,Belgium,N Europe,EMEA,Liam O'Brien,liam.obrien@meridiangl.com,B,60,Long-Term Contract,2020-12-12,2020-12-12,9999-12-31,1,1,1457
CUS1115,Skyline Life Sciences Co.,BCO,Pharma,Mid-Market,,,BR,Brazil,LatAm East,Americas,Yuki Torres,yuki.torres@meridiangl.com,C,15,Spot,2020-04-20,2020-04-20,9999-12-31,1,1,1458
CUS1116,Quarrystone Electronics Group,SME Direct,Electronics,Mid-Market,,,VN,Vietnam,SE Asia,APAC,Ahmed Torres,ahmed.torres@meridiangl.com,B,15,Spot,2015-03-11,2015-03-11,9999-12-31,1,1,1459
CUS1117,Nightingale Pharma GmbH,Freight Forwarder,Pharma,Mid-Market,,,ZA,South Africa,Africa,EMEA,Ahmed Nguyen,ahmed.nguyen@meridiangl.com,C,30,Spot,2023-08-11,2023-08-11,9999-12-31,1,1,1460
CUS1118,Marlowe Pharmaceuticals Group,SME Direct,Pharma,Mid-Market,CUS0865,Ashgrove Technologies Ltd,SA,Saudi Arabia,Middle East,EMEA,Maria Sharma,maria.sharma@meridiangl.com,D,30,Spot,2020-12-24,2020-12-24,2022-08-29,0,1,1461
CUS1118,Marlowe Pharmaceuticals Group,SME Direct,Pharma,SME,CUS0865,Ashgrove Technologies Ltd,SA,Saudi Arabia,Middle East,EMEA,Elena Haddad,elena.haddad@meridiangl.com,D,30,Spot,2020-12-24,2022-08-30,9999-12-31,1,2,1462
CUS1119,Ivyhill Power LLC,3PL,Energy,Mid-Market,,,IT,Italy,Mediterranean,EMEA,James Larsson,james.larsson@meridiangl.com,C,30,Long-Term Contract,2017-09-19,2017-09-19,2021-03-05,0,1,1463
CUS1119,Ivyhill Power LLC,3PL,Energy,National,,,IT,Italy,Mediterranean,EMEA,James Larsson,james.larsson@meridiangl.com,C,30,Long-Term Contract,2017-09-19,2021-03-06,9999-12-31,1,2,1464
CUS1120,Nightingale Chemicals PLC,BCO,Chemicals,National,,,BE,Belgium,N Europe,EMEA,Fatima Tanaka,fatima.tanaka@meridiangl.com,B,45,Spot,2026-03-04,2026-03-04,9999-12-31,1,1,1465
CUS1121,Monsoon Textiles Pte Ltd,BCO,Textiles,Mid-Market,,,ES,Spain,Mediterranean,EMEA,Fatima Tanaka,fatima.tanaka@meridiangl.com,C,30,Long-Term Contract,2019-06-20,2019-06-20,9999-12-31,1,1,1466
CUS1122,Sentinel Trading Pte Ltd,BCO,Retail,Mid-Market,,,IN,India,South Asia,APAC,Sofia Ferreira,sofia.ferreira@meridiangl.com,B,45,Named Account Tariff,2024-01-04,2024-01-04,2025-03-30,0,1,1467
CUS1122,Sentinel Trading Pte Ltd,BCO,Retail,National,,,IN,India,South Asia,APAC,Elena O'Brien,elena.obrien@meridiangl.com,A,45,Long-Term Contract,2024-01-04,2025-03-31,9999-12-31,1,2,1468
CUS1123,Ashgrove FMCG Ltd,BCO,FMCG,Mid-Market,CUS2378,Cobalt Machinery Co.,ZA,South Africa,Africa,EMEA,Priya O'Brien,priya.obrien@meridiangl.com,C,45,Named Account Tariff,2019-01-10,2019-01-10,2025-07-19,0,1,1469
CUS1123,Ashgrove FMCG Ltd,BCO,FMCG,Mid-Market,CUS2378,Cobalt Machinery Co.,ZA,South Africa,Africa,EMEA,Maria Sharma,maria.sharma@meridiangl.com,B,45,Named Account Tariff,2019-01-10,2025-07-20,9999-12-31,1,2,1470
CUS1124,Northgate Pharma B.V.,BCO,Pharma,SME,CUS0111,Cobalt Consumer Goods GmbH,HK,Hong Kong,East Asia,APAC,Liam O'Brien,liam.obrien@meridiangl.com,C,30,Long-Term Contract,2018-01-12,2018-01-12,9999-12-31,1,1,1471
CUS1125,Glenmoor Semiconductor Inc,3PL,Electronics,National,,,MY,Malaysia,SE Asia,APAC,Maria Sharma,maria.sharma@meridiangl.com,C,60,Long-Term Contract,2018-07-30,2018-07-30,9999-12-31,1,1,1472
CUS1126,Skyline Semiconductor Group,NVOCC,Electronics,SME,CUS1186,Ridgemont Technologies S.A.,TW,Taiwan,East Asia,APAC,Raj Kim,raj.kim@meridiangl.com,C,0,Spot,2015-12-09,2015-12-09,9999-12-31,1,1,1473
CUS1127,Elmfield Semiconductor Group,NVOCC,Electronics,Mid-Market,CUS2983,Junction Apparel Holdings,HK,Hong Kong,East Asia,APAC,Carlos Al-Farsi,carlos.al-farsi@meridiangl.com,C,0,Named Account Tariff,2020-05-31,2020-05-31,9999-12-31,1,1,1474
CUS1128,Millbrook Electronics Holdings,NVOCC,Electronics,Mid-Market,,,JP,Japan,East Asia,APAC,Ahmed Rossi,ahmed.rossi@meridiangl.com,D,0,Spot,2024-10-03,2024-10-03,9999-12-31,1,1,1475
CUS1129,Ironwood Garments Holdings,BCO,Textiles,National,,,DE,Germany,N Europe,EMEA,Sofia Larsson,sofia.larsson@meridiangl.com,A,45,Spot,2019-04-07,2019-04-07,9999-12-31,1,1,1476
CUS1130,Skyline Power B.V.,BCO,Energy,Mid-Market,CUS2315,Harborview Trading Inc,IN,India,South Asia,APAC,Ingrid Nguyen,ingrid.nguyen@meridiangl.com,B,30,Spot,2018-10-06,2018-10-06,2020-06-05,0,1,1477
CUS1130,Skyline Power B.V.,BCO,Energy,National,CUS2315,Harborview Trading Inc,IN,India,South Asia,APAC,James Tanaka,james.tanaka@meridiangl.com,D,30,Named Account Tariff,2018-10-06,2020-06-06,9999-12-31,1,2,1478
CUS1131,Brookline Motors Group,BCO,Automotive,Mid-Market,,,BE,Belgium,N Europe,EMEA,Elena Tanaka,elena.tanaka@meridiangl.com,C,30,Spot,2020-05-02,2020-05-02,2021-08-12,0,1,1479
CUS1131,Brookline Motors Group,BCO,Automotive,National,,,BE,Belgium,N Europe,EMEA,Liam O'Brien,liam.obrien@meridiangl.com,C,30,Spot,2020-05-02,2021-08-13,2021-10-09,0,2,1480
CUS1131,Brookline Motors Group,BCO,Automotive,SME,,,BE,Belgium,N Europe,EMEA,Grace Larsson,grace.larsson@meridiangl.com,D,30,Long-Term Contract,2020-05-02,2021-10-10,9999-12-31,1,3,1481
CUS1132,Ashgrove Engineering Ltd,SME Direct,Machinery,National,,,MX,Mexico,LatAm West,Americas,Ingrid Nguyen,ingrid.nguyen@meridiangl.com,C,0,Named Account Tariff,2022-02-27,2022-02-27,9999-12-31,1,1,1482
CUS1133,Ashford Chemical Industries LLC,BCO,Chemicals,National,,,MY,Malaysia,SE Asia,APAC,Ahmed Nguyen,ahmed.nguyen@meridiangl.com,B,45,Named Account Tariff,2018-10-02,2018-10-02,9999-12-31,1,1,1483
CUS1134,Marlowe Life Sciences Pte Ltd,SME Direct,Pharma,SME,,,SG,Singapore,SE Asia,APAC,Yuki O'Brien,yuki.obrien@meridiangl.com,B,30,Named Account Tariff,2021-09-11,2021-09-11,9999-12-31,1,1,1484
CUS1135,Nightingale Consumer Goods B.V.,BCO,FMCG,Mid-Market,CUS1648,Vertex Alloys Corp,ZA,South Africa,Africa,EMEA,Sofia Larsson,sofia.larsson@meridiangl.com,B,60,Named Account Tariff,2019-07-15,2019-07-15,9999-12-31,1,1,1485
CUS1136,Sentinel Garments Co.,SME Direct,Textiles,National,,,ES,Spain,Mediterranean,EMEA,Yuki Ramirez,yuki.ramirez@meridiangl.com,A,0,Named Account Tariff,2015-12-03,2015-12-03,9999-12-31,1,1,1486
CUS1137,Equator Stores Group,Freight Forwarder,Retail,SME,,,US,United States,N America East,Americas,Kenji Tanaka,kenji.tanaka@meridiangl.com,B,45,Named Account Tariff,2017-01-30,2017-01-30,9999-12-31,1,1,1487
CUS1138,Solstice Apparel Inc,NVOCC,Textiles,Mid-Market,,,BR,Brazil,LatAm East,Americas,Wei Tanaka,wei.tanaka@meridiangl.com,A,0,Long-Term Contract,2016-08-18,2016-08-18,2018-10-25,0,1,1488
CUS1138,Solstice Apparel Inc,NVOCC,Textiles,SME,,,BR,Brazil,LatAm East,Americas,Elena Haddad,elena.haddad@meridiangl.com,B,0,Named Account Tariff,2016-08-18,2018-10-26,9999-12-31,1,2,1489
CUS1139,Beacon Apparel Co.,BCO,Textiles,SME,CUS0046,Deerfield Chemicals Inc,GB,United Kingdom,N Europe,EMEA,Hassan Silva,hassan.silva@meridiangl.com,C,45,Named Account Tariff,2018-09-17,2018-09-17,9999-12-31,1,1,1490
CUS1140,Ridgemont Stores GmbH,NVOCC,Retail,SME,,,NZ,New Zealand,Oceania,ANZ,Wei Silva,wei.silva@meridiangl.com,C,30,Spot,2015-01-18,2015-01-18,9999-12-31,1,1,1491
CUS1141,Brookline Life Sciences GmbH,SME Direct,Pharma,SME,,,GB,United Kingdom,N Europe,EMEA,Priya Ferreira,priya.ferreira@meridiangl.com,C,45,Spot,2017-09-27,2017-09-27,2017-12-22,0,1,1492
CUS1141,Brookline Life Sciences GmbH,SME Direct,Pharma,SME,,,GB,United Kingdom,N Europe,EMEA,Priya Ferreira,priya.ferreira@meridiangl.com,A,45,Spot,2017-09-27,2017-12-23,9999-12-31,1,2,1493
CUS1142,Glenmoor Chemicals Corp,3PL,Chemicals,Mid-Market,,,MY,Malaysia,SE Asia,APAC,Fatima Haddad,fatima.haddad@meridiangl.com,C,15,Spot,2024-06-23,2024-06-23,2024-08-10,0,1,1494
CUS1142,Glenmoor Chemicals Corp,3PL,Chemicals,Mid-Market,,,MY,Malaysia,SE Asia,APAC,Ahmed Nguyen,ahmed.nguyen@meridiangl.com,B,15,Spot,2024-06-23,2024-08-11,9999-12-31,1,2,1495
CUS1143,Beacon Industrial Co.,BCO,Machinery,SME,,,BE,Belgium,N Europe,EMEA,Elena Haddad,elena.haddad@meridiangl.com,C,30,Spot,2018-09-10,2018-09-10,9999-12-31,1,1,1496
CUS1144,Nova Apparel Pte Ltd,BCO,Textiles,Mid-Market,,,CL,Chile,LatAm West,Americas,Wei Silva,wei.silva@meridiangl.com,C,45,Long-Term Contract,2021-06-24,2021-06-24,9999-12-31,1,1,1497
CUS1145,Deerfield Apparel GmbH,BCO,Textiles,SME,,,NZ,New Zealand,Oceania,ANZ,Raj Kim,raj.kim@meridiangl.com,D,30,Named Account Tariff,2021-06-28,2021-06-28,9999-12-31,1,1,1498
CUS1146,Junction Energy Co.,3PL,Energy,SME,,,CA,Canada,N America East,Americas,Carlos Al-Farsi,carlos.al-farsi@meridiangl.com,C,30,Spot,2019-01-18,2019-01-18,2023-11-02,0,1,1499
CUS1146,Junction Energy Co.,3PL,Energy,Mid-Market,,,CA,Canada,N America East,Americas,Carlos Ferreira,carlos.ferreira@meridiangl.com,C,30,Spot,2019-01-18,2023-11-03,9999-12-31,1,2,1500
CUS1147,Beacon Auto Parts Inc,BCO,Automotive,Mid-Market,,,AE,United Arab Emirates,Middle East,EMEA,Raj Kim,raj.kim@meridiangl.com,B,15,Spot,2019-10-20,2019-10-20,9999-12-31,1,1,1501
CUS1148,Ironbridge Metals Inc,BCO,Metals,SME,,,MY,Malaysia,SE Asia,APAC,Ahmed Rossi,ahmed.rossi@meridiangl.com,B,60,Spot,2026-03-03,2026-03-03,9999-12-31,1,1,1502
CUS1149,Zenith Electronics Holdings,BCO,Electronics,SME,CUS2628,Junction Steel Inc,IT,Italy,Mediterranean,EMEA,Ingrid Osei,ingrid.osei@meridiangl.com,B,45,Spot,2015-06-01,2015-06-01,9999-12-31,1,1,1503
CUS1150,Deerfield Auto Parts GmbH,BCO,Automotive,SME,,,MX,Mexico,LatAm West,Americas,Grace Osei,grace.osei@meridiangl.com,B,30,Named Account Tariff,2018-08-23,2018-08-23,2024-02-12,0,1,1504
CUS1150,Deerfield Auto Parts GmbH,BCO,Automotive,SME,,,MX,Mexico,LatAm West,Americas,Grace Osei,grace.osei@meridiangl.com,C,30,Long-Term Contract,2018-08-23,2024-02-13,9999-12-31,1,2,1505
CUS1151,Ridgemont Chemicals B.V.,Freight Forwarder,Chemicals,Mid-Market,CUS0635,Hillcrest FMCG Pte Ltd,MX,Mexico,LatAm West,Americas,Ahmed Torres,ahmed.torres@meridiangl.com,B,30,Named Account Tariff,2018-06-06,2018-06-06,9999-12-31,1,1,1506
CUS1152,Ivyhill Stores Ltd,SME Direct,Retail,Mid-Market,,,KR,South Korea,East Asia,APAC,Grace Osei,grace.osei@meridiangl.com,B,30,Named Account Tariff,2022-07-26,2022-07-26,9999-12-31,1,1,1507
CUS1153,Equator Automotive Pte Ltd,NVOCC,Automotive,SME,,,AU,Australia,Oceania,ANZ,Elena Haddad,elena.haddad@meridiangl.com,B,45,Named Account Tariff,2017-01-07,2017-01-07,9999-12-31,1,1,1508
CUS1154,Voyager Farms Holdings,BCO,Agriculture,National,,,ES,Spain,Mediterranean,EMEA,Carlos Sharma,carlos.sharma@meridiangl.com,B,45,Named Account Tariff,2019-04-06,2019-04-06,9999-12-31,1,1,1509
CUS1155,Westbrook Trading Ltd,BCO,Retail,Mid-Market,CUS3191,Onyx Auto Parts S.A.,DE,Germany,N Europe,EMEA,Ingrid Tanaka,ingrid.tanaka@meridiangl.com,C,30,Long-Term Contract,2018-09-27,2018-09-27,9999-12-31,1,1,1510
CUS1156,Skyline Semiconductor Co.,SME Direct,Electronics,SME,,,TR,Turkey,Mediterranean,EMEA,Wei Tanaka,wei.tanaka@meridiangl.com,D,0,Spot,2020-09-02,2020-09-02,9999-12-31,1,1,1511
CUS1157,Eastridge Machinery Co.,3PL,Machinery,SME,,,SG,Singapore,SE Asia,APAC,Diego Kowalski,diego.kowalski@meridiangl.com,C,15,Spot,2019-07-18,2019-07-18,9999-12-31,1,1,1512
CUS1158,Aurora Life Sciences Ltd,SME Direct,Pharma,SME,CUS2396,Fairhaven Alloys GmbH,MY,Malaysia,SE Asia,APAC,Ahmed Tanaka,ahmed.tanaka@meridiangl.com,C,30,Spot,2016-12-08,2016-12-08,9999-12-31,1,1,1513
CUS1159,Mosaic Petrochemicals Corp,BCO,Energy,Mid-Market,CUS0291,Vantage Engineering Pte Ltd,NZ,New Zealand,Oceania,ANZ,Fatima Chen,fatima.chen@meridiangl.com,D,0,Spot,2021-02-27,2021-02-27,9999-12-31,1,1,1514
CUS1160,Ashford Metals Co.,BCO,Metals,Mid-Market,,,GB,United Kingdom,N Europe,EMEA,Elena O'Brien,elena.obrien@meridiangl.com,B,60,Long-Term Contract,2017-09-24,2017-09-24,9999-12-31,1,1,1515
CUS1161,Deerfield Power GmbH,SME Direct,Energy,National,,,KR,South Korea,East Asia,APAC,Carlos Haddad,carlos.haddad@meridiangl.com,B,30,Long-Term Contract,2018-04-05,2018-04-05,9999-12-31,1,1,1516
CUS1162,Monsoon Engineering Group,NVOCC,Machinery,SME,CUS2268,Mosaic Electronics PLC,TR,Turkey,Mediterranean,EMEA,Elena Tanaka,elena.tanaka@meridiangl.com,C,45,Spot,2025-10-13,2025-10-13,9999-12-31,1,1,1517
CUS1163,Cedarline Auto Parts Corp,BCO,Automotive,National,,,IT,Italy,Mediterranean,EMEA,Elena Haddad,elena.haddad@meridiangl.com,A,60,Long-Term Contract,2019-11-16,2019-11-16,2025-03-30,0,1,1518
CUS1163,Cedarline Auto Parts Corp,BCO,Automotive,Mid-Market,,,IT,Italy,Mediterranean,EMEA,Elena Haddad,elena.haddad@meridiangl.com,D,60,Spot,2019-11-16,2025-03-31,9999-12-31,1,2,1519
CUS1164,Equator Energy PLC,NVOCC,Energy,Mid-Market,,,NZ,New Zealand,Oceania,ANZ,Hassan Silva,hassan.silva@meridiangl.com,D,0,Spot,2025-11-21,2025-11-21,2026-01-26,0,1,1520
CUS1164,Equator Energy PLC,NVOCC,Energy,Mid-Market,,,NZ,New Zealand,Oceania,ANZ,Hassan Silva,hassan.silva@meridiangl.com,D,0,Named Account Tariff,2025-11-21,2026-01-27,9999-12-31,1,2,1521
CUS1165,Cobalt Apparel S.A.,3PL,Textiles,SME,,,AE,United Arab Emirates,Middle East,EMEA,Liam O'Brien,liam.obrien@meridiangl.com,C,15,Named Account Tariff,2026-02-19,2026-02-19,2026-07-05,0,1,1522
CUS1165,Cobalt Apparel S.A.,3PL,Textiles,SME,,,AE,United Arab Emirates,Middle East,EMEA,Sofia Larsson,sofia.larsson@meridiangl.com,B,15,Spot,2026-02-19,2026-07-06,9999-12-31,1,2,1523
CUS1166,Valleyforge Consumer Goods Inc,NVOCC,FMCG,Mid-Market,,,KR,South Korea,East Asia,APAC,James Larsson,james.larsson@meridiangl.com,D,0,Named Account Tariff,2020-08-30,2020-08-30,9999-12-31,1,1,1524
CUS1167,Greystone Machinery Corp,Freight Forwarder,Machinery,Mid-Market,CUS2749,Sterling Pharmaceuticals Pte Ltd,CL,Chile,LatAm West,Americas,Ingrid O'Brien,ingrid.obrien@meridiangl.com,D,15,Spot,2019-06-01,2019-06-01,9999-12-31,1,1,1525
CUS1168,Vantage Pharma S.A.,BCO,Pharma,SME,,,BE,Belgium,N Europe,EMEA,Fatima Tanaka,fatima.tanaka@meridiangl.com,D,15,Spot,2026-01-17,2026-01-17,9999-12-31,1,1,1526
CUS1169,Ashford Automotive Corp,Freight Forwarder,Automotive,National,,,MY,Malaysia,SE Asia,APAC,Ingrid Nguyen,ingrid.nguyen@meridiangl.com,D,30,Named Account Tariff,2025-01-29,2025-01-29,9999-12-31,1,1,1527
CUS1170,Sterling Agri-Foods Holdings,BCO,Agriculture,Mid-Market,,,SA,Saudi Arabia,Middle East,EMEA,Kenji Tanaka,kenji.tanaka@meridiangl.com,B,60,Spot,2018-01-20,2018-01-20,9999-12-31,1,1,1528
CUS1171,Marlowe Power B.V.,SME Direct,Energy,National,,,BE,Belgium,N Europe,EMEA,Ahmed Tanaka,ahmed.tanaka@meridiangl.com,B,45,Spot,2016-07-18,2016-07-18,9999-12-31,1,1,1529
CUS1172,Vertex Automotive Pte Ltd,SME Direct,Automotive,SME,,,CA,Canada,N America East,Americas,Yuki Kowalski,yuki.kowalski@meridiangl.com,C,45,Spot,2016-12-06,2016-12-06,9999-12-31,1,1,1530
CUS1173,Brookline Auto Parts Holdings,3PL,Automotive,SME,CUS2383,Westbrook Energy S.A.,MY,Malaysia,SE Asia,APAC,Ingrid Nguyen,ingrid.nguyen@meridiangl.com,B,15,Named Account Tariff,2017-06-24,2017-06-24,2020-11-23,0,1,1531
CUS1173,Brookline Auto Parts Holdings,3PL,Automotive,Mid-Market,CUS2383,Westbrook Energy S.A.,MY,Malaysia,SE Asia,APAC,Ingrid Nguyen,ingrid.nguyen@meridiangl.com,A,15,Long-Term Contract,2017-06-24,2020-11-24,9999-12-31,1,2,1532
CUS1174,Ironbridge Alloys PLC,BCO,Metals,SME,,,ID,Indonesia,SE Asia,APAC,Ingrid Tanaka,ingrid.tanaka@meridiangl.com,C,60,Spot,2023-07-01,2023-07-01,9999-12-31,1,1,1533
CUS1175,Kingswell Metals PLC,BCO,Metals,Mid-Market,,,VN,Vietnam,SE Asia,APAC,Elena O'Brien,elena.obrien@meridiangl.com,A,15,Spot,2020-05-08,2020-05-08,2024-06-14,0,1,1534
CUS1175,Kingswell Metals PLC,BCO,Metals,Mid-Market,,,VN,Vietnam,SE Asia,APAC,James Larsson,james.larsson@meridiangl.com,D,15,Named Account Tariff,2020-05-08,2024-06-15,9999-12-31,1,2,1535
CUS1176,Clearwater Apparel Corp,NVOCC,Textiles,Mid-Market,CUS0175,Oakford Consumer Goods Corp,MY,Malaysia,SE Asia,APAC,Elena O'Brien,elena.obrien@meridiangl.com,C,0,Named Account Tariff,2024-04-21,2024-04-21,9999-12-31,1,1,1536
CUS1177,Thornwell Machinery Co.,SME Direct,Machinery,SME,CUS2378,Cobalt Machinery Co.,IN,India,South Asia,APAC,Wei Tanaka,wei.tanaka@meridiangl.com,D,30,Spot,2017-08-16,2017-08-16,9999-12-31,1,1,1537
CUS1178,Glenmoor Mercantile Group,3PL,Retail,SME,CUS2552,Solstice Engineering GmbH,VN,Vietnam,SE Asia,APAC,Ingrid Tanaka,ingrid.tanaka@meridiangl.com,D,30,Spot,2026-01-16,2026-01-16,9999-12-31,1,1,1538
CUS1179,Juniper Alloys PLC,BCO,Metals,National,,,FR,France,N Europe,EMEA,Ahmed Tanaka,ahmed.tanaka@meridiangl.com,A,60,Long-Term Contract,2023-08-14,2023-08-14,9999-12-31,1,1,1539
CUS1180,Aurora Farms Co.,3PL,Agriculture,Mid-Market,CUS2533,Clearwater Electronics PLC,KR,South Korea,East Asia,APAC,Sofia Larsson,sofia.larsson@meridiangl.com,B,30,Named Account Tariff,2023-05-10,2023-05-10,9999-12-31,1,1,1540
CUS1181,Ridgemont Engineering Ltd,BCO,Machinery,National,,,US,United States,N America East,Americas,Yuki Torres,yuki.torres@meridiangl.com,D,0,Spot,2019-12-25,2019-12-25,9999-12-31,1,1,1541
CUS1182,Everest Life Sciences Inc,BCO,Pharma,Mid-Market,,,BR,Brazil,LatAm East,Americas,Fatima O'Brien,fatima.obrien@meridiangl.com,B,15,Long-Term Contract,2019-06-18,2019-06-18,2021-12-08,0,1,1542
CUS1182,Everest Life Sciences Inc,BCO,Pharma,Mid-Market,,,BR,Brazil,LatAm East,Americas,Fatima O'Brien,fatima.obrien@meridiangl.com,D,15,Long-Term Contract,2019-06-18,2021-12-09,9999-12-31,1,2,1543
CUS1183,Ridgemont Pharmaceuticals Corp,3PL,Pharma,Mid-Market,,,BR,Brazil,LatAm East,Americas,James Tanaka,james.tanaka@meridiangl.com,C,0,Named Account Tariff,2016-01-30,2016-01-30,2020-10-12,0,1,1544
CUS1183,Ridgemont Pharmaceuticals Corp,3PL,Pharma,SME,,,BR,Brazil,LatAm East,Americas,Sofia Ferreira,sofia.ferreira@meridiangl.com,D,0,Named Account Tariff,2016-01-30,2020-10-13,9999-12-31,1,2,1545
CUS1184,Sterling Energy Corp,Freight Forwarder,Energy,SME,,,ES,Spain,Mediterranean,EMEA,Hassan Silva,hassan.silva@meridiangl.com,C,30,Spot,2021-07-10,2021-07-10,9999-12-31,1,1,1546
CUS1185,Ironwood Engineering GmbH,SME Direct,Machinery,SME,,,TR,Turkey,Mediterranean,EMEA,Diego Kowalski,diego.kowalski@meridiangl.com,C,45,Spot,2018-05-22,2018-05-22,9999-12-31,1,1,1547
CUS1186,Ridgemont Technologies S.A.,Freight Forwarder,Electronics,Global Key Account,,,BR,Brazil,LatAm East,Americas,Kenji Tanaka,kenji.tanaka@meridiangl.com,C,15,Long-Term Contract,2018-11-29,2018-11-29,2020-10-03,0,1,1548
CUS1186,Ridgemont Technologies S.A.,Freight Forwarder,Electronics,Global Key Account,,,BR,Brazil,LatAm East,Americas,James Tanaka,james.tanaka@meridiangl.com,C,15,Spot,2018-11-29,2020-10-04,9999-12-31,1,2,1549
CUS1187,Brightwater Chemical Industries Ltd,BCO,Chemicals,National,,,SG,Singapore,SE Asia,APAC,Diego Patel,diego.patel@meridiangl.com,A,60,Long-Term Contract,2021-03-25,2021-03-25,9999-12-31,1,1,1550
CUS1188,Skyline Consumer Goods B.V.,NVOCC,FMCG,SME,,,JP,Japan,East Asia,APAC,Diego Patel,diego.patel@meridiangl.com,D,0,Long-Term Contract,2023-03-13,2023-03-13,2025-08-15,0,1,1551
CUS1188,Skyline Consumer Goods B.V.,NVOCC,FMCG,SME,,,JP,Japan,East Asia,APAC,Grace Larsson,grace.larsson@meridiangl.com,D,0,Long-Term Contract,2023-03-13,2025-08-16,9999-12-31,1,2,1552
CUS1189,Valleyforge Engineering B.V.,3PL,Machinery,Mid-Market,CUS2500,Ridgemont Motors Corp,IT,Italy,Mediterranean,EMEA,Hassan Silva,hassan.silva@meridiangl.com,C,0,Long-Term Contract,2020-11-09,2020-11-09,2023-07-16,0,1,1553
CUS1189,Valleyforge Engineering B.V.,3PL,Machinery,SME,CUS2500,Ridgemont Motors Corp,IT,Italy,Mediterranean,EMEA,Diego Yamamoto,diego.yamamoto@meridiangl.com,C,0,Long-Term Contract,2020-11-09,2023-07-17,9999-12-31,1,2,1554
CUS1190,Ridgemont Textiles Group,BCO,Textiles,Mid-Market,,,ZA,South Africa,Africa,EMEA,Ingrid Ferreira,ingrid.ferreira@meridiangl.com,C,45,Named Account Tariff,2016-07-09,2016-07-09,9999-12-31,1,1,1555
CUS1191,Sterling Petrochemicals PLC,BCO,Energy,Mid-Market,CUS2939,Clearwater Machinery Co.,AU,Australia,Oceania,ANZ,Elena Tanaka,elena.tanaka@meridiangl.com,C,30,Named Account Tariff,2015-12-29,2015-12-29,2022-11-13,0,1,1556
CUS1191,Sterling Petrochemicals PLC,BCO,Energy,Mid-Market,CUS2939,Clearwater Machinery Co.,AU,Australia,Oceania,ANZ,Wei Silva,wei.silva@meridiangl.com,C,30,Named Account Tariff,2015-12-29,2022-11-14,9999-12-31,1,2,1557
CUS1192,Junction Electronics PLC,3PL,Electronics,Mid-Market,,,CL,Chile,LatAm West,Americas,Carlos Al-Farsi,carlos.al-farsi@meridiangl.com,D,15,Named Account Tariff,2018-04-11,2018-04-11,9999-12-31,1,1,1558
CUS1193,Vertex Power LLC,BCO,Energy,SME,CUS3103,Cobalt Chemicals B.V.,US,United States,N America East,Americas,Ingrid Nguyen,ingrid.nguyen@meridiangl.com,C,15,Spot,2016-06-04,2016-06-04,9999-12-31,1,1,1559
CUS1194,Ivyhill Motors Inc,BCO,Automotive,SME,,,ID,Indonesia,SE Asia,APAC,James Tanaka,james.tanaka@meridiangl.com,C,30,Spot,2020-07-31,2020-07-31,2021-10-15,0,1,1560
CUS1194,Ivyhill Motors Inc,BCO,Automotive,Mid-Market,,,ID,Indonesia,SE Asia,APAC,James Tanaka,james.tanaka@meridiangl.com,D,30,Spot,2020-07-31,2021-10-16,9999-12-31,1,2,1561
CUS1195,Sterling Auto Parts LLC,BCO,Automotive,Global Key Account,,,CL,Chile,LatAm West,Americas,Anna Berg,anna.berg@meridiangl.com,A,15,Long-Term Contract,2021-09-15,2021-09-15,2022-07-26,0,1,1562
CUS1195,Sterling Auto Parts LLC,BCO,Automotive,Global Key Account,,,CL,Chile,LatAm West,Americas,Priya Ferreira,priya.ferreira@meridiangl.com,A,15,Long-Term Contract,2021-09-15,2022-07-27,9999-12-31,1,2,1563
CUS1196,Palisade Chemicals Corp,Freight Forwarder,Chemicals,SME,,,NL,Netherlands,N Europe,EMEA,Ingrid Osei,ingrid.osei@meridiangl.com,D,15,Spot,2016-05-03,2016-05-03,9999-12-31,1,1,1564
CUS1197,Beacon Life Sciences Ltd,Freight Forwarder,Pharma,Mid-Market,,,CN,China,East Asia,APAC,Fatima Tanaka,fatima.tanaka@meridiangl.com,B,30,Long-Term Contract,2024-12-29,2024-12-29,2025-05-26,0,1,1565
CUS1197,Beacon Life Sciences Ltd,Freight Forwarder,Pharma,National,,,CN,China,East Asia,APAC,Hassan Silva,hassan.silva@meridiangl.com,C,30,Spot,2024-12-29,2025-05-27,9999-12-31,1,2,1566
CUS1198,Greystone Textiles Co.,3PL,Textiles,SME,,,AE,United Arab Emirates,Middle East,EMEA,Ahmed Rossi,ahmed.rossi@meridiangl.com,C,15,Spot,2022-07-15,2022-07-15,9999-12-31,1,1,1567
CUS1199,Thornwell Industrial GmbH,Freight Forwarder,Machinery,Mid-Market,,,VN,Vietnam,SE Asia,APAC,Fatima Tanaka,fatima.tanaka@meridiangl.com,B,45,Spot,2015-07-28,2015-07-28,9999-12-31,1,1,1568
CUS1200,Elmfield Chemical Industries Holdings,BCO,Chemicals,Mid-Market,,,MX,Mexico,LatAm West,Americas,Ingrid Nguyen,ingrid.nguyen@meridiangl.com,A,60,Named Account Tariff,2017-08-19,2017-08-19,2025-01-27,0,1,1569
CUS1200,Elmfield Chemical Industries Holdings,BCO,Chemicals,Mid-Market,,,MX,Mexico,LatAm West,Americas,Sofia Larsson,sofia.larsson@meridiangl.com,A,60,Named Account Tariff,2017-08-19,2025-01-28,9999-12-31,1,2,1570
CUS1201,Lonestar Consumer Goods S.A.,3PL,FMCG,National,,,CN,China,East Asia,APAC,Maria Sharma,maria.sharma@meridiangl.com,A,45,Long-Term Contract,2019-10-09,2019-10-09,2024-11-05,0,1,1571
CUS1201,Lonestar Consumer Goods S.A.,3PL,FMCG,National,,,CN,China,East Asia,APAC,Yuki Kowalski,yuki.kowalski@meridiangl.com,C,45,Spot,2019-10-09,2024-11-06,2025-03-31,0,2,1572
CUS1201,Lonestar Consumer Goods S.A.,3PL,FMCG,SME,,,CN,China,East Asia,APAC,Yuki Kowalski,yuki.kowalski@meridiangl.com,C,45,Named Account Tariff,2019-10-09,2025-04-01,9999-12-31,1,3,1573
CUS1202,Sterling Energy Ltd,NVOCC,Energy,SME,,,TW,Taiwan,East Asia,APAC,Carlos Al-Farsi,carlos.al-farsi@meridiangl.com,B,15,Spot,2019-08-03,2019-08-03,9999-12-31,1,1,1574
CUS1203,Sterling Motors Inc,BCO,Automotive,Global Key Account,,,MY,Malaysia,SE Asia,APAC,Kenji Tanaka,kenji.tanaka@meridiangl.com,A,30,Named Account Tariff,2023-08-11,2023-08-11,9999-12-31,1,1,1575
CUS1204,Fairhaven Engineering GmbH,3PL,Machinery,SME,,,TW,Taiwan,East Asia,APAC,Ingrid Ferreira,ingrid.ferreira@meridiangl.com,D,15,Spot,2015-08-04,2015-08-04,2016-11-06,0,1,1576
CUS1204,Fairhaven Engineering GmbH,3PL,Machinery,Mid-Market,,,TW,Taiwan,East Asia,APAC,Ingrid Ferreira,ingrid.ferreira@meridiangl.com,D,15,Spot,2015-08-04,2016-11-07,9999-12-31,1,2,1577
CUS1205,Foxrun Mercantile Group,SME Direct,Retail,Mid-Market,,,FR,France,N Europe,EMEA,Yuki O'Brien,yuki.obrien@meridiangl.com,C,0,Named Account Tariff,2018-03-17,2018-03-17,9999-12-31,1,1,1578
CUS1206,Ashford FMCG Inc,NVOCC,FMCG,SME,,,IN,India,South Asia,APAC,Yuki Kowalski,yuki.kowalski@meridiangl.com,C,0,Spot,2018-03-08,2018-03-08,2023-07-07,0,1,1579
CUS1206,Ashford FMCG Inc,NVOCC,FMCG,Mid-Market,,,IN,India,South Asia,APAC,Ahmed Nguyen,ahmed.nguyen@meridiangl.com,B,0,Long-Term Contract,2018-03-08,2023-07-08,9999-12-31,1,2,1580
CUS1207,Redwood Steel Pte Ltd,SME Direct,Metals,Mid-Market,,,BR,Brazil,LatAm East,Americas,Ahmed Rossi,ahmed.rossi@meridiangl.com,D,0,Spot,2020-02-08,2020-02-08,2021-06-10,0,1,1581
CUS1207,Redwood Steel Pte Ltd,SME Direct,Metals,National,,,BR,Brazil,LatAm East,Americas,James Larsson,james.larsson@meridiangl.com,A,0,Named Account Tariff,2020-02-08,2021-06-11,9999-12-31,1,2,1582
CUS1208,Kingswell Garments B.V.,3PL,Textiles,Mid-Market,,,TH,Thailand,SE Asia,APAC,Carlos Ferreira,carlos.ferreira@meridiangl.com,B,45,Spot,2025-07-05,2025-07-05,2026-06-19,0,1,1583
CUS1208,Kingswell Garments B.V.,3PL,Textiles,Mid-Market,,,TH,Thailand,SE Asia,APAC,Ahmed Novak,ahmed.novak@meridiangl.com,B,45,Named Account Tariff,2025-07-05,2026-06-20,9999-12-31,1,2,1584
CUS1209,Palisade Machinery Co.,SME Direct,Machinery,Mid-Market,,,MY,Malaysia,SE Asia,APAC,Ahmed Tanaka,ahmed.tanaka@meridiangl.com,C,15,Long-Term Contract,2019-07-24,2019-07-24,9999-12-31,1,1,1585
CUS1210,Ashgrove Agri-Foods Group,3PL,Agriculture,SME,,,VN,Vietnam,SE Asia,APAC,Diego Kowalski,diego.kowalski@meridiangl.com,C,30,Spot,2024-03-28,2024-03-28,9999-12-31,1,1,1586
CUS1211,Brookline Alloys Co.,SME Direct,Metals,Mid-Market,,,TR,Turkey,Mediterranean,EMEA,Ahmed Nguyen,ahmed.nguyen@meridiangl.com,B,60,Named Account Tariff,2015-03-28,2015-03-28,9999-12-31,1,1,1587
CUS1212,Oakford Textiles Inc,Freight Forwarder,Textiles,Mid-Market,,,ES,Spain,Mediterranean,EMEA,Wei Silva,wei.silva@meridiangl.com,C,15,Long-Term Contract,2018-07-03,2018-07-03,2026-05-20,0,1,1588
CUS1212,Oakford Textiles Inc,Freight Forwarder,Textiles,Mid-Market,,,ES,Spain,Mediterranean,EMEA,Ahmed Nguyen,ahmed.nguyen@meridiangl.com,C,15,Named Account Tariff,2018-07-03,2026-05-21,9999-12-31,1,2,1589
CUS1213,Granite Automotive Corp,SME Direct,Automotive,SME,,,MY,Malaysia,SE Asia,APAC,Diego Kowalski,diego.kowalski@meridiangl.com,B,30,Spot,2020-11-14,2020-11-14,9999-12-31,1,1,1590
CUS1214,Ironbridge Petrochemicals S.A.,3PL,Energy,SME,,,ZA,South Africa,Africa,EMEA,Fatima Tanaka,fatima.tanaka@meridiangl.com,D,0,Named Account Tariff,2020-06-04,2020-06-04,2022-05-08,0,1,1591
CUS1214,Ironbridge Petrochemicals S.A.,3PL,Energy,Mid-Market,,,ZA,South Africa,Africa,EMEA,Carlos Al-Farsi,carlos.al-farsi@meridiangl.com,B,0,Long-Term Contract,2020-06-04,2022-05-09,9999-12-31,1,2,1592
CUS1215,Nova Garments S.A.,Freight Forwarder,Textiles,National,,,NZ,New Zealand,Oceania,ANZ,Diego Yamamoto,diego.yamamoto@meridiangl.com,B,30,Long-Term Contract,2020-07-18,2020-07-18,2023-09-29,0,1,1593
CUS1215,Nova Garments S.A.,Freight Forwarder,Textiles,SME,,,NZ,New Zealand,Oceania,ANZ,Diego Patel,diego.patel@meridiangl.com,D,30,Spot,2020-07-18,2023-09-30,9999-12-31,1,2,1594
CUS1216,Solstice Agri-Foods LLC,Freight Forwarder,Agriculture,SME,CUS1853,Palisade Life Sciences B.V.,TR,Turkey,Mediterranean,EMEA,Anna Berg,anna.berg@meridiangl.com,D,15,Named Account Tariff,2017-04-15,2017-04-15,9999-12-31,1,1,1595
CUS1217,Vertex Pharma S.A.,BCO,Pharma,Mid-Market,,,CL,Chile,LatAm West,Americas,Diego Yamamoto,diego.yamamoto@meridiangl.com,C,30,Named Account Tariff,2015-05-12,2015-05-12,9999-12-31,1,1,1596
CUS1218,Cobalt Pharma S.A.,SME Direct,Pharma,National,,,VN,Vietnam,SE Asia,APAC,Yuki Kowalski,yuki.kowalski@meridiangl.com,A,30,Long-Term Contract,2022-06-01,2022-06-01,9999-12-31,1,1,1597
CUS1219,Quarrystone Petrochemicals Pte Ltd,BCO,Energy,Mid-Market,,,CN,China,East Asia,APAC,Sofia Tanaka,sofia.tanaka@meridiangl.com,C,15,Spot,2023-10-18,2023-10-18,2023-12-17,0,1,1598
CUS1219,Quarrystone Petrochemicals Pte Ltd,BCO,Energy,SME,,,CN,China,East Asia,APAC,Yuki Kowalski,yuki.kowalski@meridiangl.com,C,15,Named Account Tariff,2023-10-18,2023-12-18,9999-12-31,1,2,1599
CUS1220,Greystone Pharmaceuticals Pte Ltd,NVOCC,Pharma,Mid-Market,,,US,United States,N America East,Americas,Diego Patel,diego.patel@meridiangl.com,C,30,Named Account Tariff,2019-12-23,2019-12-23,9999-12-31,1,1,1600
CUS1221,Eastridge Technologies S.A.,NVOCC,Electronics,SME,CUS2066,Nova Agri-Foods Pte Ltd,AU,Australia,Oceania,ANZ,Grace Osei,grace.osei@meridiangl.com,B,45,Spot,2016-11-28,2016-11-28,9999-12-31,1,1,1601
CUS1222,Lakemoor Consumer Goods Co.,3PL,FMCG,National,CUS2383,Westbrook Energy S.A.,CN,China,East Asia,APAC,Ahmed Tanaka,ahmed.tanaka@meridiangl.com,A,30,Long-Term Contract,2021-06-11,2021-06-11,9999-12-31,1,1,1602
CUS1223,Ashford Life Sciences Corp,BCO,Pharma,National,,,SA,Saudi Arabia,Middle East,EMEA,Ingrid Osei,ingrid.osei@meridiangl.com,B,15,Named Account Tariff,2016-06-22,2016-06-22,9999-12-31,1,1,1603
CUS1224,Zenith Energy Group,3PL,Energy,National,,,US,United States,N America East,Americas,Sofia Tanaka,sofia.tanaka@meridiangl.com,C,15,Long-Term Contract,2016-06-12,2016-06-12,9999-12-31,1,1,1604
CUS1225,Oakford Motors PLC,BCO,Automotive,Mid-Market,,,AE,United Arab Emirates,Middle East,EMEA,Ahmed Torres,ahmed.torres@meridiangl.com,C,30,Spot,2019-03-28,2019-03-28,2023-07-11,0,1,1605
CUS1225,Oakford Motors PLC,BCO,Automotive,National,,,AE,United Arab Emirates,Middle East,EMEA,Raj Kim,raj.kim@meridiangl.com,C,30,Spot,2019-03-28,2023-07-12,9999-12-31,1,2,1606
CUS1226,Palisade Steel Ltd,BCO,Metals,National,,,BE,Belgium,N Europe,EMEA,Elena Haddad,elena.haddad@meridiangl.com,A,30,Named Account Tariff,2015-02-06,2015-02-06,9999-12-31,1,1,1607
CUS1227,Everest Technologies S.A.,NVOCC,Electronics,Mid-Market,,,TR,Turkey,Mediterranean,EMEA,James Tanaka,james.tanaka@meridiangl.com,D,30,Spot,2021-02-28,2021-02-28,2025-09-29,0,1,1608
CUS1227,Everest Technologies S.A.,NVOCC,Electronics,SME,,,TR,Turkey,Mediterranean,EMEA,Raj Kim,raj.kim@meridiangl.com,A,30,Named Account Tariff,2021-02-28,2025-09-30,9999-12-31,1,2,1609
CUS1228,Greystone Motors Co.,3PL,Automotive,Mid-Market,,,AU,Australia,Oceania,ANZ,Ingrid O'Brien,ingrid.obrien@meridiangl.com,A,30,Named Account Tariff,2017-07-25,2017-07-25,9999-12-31,1,1,1610
CUS1229,Northgate Agri-Foods Ltd,BCO,Agriculture,Global Key Account,,,SA,Saudi Arabia,Middle East,EMEA,Ingrid O'Brien,ingrid.obrien@meridiangl.com,C,0,Long-Term Contract,2018-08-28,2018-08-28,2023-05-10,0,1,1611
CUS1229,Northgate Agri-Foods Ltd,BCO,Agriculture,Global Key Account,,,SA,Saudi Arabia,Middle East,EMEA,Wei Silva,wei.silva@meridiangl.com,C,0,Long-Term Contract,2018-08-28,2023-05-11,9999-12-31,1,2,1612
CUS1230,Westbrook Machinery Co.,BCO,Machinery,SME,,,AU,Australia,Oceania,ANZ,Ahmed Tanaka,ahmed.tanaka@meridiangl.com,B,45,Spot,2025-08-01,2025-08-01,9999-12-31,1,1,1613
CUS1231,Underhill Chemicals GmbH,SME Direct,Chemicals,SME,,,ES,Spain,Mediterranean,EMEA,Yuki Kowalski,yuki.kowalski@meridiangl.com,C,0,Spot,2019-03-28,2019-03-28,2026-06-11,0,1,1614
CUS1231,Underhill Chemicals GmbH,SME Direct,Chemicals,National,,,ES,Spain,Mediterranean,EMEA,Yuki Kowalski,yuki.kowalski@meridiangl.com,C,0,Spot,2019-03-28,2026-06-12,9999-12-31,1,2,1615
CUS1232,Elmfield Electronics Group,Freight Forwarder,Electronics,Mid-Market,,,KR,South Korea,East Asia,APAC,Raj Kim,raj.kim@meridiangl.com,C,15,Named Account Tariff,2017-02-18,2017-02-18,9999-12-31,1,1,1616
CUS1233,Harborview Chemical Industries Group,Freight Forwarder,Chemicals,SME,,,ID,Indonesia,SE Asia,APAC,Ahmed Rossi,ahmed.rossi@meridiangl.com,D,0,Named Account Tariff,2021-01-15,2021-01-15,2022-03-24,0,1,1617
CUS1233,Harborview Chemical Industries Group,Freight Forwarder,Chemicals,Mid-Market,,,ID,Indonesia,SE Asia,APAC,Ahmed Rossi,ahmed.rossi@meridiangl.com,A,0,Spot,2021-01-15,2022-03-25,9999-12-31,1,2,1618
CUS1234,Westbrook Electronics S.A.,BCO,Electronics,Mid-Market,,,NZ,New Zealand,Oceania,ANZ,Yuki Torres,yuki.torres@meridiangl.com,C,45,Named Account Tariff,2018-05-07,2018-05-07,2022-06-26,0,1,1619
CUS1234,Westbrook Electronics S.A.,BCO,Electronics,Mid-Market,,,NZ,New Zealand,Oceania,ANZ,Yuki Torres,yuki.torres@meridiangl.com,B,45,Named Account Tariff,2018-05-07,2022-06-27,9999-12-31,1,2,1620
CUS1235,Lonestar Chemicals LLC,NVOCC,Chemicals,SME,CUS1971,Thornwell Garments PLC,IN,India,South Asia,APAC,James Tanaka,james.tanaka@meridiangl.com,C,30,Long-Term Contract,2019-11-05,2019-11-05,9999-12-31,1,1,1621
CUS1236,Equator Electronics Co.,BCO,Electronics,SME,CUS3109,Cobalt Textiles Corp,TW,Taiwan,East Asia,APAC,Priya O'Brien,priya.obrien@meridiangl.com,D,45,Spot,2019-12-24,2019-12-24,2021-06-05,0,1,1622
CUS1236,Equator Electronics Co.,BCO,Electronics,National,CUS3109,Cobalt Textiles Corp,TW,Taiwan,East Asia,APAC,Elena Haddad,elena.haddad@meridiangl.com,B,45,Named Account Tariff,2019-12-24,2021-06-06,9999-12-31,1,2,1623
CUS1237,Vantage Alloys Ltd,Freight Forwarder,Metals,SME,,,AE,United Arab Emirates,Middle East,EMEA,Liam O'Brien,liam.obrien@meridiangl.com,C,45,Named Account Tariff,2016-11-14,2016-11-14,9999-12-31,1,1,1624
CUS1238,Millbrook Textiles Corp,Freight Forwarder,Textiles,National,,,US,United States,N America East,Americas,Liam O'Brien,liam.obrien@meridiangl.com,C,30,Long-Term Contract,2017-11-22,2017-11-22,9999-12-31,1,1,1625
CUS1239,Ridgemont Trading Ltd,SME Direct,Retail,SME,,,JP,Japan,East Asia,APAC,Sofia Ferreira,sofia.ferreira@meridiangl.com,D,0,Named Account Tariff,2015-04-03,2015-04-03,9999-12-31,1,1,1626
CUS1240,Aurora Machinery Inc,3PL,Machinery,SME,,,TR,Turkey,Mediterranean,EMEA,Elena Haddad,elena.haddad@meridiangl.com,D,15,Spot,2022-07-02,2022-07-02,9999-12-31,1,1,1627
CUS1241,Sterling Agro Group,BCO,Agriculture,SME,CUS1656,Zenith Engineering Group,CL,Chile,LatAm West,Americas,Sofia Tanaka,sofia.tanaka@meridiangl.com,D,0,Spot,2020-01-29,2020-01-29,9999-12-31,1,1,1628
CUS1242,Vertex Life Sciences PLC,3PL,Pharma,SME,,,NZ,New Zealand,Oceania,ANZ,Kenji Tanaka,kenji.tanaka@meridiangl.com,C,30,Spot,2015-01-15,2015-01-15,9999-12-31,1,1,1629
CUS1243,Zenith Energy S.A.,3PL,Energy,Mid-Market,,,IN,India,South Asia,APAC,Raj Kim,raj.kim@meridiangl.com,C,15,Spot,2023-02-23,2023-02-23,2025-04-19,0,1,1630
CUS1243,Zenith Energy S.A.,3PL,Energy,SME,,,IN,India,South Asia,APAC,Raj Kim,raj.kim@meridiangl.com,C,15,Spot,2023-02-23,2025-04-20,9999-12-31,1,2,1631
CUS1244,Deerfield Agro PLC,BCO,Agriculture,Mid-Market,,,MY,Malaysia,SE Asia,APAC,Ahmed Rossi,ahmed.rossi@meridiangl.com,D,30,Long-Term Contract,2015-06-27,2015-06-27,2025-09-04,0,1,1632
CUS1244,Deerfield Agro PLC,BCO,Agriculture,SME,,,MY,Malaysia,SE Asia,APAC,Ahmed Rossi,ahmed.rossi@meridiangl.com,D,30,Spot,2015-06-27,2025-09-05,9999-12-31,1,2,1633
CUS1245,Greystone Foods Pte Ltd,SME Direct,FMCG,SME,,,TH,Thailand,SE Asia,APAC,Elena Tanaka,elena.tanaka@meridiangl.com,C,15,Named Account Tariff,2018-07-05,2018-07-05,2022-04-10,0,1,1634
CUS1245,Greystone Foods Pte Ltd,SME Direct,FMCG,National,,,TH,Thailand,SE Asia,APAC,Elena Tanaka,elena.tanaka@meridiangl.com,C,15,Named Account Tariff,2018-07-05,2022-04-11,9999-12-31,1,2,1635
CUS1246,Nightingale Metals B.V.,3PL,Metals,Mid-Market,,,IT,Italy,Mediterranean,EMEA,Fatima Haddad,fatima.haddad@meridiangl.com,A,30,Spot,2017-03-20,2017-03-20,2018-07-31,0,1,1636
CUS1246,Nightingale Metals B.V.,3PL,Metals,SME,,,IT,Italy,Mediterranean,EMEA,Yuki Torres,yuki.torres@meridiangl.com,D,30,Long-Term Contract,2017-03-20,2018-08-01,9999-12-31,1,2,1637
CUS1247,Kingswell Auto Parts Corp,Freight Forwarder,Automotive,SME,,,HK,Hong Kong,East Asia,APAC,James Larsson,james.larsson@meridiangl.com,C,30,Spot,2019-03-05,2019-03-05,2019-06-04,0,1,1638
CUS1247,Kingswell Auto Parts Corp,Freight Forwarder,Automotive,Mid-Market,,,HK,Hong Kong,East Asia,APAC,Elena Tanaka,elena.tanaka@meridiangl.com,D,30,Spot,2019-03-05,2019-06-05,9999-12-31,1,2,1639
CUS1248,Hillcrest Mercantile PLC,Freight Forwarder,Retail,SME,,,TR,Turkey,Mediterranean,EMEA,Elena Haddad,elena.haddad@meridiangl.com,C,60,Spot,2018-04-21,2018-04-21,9999-12-31,1,1,1640
CUS1249,Valleyforge Trading Holdings,Freight Forwarder,Retail,SME,,,TH,Thailand,SE Asia,APAC,Elena O'Brien,elena.obrien@meridiangl.com,B,30,Spot,2015-05-29,2015-05-29,9999-12-31,1,1,1641
CUS1250,Southwick Farms Holdings,NVOCC,Agriculture,Mid-Market,,,VN,Vietnam,SE Asia,APAC,Fatima O'Brien,fatima.obrien@meridiangl.com,C,30,Named Account Tariff,2017-01-07,2017-01-07,2025-05-08,0,1,1642
CUS1250,Southwick Farms Holdings,NVOCC,Agriculture,SME,,,VN,Vietnam,SE Asia,APAC,Wei Tanaka,wei.tanaka@meridiangl.com,B,30,Spot,2017-01-07,2025-05-09,2025-12-07,0,2,1643
CUS1250,Southwick Farms Holdings,NVOCC,Agriculture,SME,,,VN,Vietnam,SE Asia,APAC,Wei Tanaka,wei.tanaka@meridiangl.com,C,30,Spot,2017-01-07,2025-12-08,9999-12-31,1,3,1644
CUS1251,Quarrystone Automotive Ltd,NVOCC,Automotive,SME,,,HK,Hong Kong,East Asia,APAC,Diego Yamamoto,diego.yamamoto@meridiangl.com,C,15,Spot,2015-08-08,2015-08-08,9999-12-31,1,1,1645
CUS1252,Dockside Petrochemicals Co.,SME Direct,Energy,Mid-Market,,,IT,Italy,Mediterranean,EMEA,Diego Yamamoto,diego.yamamoto@meridiangl.com,B,45,Spot,2015-11-26,2015-11-26,9999-12-31,1,1,1646
CUS1253,Everest Power GmbH,BCO,Energy,National,,,HK,Hong Kong,East Asia,APAC,Carlos Al-Farsi,carlos.al-farsi@meridiangl.com,A,45,Named Account Tariff,2017-01-19,2017-01-19,9999-12-31,1,1,1647
CUS1254,Deerfield Auto Parts Corp,SME Direct,Automotive,SME,CUS0801,Lakemoor Machinery GmbH,NZ,New Zealand,Oceania,ANZ,Ahmed Novak,ahmed.novak@meridiangl.com,C,45,Named Account Tariff,2017-11-21,2017-11-21,2026-06-13,0,1,1648
CUS1254,Deerfield Auto Parts Corp,SME Direct,Automotive,SME,CUS0801,Lakemoor Machinery GmbH,NZ,New Zealand,Oceania,ANZ,Elena O'Brien,elena.obrien@meridiangl.com,D,45,Spot,2017-11-21,2026-06-14,9999-12-31,1,2,1649
CUS1255,Foxrun Apparel GmbH,BCO,Textiles,National,,,ES,Spain,Mediterranean,EMEA,Sofia Ferreira,sofia.ferreira@meridiangl.com,C,30,Named Account Tariff,2022-10-28,2022-10-28,9999-12-31,1,1,1650
CUS1256,Granite Machinery Co.,Freight Forwarder,Machinery,Global Key Account,,,BE,Belgium,N Europe,EMEA,Yuki Kowalski,yuki.kowalski@meridiangl.com,B,45,Long-Term Contract,2022-03-04,2022-03-04,9999-12-31,1,1,1651
CUS1257,Glenmoor Industrial Ltd,SME Direct,Machinery,National,,,IT,Italy,Mediterranean,EMEA,Fatima Chen,fatima.chen@meridiangl.com,A,45,Long-Term Contract,2022-07-27,2022-07-27,9999-12-31,1,1,1652
CUS1258,Ironwood Pharma S.A.,3PL,Pharma,Mid-Market,,,US,United States,N America East,Americas,Sofia Ferreira,sofia.ferreira@meridiangl.com,C,15,Long-Term Contract,2024-11-08,2024-11-08,9999-12-31,1,1,1653
CUS1259,Equator Motors Pte Ltd,Freight Forwarder,Automotive,SME,,,AU,Australia,Oceania,ANZ,Ahmed Novak,ahmed.novak@meridiangl.com,D,0,Spot,2022-12-17,2022-12-17,2024-05-19,0,1,1654
CUS1259,Equator Motors Pte Ltd,Freight Forwarder,Automotive,SME,,,AU,Australia,Oceania,ANZ,Ahmed Novak,ahmed.novak@meridiangl.com,D,0,Long-Term Contract,2022-12-17,2024-05-20,9999-12-31,1,2,1655
CUS1260,Elmfield Farms LLC,NVOCC,Agriculture,National,,,TW,Taiwan,East Asia,APAC,James Tanaka,james.tanaka@meridiangl.com,B,30,Named Account Tariff,2019-11-03,2019-11-03,9999-12-31,1,1,1656
CUS1261,Granite Industrial PLC,3PL,Machinery,National,,,IT,Italy,Mediterranean,EMEA,Elena Berg,elena.berg@meridiangl.com,D,30,Long-Term Contract,2017-09-18,2017-09-18,9999-12-31,1,1,1657
CUS1262,Fairhaven Pharmaceuticals GmbH,3PL,Pharma,National,,,HK,Hong Kong,East Asia,APAC,Yuki Torres,yuki.torres@meridiangl.com,C,15,Long-Term Contract,2019-03-20,2019-03-20,2024-03-28,0,1,1658
CUS1262,Fairhaven Pharmaceuticals GmbH,3PL,Pharma,Mid-Market,,,HK,Hong Kong,East Asia,APAC,Ahmed Tanaka,ahmed.tanaka@meridiangl.com,A,15,Named Account Tariff,2019-03-20,2024-03-29,9999-12-31,1,2,1659
CUS1263,Westbrook Alloys LLC,BCO,Metals,SME,,,CN,China,East Asia,APAC,Carlos Al-Farsi,carlos.al-farsi@meridiangl.com,B,45,Spot,2018-07-11,2018-07-11,2021-08-07,0,1,1660
CUS1263,Westbrook Alloys LLC,BCO,Metals,SME,,,CN,China,East Asia,APAC,Elena O'Brien,elena.obrien@meridiangl.com,B,45,Spot,2018-07-11,2021-08-08,9999-12-31,1,2,1661
CUS1264,Everest Energy Group,BCO,Energy,Mid-Market,,,IN,India,South Asia,APAC,Elena Haddad,elena.haddad@meridiangl.com,C,60,Spot,2025-02-27,2025-02-27,9999-12-31,1,1,1662
CUS1265,Aurora Pharma Co.,BCO,Pharma,SME,,,DE,Germany,N Europe,EMEA,Maria Sharma,maria.sharma@meridiangl.com,B,45,Spot,2017-12-19,2017-12-19,9999-12-31,1,1,1663
CUS1266,Eastridge Auto Parts Corp,Freight Forwarder,Automotive,SME,,,HK,Hong Kong,East Asia,APAC,Ahmed Nguyen,ahmed.nguyen@meridiangl.com,D,30,Long-Term Contract,2024-11-28,2024-11-28,9999-12-31,1,1,1664
CUS1267,Glenmoor Power B.V.,SME Direct,Energy,SME,CUS0936,Foxrun Chemical Industries S.A.,ZA,South Africa,Africa,EMEA,Grace Larsson,grace.larsson@meridiangl.com,A,45,Spot,2021-04-04,2021-04-04,2024-03-04,0,1,1665
CUS1267,Glenmoor Power B.V.,SME Direct,Energy,SME,CUS0936,Foxrun Chemical Industries S.A.,ZA,South Africa,Africa,EMEA,Wei Silva,wei.silva@meridiangl.com,A,45,Spot,2021-04-04,2024-03-05,9999-12-31,1,2,1666
CUS1268,Marlowe Energy Inc,SME Direct,Energy,Mid-Market,CUS1792,Fairhaven Metals GmbH,JP,Japan,East Asia,APAC,Diego Yamamoto,diego.yamamoto@meridiangl.com,C,30,Spot,2015-12-09,2015-12-09,9999-12-31,1,1,1667
CUS1269,Ashford Chemical Industries Group,Freight Forwarder,Chemicals,SME,,,AE,United Arab Emirates,Middle East,EMEA,Elena Tanaka,elena.tanaka@meridiangl.com,C,0,Named Account Tariff,2015-11-13,2015-11-13,2022-08-12,0,1,1668
CUS1269,Ashford Chemical Industries Group,Freight Forwarder,Chemicals,Mid-Market,,,AE,United Arab Emirates,Middle East,EMEA,Elena Tanaka,elena.tanaka@meridiangl.com,C,0,Named Account Tariff,2015-11-13,2022-08-13,9999-12-31,1,2,1669
CUS1270,Granite Chemical Industries Pte Ltd,BCO,Chemicals,Mid-Market,,,GB,United Kingdom,N Europe,EMEA,Yuki O'Brien,yuki.obrien@meridiangl.com,C,15,Named Account Tariff,2018-04-17,2018-04-17,9999-12-31,1,1,1670
CUS1271,Equator Chemicals B.V.,3PL,Chemicals,Mid-Market,,,IN,India,South Asia,APAC,Elena O'Brien,elena.obrien@meridiangl.com,C,15,Long-Term Contract,2015-12-22,2015-12-22,9999-12-31,1,1,1671
CUS1272,Sentinel Energy Pte Ltd,BCO,Energy,Mid-Market,CUS1832,Beacon Chemicals PLC,AE,United Arab Emirates,Middle East,EMEA,Priya O'Brien,priya.obrien@meridiangl.com,B,15,Named Account Tariff,2018-03-30,2018-03-30,2023-01-18,0,1,1672
CUS1272,Sentinel Energy Pte Ltd,BCO,Energy,Mid-Market,CUS1832,Beacon Chemicals PLC,AE,United Arab Emirates,Middle East,EMEA,Hassan Nguyen,hassan.nguyen@meridiangl.com,A,15,Long-Term Contract,2018-03-30,2023-01-19,9999-12-31,1,2,1673
CUS1273,Vertex Trading Co.,3PL,Retail,National,,,SA,Saudi Arabia,Middle East,EMEA,Maria Sharma,maria.sharma@meridiangl.com,A,60,Named Account Tariff,2020-12-19,2020-12-19,9999-12-31,1,1,1674
CUS1274,Juniper Chemical Industries B.V.,NVOCC,Chemicals,Global Key Account,,,IN,India,South Asia,APAC,Fatima Haddad,fatima.haddad@meridiangl.com,B,45,Long-Term Contract,2016-08-08,2016-08-08,9999-12-31,1,1,1675
CUS1275,Millbrook Semiconductor LLC,SME Direct,Electronics,Global Key Account,,,JP,Japan,East Asia,APAC,Ahmed Torres,ahmed.torres@meridiangl.com,A,30,Long-Term Contract,2015-10-04,2015-10-04,9999-12-31,1,1,1676
CUS1276,Westbrook Pharmaceuticals Corp,BCO,Pharma,National,CUS2735,Underhill Chemical Industries Co.,FR,France,N Europe,EMEA,Yuki Kowalski,yuki.kowalski@meridiangl.com,B,30,Long-Term Contract,2024-09-26,2024-09-26,9999-12-31,1,1,1677
CUS1277,Redwood Apparel Co.,BCO,Textiles,SME,CUS2983,Junction Apparel Holdings,ES,Spain,Mediterranean,EMEA,Elena O'Brien,elena.obrien@meridiangl.com,C,30,Named Account Tariff,2017-11-07,2017-11-07,2023-09-02,0,1,1678
CUS1277,Redwood Apparel Co.,BCO,Textiles,SME,CUS2983,Junction Apparel Holdings,ES,Spain,Mediterranean,EMEA,Maria Sharma,maria.sharma@meridiangl.com,C,30,Long-Term Contract,2017-11-07,2023-09-03,9999-12-31,1,2,1679
CUS1278,Mosaic Technologies Corp,Freight Forwarder,Electronics,National,,,CN,China,East Asia,APAC,Yuki Ramirez,yuki.ramirez@meridiangl.com,C,15,Named Account Tariff,2026-06-11,2026-06-11,9999-12-31,1,1,1680
CUS1279,Cedarline Pharma Pte Ltd,NVOCC,Pharma,SME,CUS1832,Beacon Chemicals PLC,FR,France,N Europe,EMEA,Fatima Tanaka,fatima.tanaka@meridiangl.com,D,15,Spot,2015-02-10,2015-02-10,9999-12-31,1,1,1681
CUS1280,Equator Automotive Corp,BCO,Automotive,Global Key Account,,,CA,Canada,N America East,Americas,Priya Ferreira,priya.ferreira@meridiangl.com,A,60,Named Account Tariff,2015-02-08,2015-02-08,9999-12-31,1,1,1682
CUS1281,Ashgrove Pharmaceuticals S.A.,3PL,Pharma,SME,,,GB,United Kingdom,N Europe,EMEA,Ingrid Tanaka,ingrid.tanaka@meridiangl.com,C,0,Spot,2021-06-18,2021-06-18,2021-11-12,0,1,1683
CUS1281,Ashgrove Pharmaceuticals S.A.,3PL,Pharma,Mid-Market,,,GB,United Kingdom,N Europe,EMEA,Ingrid Tanaka,ingrid.tanaka@meridiangl.com,A,0,Long-Term Contract,2021-06-18,2021-11-13,9999-12-31,1,2,1684
CUS1282,Ironwood Technologies S.A.,BCO,Electronics,Mid-Market,,,FR,France,N Europe,EMEA,Fatima Haddad,fatima.haddad@meridiangl.com,A,45,Named Account Tariff,2021-06-25,2021-06-25,9999-12-31,1,1,1685
CUS1283,Hillcrest Apparel Inc,Freight Forwarder,Textiles,Mid-Market,,,TH,Thailand,SE Asia,APAC,Yuki Ramirez,yuki.ramirez@meridiangl.com,B,45,Long-Term Contract,2022-09-10,2022-09-10,9999-12-31,1,1,1686
CUS1284,Ironwood FMCG Co.,Freight Forwarder,FMCG,SME,,,ES,Spain,Mediterranean,EMEA,Elena Haddad,elena.haddad@meridiangl.com,B,30,Spot,2018-11-25,2018-11-25,2026-01-22,0,1,1687
CUS1284,Ironwood FMCG Co.,Freight Forwarder,FMCG,Mid-Market,,,ES,Spain,Mediterranean,EMEA,Elena Haddad,elena.haddad@meridiangl.com,B,30,Spot,2018-11-25,2026-01-23,9999-12-31,1,2,1688
CUS1285,Lakemoor Engineering Corp,SME Direct,Machinery,Mid-Market,,,KR,South Korea,East Asia,APAC,Maria Sharma,maria.sharma@meridiangl.com,C,15,Spot,2022-06-22,2022-06-22,2024-09-18,0,1,1689
CUS1285,Lakemoor Engineering Corp,SME Direct,Machinery,Mid-Market,,,KR,South Korea,East Asia,APAC,Fatima O'Brien,fatima.obrien@meridiangl.com,B,15,Spot,2022-06-22,2024-09-19,9999-12-31,1,2,1690
CUS1286,Marlowe Petrochemicals Corp,3PL,Energy,Mid-Market,,,SG,Singapore,SE Asia,APAC,Elena Tanaka,elena.tanaka@meridiangl.com,D,15,Long-Term Contract,2020-03-07,2020-03-07,9999-12-31,1,1,1691
CUS1287,Cedarline Steel Ltd,Freight Forwarder,Metals,National,,,FR,France,N Europe,EMEA,Diego Kowalski,diego.kowalski@meridiangl.com,B,30,Spot,2019-07-26,2019-07-26,9999-12-31,1,1,1692
CUS1288,Eastridge Metals Ltd,Freight Forwarder,Metals,Mid-Market,,,JP,Japan,East Asia,APAC,Elena Haddad,elena.haddad@meridiangl.com,B,30,Named Account Tariff,2018-10-27,2018-10-27,9999-12-31,1,1,1693
CUS1289,Southwick Garments GmbH,Freight Forwarder,Textiles,Mid-Market,,,BE,Belgium,N Europe,EMEA,Yuki Ramirez,yuki.ramirez@meridiangl.com,B,15,Spot,2015-11-17,2015-11-17,9999-12-31,1,1,1694
CUS1290,Ivyhill Farms Corp,NVOCC,Agriculture,National,,,CL,Chile,LatAm West,Americas,Yuki Kowalski,yuki.kowalski@meridiangl.com,C,0,Long-Term Contract,2016-10-27,2016-10-27,2017-11-14,0,1,1695
CUS1290,Ivyhill Farms Corp,NVOCC,Agriculture,SME,,,CL,Chile,LatAm West,Americas,Yuki Kowalski,yuki.kowalski@meridiangl.com,B,0,Named Account Tariff,2016-10-27,2017-11-15,9999-12-31,1,2,1696
CUS1291,Kestrel Farms Group,SME Direct,Agriculture,Mid-Market,CUS2123,Valleyforge Foods Inc,KR,South Korea,East Asia,APAC,Ingrid O'Brien,ingrid.obrien@meridiangl.com,B,30,Spot,2018-04-07,2018-04-07,2022-01-18,0,1,1697
CUS1291,Kestrel Farms Group,SME Direct,Agriculture,SME,CUS2123,Valleyforge Foods Inc,KR,South Korea,East Asia,APAC,Ingrid O'Brien,ingrid.obrien@meridiangl.com,C,30,Named Account Tariff,2018-04-07,2022-01-19,2023-10-21,0,2,1698
CUS1291,Kestrel Farms Group,SME Direct,Agriculture,SME,CUS2123,Valleyforge Foods Inc,KR,South Korea,East Asia,APAC,Ingrid O'Brien,ingrid.obrien@meridiangl.com,C,30,Long-Term Contract,2018-04-07,2023-10-22,9999-12-31,1,3,1699
CUS1292,Palisade Steel GmbH,SME Direct,Metals,National,CUS2530,Eastridge Alloys Pte Ltd,BE,Belgium,N Europe,EMEA,Diego Yamamoto,diego.yamamoto@meridiangl.com,C,15,Named Account Tariff,2015-04-23,2015-04-23,2021-03-13,0,1,1700
CUS1292,Palisade Steel GmbH,SME Direct,Metals,National,CUS2530,Eastridge Alloys Pte Ltd,BE,Belgium,N Europe,EMEA,Diego Yamamoto,diego.yamamoto@meridiangl.com,B,15,Named Account Tariff,2015-04-23,2021-03-14,9999-12-31,1,2,1701
CUS1293,Brightwater Stores PLC,3PL,Retail,Mid-Market,,,KR,South Korea,East Asia,APAC,Liam O'Brien,liam.obrien@meridiangl.com,D,0,Long-Term Contract,2020-07-12,2020-07-12,9999-12-31,1,1,1702
CUS1294,Lakemoor Semiconductor S.A.,SME Direct,Electronics,SME,,,NZ,New Zealand,Oceania,ANZ,Hassan Nguyen,hassan.nguyen@meridiangl.com,D,30,Spot,2020-04-08,2020-04-08,9999-12-31,1,1,1703
CUS1295,Aurora Power Corp,NVOCC,Energy,National,CUS0580,Oakford Consumer Goods Group,SG,Singapore,SE Asia,APAC,Wei Tanaka,wei.tanaka@meridiangl.com,A,15,Spot,2017-05-09,2017-05-09,2024-04-22,0,1,1704
CUS1295,Aurora Power Corp,NVOCC,Energy,National,CUS0580,Oakford Consumer Goods Group,SG,Singapore,SE Asia,APAC,Wei Tanaka,wei.tanaka@meridiangl.com,B,15,Spot,2017-05-09,2024-04-23,9999-12-31,1,2,1705
CUS1296,Ironwood Agri-Foods Pte Ltd,Freight Forwarder,Agriculture,SME,,,ES,Spain,Mediterranean,EMEA,Elena Tanaka,elena.tanaka@meridiangl.com,D,0,Spot,2020-01-06,2020-01-06,9999-12-31,1,1,1706
CUS1297,Ashford Agro Pte Ltd,BCO,Agriculture,Mid-Market,CUS1892,Harborview Electronics PLC,TW,Taiwan,East Asia,APAC,Wei Silva,wei.silva@meridiangl.com,C,15,Spot,2018-10-05,2018-10-05,9999-12-31,1,1,1707
CUS1298,Ashgrove Auto Parts Co.,BCO,Automotive,SME,,,BR,Brazil,LatAm East,Americas,James Larsson,james.larsson@meridiangl.com,C,30,Spot,2016-10-30,2016-10-30,9999-12-31,1,1,1708
CUS1299,Everest Power S.A.,3PL,Energy,SME,,,HK,Hong Kong,East Asia,APAC,Elena Haddad,elena.haddad@meridiangl.com,D,0,Spot,2021-09-20,2021-09-20,9999-12-31,1,1,1709
CUS1300,Kingswell Life Sciences Inc,BCO,Pharma,SME,,,BR,Brazil,LatAm East,Americas,Elena Berg,elena.berg@meridiangl.com,D,15,Spot,2022-08-10,2022-08-10,9999-12-31,1,1,1710
CUS1301,Onyx Agri-Foods LLC,3PL,Agriculture,Global Key Account,,,SA,Saudi Arabia,Middle East,EMEA,Elena Haddad,elena.haddad@meridiangl.com,B,30,Named Account Tariff,2026-04-16,2026-04-16,2026-08-18,0,1,1711
CUS1301,Onyx Agri-Foods LLC,3PL,Agriculture,Global Key Account,,,SA,Saudi Arabia,Middle East,EMEA,Ingrid O'Brien,ingrid.obrien@meridiangl.com,B,30,Named Account Tariff,2026-04-16,2026-08-19,9999-12-31,1,2,1712
CUS1302,Junction Consumer Goods Corp,Freight Forwarder,FMCG,SME,CUS0569,Ironbridge FMCG GmbH,GB,United Kingdom,N Europe,EMEA,Ingrid Ferreira,ingrid.ferreira@meridiangl.com,D,30,Named Account Tariff,2017-06-22,2017-06-22,2025-07-14,0,1,1713
CUS1302,Junction Consumer Goods Corp,Freight Forwarder,FMCG,National,CUS0569,Ironbridge FMCG GmbH,GB,United Kingdom,N Europe,EMEA,Ingrid Ferreira,ingrid.ferreira@meridiangl.com,A,30,Spot,2017-06-22,2025-07-15,9999-12-31,1,2,1714
CUS1303,Junction Farms PLC,BCO,Agriculture,Mid-Market,,,BE,Belgium,N Europe,EMEA,Elena O'Brien,elena.obrien@meridiangl.com,C,15,Spot,2020-08-07,2020-08-07,2022-09-19,0,1,1715
CUS1303,Junction Farms PLC,BCO,Agriculture,SME,,,BE,Belgium,N Europe,EMEA,Raj Kim,raj.kim@meridiangl.com,B,15,Long-Term Contract,2020-08-07,2022-09-20,9999-12-31,1,2,1716
CUS1304,Onyx Mercantile Pte Ltd,BCO,Retail,National,,,TR,Turkey,Mediterranean,EMEA,Ahmed Rossi,ahmed.rossi@meridiangl.com,B,30,Long-Term Contract,2015-04-18,2015-04-18,9999-12-31,1,1,1717
CUS1305,Mosaic Consumer Goods Inc,SME Direct,FMCG,SME,CUS3069,Junction Garments Inc,ES,Spain,Mediterranean,EMEA,Elena Haddad,elena.haddad@meridiangl.com,B,30,Named Account Tariff,2019-10-17,2019-10-17,9999-12-31,1,1,1718
CUS1306,Ivyhill Semiconductor Pte Ltd,BCO,Electronics,Mid-Market,,,NZ,New Zealand,Oceania,ANZ,Ahmed Novak,ahmed.novak@meridiangl.com,C,15,Named Account Tariff,2022-10-15,2022-10-15,2025-11-24,0,1,1719
CUS1306,Ivyhill Semiconductor Pte Ltd,BCO,Electronics,Mid-Market,,,NZ,New Zealand,Oceania,ANZ,Ahmed Novak,ahmed.novak@meridiangl.com,A,15,Named Account Tariff,2022-10-15,2025-11-25,9999-12-31,1,2,1720
CUS1307,Dockside Semiconductor Inc,3PL,Electronics,SME,CUS2396,Fairhaven Alloys GmbH,SG,Singapore,SE Asia,APAC,Elena Haddad,elena.haddad@meridiangl.com,D,45,Spot,2019-02-17,2019-02-17,2021-11-18,0,1,1721
CUS1307,Dockside Semiconductor Inc,3PL,Electronics,National,CUS2396,Fairhaven Alloys GmbH,SG,Singapore,SE Asia,APAC,Fatima Tanaka,fatima.tanaka@meridiangl.com,A,45,Long-Term Contract,2019-02-17,2021-11-19,9999-12-31,1,2,1722
CUS1308,Ironbridge Mercantile Ltd,SME Direct,Retail,SME,,,NL,Netherlands,N Europe,EMEA,Priya O'Brien,priya.obrien@meridiangl.com,C,15,Spot,2015-08-13,2015-08-13,9999-12-31,1,1,1723
CUS1309,Cobalt Machinery Pte Ltd,SME Direct,Machinery,National,,,HK,Hong Kong,East Asia,APAC,Ahmed Rossi,ahmed.rossi@meridiangl.com,A,45,Long-Term Contract,2018-07-21,2018-07-21,9999-12-31,1,1,1724
CUS1310,Hillcrest Pharmaceuticals PLC,NVOCC,Pharma,SME,,,MX,Mexico,LatAm West,Americas,Grace Larsson,grace.larsson@meridiangl.com,C,0,Named Account Tariff,2022-08-18,2022-08-18,9999-12-31,1,1,1725
CUS1311,Marlowe Textiles Holdings,NVOCC,Textiles,SME,CUS1832,Beacon Chemicals PLC,CL,Chile,LatAm West,Americas,Liam O'Brien,liam.obrien@meridiangl.com,D,0,Long-Term Contract,2015-10-10,2015-10-10,9999-12-31,1,1,1726
CUS1312,Ridgemont Garments LLC,BCO,Textiles,National,,,ID,Indonesia,SE Asia,APAC,Priya Ferreira,priya.ferreira@meridiangl.com,A,60,Named Account Tariff,2023-09-07,2023-09-07,9999-12-31,1,1,1727
CUS1313,Hillcrest Industrial Co.,BCO,Machinery,SME,,,TR,Turkey,Mediterranean,EMEA,Ahmed Torres,ahmed.torres@meridiangl.com,C,0,Spot,2015-01-17,2015-01-17,9999-12-31,1,1,1728
CUS1314,Greystone Agri-Foods Group,Freight Forwarder,Agriculture,SME,,,IN,India,South Asia,APAC,Ahmed Nguyen,ahmed.nguyen@meridiangl.com,C,15,Named Account Tariff,2016-10-16,2016-10-16,2024-04-29,0,1,1729
CUS1314,Greystone Agri-Foods Group,Freight Forwarder,Agriculture,Mid-Market,,,IN,India,South Asia,APAC,Carlos Haddad,carlos.haddad@meridiangl.com,A,15,Spot,2016-10-16,2024-04-30,9999-12-31,1,2,1730
CUS1315,Westbrook Auto Parts PLC,3PL,Automotive,National,,,ID,Indonesia,SE Asia,APAC,Ahmed Torres,ahmed.torres@meridiangl.com,B,15,Spot,2025-07-11,2025-07-11,9999-12-31,1,1,1731
CUS1316,Underhill Industrial Corp,NVOCC,Machinery,Mid-Market,CUS3045,Equator Pharma B.V.,HK,Hong Kong,East Asia,APAC,Carlos Haddad,carlos.haddad@meridiangl.com,C,45,Named Account Tariff,2020-04-06,2020-04-06,9999-12-31,1,1,1732
CUS1317,Elmfield Mercantile Holdings,NVOCC,Retail,Mid-Market,,,SA,Saudi Arabia,Middle East,EMEA,Hassan Silva,hassan.silva@meridiangl.com,B,30,Named Account Tariff,2021-06-18,2021-06-18,2024-12-16,0,1,1733
CUS1317,Elmfield Mercantile Holdings,NVOCC,Retail,Mid-Market,,,SA,Saudi Arabia,Middle East,EMEA,Ahmed Tanaka,ahmed.tanaka@meridiangl.com,B,30,Named Account Tariff,2021-06-18,2024-12-17,9999-12-31,1,2,1734
CUS1318,Beacon Energy GmbH,BCO,Energy,SME,,,JP,Japan,East Asia,APAC,Raj Kim,raj.kim@meridiangl.com,B,60,Long-Term Contract,2021-07-15,2021-07-15,2023-09-12,0,1,1735
CUS1318,Beacon Energy GmbH,BCO,Energy,SME,,,JP,Japan,East Asia,APAC,Raj Kim,raj.kim@meridiangl.com,A,60,Named Account Tariff,2021-07-15,2023-09-13,9999-12-31,1,2,1736
CUS1319,Kestrel Motors GmbH,SME Direct,Automotive,Mid-Market,,,IN,India,South Asia,APAC,Elena Berg,elena.berg@meridiangl.com,C,45,Named Account Tariff,2017-10-02,2017-10-02,2022-11-03,0,1,1737
CUS1319,Kestrel Motors GmbH,SME Direct,Automotive,National,,,IN,India,South Asia,APAC,Elena Berg,elena.berg@meridiangl.com,C,45,Named Account Tariff,2017-10-02,2022-11-04,9999-12-31,1,2,1738
CUS1320,Ironbridge Metals S.A.,Freight Forwarder,Metals,SME,,,CL,Chile,LatAm West,Americas,Carlos Haddad,carlos.haddad@meridiangl.com,D,0,Spot,2018-03-03,2018-03-03,2024-04-29,0,1,1739
CUS1320,Ironbridge Metals S.A.,Freight Forwarder,Metals,Mid-Market,,,CL,Chile,LatAm West,Americas,Ahmed Nguyen,ahmed.nguyen@meridiangl.com,B,0,Named Account Tariff,2018-03-03,2024-04-30,9999-12-31,1,2,1740
CUS1321,Millbrook Machinery S.A.,Freight Forwarder,Machinery,Mid-Market,,,NZ,New Zealand,Oceania,ANZ,Ingrid O'Brien,ingrid.obrien@meridiangl.com,A,60,Long-Term Contract,2017-08-31,2017-08-31,2023-03-19,0,1,1741
CUS1321,Millbrook Machinery S.A.,Freight Forwarder,Machinery,National,,,NZ,New Zealand,Oceania,ANZ,Fatima Chen,fatima.chen@meridiangl.com,A,60,Spot,2017-08-31,2023-03-20,9999-12-31,1,2,1742
CUS1322,Equator Agro Ltd,3PL,Agriculture,National,,,TH,Thailand,SE Asia,APAC,Fatima O'Brien,fatima.obrien@meridiangl.com,A,0,Long-Term Contract,2022-11-16,2022-11-16,9999-12-31,1,1,1743
CUS1323,Deerfield Stores LLC,Freight Forwarder,Retail,SME,,,NZ,New Zealand,Oceania,ANZ,Hassan Silva,hassan.silva@meridiangl.com,C,45,Named Account Tariff,2025-03-02,2025-03-02,2025-09-23,0,1,1744
CUS1323,Deerfield Stores LLC,Freight Forwarder,Retail,National,,,NZ,New Zealand,Oceania,ANZ,Diego Kowalski,diego.kowalski@meridiangl.com,A,45,Long-Term Contract,2025-03-02,2025-09-24,9999-12-31,1,2,1745
CUS1324,Redwood Chemical Industries LLC,3PL,Chemicals,Mid-Market,,,SG,Singapore,SE Asia,APAC,Ahmed Nguyen,ahmed.nguyen@meridiangl.com,A,30,Long-Term Contract,2022-07-24,2022-07-24,9999-12-31,1,1,1746
CUS1325,Beacon Chemicals Ltd,BCO,Chemicals,Mid-Market,,,NZ,New Zealand,Oceania,ANZ,Ahmed Torres,ahmed.torres@meridiangl.com,D,15,Named Account Tariff,2023-12-15,2023-12-15,2026-05-01,0,1,1747
CUS1325,Beacon Chemicals Ltd,BCO,Chemicals,Mid-Market,,,NZ,New Zealand,Oceania,ANZ,Grace Osei,grace.osei@meridiangl.com,C,15,Long-Term Contract,2023-12-15,2026-05-02,9999-12-31,1,2,1748
CUS1326,Granite Consumer Goods Corp,Freight Forwarder,FMCG,National,,,VN,Vietnam,SE Asia,APAC,Ingrid Nguyen,ingrid.nguyen@meridiangl.com,B,45,Long-Term Contract,2017-01-05,2017-01-05,9999-12-31,1,1,1749
CUS1327,Dockside Garments LLC,Freight Forwarder,Textiles,Global Key Account,,,ID,Indonesia,SE Asia,APAC,Ahmed Novak,ahmed.novak@meridiangl.com,A,60,Long-Term Contract,2016-01-11,2016-01-11,9999-12-31,1,1,1750
CUS1328,Kestrel Steel Inc,BCO,Metals,Global Key Account,,,FR,France,N Europe,EMEA,Ahmed Novak,ahmed.novak@meridiangl.com,A,45,Long-Term Contract,2025-07-21,2025-07-21,2026-03-30,0,1,1751
CUS1328,Kestrel Steel Inc,BCO,Metals,Global Key Account,,,FR,France,N Europe,EMEA,Ahmed Novak,ahmed.novak@meridiangl.com,C,45,Long-Term Contract,2025-07-21,2026-03-31,9999-12-31,1,2,1752
CUS1329,Brightwater Farms Holdings,NVOCC,Agriculture,SME,CUS2254,Kestrel Energy LLC,BR,Brazil,LatAm East,Americas,Yuki Torres,yuki.torres@meridiangl.com,B,60,Spot,2023-09-20,2023-09-20,9999-12-31,1,1,1753
CUS1330,Valleyforge Semiconductor Inc,BCO,Electronics,National,,,IT,Italy,Mediterranean,EMEA,Fatima Tanaka,fatima.tanaka@meridiangl.com,D,15,Long-Term Contract,2026-04-20,2026-04-20,9999-12-31,1,1,1754
CUS1331,Onyx Automotive GmbH,SME Direct,Automotive,Mid-Market,,,SG,Singapore,SE Asia,APAC,Priya O'Brien,priya.obrien@meridiangl.com,B,15,Long-Term Contract,2015-06-06,2015-06-06,9999-12-31,1,1,1755
CUS1332,Solstice Agro Group,BCO,Agriculture,Mid-Market,,,CL,Chile,LatAm West,Americas,Wei Tanaka,wei.tanaka@meridiangl.com,B,60,Named Account Tariff,2016-07-27,2016-07-27,9999-12-31,1,1,1756
CUS1333,Ironwood Power Pte Ltd,NVOCC,Energy,Mid-Market,,,VN,Vietnam,SE Asia,APAC,Elena Tanaka,elena.tanaka@meridiangl.com,C,30,Spot,2021-04-28,2021-04-28,9999-12-31,1,1,1757
CUS1334,Westbrook Metals B.V.,NVOCC,Metals,SME,,,TW,Taiwan,East Asia,APAC,Elena Haddad,elena.haddad@meridiangl.com,C,45,Spot,2018-11-21,2018-11-21,9999-12-31,1,1,1758
CUS1335,Hillcrest Industrial Corp,BCO,Machinery,SME,,,HK,Hong Kong,East Asia,APAC,Elena Haddad,elena.haddad@meridiangl.com,D,0,Spot,2019-06-10,2019-06-10,9999-12-31,1,1,1759
CUS1336,Deerfield Agri-Foods S.A.,BCO,Agriculture,Global Key Account,,,IT,Italy,Mediterranean,EMEA,Priya Ferreira,priya.ferreira@meridiangl.com,A,60,Long-Term Contract,2020-10-27,2020-10-27,9999-12-31,1,1,1760
CUS1337,Greystone Textiles B.V.,3PL,Textiles,National,,,SG,Singapore,SE Asia,APAC,Ingrid Nguyen,ingrid.nguyen@meridiangl.com,B,30,Long-Term Contract,2017-11-10,2017-11-10,9999-12-31,1,1,1761
CUS1338,Palisade Metals Co.,3PL,Metals,National,CUS0905,Monsoon Electronics B.V.,ES,Spain,Mediterranean,EMEA,Elena Tanaka,elena.tanaka@meridiangl.com,D,15,Named Account Tariff,2017-03-08,2017-03-08,9999-12-31,1,1,1762
CUS1339,Brookline Semiconductor PLC,BCO,Electronics,SME,,,CL,Chile,LatAm West,Americas,James Tanaka,james.tanaka@meridiangl.com,D,0,Spot,2021-07-21,2021-07-21,2024-03-16,0,1,1763
CUS1339,Brookline Semiconductor PLC,BCO,Electronics,National,,,CL,Chile,LatAm West,Americas,Elena Berg,elena.berg@meridiangl.com,A,0,Spot,2021-07-21,2024-03-17,9999-12-31,1,2,1764
CUS1340,Quarrystone Metals Holdings,BCO,Metals,National,,,ZA,South Africa,Africa,EMEA,Ahmed Rossi,ahmed.rossi@meridiangl.com,D,15,Long-Term Contract,2016-06-01,2016-06-01,9999-12-31,1,1,1765
CUS1341,Kestrel Chemicals S.A.,BCO,Chemicals,Mid-Market,,,CA,Canada,N America East,Americas,Elena Haddad,elena.haddad@meridiangl.com,D,0,Named Account Tariff,2020-12-03,2020-12-03,2021-11-29,0,1,1766
CUS1341,Kestrel Chemicals S.A.,BCO,Chemicals,Mid-Market,,,CA,Canada,N America East,Americas,Elena Haddad,elena.haddad@meridiangl.com,D,0,Spot,2020-12-03,2021-11-30,9999-12-31,1,2,1767
CUS1342,Sterling Pharmaceuticals B.V.,3PL,Pharma,SME,,,GB,United Kingdom,N Europe,EMEA,James Larsson,james.larsson@meridiangl.com,A,60,Spot,2015-10-05,2015-10-05,2016-03-16,0,1,1768
CUS1342,Sterling Pharmaceuticals B.V.,3PL,Pharma,SME,,,GB,United Kingdom,N Europe,EMEA,Grace Larsson,grace.larsson@meridiangl.com,A,60,Spot,2015-10-05,2016-03-17,9999-12-31,1,2,1769
CUS1343,Ashford Electronics Ltd,SME Direct,Electronics,Mid-Market,CUS2498,Brightwater Petrochemicals Holdings,FR,France,N Europe,EMEA,Carlos Al-Farsi,carlos.al-farsi@meridiangl.com,B,30,Named Account Tariff,2016-03-15,2016-03-15,2022-05-02,0,1,1770
CUS1343,Ashford Electronics Ltd,SME Direct,Electronics,National,CUS2498,Brightwater Petrochemicals Holdings,FR,France,N Europe,EMEA,Yuki Ramirez,yuki.ramirez@meridiangl.com,A,30,Spot,2016-03-15,2022-05-03,9999-12-31,1,2,1771
CUS1344,Mosaic Power LLC,SME Direct,Energy,SME,,,AU,Australia,Oceania,ANZ,Fatima Haddad,fatima.haddad@meridiangl.com,B,30,Spot,2015-04-18,2015-04-18,9999-12-31,1,1,1772
CUS1345,Monsoon Power Group,Freight Forwarder,Energy,Mid-Market,CUS1412,Mosaic Pharmaceuticals PLC,CN,China,East Asia,APAC,Diego Yamamoto,diego.yamamoto@meridiangl.com,B,30,Spot,2019-08-25,2019-08-25,9999-12-31,1,1,1773
CUS1346,Juniper Industrial Ltd,SME Direct,Machinery,Mid-Market,,,SA,Saudi Arabia,Middle East,EMEA,Yuki Torres,yuki.torres@meridiangl.com,D,0,Spot,2019-03-07,2019-03-07,9999-12-31,1,1,1774
CUS1347,Redwood Power Ltd,BCO,Energy,Mid-Market,,,SA,Saudi Arabia,Middle East,EMEA,Carlos Sharma,carlos.sharma@meridiangl.com,A,45,Spot,2018-07-17,2018-07-17,9999-12-31,1,1,1775
CUS1348,Lakemoor Motors LLC,Freight Forwarder,Automotive,SME,,,NZ,New Zealand,Oceania,ANZ,Priya Ferreira,priya.ferreira@meridiangl.com,C,15,Spot,2026-04-13,2026-04-13,9999-12-31,1,1,1776
CUS1349,Beacon FMCG LLC,NVOCC,FMCG,Mid-Market,,,IT,Italy,Mediterranean,EMEA,Elena Berg,elena.berg@meridiangl.com,C,30,Long-Term Contract,2021-05-13,2021-05-13,9999-12-31,1,1,1777
CUS1350,Glenmoor Pharmaceuticals GmbH,3PL,Pharma,SME,CUS2594,Ridgemont Farms B.V.,SG,Singapore,SE Asia,APAC,Elena Haddad,elena.haddad@meridiangl.com,C,30,Spot,2018-08-29,2018-08-29,2021-03-04,0,1,1778
CUS1350,Glenmoor Pharmaceuticals GmbH,3PL,Pharma,Mid-Market,CUS2594,Ridgemont Farms B.V.,SG,Singapore,SE Asia,APAC,Grace Larsson,grace.larsson@meridiangl.com,C,30,Spot,2018-08-29,2021-03-05,9999-12-31,1,2,1779
CUS1351,Nightingale Alloys Inc,BCO,Metals,SME,,,ES,Spain,Mediterranean,EMEA,Elena Tanaka,elena.tanaka@meridiangl.com,D,30,Spot,2026-04-28,2026-04-28,2026-07-10,0,1,1780
CUS1351,Nightingale Alloys Inc,BCO,Metals,National,,,ES,Spain,Mediterranean,EMEA,Sofia Ferreira,sofia.ferreira@meridiangl.com,D,30,Long-Term Contract,2026-04-28,2026-07-11,9999-12-31,1,2,1781
CUS1352,Monsoon Technologies Pte Ltd,BCO,Electronics,SME,,,NL,Netherlands,N Europe,EMEA,Carlos Sharma,carlos.sharma@meridiangl.com,C,30,Spot,2023-06-10,2023-06-10,9999-12-31,1,1,1782
CUS1353,Oakford Automotive Pte Ltd,SME Direct,Automotive,Mid-Market,,,SA,Saudi Arabia,Middle East,EMEA,Yuki Torres,yuki.torres@meridiangl.com,C,30,Spot,2024-03-31,2024-03-31,2024-07-06,0,1,1783
CUS1353,Oakford Automotive Pte Ltd,SME Direct,Automotive,SME,,,SA,Saudi Arabia,Middle East,EMEA,Raj Kim,raj.kim@meridiangl.com,A,30,Spot,2024-03-31,2024-07-07,9999-12-31,1,2,1784
CUS1354,Cobalt Agri-Foods LLC,Freight Forwarder,Agriculture,Mid-Market,,,BE,Belgium,N Europe,EMEA,Ahmed Nguyen,ahmed.nguyen@meridiangl.com,C,30,Long-Term Contract,2015-02-12,2015-02-12,9999-12-31,1,1,1785
CUS1355,Westbrook Electronics LLC,Freight Forwarder,Electronics,SME,,,ES,Spain,Mediterranean,EMEA,Ingrid O'Brien,ingrid.obrien@meridiangl.com,C,0,Spot,2018-10-09,2018-10-09,9999-12-31,1,1,1786
CUS1356,Northgate Foods Inc,3PL,FMCG,National,,,CA,Canada,N America East,Americas,Sofia Larsson,sofia.larsson@meridiangl.com,B,30,Long-Term Contract,2022-03-08,2022-03-08,9999-12-31,1,1,1787
CUS1357,Equator Consumer Goods LLC,NVOCC,FMCG,Mid-Market,,,AU,Australia,Oceania,ANZ,Ingrid O'Brien,ingrid.obrien@meridiangl.com,C,30,Named Account Tariff,2020-12-09,2020-12-09,9999-12-31,1,1,1788
CUS1358,Palisade Steel S.A.,Freight Forwarder,Metals,National,,,IT,Italy,Mediterranean,EMEA,Carlos Al-Farsi,carlos.al-farsi@meridiangl.com,B,15,Long-Term Contract,2021-11-28,2021-11-28,9999-12-31,1,1,1789
CUS1359,Greystone Automotive Ltd,Freight Forwarder,Automotive,SME,CUS1894,Junction Foods Holdings,IN,India,South Asia,APAC,Ingrid Nguyen,ingrid.nguyen@meridiangl.com,B,30,Spot,2015-09-03,2015-09-03,9999-12-31,1,1,1790
CUS1360,Ashford Industrial Holdings,Freight Forwarder,Machinery,Mid-Market,,,ZA,South Africa,Africa,EMEA,Ahmed Rossi,ahmed.rossi@meridiangl.com,C,45,Spot,2016-12-25,2016-12-25,9999-12-31,1,1,1791
CUS1361,Fairhaven Motors Co.,BCO,Automotive,SME,,,ZA,South Africa,Africa,EMEA,Carlos Ferreira,carlos.ferreira@meridiangl.com,D,15,Spot,2026-04-29,2026-04-29,2026-07-06,0,1,1792
CUS1361,Fairhaven Motors Co.,BCO,Automotive,Mid-Market,,,ZA,South Africa,Africa,EMEA,Yuki Torres,yuki.torres@meridiangl.com,B,15,Long-Term Contract,2026-04-29,2026-07-07,9999-12-31,1,2,1793
CUS1362,Hillcrest Pharmaceuticals B.V.,BCO,Pharma,Mid-Market,,,SA,Saudi Arabia,Middle East,EMEA,Ahmed Torres,ahmed.torres@meridiangl.com,B,30,Named Account Tariff,2020-01-29,2020-01-29,9999-12-31,1,1,1794
CUS1363,Voyager Agro S.A.,SME Direct,Agriculture,SME,,,ID,Indonesia,SE Asia,APAC,Yuki O'Brien,yuki.obrien@meridiangl.com,C,45,Long-Term Contract,2025-10-17,2025-10-17,9999-12-31,1,1,1795
CUS1364,Oakford Engineering Pte Ltd,SME Direct,Machinery,National,,,KR,South Korea,East Asia,APAC,Carlos Sharma,carlos.sharma@meridiangl.com,B,45,Long-Term Contract,2016-05-06,2016-05-06,9999-12-31,1,1,1796
CUS1365,Vertex Textiles PLC,BCO,Textiles,SME,CUS1367,Nightingale Semiconductor GmbH,NZ,New Zealand,Oceania,ANZ,Ingrid Tanaka,ingrid.tanaka@meridiangl.com,A,60,Spot,2017-11-14,2017-11-14,9999-12-31,1,1,1797
CUS1366,Dockside Motors S.A.,BCO,Automotive,Mid-Market,,,GB,United Kingdom,N Europe,EMEA,Yuki Ramirez,yuki.ramirez@meridiangl.com,C,30,Spot,2022-01-18,2022-01-18,2023-06-10,0,1,1798
CUS1366,Dockside Motors S.A.,BCO,Automotive,National,,,GB,United Kingdom,N Europe,EMEA,Yuki Ramirez,yuki.ramirez@meridiangl.com,D,30,Long-Term Contract,2022-01-18,2023-06-11,9999-12-31,1,2,1799
CUS1367,Nightingale Semiconductor GmbH,3PL,Electronics,Global Key Account,,,GB,United Kingdom,N Europe,EMEA,Yuki Ramirez,yuki.ramirez@meridiangl.com,B,45,Long-Term Contract,2019-01-10,2019-01-10,2019-11-02,0,1,1800
CUS1367,Nightingale Semiconductor GmbH,3PL,Electronics,Global Key Account,,,GB,United Kingdom,N Europe,EMEA,Priya Ferreira,priya.ferreira@meridiangl.com,A,45,Named Account Tariff,2019-01-10,2019-11-03,9999-12-31,1,2,1801
CUS1368,Zenith Engineering GmbH,NVOCC,Machinery,Global Key Account,,,CL,Chile,LatAm West,Americas,Sofia Ferreira,sofia.ferreira@meridiangl.com,A,30,Named Account Tariff,2019-06-04,2019-06-04,2024-02-16,0,1,1802
CUS1368,Zenith Engineering GmbH,NVOCC,Machinery,Global Key Account,,,CL,Chile,LatAm West,Americas,Sofia Ferreira,sofia.ferreira@meridiangl.com,A,30,Spot,2019-06-04,2024-02-17,9999-12-31,1,2,1803
CUS1369,Everest FMCG Ltd,Freight Forwarder,FMCG,Mid-Market,,,CA,Canada,N America East,Americas,Priya Ferreira,priya.ferreira@meridiangl.com,A,60,Long-Term Contract,2023-11-14,2023-11-14,9999-12-31,1,1,1804
CUS1370,Vertex Textiles Corp,3PL,Textiles,Mid-Market,CUS1100,Elmfield Industrial Co.,AE,United Arab Emirates,Middle East,EMEA,Yuki O'Brien,yuki.obrien@meridiangl.com,D,15,Named Account Tariff,2020-05-10,2020-05-10,9999-12-31,1,1,1805
CUS1371,Lonestar Motors S.A.,BCO,Automotive,SME,,,ES,Spain,Mediterranean,EMEA,Ingrid Osei,ingrid.osei@meridiangl.com,B,60,Spot,2017-07-30,2017-07-30,9999-12-31,1,1,1806
CUS1372,Quarrystone Petrochemicals PLC,SME Direct,Energy,National,,,TW,Taiwan,East Asia,APAC,Sofia Tanaka,sofia.tanaka@meridiangl.com,D,0,Spot,2019-05-20,2019-05-20,9999-12-31,1,1,1807
CUS1373,Nova Chemicals S.A.,NVOCC,Chemicals,Mid-Market,,,AE,United Arab Emirates,Middle East,EMEA,Elena Tanaka,elena.tanaka@meridiangl.com,C,45,Named Account Tariff,2019-12-23,2019-12-23,9999-12-31,1,1,1808
CUS1374,Deerfield Mercantile GmbH,3PL,Retail,National,CUS2315,Harborview Trading Inc,KR,South Korea,East Asia,APAC,Raj Kim,raj.kim@meridiangl.com,D,15,Long-Term Contract,2018-07-08,2018-07-08,2022-09-11,0,1,1809
CUS1374,Deerfield Mercantile GmbH,3PL,Retail,National,CUS2315,Harborview Trading Inc,KR,South Korea,East Asia,APAC,Raj Kim,raj.kim@meridiangl.com,D,15,Spot,2018-07-08,2022-09-12,9999-12-31,1,2,1810
CUS1375,Aurora FMCG Ltd,BCO,FMCG,Mid-Market,,,SA,Saudi Arabia,Middle East,EMEA,Yuki O'Brien,yuki.obrien@meridiangl.com,B,45,Spot,2016-05-03,2016-05-03,2025-08-01,0,1,1811
CUS1375,Aurora FMCG Ltd,BCO,FMCG,SME,,,SA,Saudi Arabia,Middle East,EMEA,Diego Kowalski,diego.kowalski@meridiangl.com,A,45,Named Account Tariff,2016-05-03,2025-08-02,9999-12-31,1,2,1812
CUS1376,Hillcrest Motors Pte Ltd,Freight Forwarder,Automotive,National,,,MX,Mexico,LatAm West,Americas,Sofia Tanaka,sofia.tanaka@meridiangl.com,B,30,Long-Term Contract,2016-03-13,2016-03-13,9999-12-31,1,1,1813
CUS1377,Ridgemont Motors B.V.,3PL,Automotive,Mid-Market,,,FR,France,N Europe,EMEA,Elena O'Brien,elena.obrien@meridiangl.com,D,45,Named Account Tariff,2015-01-16,2015-01-16,2016-11-08,0,1,1814
CUS1377,Ridgemont Motors B.V.,3PL,Automotive,Mid-Market,,,FR,France,N Europe,EMEA,Sofia Ferreira,sofia.ferreira@meridiangl.com,B,45,Spot,2015-01-16,2016-11-09,9999-12-31,1,2,1815
CUS1378,Solstice Trading Corp,NVOCC,Retail,Mid-Market,,,NZ,New Zealand,Oceania,ANZ,Ingrid O'Brien,ingrid.obrien@meridiangl.com,C,15,Long-Term Contract,2017-12-18,2017-12-18,9999-12-31,1,1,1816
CUS1379,Junction Agri-Foods PLC,NVOCC,Agriculture,Mid-Market,,,VN,Vietnam,SE Asia,APAC,Carlos Haddad,carlos.haddad@meridiangl.com,B,30,Long-Term Contract,2018-12-18,2018-12-18,9999-12-31,1,1,1817
CUS1380,Nova Pharmaceuticals Group,3PL,Pharma,SME,,,SG,Singapore,SE Asia,APAC,Yuki O'Brien,yuki.obrien@meridiangl.com,C,0,Spot,2019-07-06,2019-07-06,9999-12-31,1,1,1818
CUS1381,Kestrel Engineering Holdings,Freight Forwarder,Machinery,SME,,,ZA,South Africa,Africa,EMEA,Grace Larsson,grace.larsson@meridiangl.com,C,15,Spot,2024-03-24,2024-03-24,2025-10-04,0,1,1819
CUS1381,Kestrel Engineering Holdings,Freight Forwarder,Machinery,Mid-Market,,,ZA,South Africa,Africa,EMEA,James Larsson,james.larsson@meridiangl.com,D,15,Long-Term Contract,2024-03-24,2025-10-05,9999-12-31,1,2,1820
CUS1382,Solstice Energy Corp,BCO,Energy,SME,,,TW,Taiwan,East Asia,APAC,Grace Osei,grace.osei@meridiangl.com,C,15,Spot,2016-02-12,2016-02-12,9999-12-31,1,1,1821
CUS1383,Aurora Life Sciences Pte Ltd,3PL,Pharma,SME,CUS1909,Palisade Chemical Industries GmbH,MX,Mexico,LatAm West,Americas,Hassan Silva,hassan.silva@meridiangl.com,A,15,Spot,2017-07-19,2017-07-19,9999-12-31,1,1,1822
CUS1384,Nightingale Agro Inc,SME Direct,Agriculture,SME,CUS2373,Vantage Life Sciences PLC,CN,China,East Asia,APAC,Elena Haddad,elena.haddad@meridiangl.com,D,45,Named Account Tariff,2018-11-19,2018-11-19,9999-12-31,1,1,1823
CUS1385,Wellspring Chemical Industries B.V.,BCO,Chemicals,National,CUS1280,Equator Automotive Corp,SA,Saudi Arabia,Middle East,EMEA,Elena Tanaka,elena.tanaka@meridiangl.com,A,30,Long-Term Contract,2015-10-13,2015-10-13,9999-12-31,1,1,1824
CUS1386,Monsoon Alloys Co.,Freight Forwarder,Metals,Global Key Account,,,ES,Spain,Mediterranean,EMEA,Ahmed Rossi,ahmed.rossi@meridiangl.com,A,60,Long-Term Contract,2025-12-15,2025-12-15,9999-12-31,1,1,1825
CUS1387,Southwick Machinery Ltd,BCO,Machinery,Mid-Market,CUS2200,Vertex Garments Group,HK,Hong Kong,East Asia,APAC,Ingrid Nguyen,ingrid.nguyen@meridiangl.com,B,45,Named Account Tariff,2021-10-09,2021-10-09,9999-12-31,1,1,1826
CUS1388,Harborview Engineering GmbH,SME Direct,Machinery,National,,,SA,Saudi Arabia,Middle East,EMEA,Carlos Al-Farsi,carlos.al-farsi@meridiangl.com,A,60,Named Account Tariff,2015-10-11,2015-10-11,9999-12-31,1,1,1827
CUS1389,Harborview Auto Parts Inc,3PL,Automotive,Mid-Market,,,MX,Mexico,LatAm West,Americas,Hassan Nguyen,hassan.nguyen@meridiangl.com,C,30,Long-Term Contract,2022-01-21,2022-01-21,9999-12-31,1,1,1828
CUS1390,Quarrystone Textiles Pte Ltd,BCO,Textiles,Mid-Market,,,SA,Saudi Arabia,Middle East,EMEA,Priya Ferreira,priya.ferreira@meridiangl.com,D,30,Spot,2017-06-11,2017-06-11,9999-12-31,1,1,1829
CUS1391,Thornwell Agro Corp,BCO,Agriculture,Mid-Market,,,US,United States,N America East,Americas,Ahmed Rossi,ahmed.rossi@meridiangl.com,D,0,Named Account Tariff,2018-10-28,2018-10-28,9999-12-31,1,1,1830
CUS1392,Nova Life Sciences S.A.,NVOCC,Pharma,National,,,NL,Netherlands,N Europe,EMEA,Elena Tanaka,elena.tanaka@meridiangl.com,D,30,Long-Term Contract,2016-04-04,2016-04-04,9999-12-31,1,1,1831
CUS1393,Monsoon Chemical Industries GmbH,Freight Forwarder,Chemicals,Global Key Account,,,SG,Singapore,SE Asia,APAC,Carlos Al-Farsi,carlos.al-farsi@meridiangl.com,A,30,Long-Term Contract,2015-04-08,2015-04-08,9999-12-31,1,1,1832
CUS1394,Aurora Chemicals B.V.,3PL,Chemicals,Mid-Market,CUS0317,Beacon Stores B.V.,KR,South Korea,East Asia,APAC,Elena O'Brien,elena.obrien@meridiangl.com,C,60,Named Account Tariff,2021-04-21,2021-04-21,2025-09-23,0,1,1833
CUS1394,Aurora Chemicals B.V.,3PL,Chemicals,Mid-Market,CUS0317,Beacon Stores B.V.,KR,South Korea,East Asia,APAC,Fatima Haddad,fatima.haddad@meridiangl.com,C,60,Long-Term Contract,2021-04-21,2025-09-24,9999-12-31,1,2,1834
CUS1395,Millbrook Mercantile Corp,BCO,Retail,Global Key Account,,,NZ,New Zealand,Oceania,ANZ,Priya O'Brien,priya.obrien@meridiangl.com,B,60,Long-Term Contract,2019-07-25,2019-07-25,9999-12-31,1,1,1835
CUS1396,Elmfield Steel Ltd,Freight Forwarder,Metals,SME,CUS3200,Harborview Electronics Pte Ltd,BR,Brazil,LatAm East,Americas,Diego Kowalski,diego.kowalski@meridiangl.com,C,15,Spot,2015-11-07,2015-11-07,9999-12-31,1,1,1836
CUS1397,Vantage Alloys S.A.,Freight Forwarder,Metals,SME,,,AE,United Arab Emirates,Middle East,EMEA,Fatima Tanaka,fatima.tanaka@meridiangl.com,D,30,Spot,2017-06-07,2017-06-07,2024-01-14,0,1,1837
CUS1397,Vantage Alloys S.A.,Freight Forwarder,Metals,Mid-Market,,,AE,United Arab Emirates,Middle East,EMEA,Fatima Tanaka,fatima.tanaka@meridiangl.com,C,30,Long-Term Contract,2017-06-07,2024-01-15,9999-12-31,1,2,1838
CUS1398,Aurora Metals B.V.,BCO,Metals,Mid-Market,,,ES,Spain,Mediterranean,EMEA,Priya O'Brien,priya.obrien@meridiangl.com,A,45,Named Account Tariff,2026-06-24,2026-06-24,9999-12-31,1,1,1839
CUS1399,Brookline Foods Co.,3PL,FMCG,SME,,,MX,Mexico,LatAm West,Americas,Ingrid Tanaka,ingrid.tanaka@meridiangl.com,C,15,Named Account Tariff,2020-04-05,2020-04-05,2025-06-22,0,1,1840
CUS1399,Brookline Foods Co.,3PL,FMCG,SME,,,MX,Mexico,LatAm West,Americas,Ingrid Tanaka,ingrid.tanaka@meridiangl.com,B,15,Long-Term Contract,2020-04-05,2025-06-23,9999-12-31,1,2,1841
CUS1400,Ashgrove Farms Corp,BCO,Agriculture,National,,,VN,Vietnam,SE Asia,APAC,Carlos Haddad,carlos.haddad@meridiangl.com,C,15,Long-Term Contract,2020-12-20,2020-12-20,9999-12-31,1,1,1842
CUS1401,Greystone Pharmaceuticals Group,BCO,Pharma,Mid-Market,,,SA,Saudi Arabia,Middle East,EMEA,Elena O'Brien,elena.obrien@meridiangl.com,A,45,Named Account Tariff,2020-06-28,2020-06-28,9999-12-31,1,1,1843
CUS1402,Sentinel Agro Co.,NVOCC,Agriculture,SME,CUS1904,Nova Industrial Holdings,NZ,New Zealand,Oceania,ANZ,Yuki Torres,yuki.torres@meridiangl.com,D,15,Spot,2017-06-20,2017-06-20,9999-12-31,1,1,1844
CUS1403,Harborview Semiconductor LLC,Freight Forwarder,Electronics,National,,,BR,Brazil,LatAm East,Americas,Sofia Larsson,sofia.larsson@meridiangl.com,B,45,Long-Term Contract,2017-01-09,2017-01-09,9999-12-31,1,1,1845
CUS1404,Westbrook Textiles Holdings,BCO,Textiles,Mid-Market,,,GB,United Kingdom,N Europe,EMEA,Ingrid Ferreira,ingrid.ferreira@meridiangl.com,D,30,Named Account Tariff,2020-10-09,2020-10-09,9999-12-31,1,1,1846
CUS1405,Nova Alloys S.A.,BCO,Metals,Mid-Market,,,CA,Canada,N America East,Americas,Priya O'Brien,priya.obrien@meridiangl.com,D,30,Spot,2021-04-14,2021-04-14,9999-12-31,1,1,1847
CUS1406,Cedarline Auto Parts PLC,Freight Forwarder,Automotive,Mid-Market,,,NL,Netherlands,N Europe,EMEA,Sofia Larsson,sofia.larsson@meridiangl.com,C,30,Named Account Tariff,2019-11-21,2019-11-21,2022-09-16,0,1,1848
CUS1406,Cedarline Auto Parts PLC,Freight Forwarder,Automotive,Mid-Market,,,NL,Netherlands,N Europe,EMEA,Sofia Larsson,sofia.larsson@meridiangl.com,C,30,Long-Term Contract,2019-11-21,2022-09-17,9999-12-31,1,2,1849
CUS1407,Deerfield Petrochemicals Corp,NVOCC,Energy,Mid-Market,,,JP,Japan,East Asia,APAC,Sofia Tanaka,sofia.tanaka@meridiangl.com,C,30,Named Account Tariff,2021-12-15,2021-12-15,9999-12-31,1,1,1850
CUS1408,Equator Agro Corp,BCO,Agriculture,Global Key Account,,,MY,Malaysia,SE Asia,APAC,Ahmed Rossi,ahmed.rossi@meridiangl.com,B,45,Long-Term Contract,2025-04-20,2025-04-20,9999-12-31,1,1,1851
CUS1409,Palisade Metals Inc,BCO,Metals,Mid-Market,,,NZ,New Zealand,Oceania,ANZ,Fatima Tanaka,fatima.tanaka@meridiangl.com,B,30,Long-Term Contract,2015-05-12,2015-05-12,9999-12-31,1,1,1852
CUS1410,Wellspring Metals Inc,Freight Forwarder,Metals,Mid-Market,,,DE,Germany,N Europe,EMEA,Carlos Haddad,carlos.haddad@meridiangl.com,B,45,Long-Term Contract,2016-01-24,2016-01-24,9999-12-31,1,1,1853
CUS1411,Thornwell Farms Group,SME Direct,Agriculture,National,,,HK,Hong Kong,East Asia,APAC,James Tanaka,james.tanaka@meridiangl.com,D,30,Named Account Tariff,2018-07-18,2018-07-18,9999-12-31,1,1,1854
CUS1412,Mosaic Pharmaceuticals PLC,3PL,Pharma,Global Key Account,,,NL,Netherlands,N Europe,EMEA,Grace Osei,grace.osei@meridiangl.com,A,15,Long-Term Contract,2025-08-15,2025-08-15,2025-12-01,0,1,1855
CUS1412,Mosaic Pharmaceuticals PLC,3PL,Pharma,Global Key Account,,,NL,Netherlands,N Europe,EMEA,James Tanaka,james.tanaka@meridiangl.com,D,15,Named Account Tariff,2025-08-15,2025-12-02,9999-12-31,1,2,1856
CUS1413,Kingswell Power Inc,BCO,Energy,Mid-Market,,,CN,China,East Asia,APAC,Sofia Tanaka,sofia.tanaka@meridiangl.com,C,30,Spot,2021-03-21,2021-03-21,2022-05-23,0,1,1857
CUS1413,Kingswell Power Inc,BCO,Energy,Mid-Market,,,CN,China,East Asia,APAC,Sofia Tanaka,sofia.tanaka@meridiangl.com,B,30,Long-Term Contract,2021-03-21,2022-05-24,9999-12-31,1,2,1858
CUS1414,Dockside Textiles Pte Ltd,BCO,Textiles,SME,,,TW,Taiwan,East Asia,APAC,Elena Tanaka,elena.tanaka@meridiangl.com,D,15,Named Account Tariff,2021-12-24,2021-12-24,9999-12-31,1,1,1859
CUS1415,Fairhaven Alloys Co.,3PL,Metals,Mid-Market,,,BR,Brazil,LatAm East,Americas,Carlos Haddad,carlos.haddad@meridiangl.com,C,0,Spot,2023-01-26,2023-01-26,2023-04-04,0,1,1860
CUS1415,Fairhaven Alloys Co.,3PL,Metals,SME,,,BR,Brazil,LatAm East,Americas,Carlos Haddad,carlos.haddad@meridiangl.com,C,0,Spot,2023-01-26,2023-04-05,9999-12-31,1,2,1861
CUS1416,Southwick Energy Inc,BCO,Energy,Mid-Market,,,DE,Germany,N Europe,EMEA,Carlos Al-Farsi,carlos.al-farsi@meridiangl.com,B,45,Spot,2020-02-03,2020-02-03,9999-12-31,1,1,1862
CUS1417,Sterling Garments B.V.,BCO,Textiles,SME,CUS0442,Everest Industrial Ltd,CN,China,East Asia,APAC,Yuki Torres,yuki.torres@meridiangl.com,D,15,Spot,2022-09-21,2022-09-21,9999-12-31,1,1,1863
CUS1418,Underhill Automotive Group,BCO,Automotive,Mid-Market,,,CA,Canada,N America East,Americas,Diego Patel,diego.patel@meridiangl.com,C,30,Named Account Tariff,2017-09-29,2017-09-29,2023-06-19,0,1,1864
CUS1418,Underhill Automotive Group,BCO,Automotive,National,,,CA,Canada,N America East,Americas,Maria Sharma,maria.sharma@meridiangl.com,B,30,Spot,2017-09-29,2023-06-20,9999-12-31,1,2,1865
CUS1419,Sentinel Pharmaceuticals Inc,BCO,Pharma,SME,,,US,United States,N America East,Americas,Wei Tanaka,wei.tanaka@meridiangl.com,C,30,Spot,2015-08-31,2015-08-31,2023-01-03,0,1,1866
CUS1419,Sentinel Pharmaceuticals Inc,BCO,Pharma,Mid-Market,,,US,United States,N America East,Americas,Yuki Torres,yuki.torres@meridiangl.com,A,30,Named Account Tariff,2015-08-31,2023-01-04,9999-12-31,1,2,1867
CUS1420,Kestrel Machinery Group,SME Direct,Machinery,Mid-Market,,,AU,Australia,Oceania,ANZ,James Larsson,james.larsson@meridiangl.com,C,0,Spot,2026-01-07,2026-01-07,2026-07-02,0,1,1868
CUS1420,Kestrel Machinery Group,SME Direct,Machinery,National,,,AU,Australia,Oceania,ANZ,James Tanaka,james.tanaka@meridiangl.com,B,0,Named Account Tariff,2026-01-07,2026-07-03,9999-12-31,1,2,1869
CUS1421,Everest FMCG GmbH,Freight Forwarder,FMCG,Mid-Market,,,CN,China,East Asia,APAC,James Larsson,james.larsson@meridiangl.com,A,45,Named Account Tariff,2022-04-18,2022-04-18,9999-12-31,1,1,1870
CUS1422,Zenith Apparel GmbH,NVOCC,Textiles,Mid-Market,CUS0255,Thornwell Motors S.A.,ID,Indonesia,SE Asia,APAC,James Tanaka,james.tanaka@meridiangl.com,B,60,Named Account Tariff,2016-04-24,2016-04-24,9999-12-31,1,1,1871
CUS1423,Skyline Chemical Industries Co.,NVOCC,Chemicals,SME,CUS2399,Equator Foods GmbH,IN,India,South Asia,APAC,Elena Haddad,elena.haddad@meridiangl.com,C,30,Spot,2023-08-04,2023-08-04,9999-12-31,1,1,1872
CUS1424,Ashford Semiconductor S.A.,Freight Forwarder,Electronics,Mid-Market,,,GB,United Kingdom,N Europe,EMEA,Ingrid Nguyen,ingrid.nguyen@meridiangl.com,B,45,Named Account Tariff,2019-05-06,2019-05-06,2023-02-22,0,1,1873
CUS1424,Ashford Semiconductor S.A.,Freight Forwarder,Electronics,Mid-Market,,,GB,United Kingdom,N Europe,EMEA,Fatima Haddad,fatima.haddad@meridiangl.com,D,45,Named Account Tariff,2019-05-06,2023-02-23,9999-12-31,1,2,1874
CUS1425,Skyline Chemical Industries GmbH,BCO,Chemicals,National,,,BR,Brazil,LatAm East,Americas,Yuki O'Brien,yuki.obrien@meridiangl.com,B,60,Spot,2019-02-07,2019-02-07,9999-12-31,1,1,1875
CUS1426,Skyline Stores Co.,BCO,Retail,Mid-Market,,,ES,Spain,Mediterranean,EMEA,Yuki Ramirez,yuki.ramirez@meridiangl.com,C,45,Long-Term Contract,2015-07-11,2015-07-11,9999-12-31,1,1,1876
CUS1427,Underhill Pharma Inc,Freight Forwarder,Pharma,SME,CUS2555,Lakemoor Metals LLC,VN,Vietnam,SE Asia,APAC,Ingrid Osei,ingrid.osei@meridiangl.com,C,30,Spot,2026-01-29,2026-01-29,9999-12-31,1,1,1877
CUS1428,Beacon Chemicals Holdings,Freight Forwarder,Chemicals,Mid-Market,,,SG,Singapore,SE Asia,APAC,Carlos Sharma,carlos.sharma@meridiangl.com,B,30,Named Account Tariff,2021-02-15,2021-02-15,9999-12-31,1,1,1878
CUS1429,Monsoon Chemicals Group,BCO,Chemicals,Mid-Market,,,ID,Indonesia,SE Asia,APAC,Diego Kowalski,diego.kowalski@meridiangl.com,D,30,Spot,2015-06-07,2015-06-07,9999-12-31,1,1,1879
CUS1430,Valleyforge Chemicals GmbH,Freight Forwarder,Chemicals,Mid-Market,,,ES,Spain,Mediterranean,EMEA,Elena Haddad,elena.haddad@meridiangl.com,A,45,Spot,2015-10-08,2015-10-08,9999-12-31,1,1,1880
CUS1431,Ashgrove Metals Holdings,3PL,Metals,Mid-Market,,,SA,Saudi Arabia,Middle East,EMEA,Carlos Sharma,carlos.sharma@meridiangl.com,C,60,Spot,2021-05-29,2021-05-29,2024-07-26,0,1,1881
CUS1431,Ashgrove Metals Holdings,3PL,Metals,SME,,,SA,Saudi Arabia,Middle East,EMEA,Hassan Silva,hassan.silva@meridiangl.com,A,60,Long-Term Contract,2021-05-29,2024-07-27,9999-12-31,1,2,1882
CUS1432,Ridgemont Metals PLC,3PL,Metals,Mid-Market,CUS2281,Nova Energy Corp,ES,Spain,Mediterranean,EMEA,Grace Larsson,grace.larsson@meridiangl.com,C,0,Named Account Tariff,2023-12-27,2023-12-27,9999-12-31,1,1,1883
CUS1433,Nova Machinery Corp,NVOCC,Machinery,Mid-Market,,,DE,Germany,N Europe,EMEA,Ahmed Tanaka,ahmed.tanaka@meridiangl.com,B,30,Spot,2016-01-08,2016-01-08,9999-12-31,1,1,1884
CUS1434,Elmfield Auto Parts S.A.,NVOCC,Automotive,National,,,NL,Netherlands,N Europe,EMEA,Ahmed Nguyen,ahmed.nguyen@meridiangl.com,B,30,Named Account Tariff,2018-08-06,2018-08-06,9999-12-31,1,1,1885
CUS1435,Lonestar Automotive PLC,NVOCC,Automotive,Mid-Market,,,VN,Vietnam,SE Asia,APAC,Carlos Al-Farsi,carlos.al-farsi@meridiangl.com,D,15,Named Account Tariff,2020-05-28,2020-05-28,9999-12-31,1,1,1886
CUS1436,Southwick Auto Parts LLC,NVOCC,Automotive,SME,,,IN,India,South Asia,APAC,Wei Silva,wei.silva@meridiangl.com,C,30,Spot,2025-08-30,2025-08-30,9999-12-31,1,1,1887
CUS1437,Mosaic Industrial Co.,SME Direct,Machinery,National,,,ES,Spain,Mediterranean,EMEA,Yuki Torres,yuki.torres@meridiangl.com,B,30,Long-Term Contract,2017-10-12,2017-10-12,9999-12-31,1,1,1888
CUS1438,Kestrel Technologies LLC,BCO,Electronics,SME,,,SG,Singapore,SE Asia,APAC,Diego Yamamoto,diego.yamamoto@meridiangl.com,C,0,Named Account Tariff,2016-12-15,2016-12-15,9999-12-31,1,1,1889
CUS1439,Everest Agro Ltd,Freight Forwarder,Agriculture,SME,,,ES,Spain,Mediterranean,EMEA,Yuki O'Brien,yuki.obrien@meridiangl.com,C,30,Spot,2023-08-04,2023-08-04,9999-12-31,1,1,1890
CUS1440,Glenmoor Apparel Co.,3PL,Textiles,SME,,,IT,Italy,Mediterranean,EMEA,Raj Kim,raj.kim@meridiangl.com,D,15,Spot,2017-08-05,2017-08-05,2019-08-25,0,1,1891
CUS1440,Glenmoor Apparel Co.,3PL,Textiles,SME,,,IT,Italy,Mediterranean,EMEA,Elena Tanaka,elena.tanaka@meridiangl.com,D,15,Spot,2017-08-05,2019-08-26,9999-12-31,1,2,1892
CUS1441,Nightingale Retail LLC,SME Direct,Retail,SME,,,TW,Taiwan,East Asia,APAC,Anna Berg,anna.berg@meridiangl.com,C,0,Named Account Tariff,2024-02-18,2024-02-18,9999-12-31,1,1,1893
CUS1442,Ironwood Machinery GmbH,BCO,Machinery,Mid-Market,,,SA,Saudi Arabia,Middle East,EMEA,Wei Tanaka,wei.tanaka@meridiangl.com,B,15,Named Account Tariff,2020-04-24,2020-04-24,2022-05-30,0,1,1894
CUS1442,Ironwood Machinery GmbH,BCO,Machinery,National,,,SA,Saudi Arabia,Middle East,EMEA,Diego Kowalski,diego.kowalski@meridiangl.com,B,15,Long-Term Contract,2020-04-24,2022-05-31,9999-12-31,1,2,1895
CUS1443,Sentinel Auto Parts B.V.,BCO,Automotive,SME,,,MY,Malaysia,SE Asia,APAC,Carlos Haddad,carlos.haddad@meridiangl.com,A,60,Spot,2026-04-19,2026-04-19,9999-12-31,1,1,1896
CUS1444,Northgate Electronics GmbH,NVOCC,Electronics,SME,,,ZA,South Africa,Africa,EMEA,Liam O'Brien,liam.obrien@meridiangl.com,D,15,Spot,2016-08-10,2016-08-10,9999-12-31,1,1,1897
CUS1445,Sterling Farms LLC,3PL,Agriculture,Mid-Market,,,JP,Japan,East Asia,APAC,Ahmed Tanaka,ahmed.tanaka@meridiangl.com,C,30,Named Account Tariff,2020-04-07,2020-04-07,9999-12-31,1,1,1898
CUS1446,Elmfield Power Group,BCO,Energy,SME,,,IN,India,South Asia,APAC,Hassan Silva,hassan.silva@meridiangl.com,D,30,Spot,2016-04-23,2016-04-23,2025-09-12,0,1,1899
CUS1446,Elmfield Power Group,BCO,Energy,SME,,,IN,India,South Asia,APAC,Priya O'Brien,priya.obrien@meridiangl.com,B,30,Named Account Tariff,2016-04-23,2025-09-13,9999-12-31,1,2,1900
CUS1447,Equator Garments Inc,BCO,Textiles,Mid-Market,,,VN,Vietnam,SE Asia,APAC,Hassan Nguyen,hassan.nguyen@meridiangl.com,C,60,Named Account Tariff,2016-06-19,2016-06-19,9999-12-31,1,1,1901
CUS1448,Brookline Engineering Group,BCO,Machinery,SME,CUS2268,Mosaic Electronics PLC,NL,Netherlands,N Europe,EMEA,Fatima Haddad,fatima.haddad@meridiangl.com,D,0,Spot,2017-10-26,2017-10-26,9999-12-31,1,1,1902
CUS1449,Ashford Steel PLC,NVOCC,Metals,Mid-Market,,,AU,Australia,Oceania,ANZ,Yuki Ramirez,yuki.ramirez@meridiangl.com,D,0,Spot,2019-05-09,2019-05-09,9999-12-31,1,1,1903
CUS1450,Ironbridge Auto Parts Corp,SME Direct,Automotive,Mid-Market,,,GB,United Kingdom,N Europe,EMEA,Diego Kowalski,diego.kowalski@meridiangl.com,B,45,Named Account Tariff,2019-05-08,2019-05-08,9999-12-31,1,1,1904
CUS1451,Aurora Life Sciences PLC,BCO,Pharma,Mid-Market,,,VN,Vietnam,SE Asia,APAC,Yuki O'Brien,yuki.obrien@meridiangl.com,B,30,Named Account Tariff,2017-03-14,2017-03-14,2021-11-14,0,1,1905
CUS1451,Aurora Life Sciences PLC,BCO,Pharma,Mid-Market,,,VN,Vietnam,SE Asia,APAC,Hassan Silva,hassan.silva@meridiangl.com,B,30,Named Account Tariff,2017-03-14,2021-11-15,9999-12-31,1,2,1906
CUS1452,Palisade Machinery Corp,BCO,Machinery,SME,,,TH,Thailand,SE Asia,APAC,Kenji Tanaka,kenji.tanaka@meridiangl.com,D,45,Spot,2023-02-06,2023-02-06,2024-04-06,0,1,1907
CUS1452,Palisade Machinery Corp,BCO,Machinery,National,,,TH,Thailand,SE Asia,APAC,Elena O'Brien,elena.obrien@meridiangl.com,A,45,Named Account Tariff,2023-02-06,2024-04-07,9999-12-31,1,2,1908
CUS1453,Onyx Pharma Corp,Freight Forwarder,Pharma,Mid-Market,CUS1904,Nova Industrial Holdings,AE,United Arab Emirates,Middle East,EMEA,Diego Kowalski,diego.kowalski@meridiangl.com,B,15,Named Account Tariff,2017-11-14,2017-11-14,2026-04-01,0,1,1909
CUS1453,Onyx Pharma Corp,Freight Forwarder,Pharma,National,CUS1904,Nova Industrial Holdings,AE,United Arab Emirates,Middle East,EMEA,Diego Yamamoto,diego.yamamoto@meridiangl.com,A,15,Spot,2017-11-14,2026-04-02,9999-12-31,1,2,1910
CUS1454,Deerfield Life Sciences Inc,Freight Forwarder,Pharma,SME,,,SA,Saudi Arabia,Middle East,EMEA,Fatima Chen,fatima.chen@meridiangl.com,B,15,Spot,2020-06-25,2020-06-25,2025-07-19,0,1,1911
CUS1454,Deerfield Life Sciences Inc,Freight Forwarder,Pharma,SME,,,SA,Saudi Arabia,Middle East,EMEA,Fatima Chen,fatima.chen@meridiangl.com,C,15,Spot,2020-06-25,2025-07-20,9999-12-31,1,2,1912
CUS1455,Everest FMCG Corp,Freight Forwarder,FMCG,National,,,NZ,New Zealand,Oceania,ANZ,Grace Larsson,grace.larsson@meridiangl.com,A,60,Named Account Tariff,2026-06-28,2026-06-28,9999-12-31,1,1,1913
CUS1456,Beacon Life Sciences Inc,BCO,Pharma,Mid-Market,,,IT,Italy,Mediterranean,EMEA,Elena Haddad,elena.haddad@meridiangl.com,B,30,Named Account Tariff,2015-09-25,2015-09-25,9999-12-31,1,1,1914
CUS1457,Granite Power Ltd,BCO,Energy,SME,,,BR,Brazil,LatAm East,Americas,Kenji Tanaka,kenji.tanaka@meridiangl.com,C,15,Named Account Tariff,2019-10-10,2019-10-10,9999-12-31,1,1,1915
CUS1458,Foxrun Power S.A.,BCO,Energy,Mid-Market,,,AU,Australia,Oceania,ANZ,Carlos Sharma,carlos.sharma@meridiangl.com,C,30,Named Account Tariff,2017-10-26,2017-10-26,9999-12-31,1,1,1916
CUS1459,Monsoon Motors Ltd,NVOCC,Automotive,Mid-Market,CUS3045,Equator Pharma B.V.,SG,Singapore,SE Asia,APAC,Priya Ferreira,priya.ferreira@meridiangl.com,C,30,Long-Term Contract,2022-11-18,2022-11-18,2024-06-28,0,1,1917
CUS1459,Monsoon Motors Ltd,NVOCC,Automotive,SME,CUS3045,Equator Pharma B.V.,SG,Singapore,SE Asia,APAC,Ahmed Tanaka,ahmed.tanaka@meridiangl.com,B,30,Named Account Tariff,2022-11-18,2024-06-29,9999-12-31,1,2,1918
CUS1460,Oakford Garments Pte Ltd,3PL,Textiles,SME,CUS0175,Oakford Consumer Goods Corp,JP,Japan,East Asia,APAC,Ahmed Rossi,ahmed.rossi@meridiangl.com,C,45,Spot,2017-02-06,2017-02-06,9999-12-31,1,1,1919
CUS1461,Westbrook Garments S.A.,NVOCC,Textiles,National,,,US,United States,N America East,Americas,Priya Ferreira,priya.ferreira@meridiangl.com,A,60,Long-Term Contract,2016-01-24,2016-01-24,9999-12-31,1,1,1920
CUS1462,Marlowe Technologies LLC,3PL,Electronics,SME,,,MX,Mexico,LatAm West,Americas,Ahmed Tanaka,ahmed.tanaka@meridiangl.com,D,15,Spot,2018-07-13,2018-07-13,9999-12-31,1,1,1921
CUS1463,Kingswell Apparel Inc,NVOCC,Textiles,Mid-Market,,,JP,Japan,East Asia,APAC,Liam O'Brien,liam.obrien@meridiangl.com,C,30,Named Account Tariff,2019-01-13,2019-01-13,2025-05-13,0,1,1922
CUS1463,Kingswell Apparel Inc,NVOCC,Textiles,SME,,,JP,Japan,East Asia,APAC,Elena Haddad,elena.haddad@meridiangl.com,D,30,Long-Term Contract,2019-01-13,2025-05-14,9999-12-31,1,2,1923
CUS1464,Harborview Power Inc,3PL,Energy,Mid-Market,,,DE,Germany,N Europe,EMEA,James Tanaka,james.tanaka@meridiangl.com,C,15,Named Account Tariff,2021-05-16,2021-05-16,9999-12-31,1,1,1924
CUS1465,Ashford Textiles Co.,3PL,Textiles,Mid-Market,,,CL,Chile,LatAm West,Americas,Carlos Sharma,carlos.sharma@meridiangl.com,B,30,Named Account Tariff,2018-08-25,2018-08-25,9999-12-31,1,1,1925
CUS1466,Redwood Semiconductor S.A.,SME Direct,Electronics,Mid-Market,CUS2693,Underhill Pharmaceuticals Inc,NL,Netherlands,N Europe,EMEA,Fatima Haddad,fatima.haddad@meridiangl.com,B,60,Named Account Tariff,2016-08-09,2016-08-09,9999-12-31,1,1,1926
CUS1467,Valleyforge Retail PLC,3PL,Retail,SME,CUS1835,Millbrook Textiles Pte Ltd,FR,France,N Europe,EMEA,Carlos Haddad,carlos.haddad@meridiangl.com,C,60,Named Account Tariff,2018-11-03,2018-11-03,9999-12-31,1,1,1927
CUS1468,Vantage Pharma Corp,BCO,Pharma,National,,,ZA,South Africa,Africa,EMEA,Yuki Ramirez,yuki.ramirez@meridiangl.com,C,0,Long-Term Contract,2020-07-31,2020-07-31,2024-09-21,0,1,1928
CUS1468,Vantage Pharma Corp,BCO,Pharma,Mid-Market,,,ZA,South Africa,Africa,EMEA,Ingrid Ferreira,ingrid.ferreira@meridiangl.com,A,0,Named Account Tariff,2020-07-31,2024-09-22,9999-12-31,1,2,1929
CUS1469,Granite Auto Parts Co.,BCO,Automotive,SME,,,BE,Belgium,N Europe,EMEA,Carlos Haddad,carlos.haddad@meridiangl.com,D,30,Spot,2019-07-08,2019-07-08,2019-10-27,0,1,1930
CUS1469,Granite Auto Parts Co.,BCO,Automotive,SME,,,BE,Belgium,N Europe,EMEA,Carlos Haddad,carlos.haddad@meridiangl.com,A,30,Named Account Tariff,2019-07-08,2019-10-28,9999-12-31,1,2,1931
CUS1470,Lakemoor Steel Pte Ltd,NVOCC,Metals,SME,,,KR,South Korea,East Asia,APAC,Elena Berg,elena.berg@meridiangl.com,C,30,Named Account Tariff,2019-11-30,2019-11-30,2023-12-27,0,1,1932
CUS1470,Lakemoor Steel Pte Ltd,NVOCC,Metals,National,,,KR,South Korea,East Asia,APAC,Ahmed Torres,ahmed.torres@meridiangl.com,A,30,Spot,2019-11-30,2023-12-28,9999-12-31,1,2,1933
CUS1471,Brookline Auto Parts Ltd,BCO,Automotive,Mid-Market,CUS2443,Glenmoor Automotive Ltd,BE,Belgium,N Europe,EMEA,Carlos Haddad,carlos.haddad@meridiangl.com,C,0,Named Account Tariff,2020-09-22,2020-09-22,2025-06-20,0,1,1934
CUS1471,Brookline Auto Parts Ltd,BCO,Automotive,National,CUS2443,Glenmoor Automotive Ltd,BE,Belgium,N Europe,EMEA,James Larsson,james.larsson@meridiangl.com,B,0,Spot,2020-09-22,2025-06-21,9999-12-31,1,2,1935
CUS1472,Onyx Auto Parts Pte Ltd,Freight Forwarder,Automotive,Mid-Market,,,AE,United Arab Emirates,Middle East,EMEA,Carlos Haddad,carlos.haddad@meridiangl.com,C,60,Long-Term Contract,2025-08-06,2025-08-06,9999-12-31,1,1,1936
CUS1473,Vantage Textiles Co.,BCO,Textiles,National,,,GB,United Kingdom,N Europe,EMEA,Yuki O'Brien,yuki.obrien@meridiangl.com,A,30,Long-Term Contract,2016-08-12,2016-08-12,9999-12-31,1,1,1937
CUS1474,Northgate Trading B.V.,Freight Forwarder,Retail,National,,,NL,Netherlands,N Europe,EMEA,Ahmed Rossi,ahmed.rossi@meridiangl.com,B,60,Spot,2024-11-03,2024-11-03,9999-12-31,1,1,1938
CUS1475,Beacon Petrochemicals B.V.,BCO,Energy,Mid-Market,CUS2066,Nova Agri-Foods Pte Ltd,MY,Malaysia,SE Asia,APAC,Ingrid Nguyen,ingrid.nguyen@meridiangl.com,C,45,Named Account Tariff,2023-08-16,2023-08-16,9999-12-31,1,1,1939
CUS1476,Equator FMCG Corp,NVOCC,FMCG,Mid-Market,CUS1757,Clearwater Apparel GmbH,NZ,New Zealand,Oceania,ANZ,Ahmed Nguyen,ahmed.nguyen@meridiangl.com,D,30,Long-Term Contract,2017-02-15,2017-02-15,9999-12-31,1,1,1940
CUS1477,Fairhaven Garments GmbH,Freight Forwarder,Textiles,National,,,KR,South Korea,East Asia,APAC,Ahmed Novak,ahmed.novak@meridiangl.com,A,45,Named Account Tariff,2020-10-10,2020-10-10,2026-01-02,0,1,1941
CUS1477,Fairhaven Garments GmbH,Freight Forwarder,Textiles,National,,,KR,South Korea,East Asia,APAC,Ahmed Novak,ahmed.novak@meridiangl.com,B,45,Named Account Tariff,2020-10-10,2026-01-03,9999-12-31,1,2,1942
CUS1478,Harborview Machinery LLC,3PL,Machinery,Mid-Market,,,GB,United Kingdom,N Europe,EMEA,Yuki Ramirez,yuki.ramirez@meridiangl.com,B,30,Named Account Tariff,2015-07-06,2015-07-06,9999-12-31,1,1,1943
CUS1479,Brightwater Engineering LLC,NVOCC,Machinery,SME,,,MX,Mexico,LatAm West,Americas,Diego Yamamoto,diego.yamamoto@meridiangl.com,B,45,Named Account Tariff,2016-04-13,2016-04-13,9999-12-31,1,1,1944
CUS1480,Nova Automotive Pte Ltd,NVOCC,Automotive,SME,,,TR,Turkey,Mediterranean,EMEA,Wei Silva,wei.silva@meridiangl.com,B,30,Named Account Tariff,2025-07-30,2025-07-30,9999-12-31,1,1,1945
CUS1481,Brookline Energy PLC,3PL,Energy,Mid-Market,,,KR,South Korea,East Asia,APAC,Elena Tanaka,elena.tanaka@meridiangl.com,C,0,Spot,2024-11-24,2024-11-24,9999-12-31,1,1,1946
CUS1482,Ashford Farms Co.,SME Direct,Agriculture,SME,CUS0255,Thornwell Motors S.A.,HK,Hong Kong,East Asia,APAC,Raj Kim,raj.kim@meridiangl.com,B,30,Long-Term Contract,2020-04-10,2020-04-10,9999-12-31,1,1,1947
CUS1483,Equator Consumer Goods S.A.,BCO,FMCG,Mid-Market,,,NZ,New Zealand,Oceania,ANZ,Ahmed Tanaka,ahmed.tanaka@meridiangl.com,C,0,Named Account Tariff,2018-05-25,2018-05-25,2022-03-16,0,1,1948
CUS1483,Equator Consumer Goods S.A.,BCO,FMCG,SME,,,NZ,New Zealand,Oceania,ANZ,Diego Patel,diego.patel@meridiangl.com,A,0,Long-Term Contract,2018-05-25,2022-03-17,9999-12-31,1,2,1949
CUS1484,Vantage Trading Pte Ltd,Freight Forwarder,Retail,National,,,IT,Italy,Mediterranean,EMEA,Ahmed Novak,ahmed.novak@meridiangl.com,B,30,Spot,2023-12-16,2023-12-16,2024-07-14,0,1,1950
CUS1484,Vantage Trading Pte Ltd,Freight Forwarder,Retail,Mid-Market,,,IT,Italy,Mediterranean,EMEA,Liam O'Brien,liam.obrien@meridiangl.com,C,30,Long-Term Contract,2023-12-16,2024-07-15,9999-12-31,1,2,1951
CUS1485,Ivyhill Consumer Goods GmbH,SME Direct,FMCG,National,,,SG,Singapore,SE Asia,APAC,Hassan Silva,hassan.silva@meridiangl.com,B,45,Named Account Tariff,2015-09-08,2015-09-08,9999-12-31,1,1,1952
CUS1486,Lakemoor Pharmaceuticals Pte Ltd,Freight Forwarder,Pharma,SME,CUS2862,Cobalt Petrochemicals S.A.,MX,Mexico,LatAm West,Americas,Diego Patel,diego.patel@meridiangl.com,B,30,Spot,2015-02-06,2015-02-06,9999-12-31,1,1,1953
CUS1487,Valleyforge Mercantile Inc,3PL,Retail,SME,,,CA,Canada,N America East,Americas,Elena Haddad,elena.haddad@meridiangl.com,D,0,Spot,2018-01-26,2018-01-26,9999-12-31,1,1,1954
CUS1488,Junction Chemical Industries S.A.,BCO,Chemicals,SME,,,IN,India,South Asia,APAC,Elena Haddad,elena.haddad@meridiangl.com,D,15,Named Account Tariff,2021-01-14,2021-01-14,9999-12-31,1,1,1955
CUS1489,Vantage Chemicals LLC,BCO,Chemicals,Mid-Market,,,CN,China,East Asia,APAC,Elena O'Brien,elena.obrien@meridiangl.com,C,15,Named Account Tariff,2019-05-04,2019-05-04,2025-06-03,0,1,1956
CUS1489,Vantage Chemicals LLC,BCO,Chemicals,SME,,,CN,China,East Asia,APAC,Elena O'Brien,elena.obrien@meridiangl.com,D,15,Named Account Tariff,2019-05-04,2025-06-04,9999-12-31,1,2,1957
CUS1490,Ridgemont Semiconductor PLC,BCO,Electronics,Mid-Market,,,AU,Australia,Oceania,ANZ,Fatima Haddad,fatima.haddad@meridiangl.com,A,45,Named Account Tariff,2016-06-15,2016-06-15,9999-12-31,1,1,1958
CUS1491,Granite Stores PLC,Freight Forwarder,Retail,Mid-Market,,,KR,South Korea,East Asia,APAC,Maria Sharma,maria.sharma@meridiangl.com,B,45,Named Account Tariff,2021-03-02,2021-03-02,9999-12-31,1,1,1959
CUS1492,Mosaic Consumer Goods Holdings,BCO,FMCG,SME,,,CA,Canada,N America East,Americas,Ahmed Nguyen,ahmed.nguyen@meridiangl.com,D,0,Spot,2019-05-30,2019-05-30,2021-07-31,0,1,1960
CUS1492,Mosaic Consumer Goods Holdings,BCO,FMCG,SME,,,CA,Canada,N America East,Americas,Elena O'Brien,elena.obrien@meridiangl.com,D,0,Spot,2019-05-30,2021-08-01,9999-12-31,1,2,1961
CUS1493,Vantage Consumer Goods B.V.,Freight Forwarder,FMCG,SME,,,TW,Taiwan,East Asia,APAC,Ahmed Novak,ahmed.novak@meridiangl.com,B,15,Spot,2024-07-11,2024-07-11,2025-11-04,0,1,1962
CUS1493,Vantage Consumer Goods B.V.,Freight Forwarder,FMCG,SME,,,TW,Taiwan,East Asia,APAC,Ahmed Rossi,ahmed.rossi@meridiangl.com,B,15,Named Account Tariff,2024-07-11,2025-11-05,9999-12-31,1,2,1963
CUS1494,Harborview Apparel Co.,SME Direct,Textiles,Mid-Market,,,FR,France,N Europe,EMEA,Fatima Haddad,fatima.haddad@meridiangl.com,C,45,Named Account Tariff,2015-04-01,2015-04-01,9999-12-31,1,1,1964
CUS1495,Onyx Auto Parts LLC,NVOCC,Automotive,SME,,,DE,Germany,N Europe,EMEA,Yuki Kowalski,yuki.kowalski@meridiangl.com,D,15,Named Account Tariff,2026-05-20,2026-05-20,9999-12-31,1,1,1965
CUS1496,Lakemoor Semiconductor Group,BCO,Electronics,SME,,,TR,Turkey,Mediterranean,EMEA,Ahmed Novak,ahmed.novak@meridiangl.com,D,15,Named Account Tariff,2018-08-07,2018-08-07,2024-04-15,0,1,1966
CUS1496,Lakemoor Semiconductor Group,BCO,Electronics,SME,,,TR,Turkey,Mediterranean,EMEA,Carlos Sharma,carlos.sharma@meridiangl.com,A,15,Spot,2018-08-07,2024-04-16,9999-12-31,1,2,1967
CUS1497,Brookline Agro Corp,BCO,Agriculture,National,,,CL,Chile,LatAm West,Americas,Fatima O'Brien,fatima.obrien@meridiangl.com,A,30,Long-Term Contract,2022-05-13,2022-05-13,9999-12-31,1,1,1968
CUS1498,Quarrystone Life Sciences B.V.,Freight Forwarder,Pharma,SME,,,HK,Hong Kong,East Asia,APAC,Ingrid Osei,ingrid.osei@meridiangl.com,B,45,Long-Term Contract,2018-06-02,2018-06-02,9999-12-31,1,1,1969
CUS1499,Palisade Petrochemicals Ltd,BCO,Energy,SME,,,VN,Vietnam,SE Asia,APAC,Carlos Ferreira,carlos.ferreira@meridiangl.com,D,15,Spot,2021-01-18,2021-01-18,9999-12-31,1,1,1970
CUS1500,Ashgrove Agro LLC,BCO,Agriculture,Mid-Market,CUS0364,Aurora Mercantile Ltd,BE,Belgium,N Europe,EMEA,Maria Sharma,maria.sharma@meridiangl.com,B,15,Long-Term Contract,2026-03-16,2026-03-16,2026-08-13,0,1,1971
CUS1500,Ashgrove Agro LLC,BCO,Agriculture,Mid-Market,CUS0364,Aurora Mercantile Ltd,BE,Belgium,N Europe,EMEA,Grace Osei,grace.osei@meridiangl.com,B,15,Named Account Tariff,2026-03-16,2026-08-14,9999-12-31,1,2,1972
CUS1501,Ashford Metals S.A.,Freight Forwarder,Metals,National,,,FR,France,N Europe,EMEA,Priya O'Brien,priya.obrien@meridiangl.com,A,60,Long-Term Contract,2018-10-18,2018-10-18,9999-12-31,1,1,1973
CUS1502,Southwick Industrial Inc,BCO,Machinery,Global Key Account,,,BR,Brazil,LatAm East,Americas,Ingrid Tanaka,ingrid.tanaka@meridiangl.com,B,45,Long-Term Contract,2017-07-04,2017-07-04,2026-03-04,0,1,1974
CUS1502,Southwick Industrial Inc,BCO,Machinery,Global Key Account,,,BR,Brazil,LatAm East,Americas,Elena Berg,elena.berg@meridiangl.com,B,45,Long-Term Contract,2017-07-04,2026-03-05,9999-12-31,1,2,1975
CUS1503,Harborview Industrial S.A.,3PL,Machinery,SME,CUS0634,Westbrook Electronics B.V.,IT,Italy,Mediterranean,EMEA,Sofia Tanaka,sofia.tanaka@meridiangl.com,C,60,Spot,2017-08-01,2017-08-01,9999-12-31,1,1,1976
CUS1504,Northgate Machinery Co.,BCO,Machinery,SME,,,AE,United Arab Emirates,Middle East,EMEA,Sofia Ferreira,sofia.ferreira@meridiangl.com,C,30,Spot,2017-09-18,2017-09-18,9999-12-31,1,1,1977
CUS1505,Ironbridge Apparel Co.,BCO,Textiles,Mid-Market,,,MX,Mexico,LatAm West,Americas,Carlos Al-Farsi,carlos.al-farsi@meridiangl.com,B,15,Long-Term Contract,2019-09-06,2019-09-06,2025-11-05,0,1,1978
CUS1505,Ironbridge Apparel Co.,BCO,Textiles,SME,,,MX,Mexico,LatAm West,Americas,Ahmed Torres,ahmed.torres@meridiangl.com,C,15,Spot,2019-09-06,2025-11-06,9999-12-31,1,2,1979
CUS1506,Kingswell Technologies S.A.,BCO,Electronics,Mid-Market,CUS2396,Fairhaven Alloys GmbH,CA,Canada,N America East,Americas,Ingrid Ferreira,ingrid.ferreira@meridiangl.com,B,60,Spot,2022-05-28,2022-05-28,9999-12-31,1,1,1980
CUS1507,Millbrook Motors Pte Ltd,Freight Forwarder,Automotive,Mid-Market,,,ES,Spain,Mediterranean,EMEA,Grace Larsson,grace.larsson@meridiangl.com,D,15,Named Account Tariff,2015-07-19,2015-07-19,9999-12-31,1,1,1981
CUS1508,Sentinel Technologies B.V.,SME Direct,Electronics,Mid-Market,CUS2541,Equator Automotive Inc,SG,Singapore,SE Asia,APAC,Yuki Torres,yuki.torres@meridiangl.com,C,15,Long-Term Contract,2018-08-14,2018-08-14,9999-12-31,1,1,1982
CUS1509,Onyx Semiconductor Inc,BCO,Electronics,Mid-Market,,,BR,Brazil,LatAm East,Americas,Ahmed Nguyen,ahmed.nguyen@meridiangl.com,A,45,Named Account Tariff,2022-09-29,2022-09-29,9999-12-31,1,1,1983
CUS1510,Southwick Metals GmbH,SME Direct,Metals,Mid-Market,,,ID,Indonesia,SE Asia,APAC,Ingrid Ferreira,ingrid.ferreira@meridiangl.com,C,15,Named Account Tariff,2018-12-21,2018-12-21,9999-12-31,1,1,1984
CUS1511,Granite Textiles Inc,BCO,Textiles,Mid-Market,,,TR,Turkey,Mediterranean,EMEA,Sofia Larsson,sofia.larsson@meridiangl.com,B,45,Long-Term Contract,2026-07-24,2026-07-24,2026-08-13,0,1,1985
CUS1511,Granite Textiles Inc,BCO,Textiles,SME,,,TR,Turkey,Mediterranean,EMEA,Sofia Larsson,sofia.larsson@meridiangl.com,B,45,Long-Term Contract,2026-07-24,2026-08-14,9999-12-31,1,2,1986
CUS1512,Wellspring Pharma Holdings,BCO,Pharma,SME,,,AU,Australia,Oceania,ANZ,Diego Kowalski,diego.kowalski@meridiangl.com,C,15,Spot,2022-01-28,2022-01-28,9999-12-31,1,1,1987
CUS1513,Underhill Alloys Ltd,BCO,Metals,SME,,,NZ,New Zealand,Oceania,ANZ,Ahmed Nguyen,ahmed.nguyen@meridiangl.com,D,0,Spot,2022-11-05,2022-11-05,2026-04-07,0,1,1988
CUS1513,Underhill Alloys Ltd,BCO,Metals,National,,,NZ,New Zealand,Oceania,ANZ,Ahmed Nguyen,ahmed.nguyen@meridiangl.com,B,0,Long-Term Contract,2022-11-05,2026-04-08,9999-12-31,1,2,1989
CUS1514,Lakemoor Life Sciences Co.,Freight Forwarder,Pharma,SME,,,NZ,New Zealand,Oceania,ANZ,Elena Haddad,elena.haddad@meridiangl.com,D,0,Named Account Tariff,2016-03-15,2016-03-15,9999-12-31,1,1,1990
CUS1515,Granite Alloys PLC,SME Direct,Metals,Mid-Market,,,US,United States,N America East,Americas,Ingrid Ferreira,ingrid.ferreira@meridiangl.com,D,15,Named Account Tariff,2018-02-08,2018-02-08,9999-12-31,1,1,1991
CUS1516,Marlowe Pharma Co.,NVOCC,Pharma,National,,,NZ,New Zealand,Oceania,ANZ,Fatima O'Brien,fatima.obrien@meridiangl.com,B,30,Long-Term Contract,2026-07-26,2026-07-26,9999-12-31,1,1,1992
CUS1517,Vertex Machinery Group,3PL,Machinery,SME,,,JP,Japan,East Asia,APAC,Anna Berg,anna.berg@meridiangl.com,C,30,Spot,2025-09-17,2025-09-17,9999-12-31,1,1,1993
CUS1518,Lakemoor Farms Group,Freight Forwarder,Agriculture,National,CUS1104,Cedarline Textiles LLC,MX,Mexico,LatAm West,Americas,Hassan Nguyen,hassan.nguyen@meridiangl.com,B,30,Named Account Tariff,2018-01-05,2018-01-05,2021-06-26,0,1,1994
CUS1518,Lakemoor Farms Group,Freight Forwarder,Agriculture,SME,CUS1104,Cedarline Textiles LLC,MX,Mexico,LatAm West,Americas,Hassan Nguyen,hassan.nguyen@meridiangl.com,C,30,Long-Term Contract,2018-01-05,2021-06-27,9999-12-31,1,2,1995
CUS1519,Millbrook Stores Group,BCO,Retail,Mid-Market,,,IN,India,South Asia,APAC,Carlos Al-Farsi,carlos.al-farsi@meridiangl.com,B,30,Named Account Tariff,2017-09-12,2017-09-12,9999-12-31,1,1,1996
CUS1520,Southwick Life Sciences Ltd,BCO,Pharma,National,,,IT,Italy,Mediterranean,EMEA,Maria Sharma,maria.sharma@meridiangl.com,B,30,Long-Term Contract,2023-02-18,2023-02-18,9999-12-31,1,1,1997
CUS1521,Nightingale Consumer Goods LLC,SME Direct,FMCG,Mid-Market,,,TR,Turkey,Mediterranean,EMEA,Anna Berg,anna.berg@meridiangl.com,D,0,Spot,2020-02-03,2020-02-03,2020-08-11,0,1,1998
CUS1521,Nightingale Consumer Goods LLC,SME Direct,FMCG,SME,,,TR,Turkey,Mediterranean,EMEA,Ingrid O'Brien,ingrid.obrien@meridiangl.com,C,0,Long-Term Contract,2020-02-03,2020-08-12,9999-12-31,1,2,1999
CUS1522,Deerfield Chemical Industries S.A.,NVOCC,Chemicals,Mid-Market,,,BE,Belgium,N Europe,EMEA,Anna Berg,anna.berg@meridiangl.com,C,15,Spot,2020-08-21,2020-08-21,2023-10-29,0,1,2000
CUS1522,Deerfield Chemical Industries S.A.,NVOCC,Chemicals,Mid-Market,,,BE,Belgium,N Europe,EMEA,Anna Berg,anna.berg@meridiangl.com,D,15,Spot,2020-08-21,2023-10-30,9999-12-31,1,2,2001
CUS1523,Lakemoor Automotive Holdings,BCO,Automotive,Mid-Market,,,NZ,New Zealand,Oceania,ANZ,Elena Tanaka,elena.tanaka@meridiangl.com,B,30,Spot,2022-12-30,2022-12-30,9999-12-31,1,1,2002
CUS1524,Ivyhill Auto Parts LLC,BCO,Automotive,SME,,,KR,South Korea,East Asia,APAC,Sofia Tanaka,sofia.tanaka@meridiangl.com,B,60,Named Account Tariff,2021-07-30,2021-07-30,2022-03-03,0,1,2003
CUS1524,Ivyhill Auto Parts LLC,BCO,Automotive,Mid-Market,,,KR,South Korea,East Asia,APAC,Sofia Tanaka,sofia.tanaka@meridiangl.com,B,60,Named Account Tariff,2021-07-30,2022-03-04,9999-12-31,1,2,2004
CUS1525,Equator Auto Parts GmbH,BCO,Automotive,SME,,,GB,United Kingdom,N Europe,EMEA,Ingrid Nguyen,ingrid.nguyen@meridiangl.com,B,15,Spot,2016-07-31,2016-07-31,9999-12-31,1,1,2005
CUS1526,Brightwater Textiles Ltd,3PL,Textiles,Mid-Market,,,AU,Australia,Oceania,ANZ,Hassan Silva,hassan.silva@meridiangl.com,B,45,Spot,2023-09-22,2023-09-22,9999-12-31,1,1,2006
CUS1527,Mosaic Motors LLC,BCO,Automotive,Mid-Market,,,BE,Belgium,N Europe,EMEA,Fatima O'Brien,fatima.obrien@meridiangl.com,B,30,Named Account Tariff,2025-06-27,2025-06-27,9999-12-31,1,1,2007
CUS1528,Nova Electronics PLC,NVOCC,Electronics,SME,CUS2746,Kingswell Petrochemicals Group,IN,India,South Asia,APAC,Fatima Haddad,fatima.haddad@meridiangl.com,B,60,Named Account Tariff,2024-02-17,2024-02-17,2024-03-12,0,1,2008
CUS1528,Nova Electronics PLC,NVOCC,Electronics,National,CUS2746,Kingswell Petrochemicals Group,IN,India,South Asia,APAC,Diego Yamamoto,diego.yamamoto@meridiangl.com,B,60,Long-Term Contract,2024-02-17,2024-03-13,9999-12-31,1,2,2009
CUS1529,Underhill Agro Group,SME Direct,Agriculture,Mid-Market,,,ZA,South Africa,Africa,EMEA,Sofia Tanaka,sofia.tanaka@meridiangl.com,D,30,Named Account Tariff,2015-06-27,2015-06-27,9999-12-31,1,1,2010
CUS1530,Greystone Auto Parts S.A.,Freight Forwarder,Automotive,Mid-Market,,,KR,South Korea,East Asia,APAC,Yuki Kowalski,yuki.kowalski@meridiangl.com,D,0,Spot,2015-12-25,2015-12-25,9999-12-31,1,1,2011
CUS1531,Monsoon Foods Holdings,NVOCC,FMCG,National,,,JP,Japan,East Asia,APAC,Ahmed Novak,ahmed.novak@meridiangl.com,B,30,Long-Term Contract,2017-06-15,2017-06-15,9999-12-31,1,1,2012
CUS1532,Redwood Agri-Foods Pte Ltd,SME Direct,Agriculture,SME,CUS2305,Marlowe Apparel Ltd,BR,Brazil,LatAm East,Americas,Grace Osei,grace.osei@meridiangl.com,D,0,Spot,2020-03-29,2020-03-29,2025-07-25,0,1,2013
CUS1532,Redwood Agri-Foods Pte Ltd,SME Direct,Agriculture,Mid-Market,CUS2305,Marlowe Apparel Ltd,BR,Brazil,LatAm East,Americas,Grace Osei,grace.osei@meridiangl.com,A,0,Long-Term Contract,2020-03-29,2025-07-26,9999-12-31,1,2,2014
CUS1533,Westbrook Semiconductor GmbH,3PL,Electronics,Global Key Account,,,IT,Italy,Mediterranean,EMEA,Wei Tanaka,wei.tanaka@meridiangl.com,A,30,Long-Term Contract,2021-09-18,2021-09-18,9999-12-31,1,1,2015
CUS1534,Nova Industrial B.V.,NVOCC,Machinery,Mid-Market,,,SA,Saudi Arabia,Middle East,EMEA,Elena Haddad,elena.haddad@meridiangl.com,B,60,Spot,2020-01-23,2020-01-23,2024-07-30,0,1,2016
CUS1534,Nova Industrial B.V.,NVOCC,Machinery,National,,,SA,Saudi Arabia,Middle East,EMEA,Diego Patel,diego.patel@meridiangl.com,D,60,Named Account Tariff,2020-01-23,2024-07-31,9999-12-31,1,2,2017
CUS1535,Thornwell Power PLC,Freight Forwarder,Energy,Mid-Market,,,TH,Thailand,SE Asia,APAC,Grace Osei,grace.osei@meridiangl.com,C,60,Spot,2019-03-06,2019-03-06,9999-12-31,1,1,2018
CUS1536,Monsoon Apparel Pte Ltd,SME Direct,Textiles,SME,CUS1395,Millbrook Mercantile Corp,VN,Vietnam,SE Asia,APAC,Sofia Tanaka,sofia.tanaka@meridiangl.com,C,15,Long-Term Contract,2020-10-12,2020-10-12,9999-12-31,1,1,2019
CUS1537,Sentinel Textiles Holdings,Freight Forwarder,Textiles,SME,,,NZ,New Zealand,Oceania,ANZ,Anna Berg,anna.berg@meridiangl.com,D,15,Spot,2025-03-05,2025-03-05,9999-12-31,1,1,2020
CUS1538,Juniper Farms S.A.,BCO,Agriculture,Mid-Market,,,GB,United Kingdom,N Europe,EMEA,Sofia Ferreira,sofia.ferreira@meridiangl.com,B,45,Long-Term Contract,2015-05-13,2015-05-13,2026-08-16,0,1,2021
CUS1538,Juniper Farms S.A.,BCO,Agriculture,Mid-Market,,,GB,United Kingdom,N Europe,EMEA,Carlos Al-Farsi,carlos.al-farsi@meridiangl.com,C,45,Named Account Tariff,2015-05-13,2026-08-17,9999-12-31,1,2,2022
CUS1539,Cobalt Foods LLC,SME Direct,FMCG,SME,,,AU,Australia,Oceania,ANZ,Ingrid Osei,ingrid.osei@meridiangl.com,C,0,Named Account Tariff,2023-02-11,2023-02-11,2025-08-03,0,1,2023
CUS1539,Cobalt Foods LLC,SME Direct,FMCG,Mid-Market,,,AU,Australia,Oceania,ANZ,Carlos Ferreira,carlos.ferreira@meridiangl.com,A,0,Spot,2023-02-11,2025-08-04,9999-12-31,1,2,2024
CUS1540,Ironbridge Automotive LLC,3PL,Automotive,Mid-Market,,,DE,Germany,N Europe,EMEA,Hassan Silva,hassan.silva@meridiangl.com,B,30,Long-Term Contract,2020-03-06,2020-03-06,2022-06-04,0,1,2025
CUS1540,Ironbridge Automotive LLC,3PL,Automotive,SME,,,DE,Germany,N Europe,EMEA,Hassan Silva,hassan.silva@meridiangl.com,C,30,Long-Term Contract,2020-03-06,2022-06-05,9999-12-31,1,2,2026
CUS1541,Kestrel Energy B.V.,Freight Forwarder,Energy,Mid-Market,,,ID,Indonesia,SE Asia,APAC,Kenji Tanaka,kenji.tanaka@meridiangl.com,D,0,Named Account Tariff,2015-10-06,2015-10-06,9999-12-31,1,1,2027
CUS1542,Greystone Textiles GmbH,Freight Forwarder,Textiles,Mid-Market,,,AE,United Arab Emirates,Middle East,EMEA,Ingrid Tanaka,ingrid.tanaka@meridiangl.com,C,30,Spot,2018-12-08,2018-12-08,9999-12-31,1,1,2028
CUS1543,Equator Trading Holdings,NVOCC,Retail,Mid-Market,CUS2085,Nightingale FMCG Group,MX,Mexico,LatAm West,Americas,Raj Kim,raj.kim@meridiangl.com,B,30,Named Account Tariff,2017-08-19,2017-08-19,9999-12-31,1,1,2029
CUS1544,Vantage Farms Holdings,BCO,Agriculture,Mid-Market,CUS0692,Cedarline Pharma Corp,NL,Netherlands,N Europe,EMEA,Ahmed Rossi,ahmed.rossi@meridiangl.com,B,30,Spot,2025-06-16,2025-06-16,2026-04-12,0,1,2030
CUS1544,Vantage Farms Holdings,BCO,Agriculture,Mid-Market,CUS0692,Cedarline Pharma Corp,NL,Netherlands,N Europe,EMEA,Ahmed Rossi,ahmed.rossi@meridiangl.com,A,30,Spot,2025-06-16,2026-04-13,9999-12-31,1,2,2031
CUS1545,Ashford Farms Pte Ltd,BCO,Agriculture,Mid-Market,,,FR,France,N Europe,EMEA,Priya Ferreira,priya.ferreira@meridiangl.com,B,30,Named Account Tariff,2023-05-25,2023-05-25,9999-12-31,1,1,2032
CUS1546,Quarrystone Garments PLC,BCO,Textiles,SME,,,SG,Singapore,SE Asia,APAC,Liam O'Brien,liam.obrien@meridiangl.com,B,30,Spot,2015-07-31,2015-07-31,9999-12-31,1,1,2033
CUS1547,Nova FMCG S.A.,BCO,FMCG,SME,,,MX,Mexico,LatAm West,Americas,Sofia Tanaka,sofia.tanaka@meridiangl.com,D,30,Named Account Tariff,2015-12-12,2015-12-12,9999-12-31,1,1,2034
CUS1548,Thornwell Automotive PLC,3PL,Automotive,National,,,CN,China,East Asia,APAC,Ingrid Osei,ingrid.osei@meridiangl.com,A,30,Named Account Tariff,2016-12-10,2016-12-10,9999-12-31,1,1,2035
CUS1549,Sterling Life Sciences Pte Ltd,BCO,Pharma,SME,CUS0569,Ironbridge FMCG GmbH,ID,Indonesia,SE Asia,APAC,Ahmed Novak,ahmed.novak@meridiangl.com,D,15,Named Account Tariff,2018-04-28,2018-04-28,9999-12-31,1,1,2036
CUS1550,Lakemoor Farms LLC,3PL,Agriculture,SME,,,TR,Turkey,Mediterranean,EMEA,Wei Silva,wei.silva@meridiangl.com,D,0,Spot,2015-08-26,2015-08-26,9999-12-31,1,1,2037
CUS1551,Voyager Metals Co.,SME Direct,Metals,SME,CUS2578,Dockside Power Ltd,MY,Malaysia,SE Asia,APAC,Diego Patel,diego.patel@meridiangl.com,B,15,Spot,2016-08-29,2016-08-29,9999-12-31,1,1,2038
CUS1552,Zenith Agri-Foods PLC,3PL,Agriculture,National,CUS0600,Eastridge Chemicals Pte Ltd,FR,France,N Europe,EMEA,Hassan Silva,hassan.silva@meridiangl.com,C,15,Long-Term Contract,2020-09-30,2020-09-30,9999-12-31,1,1,2039
CUS1553,Ironwood Retail Ltd,SME Direct,Retail,SME,,,MY,Malaysia,SE Asia,APAC,Elena Haddad,elena.haddad@meridiangl.com,B,60,Named Account Tariff,2024-03-07,2024-03-07,9999-12-31,1,1,2040
CUS1554,Fairhaven Metals Inc,Freight Forwarder,Metals,Mid-Market,,,VN,Vietnam,SE Asia,APAC,Elena O'Brien,elena.obrien@meridiangl.com,A,0,Long-Term Contract,2023-08-18,2023-08-18,9999-12-31,1,1,2041
CUS1555,Greystone Electronics Holdings,SME Direct,Electronics,SME,,,TH,Thailand,SE Asia,APAC,Yuki Ramirez,yuki.ramirez@meridiangl.com,B,60,Long-Term Contract,2023-05-11,2023-05-11,9999-12-31,1,1,2042
CUS1556,Redwood Semiconductor GmbH,BCO,Electronics,SME,,,JP,Japan,East Asia,APAC,Grace Osei,grace.osei@meridiangl.com,C,60,Spot,2021-08-14,2021-08-14,9999-12-31,1,1,2043
CUS1557,Fairhaven Semiconductor GmbH,3PL,Electronics,Mid-Market,,,CL,Chile,LatAm West,Americas,Wei Tanaka,wei.tanaka@meridiangl.com,D,15,Named Account Tariff,2016-07-09,2016-07-09,9999-12-31,1,1,2044
CUS1558,Oakford Chemical Industries Co.,BCO,Chemicals,SME,CUS2318,Juniper Motors S.A.,AU,Australia,Oceania,ANZ,Sofia Tanaka,sofia.tanaka@meridiangl.com,C,15,Named Account Tariff,2015-10-15,2015-10-15,2022-01-11,0,1,2045
CUS1558,Oakford Chemical Industries Co.,BCO,Chemicals,National,CUS2318,Juniper Motors S.A.,AU,Australia,Oceania,ANZ,Sofia Tanaka,sofia.tanaka@meridiangl.com,A,15,Long-Term Contract,2015-10-15,2022-01-12,9999-12-31,1,2,2046
CUS1559,Ironwood Textiles LLC,Freight Forwarder,Textiles,Mid-Market,,,TW,Taiwan,East Asia,APAC,Elena O'Brien,elena.obrien@meridiangl.com,C,30,Named Account Tariff,2023-01-22,2023-01-22,9999-12-31,1,1,2047
CUS1560,Ivyhill Machinery PLC,3PL,Machinery,SME,,,TR,Turkey,Mediterranean,EMEA,Grace Larsson,grace.larsson@meridiangl.com,D,30,Long-Term Contract,2024-12-21,2024-12-21,9999-12-31,1,1,2048
CUS1561,Elmfield Pharmaceuticals Ltd,BCO,Pharma,National,,,MY,Malaysia,SE Asia,APAC,Wei Tanaka,wei.tanaka@meridiangl.com,C,30,Named Account Tariff,2025-04-16,2025-04-16,9999-12-31,1,1,2049
CUS1562,Foxrun Agri-Foods Corp,SME Direct,Agriculture,Mid-Market,,,ES,Spain,Mediterranean,EMEA,Ingrid Ferreira,ingrid.ferreira@meridiangl.com,C,30,Spot,2017-04-16,2017-04-16,9999-12-31,1,1,2050
CUS1563,Beacon Electronics Holdings,BCO,Electronics,SME,,,BE,Belgium,N Europe,EMEA,Wei Silva,wei.silva@meridiangl.com,B,15,Long-Term Contract,2015-09-19,2015-09-19,9999-12-31,1,1,2051
CUS1564,Cobalt Farms Holdings,NVOCC,Agriculture,Mid-Market,,,TW,Taiwan,East Asia,APAC,Sofia Ferreira,sofia.ferreira@meridiangl.com,C,15,Spot,2016-04-11,2016-04-11,9999-12-31,1,1,2052
CUS1565,Ridgemont Garments S.A.,3PL,Textiles,SME,,,TH,Thailand,SE Asia,APAC,Ahmed Torres,ahmed.torres@meridiangl.com,C,15,Spot,2021-02-03,2021-02-03,9999-12-31,1,1,2053
CUS1566,Lakemoor Pharmaceuticals Co.,BCO,Pharma,National,,,VN,Vietnam,SE Asia,APAC,Elena Haddad,elena.haddad@meridiangl.com,B,45,Long-Term Contract,2017-06-20,2017-06-20,9999-12-31,1,1,2054
CUS1567,Granite Steel B.V.,SME Direct,Metals,SME,CUS1029,Hillcrest Retail Inc,IT,Italy,Mediterranean,EMEA,Elena Haddad,elena.haddad@meridiangl.com,B,30,Spot,2020-10-25,2020-10-25,2021-04-23,0,1,2055
CUS1567,Granite Steel B.V.,SME Direct,Metals,Mid-Market,CUS1029,Hillcrest Retail Inc,IT,Italy,Mediterranean,EMEA,Elena Haddad,elena.haddad@meridiangl.com,B,30,Named Account Tariff,2020-10-25,2021-04-24,9999-12-31,1,2,2056
CUS1568,Oakford Life Sciences Co.,3PL,Pharma,Mid-Market,,,JP,Japan,East Asia,APAC,Elena Tanaka,elena.tanaka@meridiangl.com,C,0,Spot,2017-10-14,2017-10-14,9999-12-31,1,1,2057
CUS1569,Oakford Chemical Industries GmbH,SME Direct,Chemicals,Mid-Market,CUS2066,Nova Agri-Foods Pte Ltd,TW,Taiwan,East Asia,APAC,Wei Tanaka,wei.tanaka@meridiangl.com,D,0,Spot,2018-05-16,2018-05-16,2023-11-16,0,1,2058
CUS1569,Oakford Chemical Industries GmbH,SME Direct,Chemicals,SME,CUS2066,Nova Agri-Foods Pte Ltd,TW,Taiwan,East Asia,APAC,Wei Tanaka,wei.tanaka@meridiangl.com,A,0,Named Account Tariff,2018-05-16,2023-11-17,9999-12-31,1,2,2059
CUS1570,Brightwater Agri-Foods B.V.,Freight Forwarder,Agriculture,Mid-Market,,,GB,United Kingdom,N Europe,EMEA,Wei Tanaka,wei.tanaka@meridiangl.com,D,0,Spot,2016-12-20,2016-12-20,9999-12-31,1,1,2060
CUS1571,Foxrun Retail Ltd,BCO,Retail,SME,,,CN,China,East Asia,APAC,Wei Silva,wei.silva@meridiangl.com,C,15,Long-Term Contract,2020-12-02,2020-12-02,9999-12-31,1,1,2061
CUS1572,Quarrystone Garments Corp,3PL,Textiles,Mid-Market,,,CN,China,East Asia,APAC,Ingrid Ferreira,ingrid.ferreira@meridiangl.com,C,15,Named Account Tariff,2020-02-17,2020-02-17,2023-11-22,0,1,2062
CUS1572,Quarrystone Garments Corp,3PL,Textiles,Mid-Market,,,CN,China,East Asia,APAC,Ahmed Torres,ahmed.torres@meridiangl.com,C,15,Named Account Tariff,2020-02-17,2023-11-23,9999-12-31,1,2,2063
CUS1573,Millbrook Chemical Industries Holdings,3PL,Chemicals,SME,CUS2549,Sentinel Alloys Holdings,MX,Mexico,LatAm West,Americas,Priya Ferreira,priya.ferreira@meridiangl.com,D,0,Spot,2018-10-17,2018-10-17,9999-12-31,1,1,2064
CUS1574,Marlowe Consumer Goods Pte Ltd,Freight Forwarder,FMCG,Mid-Market,,,AE,United Arab Emirates,Middle East,EMEA,Diego Patel,diego.patel@meridiangl.com,B,30,Spot,2017-11-24,2017-11-24,2020-08-25,0,1,2065
CUS1574,Marlowe Consumer Goods Pte Ltd,Freight Forwarder,FMCG,Mid-Market,,,AE,United Arab Emirates,Middle East,EMEA,Diego Patel,diego.patel@meridiangl.com,B,30,Named Account Tariff,2017-11-24,2020-08-26,9999-12-31,1,2,2066
CUS1575,Junction Energy S.A.,Freight Forwarder,Energy,SME,CUS1858,Vantage Chemical Industries S.A.,SG,Singapore,SE Asia,APAC,Ingrid Osei,ingrid.osei@meridiangl.com,B,30,Spot,2015-05-19,2015-05-19,9999-12-31,1,1,2067
CUS1576,Lakemoor Alloys Group,BCO,Metals,SME,CUS2746,Kingswell Petrochemicals Group,BE,Belgium,N Europe,EMEA,Wei Silva,wei.silva@meridiangl.com,C,30,Named Account Tariff,2018-04-20,2018-04-20,9999-12-31,1,1,2068
CUS1577,Palisade Chemical Industries LLC,NVOCC,Chemicals,Mid-Market,,,NZ,New Zealand,Oceania,ANZ,Fatima Tanaka,fatima.tanaka@meridiangl.com,A,30,Named Account Tariff,2021-01-29,2021-01-29,9999-12-31,1,1,2069
CUS1578,Beacon Petrochemicals S.A.,SME Direct,Energy,Mid-Market,,,NZ,New Zealand,Oceania,ANZ,Ahmed Torres,ahmed.torres@meridiangl.com,A,45,Spot,2015-01-16,2015-01-16,9999-12-31,1,1,2070
CUS1579,Ironbridge Pharmaceuticals S.A.,BCO,Pharma,Mid-Market,CUS2693,Underhill Pharmaceuticals Inc,US,United States,N America East,Americas,Elena Haddad,elena.haddad@meridiangl.com,B,30,Spot,2015-06-14,2015-06-14,9999-12-31,1,1,2071
CUS1580,Harborview Steel LLC,BCO,Metals,Mid-Market,,,IN,India,South Asia,APAC,Ahmed Nguyen,ahmed.nguyen@meridiangl.com,B,0,Long-Term Contract,2017-04-22,2017-04-22,2021-01-27,0,1,2072
CUS1580,Harborview Steel LLC,BCO,Metals,National,,,IN,India,South Asia,APAC,Diego Kowalski,diego.kowalski@meridiangl.com,B,0,Spot,2017-04-22,2021-01-28,9999-12-31,1,2,2073
CUS1581,Solstice Trading LLC,Freight Forwarder,Retail,SME,,,TH,Thailand,SE Asia,APAC,Grace Osei,grace.osei@meridiangl.com,B,60,Spot,2019-04-22,2019-04-22,9999-12-31,1,1,2074
CUS1582,Elmfield Chemicals B.V.,Freight Forwarder,Chemicals,Mid-Market,,,ID,Indonesia,SE Asia,APAC,Diego Kowalski,diego.kowalski@meridiangl.com,A,30,Spot,2026-02-20,2026-02-20,9999-12-31,1,1,2075
CUS1583,Vantage Metals B.V.,Freight Forwarder,Metals,National,,,ES,Spain,Mediterranean,EMEA,Carlos Sharma,carlos.sharma@meridiangl.com,C,30,Spot,2018-03-14,2018-03-14,2019-06-17,0,1,2076
CUS1583,Vantage Metals B.V.,Freight Forwarder,Metals,Mid-Market,,,ES,Spain,Mediterranean,EMEA,Elena Tanaka,elena.tanaka@meridiangl.com,A,30,Named Account Tariff,2018-03-14,2019-06-18,9999-12-31,1,2,2077
CUS1584,Juniper Chemical Industries Ltd,BCO,Chemicals,SME,CUS0368,Kestrel Power PLC,CN,China,East Asia,APAC,Wei Silva,wei.silva@meridiangl.com,A,30,Spot,2018-01-01,2018-01-01,9999-12-31,1,1,2078
CUS1585,Greystone Semiconductor Co.,NVOCC,Electronics,Mid-Market,,,SA,Saudi Arabia,Middle East,EMEA,Sofia Larsson,sofia.larsson@meridiangl.com,A,60,Named Account Tariff,2019-01-19,2019-01-19,9999-12-31,1,1,2079
CUS1586,Cedarline Alloys GmbH,SME Direct,Metals,Global Key Account,,,ES,Spain,Mediterranean,EMEA,Anna Berg,anna.berg@meridiangl.com,A,45,Long-Term Contract,2019-06-03,2019-06-03,9999-12-31,1,1,2080
CUS1587,Glenmoor Auto Parts Co.,Freight Forwarder,Automotive,SME,,,IN,India,South Asia,APAC,Ingrid Osei,ingrid.osei@meridiangl.com,B,30,Spot,2015-06-11,2015-06-11,9999-12-31,1,1,2081
CUS1588,Quarrystone Energy S.A.,NVOCC,Energy,SME,,,NZ,New Zealand,Oceania,ANZ,Grace Osei,grace.osei@meridiangl.com,C,60,Spot,2025-05-21,2025-05-21,9999-12-31,1,1,2082
CUS1589,Eastridge Technologies B.V.,NVOCC,Electronics,SME,,,ZA,South Africa,Africa,EMEA,Anna Berg,anna.berg@meridiangl.com,C,30,Spot,2020-10-02,2020-10-02,9999-12-31,1,1,2083
CUS1590,Kingswell Textiles Inc,3PL,Textiles,Mid-Market,,,NL,Netherlands,N Europe,EMEA,Grace Larsson,grace.larsson@meridiangl.com,B,45,Named Account Tariff,2019-06-10,2019-06-10,9999-12-31,1,1,2084
CUS1591,Westbrook Power PLC,3PL,Energy,Mid-Market,CUS2268,Mosaic Electronics PLC,FR,France,N Europe,EMEA,Carlos Al-Farsi,carlos.al-farsi@meridiangl.com,D,15,Named Account Tariff,2017-07-08,2017-07-08,9999-12-31,1,1,2085
CUS1592,Marlowe Auto Parts Inc,Freight Forwarder,Automotive,SME,,,FR,France,N Europe,EMEA,Elena O'Brien,elena.obrien@meridiangl.com,B,30,Spot,2020-09-23,2020-09-23,9999-12-31,1,1,2086
CUS1593,Ashford Farms Inc,BCO,Agriculture,Mid-Market,CUS1336,Deerfield Agri-Foods S.A.,SG,Singapore,SE Asia,APAC,Ahmed Novak,ahmed.novak@meridiangl.com,C,15,Named Account Tariff,2015-11-16,2015-11-16,9999-12-31,1,1,2087
CUS1594,Everest Apparel Co.,NVOCC,Textiles,SME,,,IN,India,South Asia,APAC,Ingrid Tanaka,ingrid.tanaka@meridiangl.com,C,30,Long-Term Contract,2018-05-01,2018-05-01,9999-12-31,1,1,2088
CUS1595,Redwood Energy Inc,Freight Forwarder,Energy,National,,,SA,Saudi Arabia,Middle East,EMEA,Carlos Haddad,carlos.haddad@meridiangl.com,C,0,Named Account Tariff,2018-10-20,2018-10-20,9999-12-31,1,1,2089
CUS1596,Nova Alloys Pte Ltd,Freight Forwarder,Metals,SME,CUS0362,Oakford Energy Holdings,GB,United Kingdom,N Europe,EMEA,Carlos Haddad,carlos.haddad@meridiangl.com,B,30,Named Account Tariff,2020-07-31,2020-07-31,2023-10-29,0,1,2090
CUS1596,Nova Alloys Pte Ltd,Freight Forwarder,Metals,SME,CUS0362,Oakford Energy Holdings,GB,United Kingdom,N Europe,EMEA,Ingrid Ferreira,ingrid.ferreira@meridiangl.com,D,30,Named Account Tariff,2020-07-31,2023-10-30,9999-12-31,1,2,2091
CUS1597,Nova Auto Parts LLC,NVOCC,Automotive,Mid-Market,,,ZA,South Africa,Africa,EMEA,Diego Kowalski,diego.kowalski@meridiangl.com,D,0,Long-Term Contract,2019-04-04,2019-04-04,9999-12-31,1,1,2092
CUS1598,Deerfield Chemicals Co.,SME Direct,Chemicals,SME,,,AU,Australia,Oceania,ANZ,Sofia Larsson,sofia.larsson@meridiangl.com,A,60,Named Account Tariff,2016-05-13,2016-05-13,2017-11-15,0,1,2093
CUS1598,Deerfield Chemicals Co.,SME Direct,Chemicals,Mid-Market,,,AU,Australia,Oceania,ANZ,Hassan Nguyen,hassan.nguyen@meridiangl.com,B,60,Long-Term Contract,2016-05-13,2017-11-16,9999-12-31,1,2,2094
CUS1599,Nightingale Technologies Co.,SME Direct,Electronics,Mid-Market,,,VN,Vietnam,SE Asia,APAC,Ingrid O'Brien,ingrid.obrien@meridiangl.com,C,30,Spot,2018-09-29,2018-09-29,9999-12-31,1,1,2095
CUS1600,Redwood Foods Ltd,3PL,FMCG,Mid-Market,,,DE,Germany,N Europe,EMEA,Liam O'Brien,liam.obrien@meridiangl.com,C,30,Named Account Tariff,2017-05-07,2017-05-07,9999-12-31,1,1,2096
CUS1601,Lonestar Chemicals PLC,SME Direct,Chemicals,National,,,MX,Mexico,LatAm West,Americas,Kenji Tanaka,kenji.tanaka@meridiangl.com,B,45,Long-Term Contract,2026-03-03,2026-03-03,9999-12-31,1,1,2097
CUS1602,Beacon Energy Co.,Freight Forwarder,Energy,National,,,ZA,South Africa,Africa,EMEA,Wei Silva,wei.silva@meridiangl.com,D,30,Named Account Tariff,2017-11-02,2017-11-02,9999-12-31,1,1,2098
CUS1603,Clearwater Consumer Goods Ltd,BCO,FMCG,Mid-Market,,,NL,Netherlands,N Europe,EMEA,Yuki Kowalski,yuki.kowalski@meridiangl.com,A,0,Long-Term Contract,2016-06-08,2016-06-08,9999-12-31,1,1,2099
CUS1604,Millbrook Alloys Co.,BCO,Metals,Mid-Market,,,DE,Germany,N Europe,EMEA,Diego Kowalski,diego.kowalski@meridiangl.com,B,15,Spot,2020-10-16,2020-10-16,9999-12-31,1,1,2100
CUS1605,Ivyhill Alloys Co.,BCO,Metals,Mid-Market,CUS2203,Voyager Pharma Group,CN,China,East Asia,APAC,Carlos Al-Farsi,carlos.al-farsi@meridiangl.com,C,30,Named Account Tariff,2026-01-21,2026-01-21,9999-12-31,1,1,2101
CUS1606,Elmfield Steel Pte Ltd,NVOCC,Metals,National,,,TR,Turkey,Mediterranean,EMEA,Hassan Nguyen,hassan.nguyen@meridiangl.com,A,45,Long-Term Contract,2017-04-11,2017-04-11,9999-12-31,1,1,2102
CUS1607,Kestrel Energy Group,BCO,Energy,Mid-Market,,,NL,Netherlands,N Europe,EMEA,Grace Osei,grace.osei@meridiangl.com,B,45,Long-Term Contract,2023-05-29,2023-05-29,9999-12-31,1,1,2103
CUS1608,Granite Engineering Corp,NVOCC,Machinery,Mid-Market,,,IN,India,South Asia,APAC,Priya O'Brien,priya.obrien@meridiangl.com,A,30,Long-Term Contract,2021-02-05,2021-02-05,9999-12-31,1,1,2104
CUS1609,Kingswell Foods LLC,SME Direct,FMCG,National,,,BE,Belgium,N Europe,EMEA,Grace Osei,grace.osei@meridiangl.com,B,15,Long-Term Contract,2020-10-10,2020-10-10,9999-12-31,1,1,2105
CUS1610,Juniper Semiconductor Co.,3PL,Electronics,SME,CUS2939,Clearwater Machinery Co.,AU,Australia,Oceania,ANZ,Yuki O'Brien,yuki.obrien@meridiangl.com,D,30,Named Account Tariff,2019-04-07,2019-04-07,9999-12-31,1,1,2106
CUS1611,Vertex Electronics Pte Ltd,SME Direct,Electronics,SME,CUS0265,Westbrook Pharma Group,GB,United Kingdom,N Europe,EMEA,Sofia Larsson,sofia.larsson@meridiangl.com,B,60,Named Account Tariff,2018-07-10,2018-07-10,9999-12-31,1,1,2107
CUS1612,Ivyhill Chemical Industries Pte Ltd,NVOCC,Chemicals,SME,CUS0532,Greystone Auto Parts B.V.,IT,Italy,Mediterranean,EMEA,Liam O'Brien,liam.obrien@meridiangl.com,C,30,Spot,2019-05-13,2019-05-13,9999-12-31,1,1,2108
CUS1613,Kingswell Industrial S.A.,3PL,Machinery,SME,,,MY,Malaysia,SE Asia,APAC,Carlos Haddad,carlos.haddad@meridiangl.com,D,15,Spot,2026-06-06,2026-06-06,9999-12-31,1,1,2109
CUS1614,Skyline Semiconductor Inc,3PL,Electronics,SME,,,TW,Taiwan,East Asia,APAC,Ingrid Osei,ingrid.osei@meridiangl.com,D,15,Named Account Tariff,2022-12-25,2022-12-25,9999-12-31,1,1,2110
CUS1615,Solstice Power Corp,BCO,Energy,Mid-Market,,,TH,Thailand,SE Asia,APAC,Priya Ferreira,priya.ferreira@meridiangl.com,C,45,Long-Term Contract,2025-03-02,2025-03-02,9999-12-31,1,1,2111
CUS1616,Beacon Agro GmbH,BCO,Agriculture,National,,,TR,Turkey,Mediterranean,EMEA,Elena Berg,elena.berg@meridiangl.com,C,30,Spot,2021-08-08,2021-08-08,9999-12-31,1,1,2112
CUS1617,Vertex Apparel Corp,BCO,Textiles,SME,,,HK,Hong Kong,East Asia,APAC,Kenji Tanaka,kenji.tanaka@meridiangl.com,D,30,Spot,2016-05-09,2016-05-09,9999-12-31,1,1,2113
CUS1618,Juniper Energy Group,BCO,Energy,Mid-Market,,,SA,Saudi Arabia,Middle East,EMEA,Hassan Nguyen,hassan.nguyen@meridiangl.com,C,45,Long-Term Contract,2015-04-19,2015-04-19,9999-12-31,1,1,2114
CUS1619,Hillcrest Steel B.V.,Freight Forwarder,Metals,SME,,,NL,Netherlands,N Europe,EMEA,Hassan Silva,hassan.silva@meridiangl.com,C,30,Spot,2017-06-14,2017-06-14,9999-12-31,1,1,2115
CUS1620,Ridgemont Industrial Pte Ltd,BCO,Machinery,Mid-Market,,,TH,Thailand,SE Asia,APAC,Ahmed Novak,ahmed.novak@meridiangl.com,C,15,Named Account Tariff,2019-11-04,2019-11-04,9999-12-31,1,1,2116
CUS1621,Valleyforge Trading Ltd,NVOCC,Retail,Mid-Market,,,CL,Chile,LatAm West,Americas,Fatima Chen,fatima.chen@meridiangl.com,C,30,Spot,2015-03-12,2015-03-12,9999-12-31,1,1,2117
CUS1622,Junction Garments Group,BCO,Textiles,Mid-Market,,,CN,China,East Asia,APAC,Sofia Tanaka,sofia.tanaka@meridiangl.com,D,0,Long-Term Contract,2023-07-25,2023-07-25,9999-12-31,1,1,2118
CUS1623,Redwood Engineering B.V.,NVOCC,Machinery,SME,CUS2748,Fairhaven Garments Group,VN,Vietnam,SE Asia,APAC,Elena Tanaka,elena.tanaka@meridiangl.com,B,30,Named Account Tariff,2022-01-31,2022-01-31,9999-12-31,1,1,2119
CUS1624,Aurora Foods B.V.,SME Direct,FMCG,National,CUS1892,Harborview Electronics PLC,AE,United Arab Emirates,Middle East,EMEA,Elena Tanaka,elena.tanaka@meridiangl.com,A,60,Long-Term Contract,2016-08-14,2016-08-14,2025-05-21,0,1,2120
CUS1624,Aurora Foods B.V.,SME Direct,FMCG,National,CUS1892,Harborview Electronics PLC,AE,United Arab Emirates,Middle East,EMEA,Elena Tanaka,elena.tanaka@meridiangl.com,D,60,Named Account Tariff,2016-08-14,2025-05-22,9999-12-31,1,2,2121
CUS1625,Kingswell Industrial PLC,NVOCC,Machinery,Mid-Market,CUS2278,Northgate Industrial Corp,MX,Mexico,LatAm West,Americas,Sofia Tanaka,sofia.tanaka@meridiangl.com,C,45,Spot,2021-05-25,2021-05-25,2022-11-16,0,1,2122
CUS1625,Kingswell Industrial PLC,NVOCC,Machinery,SME,CUS2278,Northgate Industrial Corp,MX,Mexico,LatAm West,Americas,Sofia Tanaka,sofia.tanaka@meridiangl.com,C,45,Spot,2021-05-25,2022-11-17,9999-12-31,1,2,2123
CUS1626,Junction Industrial Corp,Freight Forwarder,Machinery,Mid-Market,,,NZ,New Zealand,Oceania,ANZ,Raj Kim,raj.kim@meridiangl.com,C,30,Spot,2017-07-21,2017-07-21,2023-08-08,0,1,2124
CUS1626,Junction Industrial Corp,Freight Forwarder,Machinery,SME,,,NZ,New Zealand,Oceania,ANZ,Raj Kim,raj.kim@meridiangl.com,B,30,Spot,2017-07-21,2023-08-09,9999-12-31,1,2,2125
CUS1627,Millbrook Auto Parts LLC,BCO,Automotive,Mid-Market,,,DE,Germany,N Europe,EMEA,Carlos Sharma,carlos.sharma@meridiangl.com,B,45,Long-Term Contract,2021-05-21,2021-05-21,2021-08-15,0,1,2126
CUS1627,Millbrook Auto Parts LLC,BCO,Automotive,SME,,,DE,Germany,N Europe,EMEA,Elena O'Brien,elena.obrien@meridiangl.com,B,45,Long-Term Contract,2021-05-21,2021-08-16,9999-12-31,1,2,2127
CUS1628,Fairhaven Apparel LLC,3PL,Textiles,SME,,,CN,China,East Asia,APAC,Grace Osei,grace.osei@meridiangl.com,D,0,Named Account Tariff,2026-05-30,2026-05-30,9999-12-31,1,1,2128
CUS1629,Ironwood Auto Parts PLC,Freight Forwarder,Automotive,Mid-Market,,,HK,Hong Kong,East Asia,APAC,Elena Tanaka,elena.tanaka@meridiangl.com,C,15,Spot,2019-05-04,2019-05-04,9999-12-31,1,1,2129
CUS1630,Onyx Life Sciences Pte Ltd,SME Direct,Pharma,SME,,,VN,Vietnam,SE Asia,APAC,Yuki O'Brien,yuki.obrien@meridiangl.com,B,45,Named Account Tariff,2024-12-27,2024-12-27,9999-12-31,1,1,2130
CUS1631,Oakford Semiconductor Holdings,SME Direct,Electronics,SME,,,IN,India,South Asia,APAC,Ingrid Ferreira,ingrid.ferreira@meridiangl.com,D,15,Spot,2018-02-10,2018-02-10,9999-12-31,1,1,2131
CUS1632,Marlowe Electronics GmbH,3PL,Electronics,National,,,BE,Belgium,N Europe,EMEA,Diego Yamamoto,diego.yamamoto@meridiangl.com,A,30,Named Account Tariff,2026-01-10,2026-01-10,2026-02-13,0,1,2132
CUS1632,Marlowe Electronics GmbH,3PL,Electronics,SME,,,BE,Belgium,N Europe,EMEA,Diego Yamamoto,diego.yamamoto@meridiangl.com,D,30,Long-Term Contract,2026-01-10,2026-02-14,9999-12-31,1,2,2133
CUS1633,Solstice Power GmbH,Freight Forwarder,Energy,National,,,MX,Mexico,LatAm West,Americas,James Larsson,james.larsson@meridiangl.com,C,30,Long-Term Contract,2022-09-20,2022-09-20,9999-12-31,1,1,2134
CUS1634,Cedarline Industrial LLC,NVOCC,Machinery,Mid-Market,CUS1742,Elmfield Pharma Co.,TH,Thailand,SE Asia,APAC,Grace Osei,grace.osei@meridiangl.com,C,30,Long-Term Contract,2022-07-25,2022-07-25,9999-12-31,1,1,2135
CUS1635,Kestrel Foods LLC,BCO,FMCG,Mid-Market,,,IN,India,South Asia,APAC,Ahmed Nguyen,ahmed.nguyen@meridiangl.com,C,15,Long-Term Contract,2020-05-22,2020-05-22,9999-12-31,1,1,2136
CUS1636,Palisade Pharma Ltd,NVOCC,Pharma,National,,,CL,Chile,LatAm West,Americas,Elena O'Brien,elena.obrien@meridiangl.com,B,30,Named Account Tariff,2020-05-20,2020-05-20,9999-12-31,1,1,2137
CUS1637,Cedarline Pharma Ltd,3PL,Pharma,SME,,,CA,Canada,N America East,Americas,Carlos Sharma,carlos.sharma@meridiangl.com,C,30,Spot,2020-07-04,2020-07-04,9999-12-31,1,1,2138
CUS1638,Millbrook Garments LLC,Freight Forwarder,Textiles,Mid-Market,,,IT,Italy,Mediterranean,EMEA,Anna Berg,anna.berg@meridiangl.com,D,15,Named Account Tariff,2020-05-31,2020-05-31,9999-12-31,1,1,2139
CUS1639,Mosaic Life Sciences Holdings,BCO,Pharma,National,,,NZ,New Zealand,Oceania,ANZ,Diego Patel,diego.patel@meridiangl.com,C,15,Long-Term Contract,2015-10-17,2015-10-17,9999-12-31,1,1,2140
CUS1640,Mosaic Chemicals Ltd,SME Direct,Chemicals,Mid-Market,,,FR,France,N Europe,EMEA,Grace Osei,grace.osei@meridiangl.com,C,60,Spot,2019-09-30,2019-09-30,9999-12-31,1,1,2141
CUS1641,Westbrook FMCG GmbH,3PL,FMCG,SME,,,TH,Thailand,SE Asia,APAC,Elena Haddad,elena.haddad@meridiangl.com,B,15,Named Account Tariff,2015-07-11,2015-07-11,9999-12-31,1,1,2142
CUS1642,Hillcrest Auto Parts Ltd,BCO,Automotive,Mid-Market,,,ZA,South Africa,Africa,EMEA,Diego Yamamoto,diego.yamamoto@meridiangl.com,D,15,Long-Term Contract,2020-09-14,2020-09-14,9999-12-31,1,1,2143
CUS1643,Everest Mercantile LLC,3PL,Retail,National,CUS1502,Southwick Industrial Inc,MX,Mexico,LatAm West,Americas,Wei Tanaka,wei.tanaka@meridiangl.com,B,15,Named Account Tariff,2018-04-19,2018-04-19,9999-12-31,1,1,2144
CUS1644,Brookline Chemicals PLC,NVOCC,Chemicals,Mid-Market,,,TW,Taiwan,East Asia,APAC,Wei Tanaka,wei.tanaka@meridiangl.com,D,0,Named Account Tariff,2020-06-22,2020-06-22,2026-07-06,0,1,2145
CUS1644,Brookline Chemicals PLC,NVOCC,Chemicals,National,,,TW,Taiwan,East Asia,APAC,Fatima Tanaka,fatima.tanaka@meridiangl.com,C,0,Long-Term Contract,2020-06-22,2026-07-07,9999-12-31,1,2,2146
CUS1645,Dockside Technologies GmbH,Freight Forwarder,Electronics,Mid-Market,,,IT,Italy,Mediterranean,EMEA,Carlos Ferreira,carlos.ferreira@meridiangl.com,C,30,Spot,2015-01-13,2015-01-13,9999-12-31,1,1,2147
CUS1646,Sterling Pharmaceuticals Ltd,NVOCC,Pharma,SME,,,SG,Singapore,SE Asia,APAC,Priya Ferreira,priya.ferreira@meridiangl.com,B,45,Spot,2019-05-20,2019-05-20,9999-12-31,1,1,2148
CUS1647,Glenmoor Power Inc,BCO,Energy,SME,CUS0191,Cobalt Agro LLC,FR,France,N Europe,EMEA,Kenji Tanaka,kenji.tanaka@meridiangl.com,C,30,Spot,2026-02-01,2026-02-01,9999-12-31,1,1,2149
CUS1648,Vertex Alloys Corp,Freight Forwarder,Metals,Global Key Account,,,NZ,New Zealand,Oceania,ANZ,Priya O'Brien,priya.obrien@meridiangl.com,B,60,Long-Term Contract,2018-01-14,2018-01-14,2026-01-16,0,1,2150
CUS1648,Vertex Alloys Corp,Freight Forwarder,Metals,Global Key Account,,,NZ,New Zealand,Oceania,ANZ,Carlos Sharma,carlos.sharma@meridiangl.com,B,60,Named Account Tariff,2018-01-14,2026-01-17,9999-12-31,1,2,2151
CUS1649,Greystone Agro Inc,NVOCC,Agriculture,Mid-Market,,,TH,Thailand,SE Asia,APAC,James Tanaka,james.tanaka@meridiangl.com,B,15,Named Account Tariff,2018-08-03,2018-08-03,9999-12-31,1,1,2152
CUS1650,Equator Power Pte Ltd,Freight Forwarder,Energy,Mid-Market,,,AU,Australia,Oceania,ANZ,Yuki Torres,yuki.torres@meridiangl.com,B,60,Named Account Tariff,2016-09-13,2016-09-13,2018-04-15,0,1,2153
CUS1650,Equator Power Pte Ltd,Freight Forwarder,Energy,SME,,,AU,Australia,Oceania,ANZ,Fatima Haddad,fatima.haddad@meridiangl.com,C,60,Spot,2016-09-13,2018-04-16,2021-03-28,0,2,2154
CUS1650,Equator Power Pte Ltd,Freight Forwarder,Energy,Mid-Market,,,AU,Australia,Oceania,ANZ,James Larsson,james.larsson@meridiangl.com,A,60,Long-Term Contract,2016-09-13,2021-03-29,9999-12-31,1,3,2155
CUS1651,Voyager Metals S.A.,BCO,Metals,SME,,,TR,Turkey,Mediterranean,EMEA,Ahmed Tanaka,ahmed.tanaka@meridiangl.com,C,0,Named Account Tariff,2019-01-10,2019-01-10,9999-12-31,1,1,2156
CUS1652,Juniper Consumer Goods GmbH,BCO,FMCG,SME,CUS0801,Lakemoor Machinery GmbH,SG,Singapore,SE Asia,APAC,Hassan Nguyen,hassan.nguyen@meridiangl.com,C,0,Named Account Tariff,2019-03-18,2019-03-18,9999-12-31,1,1,2157
CUS1653,Dockside Retail Ltd,Freight Forwarder,Retail,Mid-Market,,,TR,Turkey,Mediterranean,EMEA,Hassan Silva,hassan.silva@meridiangl.com,C,60,Spot,2025-09-03,2025-09-03,9999-12-31,1,1,2158
CUS1654,Granite FMCG B.V.,3PL,FMCG,Mid-Market,,,IT,Italy,Mediterranean,EMEA,Grace Larsson,grace.larsson@meridiangl.com,B,15,Long-Term Contract,2024-05-25,2024-05-25,2024-10-18,0,1,2159
CUS1654,Granite FMCG B.V.,3PL,FMCG,National,,,IT,Italy,Mediterranean,EMEA,Elena Haddad,elena.haddad@meridiangl.com,A,15,Spot,2024-05-25,2024-10-19,9999-12-31,1,2,2160
CUS1655,Brookline Pharmaceuticals B.V.,SME Direct,Pharma,Mid-Market,CUS0564,Skyline Retail Co.,US,United States,N America East,Americas,Carlos Ferreira,carlos.ferreira@meridiangl.com,C,0,Named Account Tariff,2021-10-03,2021-10-03,9999-12-31,1,1,2161
CUS1656,Zenith Engineering Group,NVOCC,Machinery,Global Key Account,,,JP,Japan,East Asia,APAC,Carlos Sharma,carlos.sharma@meridiangl.com,A,45,Named Account Tariff,2022-10-31,2022-10-31,2025-10-19,0,1,2162
CUS1656,Zenith Engineering Group,NVOCC,Machinery,Global Key Account,,,JP,Japan,East Asia,APAC,Carlos Sharma,carlos.sharma@meridiangl.com,A,45,Spot,2022-10-31,2025-10-20,9999-12-31,1,2,2163
CUS1657,Wellspring Energy Holdings,NVOCC,Energy,Mid-Market,,,ZA,South Africa,Africa,EMEA,Sofia Larsson,sofia.larsson@meridiangl.com,C,45,Spot,2016-07-30,2016-07-30,2024-04-11,0,1,2164
CUS1657,Wellspring Energy Holdings,NVOCC,Energy,National,,,ZA,South Africa,Africa,EMEA,Elena Haddad,elena.haddad@meridiangl.com,B,45,Long-Term Contract,2016-07-30,2024-04-12,9999-12-31,1,2,2165
CUS1658,Brookline Chemicals Group,NVOCC,Chemicals,Mid-Market,,,FR,France,N Europe,EMEA,Elena O'Brien,elena.obrien@meridiangl.com,C,30,Spot,2015-11-26,2015-11-26,9999-12-31,1,1,2166
CUS1659,Westbrook Engineering B.V.,NVOCC,Machinery,Mid-Market,,,AU,Australia,Oceania,ANZ,Fatima Chen,fatima.chen@meridiangl.com,C,30,Long-Term Contract,2016-04-15,2016-04-15,9999-12-31,1,1,2167
CUS1660,Juniper Industrial S.A.,BCO,Machinery,National,,,HK,Hong Kong,East Asia,APAC,Raj Kim,raj.kim@meridiangl.com,B,45,Long-Term Contract,2017-06-02,2017-06-02,2023-11-22,0,1,2168
CUS1660,Juniper Industrial S.A.,BCO,Machinery,SME,,,HK,Hong Kong,East Asia,APAC,Fatima Haddad,fatima.haddad@meridiangl.com,B,45,Long-Term Contract,2017-06-02,2023-11-23,9999-12-31,1,2,2169
CUS1661,Dockside Semiconductor Pte Ltd,BCO,Electronics,National,,,SG,Singapore,SE Asia,APAC,Diego Yamamoto,diego.yamamoto@meridiangl.com,B,30,Spot,2024-03-23,2024-03-23,9999-12-31,1,1,2170
CUS1662,Junction Trading B.V.,BCO,Retail,Mid-Market,CUS2749,Sterling Pharmaceuticals Pte Ltd,SG,Singapore,SE Asia,APAC,Carlos Al-Farsi,carlos.al-farsi@meridiangl.com,C,15,Spot,2020-05-19,2020-05-19,2023-11-11,0,1,2171
CUS1662,Junction Trading B.V.,BCO,Retail,Mid-Market,CUS2749,Sterling Pharmaceuticals Pte Ltd,SG,Singapore,SE Asia,APAC,Liam O'Brien,liam.obrien@meridiangl.com,B,15,Spot,2020-05-19,2023-11-12,9999-12-31,1,2,2172
CUS1663,Kestrel Machinery Pte Ltd,NVOCC,Machinery,Mid-Market,,,NL,Netherlands,N Europe,EMEA,Ahmed Rossi,ahmed.rossi@meridiangl.com,B,0,Spot,2020-10-27,2020-10-27,9999-12-31,1,1,2173
CUS1664,Thornwell Chemical Industries Pte Ltd,NVOCC,Chemicals,National,CUS1835,Millbrook Textiles Pte Ltd,IN,India,South Asia,APAC,Ahmed Rossi,ahmed.rossi@meridiangl.com,B,15,Spot,2019-07-04,2019-07-04,9999-12-31,1,1,2174
CUS1665,Oakford Stores GmbH,BCO,Retail,SME,,,VN,Vietnam,SE Asia,APAC,Elena O'Brien,elena.obrien@meridiangl.com,D,15,Spot,2022-12-11,2022-12-11,2025-03-20,0,1,2175
CUS1665,Oakford Stores GmbH,BCO,Retail,SME,,,VN,Vietnam,SE Asia,APAC,Yuki Kowalski,yuki.kowalski@meridiangl.com,D,15,Spot,2022-12-11,2025-03-21,9999-12-31,1,2,2176
CUS1666,Dockside Electronics PLC,BCO,Electronics,Mid-Market,,,IT,Italy,Mediterranean,EMEA,Ingrid Ferreira,ingrid.ferreira@meridiangl.com,B,30,Named Account Tariff,2018-01-18,2018-01-18,9999-12-31,1,1,2177
CUS1667,Hillcrest Consumer Goods S.A.,3PL,FMCG,SME,,,DE,Germany,N Europe,EMEA,Ahmed Torres,ahmed.torres@meridiangl.com,C,0,Spot,2020-04-06,2020-04-06,9999-12-31,1,1,2178
CUS1668,Cedarline Chemical Industries PLC,BCO,Chemicals,SME,,,AU,Australia,Oceania,ANZ,Elena Haddad,elena.haddad@meridiangl.com,D,0,Named Account Tariff,2015-02-01,2015-02-01,9999-12-31,1,1,2179
CUS1669,Clearwater Chemical Industries S.A.,BCO,Chemicals,National,,,US,United States,N America East,Americas,Ahmed Rossi,ahmed.rossi@meridiangl.com,D,15,Named Account Tariff,2022-04-20,2022-04-20,9999-12-31,1,1,2180
CUS1670,Ashgrove Metals S.A.,BCO,Metals,SME,,,TH,Thailand,SE Asia,APAC,Grace Osei,grace.osei@meridiangl.com,C,15,Named Account Tariff,2018-08-19,2018-08-19,9999-12-31,1,1,2181
CUS1671,Skyline Farms Pte Ltd,NVOCC,Agriculture,SME,,,GB,United Kingdom,N Europe,EMEA,Ahmed Rossi,ahmed.rossi@meridiangl.com,D,15,Spot,2016-05-02,2016-05-02,9999-12-31,1,1,2182
CUS1672,Millbrook Foods GmbH,NVOCC,FMCG,SME,,,ES,Spain,Mediterranean,EMEA,Carlos Haddad,carlos.haddad@meridiangl.com,D,0,Spot,2026-04-19,2026-04-19,9999-12-31,1,1,2183
CUS1673,Ironbridge Farms Co.,NVOCC,Agriculture,Mid-Market,CUS0660,Millbrook Alloys Corp,ID,Indonesia,SE Asia,APAC,Ahmed Rossi,ahmed.rossi@meridiangl.com,B,30,Long-Term Contract,2020-05-12,2020-05-12,9999-12-31,1,1,2184
CUS1674,Hillcrest Life Sciences LLC,BCO,Pharma,Mid-Market,,,JP,Japan,East Asia,APAC,Raj Kim,raj.kim@meridiangl.com,B,15,Spot,2021-08-10,2021-08-10,2024-04-14,0,1,2185
CUS1674,Hillcrest Life Sciences LLC,BCO,Pharma,National,,,JP,Japan,East Asia,APAC,Wei Tanaka,wei.tanaka@meridiangl.com,A,15,Named Account Tariff,2021-08-10,2024-04-15,9999-12-31,1,2,2186
CUS1675,Solstice Industrial B.V.,SME Direct,Machinery,SME,CUS0250,Ironbridge Trading B.V.,NZ,New Zealand,Oceania,ANZ,Carlos Al-Farsi,carlos.al-farsi@meridiangl.com,D,0,Spot,2020-08-23,2020-08-23,9999-12-31,1,1,2187
CUS1676,Underhill Technologies LLC,BCO,Electronics,Mid-Market,,,AE,United Arab Emirates,Middle East,EMEA,Ingrid Tanaka,ingrid.tanaka@meridiangl.com,D,15,Named Account Tariff,2015-03-19,2015-03-19,9999-12-31,1,1,2188
CUS1677,Oakford Pharmaceuticals GmbH,SME Direct,Pharma,SME,CUS1393,Monsoon Chemical Industries GmbH,IT,Italy,Mediterranean,EMEA,Elena Tanaka,elena.tanaka@meridiangl.com,D,45,Spot,2020-07-30,2020-07-30,2021-02-23,0,1,2189
CUS1677,Oakford Pharmaceuticals GmbH,SME Direct,Pharma,SME,CUS1393,Monsoon Chemical Industries GmbH,IT,Italy,Mediterranean,EMEA,Elena Tanaka,elena.tanaka@meridiangl.com,D,45,Named Account Tariff,2020-07-30,2021-02-24,2023-04-14,0,2,2190
CUS1677,Oakford Pharmaceuticals GmbH,SME Direct,Pharma,National,CUS1393,Monsoon Chemical Industries GmbH,IT,Italy,Mediterranean,EMEA,Elena O'Brien,elena.obrien@meridiangl.com,D,45,Named Account Tariff,2020-07-30,2023-04-15,9999-12-31,1,3,2191
CUS1678,Underhill Consumer Goods B.V.,3PL,FMCG,Mid-Market,,,CN,China,East Asia,APAC,Sofia Tanaka,sofia.tanaka@meridiangl.com,C,45,Named Account Tariff,2017-08-02,2017-08-02,9999-12-31,1,1,2192
CUS1679,Deerfield Energy Ltd,Freight Forwarder,Energy,Mid-Market,,,TW,Taiwan,East Asia,APAC,Ahmed Nguyen,ahmed.nguyen@meridiangl.com,B,30,Long-Term Contract,2025-08-06,2025-08-06,9999-12-31,1,1,2193
CUS1680,Ashgrove Agri-Foods Pte Ltd,3PL,Agriculture,SME,,,GB,United Kingdom,N Europe,EMEA,Yuki O'Brien,yuki.obrien@meridiangl.com,D,30,Named Account Tariff,2015-09-11,2015-09-11,9999-12-31,1,1,2194
CUS1681,Onyx Trading GmbH,3PL,Retail,SME,,,HK,Hong Kong,East Asia,APAC,Ingrid Tanaka,ingrid.tanaka@meridiangl.com,C,30,Spot,2021-04-21,2021-04-21,9999-12-31,1,1,2195
CUS1682,Sentinel Pharma Co.,Freight Forwarder,Pharma,National,,,SA,Saudi Arabia,Middle East,EMEA,Maria Sharma,maria.sharma@meridiangl.com,D,15,Long-Term Contract,2025-01-31,2025-01-31,9999-12-31,1,1,2196
CUS1683,Kestrel Apparel Ltd,3PL,Textiles,SME,CUS2443,Glenmoor Automotive Ltd,MX,Mexico,LatAm West,Americas,Anna Berg,anna.berg@meridiangl.com,D,0,Named Account Tariff,2017-07-04,2017-07-04,2026-04-19,0,1,2197
CUS1683,Kestrel Apparel Ltd,3PL,Textiles,Mid-Market,CUS2443,Glenmoor Automotive Ltd,MX,Mexico,LatAm West,Americas,Yuki Ramirez,yuki.ramirez@meridiangl.com,D,0,Named Account Tariff,2017-07-04,2026-04-20,9999-12-31,1,2,2198
CUS1684,Junction Engineering Co.,BCO,Machinery,SME,,,US,United States,N America East,Americas,Grace Larsson,grace.larsson@meridiangl.com,C,60,Spot,2019-04-21,2019-04-21,9999-12-31,1,1,2199
CUS1685,Ironbridge Chemical Industries PLC,NVOCC,Chemicals,Mid-Market,,,US,United States,N America East,Americas,Ahmed Torres,ahmed.torres@meridiangl.com,A,45,Named Account Tariff,2024-12-12,2024-12-12,9999-12-31,1,1,2200
CUS1686,Marlowe Life Sciences B.V.,NVOCC,Pharma,Mid-Market,,,SG,Singapore,SE Asia,APAC,Ingrid Osei,ingrid.osei@meridiangl.com,C,0,Long-Term Contract,2022-03-29,2022-03-29,9999-12-31,1,1,2201
CUS1687,Mosaic Stores Holdings,Freight Forwarder,Retail,Mid-Market,,,IN,India,South Asia,APAC,Carlos Haddad,carlos.haddad@meridiangl.com,C,15,Named Account Tariff,2021-07-05,2021-07-05,2024-12-16,0,1,2202
CUS1687,Mosaic Stores Holdings,Freight Forwarder,Retail,Mid-Market,,,IN,India,South Asia,APAC,Ingrid Ferreira,ingrid.ferreira@meridiangl.com,C,15,Named Account Tariff,2021-07-05,2024-12-17,9999-12-31,1,2,2203
CUS1688,Sentinel Motors Inc,Freight Forwarder,Automotive,Mid-Market,,,SA,Saudi Arabia,Middle East,EMEA,Elena O'Brien,elena.obrien@meridiangl.com,D,45,Spot,2024-01-03,2024-01-03,9999-12-31,1,1,2204
CUS1689,Southwick Apparel GmbH,Freight Forwarder,Textiles,Mid-Market,CUS2304,Solstice Pharmaceuticals Pte Ltd,SG,Singapore,SE Asia,APAC,Fatima Chen,fatima.chen@meridiangl.com,D,15,Long-Term Contract,2015-11-09,2015-11-09,9999-12-31,1,1,2205
CUS1690,Westbrook Petrochemicals PLC,NVOCC,Energy,SME,,,SG,Singapore,SE Asia,APAC,Ingrid Tanaka,ingrid.tanaka@meridiangl.com,D,15,Named Account Tariff,2016-12-12,2016-12-12,2021-09-20,0,1,2206
CUS1690,Westbrook Petrochemicals PLC,NVOCC,Energy,SME,,,SG,Singapore,SE Asia,APAC,Ingrid Tanaka,ingrid.tanaka@meridiangl.com,D,15,Spot,2016-12-12,2021-09-21,9999-12-31,1,2,2207
CUS1691,Southwick Power Ltd,Freight Forwarder,Energy,SME,,,ZA,South Africa,Africa,EMEA,Carlos Al-Farsi,carlos.al-farsi@meridiangl.com,D,0,Spot,2015-04-18,2015-04-18,2023-07-04,0,1,2208
CUS1691,Southwick Power Ltd,Freight Forwarder,Energy,Mid-Market,,,ZA,South Africa,Africa,EMEA,Carlos Al-Farsi,carlos.al-farsi@meridiangl.com,C,0,Named Account Tariff,2015-04-18,2023-07-05,9999-12-31,1,2,2209
CUS1692,Quarrystone Engineering Inc,SME Direct,Machinery,Mid-Market,,,JP,Japan,East Asia,APAC,Yuki O'Brien,yuki.obrien@meridiangl.com,D,15,Spot,2020-01-26,2020-01-26,9999-12-31,1,1,2210
CUS1693,Redwood Mercantile Inc,NVOCC,Retail,SME,,,MY,Malaysia,SE Asia,APAC,Elena Haddad,elena.haddad@meridiangl.com,D,15,Named Account Tariff,2025-08-14,2025-08-14,9999-12-31,1,1,2211
CUS1694,Oakford Motors LLC,BCO,Automotive,National,CUS2749,Sterling Pharmaceuticals Pte Ltd,BR,Brazil,LatAm East,Americas,Ahmed Rossi,ahmed.rossi@meridiangl.com,A,30,Named Account Tariff,2019-07-16,2019-07-16,2026-07-06,0,1,2212
CUS1694,Oakford Motors LLC,BCO,Automotive,SME,CUS2749,Sterling Pharmaceuticals Pte Ltd,BR,Brazil,LatAm East,Americas,Diego Kowalski,diego.kowalski@meridiangl.com,D,30,Spot,2019-07-16,2026-07-07,9999-12-31,1,2,2213
CUS1695,Vantage Chemical Industries LLC,SME Direct,Chemicals,Mid-Market,,,ZA,South Africa,Africa,EMEA,Kenji Tanaka,kenji.tanaka@meridiangl.com,C,30,Named Account Tariff,2021-05-28,2021-05-28,9999-12-31,1,1,2214
CUS1696,Wellspring Chemical Industries S.A.,Freight Forwarder,Chemicals,Mid-Market,,,IN,India,South Asia,APAC,Carlos Ferreira,carlos.ferreira@meridiangl.com,A,30,Named Account Tariff,2015-02-21,2015-02-21,9999-12-31,1,1,2215
CUS1697,Ridgemont Consumer Goods B.V.,Freight Forwarder,FMCG,SME,CUS1758,Ashgrove Agro PLC,CA,Canada,N America East,Americas,Ahmed Novak,ahmed.novak@meridiangl.com,C,30,Named Account Tariff,2025-08-03,2025-08-03,9999-12-31,1,1,2216
CUS1698,Ashford Pharmaceuticals Inc,Freight Forwarder,Pharma,Mid-Market,,,AU,Australia,Oceania,ANZ,Diego Yamamoto,diego.yamamoto@meridiangl.com,A,30,Named Account Tariff,2019-08-29,2019-08-29,2019-12-03,0,1,2217
CUS1698,Ashford Pharmaceuticals Inc,Freight Forwarder,Pharma,SME,,,AU,Australia,Oceania,ANZ,Diego Yamamoto,diego.yamamoto@meridiangl.com,C,30,Long-Term Contract,2019-08-29,2019-12-04,9999-12-31,1,2,2218
CUS1699,Monsoon Chemicals PLC,BCO,Chemicals,National,,,DE,Germany,N Europe,EMEA,Fatima Haddad,fatima.haddad@meridiangl.com,B,60,Long-Term Contract,2018-02-07,2018-02-07,9999-12-31,1,1,2219
CUS1700,Vantage Agro LLC,NVOCC,Agriculture,SME,,,IT,Italy,Mediterranean,EMEA,James Tanaka,james.tanaka@meridiangl.com,C,15,Named Account Tariff,2018-09-25,2018-09-25,9999-12-31,1,1,2220
CUS1701,Greystone Chemical Industries GmbH,Freight Forwarder,Chemicals,Mid-Market,,,GB,United Kingdom,N Europe,EMEA,Ingrid O'Brien,ingrid.obrien@meridiangl.com,B,15,Named Account Tariff,2020-02-25,2020-02-25,9999-12-31,1,1,2221
CUS1702,Lakemoor Power Ltd,NVOCC,Energy,Mid-Market,,,KR,South Korea,East Asia,APAC,Ahmed Nguyen,ahmed.nguyen@meridiangl.com,D,30,Spot,2022-03-27,2022-03-27,2023-03-23,0,1,2222
CUS1702,Lakemoor Power Ltd,NVOCC,Energy,Mid-Market,,,KR,South Korea,East Asia,APAC,Fatima Haddad,fatima.haddad@meridiangl.com,C,30,Long-Term Contract,2022-03-27,2023-03-24,9999-12-31,1,2,2223
CUS1703,Lonestar Petrochemicals Co.,BCO,Energy,Mid-Market,,,HK,Hong Kong,East Asia,APAC,Diego Kowalski,diego.kowalski@meridiangl.com,A,30,Long-Term Contract,2018-01-14,2018-01-14,9999-12-31,1,1,2224
CUS1704,Vantage Technologies Group,NVOCC,Electronics,Mid-Market,,,JP,Japan,East Asia,APAC,Ahmed Nguyen,ahmed.nguyen@meridiangl.com,B,45,Spot,2020-05-14,2020-05-14,2024-06-30,0,1,2225
CUS1704,Vantage Technologies Group,NVOCC,Electronics,Mid-Market,,,JP,Japan,East Asia,APAC,Elena Tanaka,elena.tanaka@meridiangl.com,B,45,Spot,2020-05-14,2024-07-01,9999-12-31,1,2,2226
CUS1705,Junction Semiconductor Inc,BCO,Electronics,National,,,IN,India,South Asia,APAC,Grace Larsson,grace.larsson@meridiangl.com,B,45,Long-Term Contract,2023-03-23,2023-03-23,2024-09-15,0,1,2227
CUS1705,Junction Semiconductor Inc,BCO,Electronics,SME,,,IN,India,South Asia,APAC,Grace Larsson,grace.larsson@meridiangl.com,D,45,Long-Term Contract,2023-03-23,2024-09-16,9999-12-31,1,2,2228
CUS1706,Cedarline Agri-Foods Pte Ltd,BCO,Agriculture,Mid-Market,,,VN,Vietnam,SE Asia,APAC,Diego Kowalski,diego.kowalski@meridiangl.com,C,45,Spot,2024-12-07,2024-12-07,2025-03-05,0,1,2229
CUS1706,Cedarline Agri-Foods Pte Ltd,BCO,Agriculture,Mid-Market,,,VN,Vietnam,SE Asia,APAC,Elena Haddad,elena.haddad@meridiangl.com,C,45,Spot,2024-12-07,2025-03-06,2025-11-24,0,2,2230
CUS1706,Cedarline Agri-Foods Pte Ltd,BCO,Agriculture,SME,,,VN,Vietnam,SE Asia,APAC,Elena Haddad,elena.haddad@meridiangl.com,C,45,Spot,2024-12-07,2025-11-25,9999-12-31,1,3,2231
CUS1707,Lonestar Stores GmbH,3PL,Retail,SME,,,FR,France,N Europe,EMEA,Elena Haddad,elena.haddad@meridiangl.com,C,0,Named Account Tariff,2020-01-02,2020-01-02,2025-04-01,0,1,2232
CUS1707,Lonestar Stores GmbH,3PL,Retail,National,,,FR,France,N Europe,EMEA,Carlos Sharma,carlos.sharma@meridiangl.com,B,0,Named Account Tariff,2020-01-02,2025-04-02,9999-12-31,1,2,2233
CUS1708,Cobalt Chemicals Group,Freight Forwarder,Chemicals,Mid-Market,,,HK,Hong Kong,East Asia,APAC,Hassan Nguyen,hassan.nguyen@meridiangl.com,D,60,Long-Term Contract,2016-06-28,2016-06-28,2024-05-28,0,1,2234
CUS1708,Cobalt Chemicals Group,Freight Forwarder,Chemicals,Mid-Market,,,HK,Hong Kong,East Asia,APAC,Hassan Nguyen,hassan.nguyen@meridiangl.com,B,60,Long-Term Contract,2016-06-28,2024-05-29,9999-12-31,1,2,2235
CUS1709,Deerfield Garments Corp,BCO,Textiles,Mid-Market,,,MX,Mexico,LatAm West,Americas,Elena O'Brien,elena.obrien@meridiangl.com,D,30,Spot,2023-07-30,2023-07-30,9999-12-31,1,1,2236
CUS1710,Wellspring Auto Parts Corp,BCO,Automotive,SME,,,TW,Taiwan,East Asia,APAC,Sofia Larsson,sofia.larsson@meridiangl.com,B,15,Spot,2022-04-23,2022-04-23,9999-12-31,1,1,2237
CUS1711,Ironwood Chemicals PLC,NVOCC,Chemicals,Mid-Market,,,MX,Mexico,LatAm West,Americas,Fatima Haddad,fatima.haddad@meridiangl.com,C,15,Spot,2020-09-26,2020-09-26,9999-12-31,1,1,2238
CUS1712,Junction Alloys Co.,BCO,Metals,National,CUS1993,Wellspring FMCG Group,NL,Netherlands,N Europe,EMEA,Fatima Haddad,fatima.haddad@meridiangl.com,C,0,Long-Term Contract,2022-12-17,2022-12-17,2025-07-29,0,1,2239
CUS1712,Junction Alloys Co.,BCO,Metals,SME,CUS1993,Wellspring FMCG Group,NL,Netherlands,N Europe,EMEA,Fatima Haddad,fatima.haddad@meridiangl.com,D,0,Named Account Tariff,2022-12-17,2025-07-30,9999-12-31,1,2,2240
CUS1713,Thornwell Metals Pte Ltd,BCO,Metals,SME,,,JP,Japan,East Asia,APAC,Ahmed Nguyen,ahmed.nguyen@meridiangl.com,C,30,Spot,2016-05-13,2016-05-13,9999-12-31,1,1,2241
CUS1714,Cedarline Steel PLC,SME Direct,Metals,Mid-Market,,,FR,France,N Europe,EMEA,Yuki Ramirez,yuki.ramirez@meridiangl.com,C,45,Spot,2019-11-14,2019-11-14,9999-12-31,1,1,2242
CUS1715,Thornwell Machinery B.V.,SME Direct,Machinery,SME,CUS0627,Underhill Agri-Foods Corp,TW,Taiwan,East Asia,APAC,Wei Tanaka,wei.tanaka@meridiangl.com,C,45,Spot,2019-04-14,2019-04-14,9999-12-31,1,1,2243
CUS1716,Marlowe FMCG Co.,3PL,FMCG,SME,,,SG,Singapore,SE Asia,APAC,Carlos Al-Farsi,carlos.al-farsi@meridiangl.com,C,45,Spot,2016-12-18,2016-12-18,9999-12-31,1,1,2244
CUS1717,Cedarline Stores LLC,BCO,Retail,SME,,,NL,Netherlands,N Europe,EMEA,Wei Tanaka,wei.tanaka@meridiangl.com,C,45,Spot,2020-01-16,2020-01-16,9999-12-31,1,1,2245
CUS1718,Skyline Chemical Industries B.V.,SME Direct,Chemicals,Mid-Market,,,MY,Malaysia,SE Asia,APAC,Elena Tanaka,elena.tanaka@meridiangl.com,D,0,Named Account Tariff,2016-04-14,2016-04-14,9999-12-31,1,1,2246
CUS1719,Nightingale Energy LLC,SME Direct,Energy,Global Key Account,,,AU,Australia,Oceania,ANZ,Fatima Tanaka,fatima.tanaka@meridiangl.com,A,15,Long-Term Contract,2018-05-19,2018-05-19,2023-10-25,0,1,2247
CUS1719,Nightingale Energy LLC,SME Direct,Energy,Global Key Account,,,AU,Australia,Oceania,ANZ,Fatima Tanaka,fatima.tanaka@meridiangl.com,A,15,Named Account Tariff,2018-05-19,2023-10-26,9999-12-31,1,2,2248
CUS1720,Valleyforge Technologies Ltd,Freight Forwarder,Electronics,Mid-Market,,,FR,France,N Europe,EMEA,Elena O'Brien,elena.obrien@meridiangl.com,B,45,Named Account Tariff,2022-10-01,2022-10-01,9999-12-31,1,1,2249
CUS1721,Ivyhill Foods Holdings,BCO,FMCG,SME,CUS1892,Harborview Electronics PLC,CA,Canada,N America East,Americas,Ingrid Nguyen,ingrid.nguyen@meridiangl.com,D,0,Spot,2021-10-20,2021-10-20,9999-12-31,1,1,2250
CUS1722,Ridgemont Garments Inc,SME Direct,Textiles,National,,,CN,China,East Asia,APAC,Maria Sharma,maria.sharma@meridiangl.com,A,60,Named Account Tariff,2021-06-17,2021-06-17,2023-05-18,0,1,2251
CUS1722,Ridgemont Garments Inc,SME Direct,Textiles,Mid-Market,,,CN,China,East Asia,APAC,Carlos Haddad,carlos.haddad@meridiangl.com,A,60,Spot,2021-06-17,2023-05-19,9999-12-31,1,2,2252
CUS1723,Foxrun Retail PLC,3PL,Retail,Mid-Market,,,BE,Belgium,N Europe,EMEA,Elena Haddad,elena.haddad@meridiangl.com,C,30,Spot,2024-08-11,2024-08-11,2024-11-24,0,1,2253
CUS1723,Foxrun Retail PLC,3PL,Retail,SME,,,BE,Belgium,N Europe,EMEA,Elena Haddad,elena.haddad@meridiangl.com,B,30,Named Account Tariff,2024-08-11,2024-11-25,9999-12-31,1,2,2254
CUS1724,Northgate Industrial Inc,BCO,Machinery,SME,CUS2203,Voyager Pharma Group,BR,Brazil,LatAm East,Americas,Elena Haddad,elena.haddad@meridiangl.com,D,15,Spot,2020-04-24,2020-04-24,9999-12-31,1,1,2255
CUS1725,Elmfield Alloys Holdings,BCO,Metals,Mid-Market,,,IN,India,South Asia,APAC,Priya O'Brien,priya.obrien@meridiangl.com,B,60,Long-Term Contract,2021-05-21,2021-05-21,9999-12-31,1,1,2256
CUS1726,Ashford Agro GmbH,SME Direct,Agriculture,SME,,,TH,Thailand,SE Asia,APAC,Liam O'Brien,liam.obrien@meridiangl.com,C,15,Long-Term Contract,2016-03-01,2016-03-01,9999-12-31,1,1,2257
CUS1727,Solstice Apparel Co.,Freight Forwarder,Textiles,Mid-Market,,,IT,Italy,Mediterranean,EMEA,Hassan Nguyen,hassan.nguyen@meridiangl.com,C,15,Named Account Tariff,2024-07-12,2024-07-12,9999-12-31,1,1,2258
CUS1728,Everest Pharmaceuticals PLC,3PL,Pharma,Mid-Market,,,ID,Indonesia,SE Asia,APAC,Ahmed Torres,ahmed.torres@meridiangl.com,B,30,Spot,2020-02-14,2020-02-14,2022-08-09,0,1,2259
CUS1728,Everest Pharmaceuticals PLC,3PL,Pharma,Mid-Market,,,ID,Indonesia,SE Asia,APAC,Priya O'Brien,priya.obrien@meridiangl.com,B,30,Long-Term Contract,2020-02-14,2022-08-10,9999-12-31,1,2,2260
CUS1729,Dockside Engineering Holdings,3PL,Machinery,Mid-Market,,,IN,India,South Asia,APAC,Yuki Torres,yuki.torres@meridiangl.com,C,30,Named Account Tariff,2025-02-19,2025-02-19,2026-07-02,0,1,2261
CUS1729,Dockside Engineering Holdings,3PL,Machinery,National,,,IN,India,South Asia,APAC,Grace Osei,grace.osei@meridiangl.com,D,30,Named Account Tariff,2025-02-19,2026-07-03,9999-12-31,1,2,2262
CUS1730,Valleyforge Industrial B.V.,BCO,Machinery,National,,,NL,Netherlands,N Europe,EMEA,Raj Kim,raj.kim@meridiangl.com,A,45,Long-Term Contract,2023-07-19,2023-07-19,9999-12-31,1,1,2263
CUS1731,Lonestar Garments LLC,NVOCC,Textiles,SME,,,GB,United Kingdom,N Europe,EMEA,Elena Haddad,elena.haddad@meridiangl.com,B,30,Spot,2020-05-23,2020-05-23,2022-01-07,0,1,2264
CUS1731,Lonestar Garments LLC,NVOCC,Textiles,Mid-Market,,,GB,United Kingdom,N Europe,EMEA,Yuki O'Brien,yuki.obrien@meridiangl.com,B,30,Long-Term Contract,2020-05-23,2022-01-08,9999-12-31,1,2,2265
CUS1732,Equator Mercantile Pte Ltd,BCO,Retail,Mid-Market,,,CL,Chile,LatAm West,Americas,Ahmed Nguyen,ahmed.nguyen@meridiangl.com,D,0,Spot,2017-10-23,2017-10-23,9999-12-31,1,1,2266
CUS1733,Underhill Engineering Inc,3PL,Machinery,National,,,CN,China,East Asia,APAC,Ahmed Nguyen,ahmed.nguyen@meridiangl.com,A,15,Named Account Tariff,2015-10-22,2015-10-22,9999-12-31,1,1,2267
CUS1734,Greystone Auto Parts Ltd,SME Direct,Automotive,SME,CUS0535,Thornwell FMCG PLC,KR,South Korea,East Asia,APAC,Elena O'Brien,elena.obrien@meridiangl.com,D,30,Spot,2018-03-18,2018-03-18,2021-06-08,0,1,2268
CUS1734,Greystone Auto Parts Ltd,SME Direct,Automotive,SME,CUS0535,Thornwell FMCG PLC,KR,South Korea,East Asia,APAC,Fatima Chen,fatima.chen@meridiangl.com,D,30,Spot,2018-03-18,2021-06-09,9999-12-31,1,2,2269
CUS1735,Palisade Mercantile Inc,BCO,Retail,Mid-Market,,,ZA,South Africa,Africa,EMEA,Elena Haddad,elena.haddad@meridiangl.com,C,0,Named Account Tariff,2021-10-05,2021-10-05,9999-12-31,1,1,2270
CUS1736,Southwick Metals Corp,SME Direct,Metals,Mid-Market,,,SA,Saudi Arabia,Middle East,EMEA,Ahmed Rossi,ahmed.rossi@meridiangl.com,C,15,Long-Term Contract,2025-06-12,2025-06-12,2025-10-13,0,1,2271
CUS1736,Southwick Metals Corp,SME Direct,Metals,SME,,,SA,Saudi Arabia,Middle East,EMEA,Ahmed Rossi,ahmed.rossi@meridiangl.com,D,15,Named Account Tariff,2025-06-12,2025-10-14,9999-12-31,1,2,2272
CUS1737,Underhill Alloys LLC,BCO,Metals,SME,,,MY,Malaysia,SE Asia,APAC,James Larsson,james.larsson@meridiangl.com,B,15,Spot,2022-12-02,2022-12-02,9999-12-31,1,1,2273
CUS1738,Aurora Agro Group,NVOCC,Agriculture,Mid-Market,,,BR,Brazil,LatAm East,Americas,Fatima Tanaka,fatima.tanaka@meridiangl.com,B,30,Long-Term Contract,2017-02-04,2017-02-04,9999-12-31,1,1,2274
CUS1739,Oakford Life Sciences Ltd,NVOCC,Pharma,Mid-Market,,,DE,Germany,N Europe,EMEA,Carlos Sharma,carlos.sharma@meridiangl.com,C,0,Spot,2018-09-09,2018-09-09,9999-12-31,1,1,2275
CUS1740,Glenmoor Chemicals LLC,BCO,Chemicals,Mid-Market,,,ES,Spain,Mediterranean,EMEA,Ingrid Tanaka,ingrid.tanaka@meridiangl.com,D,30,Named Account Tariff,2026-03-18,2026-03-18,9999-12-31,1,1,2276
CUS1741,Oakford Farms Pte Ltd,SME Direct,Agriculture,National,,,ES,Spain,Mediterranean,EMEA,Yuki Torres,yuki.torres@meridiangl.com,C,30,Long-Term Contract,2016-12-23,2016-12-23,9999-12-31,1,1,2277
CUS1742,Elmfield Pharma Co.,BCO,Pharma,Global Key Account,,,HK,Hong Kong,East Asia,APAC,Raj Kim,raj.kim@meridiangl.com,C,45,Long-Term Contract,2015-06-28,2015-06-28,9999-12-31,1,1,2278
CUS1743,Northgate Farms Ltd,BCO,Agriculture,Mid-Market,CUS0791,Hillcrest Engineering Group,AU,Australia,Oceania,ANZ,Fatima Tanaka,fatima.tanaka@meridiangl.com,D,45,Spot,2015-12-03,2015-12-03,9999-12-31,1,1,2279
CUS1744,Lakemoor Stores PLC,Freight Forwarder,Retail,Mid-Market,,,ID,Indonesia,SE Asia,APAC,Fatima Tanaka,fatima.tanaka@meridiangl.com,A,30,Long-Term Contract,2016-08-02,2016-08-02,9999-12-31,1,1,2280
CUS1745,Wellspring Industrial GmbH,BCO,Machinery,Mid-Market,,,ES,Spain,Mediterranean,EMEA,Ahmed Torres,ahmed.torres@meridiangl.com,C,45,Spot,2024-10-07,2024-10-07,9999-12-31,1,1,2281
CUS1746,Brookline Mercantile LLC,SME Direct,Retail,SME,,,NZ,New Zealand,Oceania,ANZ,Maria Sharma,maria.sharma@meridiangl.com,D,0,Spot,2020-07-14,2020-07-14,9999-12-31,1,1,2282
CUS1747,Brightwater Garments GmbH,BCO,Textiles,Mid-Market,,,ES,Spain,Mediterranean,EMEA,Ahmed Torres,ahmed.torres@meridiangl.com,B,30,Named Account Tariff,2024-10-15,2024-10-15,2025-02-09,0,1,2283
CUS1747,Brightwater Garments GmbH,BCO,Textiles,SME,,,ES,Spain,Mediterranean,EMEA,Ahmed Torres,ahmed.torres@meridiangl.com,B,30,Named Account Tariff,2024-10-15,2025-02-10,9999-12-31,1,2,2284
CUS1748,Ironwood Metals Ltd,Freight Forwarder,Metals,Mid-Market,CUS2203,Voyager Pharma Group,US,United States,N America East,Americas,James Larsson,james.larsson@meridiangl.com,B,30,Spot,2018-05-12,2018-05-12,9999-12-31,1,1,2285
CUS1749,Ridgemont Life Sciences Inc,BCO,Pharma,Mid-Market,,,FR,France,N Europe,EMEA,Diego Kowalski,diego.kowalski@meridiangl.com,D,0,Spot,2021-07-19,2021-07-19,9999-12-31,1,1,2286
CUS1750,Sterling Chemicals GmbH,Freight Forwarder,Chemicals,Mid-Market,CUS0560,Foxrun Chemical Industries GmbH,DE,Germany,N Europe,EMEA,Carlos Sharma,carlos.sharma@meridiangl.com,A,30,Named Account Tariff,2015-01-27,2015-01-27,9999-12-31,1,1,2287
CUS1751,Nova Pharmaceuticals Pte Ltd,BCO,Pharma,SME,,,FR,France,N Europe,EMEA,Fatima Tanaka,fatima.tanaka@meridiangl.com,D,0,Spot,2019-12-23,2019-12-23,9999-12-31,1,1,2288
CUS1752,Vantage Farms LLC,NVOCC,Agriculture,Mid-Market,,,BE,Belgium,N Europe,EMEA,Grace Osei,grace.osei@meridiangl.com,C,45,Spot,2016-01-28,2016-01-28,9999-12-31,1,1,2289
CUS1753,Beacon Life Sciences Corp,3PL,Pharma,National,,,NZ,New Zealand,Oceania,ANZ,Diego Patel,diego.patel@meridiangl.com,B,15,Long-Term Contract,2016-11-22,2016-11-22,9999-12-31,1,1,2290
CUS1754,Nightingale Pharmaceuticals Pte Ltd,BCO,Pharma,SME,,,IT,Italy,Mediterranean,EMEA,Ingrid Nguyen,ingrid.nguyen@meridiangl.com,C,15,Spot,2019-08-30,2019-08-30,9999-12-31,1,1,2291
CUS1755,Vertex Petrochemicals Corp,BCO,Energy,SME,,,US,United States,N America East,Americas,Elena O'Brien,elena.obrien@meridiangl.com,D,0,Spot,2023-11-10,2023-11-10,9999-12-31,1,1,2292
CUS1756,Ironwood Automotive Corp,BCO,Automotive,SME,,,BE,Belgium,N Europe,EMEA,Diego Yamamoto,diego.yamamoto@meridiangl.com,D,15,Spot,2021-08-03,2021-08-03,9999-12-31,1,1,2293
CUS1757,Clearwater Apparel GmbH,BCO,Textiles,Global Key Account,,,GB,United Kingdom,N Europe,EMEA,Maria Sharma,maria.sharma@meridiangl.com,A,30,Named Account Tariff,2015-09-11,2015-09-11,9999-12-31,1,1,2294
CUS1758,Ashgrove Agro PLC,Freight Forwarder,Agriculture,Global Key Account,,,TH,Thailand,SE Asia,APAC,Carlos Sharma,carlos.sharma@meridiangl.com,A,45,Named Account Tariff,2016-01-06,2016-01-06,9999-12-31,1,1,2295
CUS1759,Greystone Auto Parts Group,SME Direct,Automotive,SME,,,NL,Netherlands,N Europe,EMEA,Hassan Silva,hassan.silva@meridiangl.com,D,15,Long-Term Contract,2020-10-23,2020-10-23,9999-12-31,1,1,2296
CUS1760,Wellspring Machinery B.V.,BCO,Machinery,Mid-Market,,,BE,Belgium,N Europe,EMEA,Elena Tanaka,elena.tanaka@meridiangl.com,C,30,Named Account Tariff,2024-06-21,2024-06-21,2024-10-17,0,1,2297
CUS1760,Wellspring Machinery B.V.,BCO,Machinery,Mid-Market,,,BE,Belgium,N Europe,EMEA,Elena Tanaka,elena.tanaka@meridiangl.com,A,30,Spot,2024-06-21,2024-10-18,9999-12-31,1,2,2298
CUS1761,Monsoon Chemicals Corp,NVOCC,Chemicals,Mid-Market,,,CL,Chile,LatAm West,Americas,Fatima O'Brien,fatima.obrien@meridiangl.com,B,30,Named Account Tariff,2022-01-26,2022-01-26,9999-12-31,1,1,2299
CUS1762,Harborview Pharma Corp,SME Direct,Pharma,SME,,,TW,Taiwan,East Asia,APAC,James Tanaka,james.tanaka@meridiangl.com,B,45,Spot,2016-11-30,2016-11-30,9999-12-31,1,1,2300
CUS1763,Solstice Semiconductor LLC,Freight Forwarder,Electronics,SME,,,TH,Thailand,SE Asia,APAC,Ahmed Rossi,ahmed.rossi@meridiangl.com,C,0,Named Account Tariff,2019-01-09,2019-01-09,9999-12-31,1,1,2301
CUS1764,Vantage Petrochemicals Group,BCO,Energy,SME,,,NZ,New Zealand,Oceania,ANZ,Maria Sharma,maria.sharma@meridiangl.com,D,0,Spot,2025-06-26,2025-06-26,9999-12-31,1,1,2302
CUS1765,Ivyhill Technologies GmbH,NVOCC,Electronics,Mid-Market,,,SA,Saudi Arabia,Middle East,EMEA,Elena O'Brien,elena.obrien@meridiangl.com,C,30,Long-Term Contract,2015-12-10,2015-12-10,9999-12-31,1,1,2303
CUS1766,Beacon Chemical Industries Ltd,3PL,Chemicals,Mid-Market,,,NZ,New Zealand,Oceania,ANZ,Elena Haddad,elena.haddad@meridiangl.com,B,15,Named Account Tariff,2016-11-08,2016-11-08,9999-12-31,1,1,2304
CUS1767,Valleyforge Life Sciences Group,BCO,Pharma,National,,,SG,Singapore,SE Asia,APAC,Elena O'Brien,elena.obrien@meridiangl.com,B,45,Long-Term Contract,2025-07-14,2025-07-14,2026-01-07,0,1,2305
CUS1767,Valleyforge Life Sciences Group,BCO,Pharma,National,,,SG,Singapore,SE Asia,APAC,Elena O'Brien,elena.obrien@meridiangl.com,D,45,Spot,2025-07-14,2026-01-08,9999-12-31,1,2,2306
CUS1768,Northgate Industrial Group,SME Direct,Machinery,Mid-Market,,,CN,China,East Asia,APAC,Elena Haddad,elena.haddad@meridiangl.com,B,0,Long-Term Contract,2020-01-04,2020-01-04,9999-12-31,1,1,2307
CUS1769,Elmfield Chemical Industries Corp,Freight Forwarder,Chemicals,National,,,AU,Australia,Oceania,ANZ,Ahmed Rossi,ahmed.rossi@meridiangl.com,D,15,Spot,2025-03-14,2025-03-14,9999-12-31,1,1,2308
CUS1770,Brightwater Chemicals Ltd,Freight Forwarder,Chemicals,SME,,,CN,China,East Asia,APAC,Ahmed Rossi,ahmed.rossi@meridiangl.com,D,30,Spot,2020-08-06,2020-08-06,2022-02-25,0,1,2309
CUS1770,Brightwater Chemicals Ltd,Freight Forwarder,Chemicals,SME,,,CN,China,East Asia,APAC,James Tanaka,james.tanaka@meridiangl.com,B,30,Long-Term Contract,2020-08-06,2022-02-26,9999-12-31,1,2,2310
CUS1771,Sentinel Motors Group,BCO,Automotive,Mid-Market,CUS0260,Ridgemont Consumer Goods GmbH,BR,Brazil,LatAm East,Americas,Ahmed Rossi,ahmed.rossi@meridiangl.com,D,0,Spot,2019-03-11,2019-03-11,9999-12-31,1,1,2311
CUS1772,Marlowe Automotive B.V.,BCO,Automotive,Mid-Market,,,CA,Canada,N America East,Americas,James Tanaka,james.tanaka@meridiangl.com,C,30,Spot,2017-08-11,2017-08-11,2024-11-30,0,1,2312
CUS1772,Marlowe Automotive B.V.,BCO,Automotive,Mid-Market,,,CA,Canada,N America East,Americas,Ingrid O'Brien,ingrid.obrien@meridiangl.com,A,30,Spot,2017-08-11,2024-12-01,9999-12-31,1,2,2313
CUS1773,Marlowe Chemicals Pte Ltd,Freight Forwarder,Chemicals,SME,,,TW,Taiwan,East Asia,APAC,Ingrid Nguyen,ingrid.nguyen@meridiangl.com,D,30,Spot,2020-05-21,2020-05-21,2020-07-19,0,1,2314
CUS1773,Marlowe Chemicals Pte Ltd,Freight Forwarder,Chemicals,SME,,,TW,Taiwan,East Asia,APAC,Ingrid Nguyen,ingrid.nguyen@meridiangl.com,C,30,Spot,2020-05-21,2020-07-20,9999-12-31,1,2,2315
CUS1774,Brightwater Trading Pte Ltd,3PL,Retail,Mid-Market,,,JP,Japan,East Asia,APAC,Diego Yamamoto,diego.yamamoto@meridiangl.com,D,15,Spot,2020-01-07,2020-01-07,9999-12-31,1,1,2316
CUS1775,Marlowe Garments Corp,BCO,Textiles,Mid-Market,,,IT,Italy,Mediterranean,EMEA,Sofia Larsson,sofia.larsson@meridiangl.com,B,30,Spot,2020-08-20,2020-08-20,2025-04-08,0,1,2317
CUS1775,Marlowe Garments Corp,BCO,Textiles,National,,,IT,Italy,Mediterranean,EMEA,Sofia Ferreira,sofia.ferreira@meridiangl.com,D,30,Named Account Tariff,2020-08-20,2025-04-09,9999-12-31,1,2,2318
CUS1776,Westbrook Agro S.A.,Freight Forwarder,Agriculture,SME,CUS1256,Granite Machinery Co.,SA,Saudi Arabia,Middle East,EMEA,Yuki Kowalski,yuki.kowalski@meridiangl.com,D,15,Spot,2019-11-14,2019-11-14,9999-12-31,1,1,2319
CUS1777,Vertex Industrial Holdings,BCO,Machinery,SME,,,TW,Taiwan,East Asia,APAC,Raj Kim,raj.kim@meridiangl.com,B,60,Spot,2016-05-31,2016-05-31,2025-12-27,0,1,2320
CUS1777,Vertex Industrial Holdings,BCO,Machinery,National,,,TW,Taiwan,East Asia,APAC,Elena Berg,elena.berg@meridiangl.com,A,60,Long-Term Contract,2016-05-31,2025-12-28,9999-12-31,1,2,2321
CUS1778,Valleyforge Chemical Industries Ltd,SME Direct,Chemicals,Mid-Market,,,DE,Germany,N Europe,EMEA,Elena Berg,elena.berg@meridiangl.com,C,0,Spot,2018-05-04,2018-05-04,2019-09-07,0,1,2322
CUS1778,Valleyforge Chemical Industries Ltd,SME Direct,Chemicals,National,,,DE,Germany,N Europe,EMEA,Ahmed Rossi,ahmed.rossi@meridiangl.com,A,0,Named Account Tariff,2018-05-04,2019-09-08,9999-12-31,1,2,2323
CUS1779,Foxrun Chemicals Co.,BCO,Chemicals,SME,,,SG,Singapore,SE Asia,APAC,Elena Berg,elena.berg@meridiangl.com,C,15,Spot,2021-08-18,2021-08-18,9999-12-31,1,1,2324
CUS1780,Kingswell Life Sciences S.A.,BCO,Pharma,Mid-Market,,,CA,Canada,N America East,Americas,Diego Patel,diego.patel@meridiangl.com,C,30,Spot,2019-09-03,2019-09-03,2019-12-28,0,1,2325
CUS1780,Kingswell Life Sciences S.A.,BCO,Pharma,Mid-Market,,,CA,Canada,N America East,Americas,Diego Patel,diego.patel@meridiangl.com,B,30,Spot,2019-09-03,2019-12-29,9999-12-31,1,2,2326
CUS1781,Granite Motors Corp,BCO,Automotive,SME,,,SA,Saudi Arabia,Middle East,EMEA,Ahmed Rossi,ahmed.rossi@meridiangl.com,D,45,Spot,2021-07-07,2021-07-07,9999-12-31,1,1,2327
CUS1782,Valleyforge Trading PLC,Freight Forwarder,Retail,SME,,,SA,Saudi Arabia,Middle East,EMEA,Wei Silva,wei.silva@meridiangl.com,C,0,Spot,2016-08-09,2016-08-09,9999-12-31,1,1,2328
CUS1783,Junction Metals Corp,Freight Forwarder,Metals,National,,,BE,Belgium,N Europe,EMEA,Maria Sharma,maria.sharma@meridiangl.com,C,30,Named Account Tariff,2017-03-03,2017-03-03,9999-12-31,1,1,2329
CUS1784,Equator Agri-Foods PLC,3PL,Agriculture,National,,,ES,Spain,Mediterranean,EMEA,Sofia Larsson,sofia.larsson@meridiangl.com,A,0,Named Account Tariff,2018-02-09,2018-02-09,2024-04-28,0,1,2330
CUS1784,Equator Agri-Foods PLC,3PL,Agriculture,SME,,,ES,Spain,Mediterranean,EMEA,Ahmed Rossi,ahmed.rossi@meridiangl.com,C,0,Long-Term Contract,2018-02-09,2024-04-29,9999-12-31,1,2,2331
CUS1785,Cobalt Pharmaceuticals GmbH,BCO,Pharma,SME,,,SA,Saudi Arabia,Middle East,EMEA,Yuki O'Brien,yuki.obrien@meridiangl.com,B,30,Long-Term Contract,2016-06-15,2016-06-15,9999-12-31,1,1,2332
CUS1786,Dockside Semiconductor Co.,NVOCC,Electronics,Mid-Market,,,IT,Italy,Mediterranean,EMEA,James Larsson,james.larsson@meridiangl.com,C,30,Long-Term Contract,2018-01-15,2018-01-15,9999-12-31,1,1,2333
CUS1787,Greystone Pharma Group,BCO,Pharma,Mid-Market,,,IN,India,South Asia,APAC,Ingrid O'Brien,ingrid.obrien@meridiangl.com,C,30,Long-Term Contract,2024-10-28,2024-10-28,9999-12-31,1,1,2334
CUS1788,Brightwater Foods Co.,NVOCC,FMCG,SME,,,GB,United Kingdom,N Europe,EMEA,Carlos Haddad,carlos.haddad@meridiangl.com,C,0,Spot,2015-07-16,2015-07-16,9999-12-31,1,1,2335
CUS1789,Ashford Chemical Industries Pte Ltd,3PL,Chemicals,SME,,,AU,Australia,Oceania,ANZ,Carlos Al-Farsi,carlos.al-farsi@meridiangl.com,B,30,Named Account Tariff,2016-10-04,2016-10-04,9999-12-31,1,1,2336
CUS1790,Millbrook Farms LLC,BCO,Agriculture,National,CUS2383,Westbrook Energy S.A.,ES,Spain,Mediterranean,EMEA,Carlos Al-Farsi,carlos.al-farsi@meridiangl.com,B,30,Named Account Tariff,2021-07-30,2021-07-30,9999-12-31,1,1,2337
CUS1791,Wellspring Petrochemicals Pte Ltd,3PL,Energy,National,,,NZ,New Zealand,Oceania,ANZ,Ahmed Rossi,ahmed.rossi@meridiangl.com,C,15,Spot,2022-05-05,2022-05-05,9999-12-31,1,1,2338
CUS1792,Fairhaven Metals GmbH,NVOCC,Metals,Global Key Account,,,MX,Mexico,LatAm West,Americas,Ahmed Nguyen,ahmed.nguyen@meridiangl.com,A,30,Long-Term Contract,2025-02-28,2025-02-28,9999-12-31,1,1,2339
CUS1793,Deerfield Farms Group,BCO,Agriculture,SME,CUS0865,Ashgrove Technologies Ltd,VN,Vietnam,SE Asia,APAC,Elena Haddad,elena.haddad@meridiangl.com,B,30,Spot,2025-04-04,2025-04-04,9999-12-31,1,1,2340
CUS1794,Greystone Industrial B.V.,NVOCC,Machinery,SME,CUS0635,Hillcrest FMCG Pte Ltd,BR,Brazil,LatAm East,Americas,Elena Haddad,elena.haddad@meridiangl.com,B,30,Long-Term Contract,2018-12-02,2018-12-02,9999-12-31,1,1,2341
CUS1795,Lonestar Pharmaceuticals Corp,NVOCC,Pharma,Mid-Market,,,GB,United Kingdom,N Europe,EMEA,Elena O'Brien,elena.obrien@meridiangl.com,B,60,Spot,2020-10-11,2020-10-11,2026-05-15,0,1,2342
CUS1795,Lonestar Pharmaceuticals Corp,NVOCC,Pharma,Mid-Market,,,GB,United Kingdom,N Europe,EMEA,Elena O'Brien,elena.obrien@meridiangl.com,C,60,Long-Term Contract,2020-10-11,2026-05-16,9999-12-31,1,2,2343
CUS1796,Zenith Motors Inc,BCO,Automotive,SME,,,TW,Taiwan,East Asia,APAC,Hassan Nguyen,hassan.nguyen@meridiangl.com,C,15,Spot,2018-11-01,2018-11-01,9999-12-31,1,1,2344
CUS1797,Lakemoor Chemical Industries Corp,NVOCC,Chemicals,SME,,,CL,Chile,LatAm West,Americas,Sofia Ferreira,sofia.ferreira@meridiangl.com,D,15,Spot,2023-05-16,2023-05-16,9999-12-31,1,1,2345
CUS1798,Everest Semiconductor Inc,SME Direct,Electronics,SME,,,MY,Malaysia,SE Asia,APAC,Grace Osei,grace.osei@meridiangl.com,C,30,Spot,2019-09-13,2019-09-13,9999-12-31,1,1,2346
CUS1799,Aurora Consumer Goods Holdings,3PL,FMCG,Mid-Market,,,AU,Australia,Oceania,ANZ,Yuki O'Brien,yuki.obrien@meridiangl.com,A,60,Spot,2016-10-08,2016-10-08,9999-12-31,1,1,2347
CUS1800,Glenmoor Engineering Holdings,BCO,Machinery,SME,,,BE,Belgium,N Europe,EMEA,Ingrid Nguyen,ingrid.nguyen@meridiangl.com,B,45,Spot,2018-07-17,2018-07-17,9999-12-31,1,1,2348
CUS1801,Granite Engineering GmbH,Freight Forwarder,Machinery,SME,CUS2318,Juniper Motors S.A.,JP,Japan,East Asia,APAC,Priya O'Brien,priya.obrien@meridiangl.com,D,15,Spot,2015-08-25,2015-08-25,9999-12-31,1,1,2349
CUS1802,Nova Consumer Goods GmbH,3PL,FMCG,SME,CUS2104,Zenith Machinery Holdings,BE,Belgium,N Europe,EMEA,Raj Kim,raj.kim@meridiangl.com,B,30,Spot,2024-12-03,2024-12-03,9999-12-31,1,1,2350
CUS1803,Southwick Power LLC,BCO,Energy,Mid-Market,,,ES,Spain,Mediterranean,EMEA,James Tanaka,james.tanaka@meridiangl.com,C,30,Long-Term Contract,2016-09-14,2016-09-14,9999-12-31,1,1,2351
CUS1804,Juniper Power Group,Freight Forwarder,Energy,National,,,ID,Indonesia,SE Asia,APAC,Grace Osei,grace.osei@meridiangl.com,D,15,Spot,2020-09-12,2020-09-12,9999-12-31,1,1,2352
CUS1805,Nightingale Industrial B.V.,Freight Forwarder,Machinery,SME,,,VN,Vietnam,SE Asia,APAC,Ahmed Nguyen,ahmed.nguyen@meridiangl.com,C,15,Spot,2018-01-01,2018-01-01,9999-12-31,1,1,2353
CUS1806,Oakford Trading Corp,BCO,Retail,SME,,,TW,Taiwan,East Asia,APAC,Yuki Ramirez,yuki.ramirez@meridiangl.com,D,30,Spot,2018-02-26,2018-02-26,2023-12-23,0,1,2354
CUS1806,Oakford Trading Corp,BCO,Retail,SME,,,TW,Taiwan,East Asia,APAC,Elena Haddad,elena.haddad@meridiangl.com,D,30,Spot,2018-02-26,2023-12-24,9999-12-31,1,2,2355
CUS1807,Hillcrest FMCG PLC,BCO,FMCG,SME,,,JP,Japan,East Asia,APAC,Liam O'Brien,liam.obrien@meridiangl.com,C,45,Named Account Tariff,2023-01-10,2023-01-10,9999-12-31,1,1,2356
CUS1808,Southwick Garments B.V.,3PL,Textiles,National,,,SA,Saudi Arabia,Middle East,EMEA,Priya Ferreira,priya.ferreira@meridiangl.com,B,30,Long-Term Contract,2022-12-03,2022-12-03,9999-12-31,1,1,2357
CUS1809,Marlowe Machinery S.A.,3PL,Machinery,National,CUS2672,Brightwater Trading Holdings,KR,South Korea,East Asia,APAC,Yuki Kowalski,yuki.kowalski@meridiangl.com,A,60,Long-Term Contract,2017-02-09,2017-02-09,9999-12-31,1,1,2358
CUS1810,Kestrel Pharma Pte Ltd,NVOCC,Pharma,Mid-Market,,,ZA,South Africa,Africa,EMEA,Ahmed Rossi,ahmed.rossi@meridiangl.com,D,15,Named Account Tariff,2026-04-06,2026-04-06,9999-12-31,1,1,2359
CUS1811,Vertex Motors LLC,BCO,Automotive,Global Key Account,,,CA,Canada,N America East,Americas,Kenji Tanaka,kenji.tanaka@meridiangl.com,A,30,Long-Term Contract,2018-04-19,2018-04-19,9999-12-31,1,1,2360
CUS1812,Monsoon Industrial Group,3PL,Machinery,SME,,,FR,France,N Europe,EMEA,Grace Larsson,grace.larsson@meridiangl.com,D,30,Spot,2019-09-15,2019-09-15,9999-12-31,1,1,2361
CUS1813,Ridgemont Foods Ltd,3PL,FMCG,Mid-Market,,,SA,Saudi Arabia,Middle East,EMEA,Sofia Ferreira,sofia.ferreira@meridiangl.com,B,45,Named Account Tariff,2019-01-29,2019-01-29,9999-12-31,1,1,2362
CUS1814,Valleyforge Agri-Foods Co.,BCO,Agriculture,SME,CUS0260,Ridgemont Consumer Goods GmbH,FR,France,N Europe,EMEA,Diego Patel,diego.patel@meridiangl.com,C,30,Spot,2017-06-01,2017-06-01,2020-02-23,0,1,2363
CUS1814,Valleyforge Agri-Foods Co.,BCO,Agriculture,Mid-Market,CUS0260,Ridgemont Consumer Goods GmbH,FR,France,N Europe,EMEA,Maria Sharma,maria.sharma@meridiangl.com,D,30,Named Account Tariff,2017-06-01,2020-02-24,9999-12-31,1,2,2364
CUS1815,Vantage Energy S.A.,SME Direct,Energy,Mid-Market,,,AU,Australia,Oceania,ANZ,Wei Silva,wei.silva@meridiangl.com,B,30,Spot,2022-01-07,2022-01-07,9999-12-31,1,1,2365
CUS1816,Vertex Pharma Corp,Freight Forwarder,Pharma,SME,,,BR,Brazil,LatAm East,Americas,James Tanaka,james.tanaka@meridiangl.com,C,30,Spot,2020-07-09,2020-07-09,9999-12-31,1,1,2366
CUS1817,Harborview Garments B.V.,BCO,Textiles,SME,CUS0362,Oakford Energy Holdings,HK,Hong Kong,East Asia,APAC,Priya O'Brien,priya.obrien@meridiangl.com,C,15,Spot,2019-12-14,2019-12-14,9999-12-31,1,1,2367
CUS1818,Kingswell Engineering Inc,SME Direct,Machinery,SME,,,CN,China,East Asia,APAC,Fatima Chen,fatima.chen@meridiangl.com,B,15,Spot,2017-06-14,2017-06-14,9999-12-31,1,1,2368
CUS1819,Junction Power GmbH,SME Direct,Energy,Mid-Market,,,VN,Vietnam,SE Asia,APAC,Anna Berg,anna.berg@meridiangl.com,D,15,Named Account Tariff,2023-08-03,2023-08-03,2025-02-25,0,1,2369
CUS1819,Junction Power GmbH,SME Direct,Energy,Mid-Market,,,VN,Vietnam,SE Asia,APAC,Ahmed Rossi,ahmed.rossi@meridiangl.com,C,15,Named Account Tariff,2023-08-03,2025-02-26,9999-12-31,1,2,2370
CUS1820,Wellspring Engineering Ltd,SME Direct,Machinery,SME,,,BE,Belgium,N Europe,EMEA,Carlos Haddad,carlos.haddad@meridiangl.com,C,15,Spot,2017-06-03,2017-06-03,9999-12-31,1,1,2371
CUS1821,Wellspring Mercantile Co.,BCO,Retail,SME,,,KR,South Korea,East Asia,APAC,Ingrid O'Brien,ingrid.obrien@meridiangl.com,D,0,Spot,2015-05-17,2015-05-17,2021-06-11,0,1,2372
CUS1821,Wellspring Mercantile Co.,BCO,Retail,SME,,,KR,South Korea,East Asia,APAC,Ingrid O'Brien,ingrid.obrien@meridiangl.com,B,0,Spot,2015-05-17,2021-06-12,9999-12-31,1,2,2373
CUS1822,Hillcrest Power Holdings,BCO,Energy,SME,,,ZA,South Africa,Africa,EMEA,Hassan Nguyen,hassan.nguyen@meridiangl.com,C,30,Spot,2017-02-21,2017-02-21,9999-12-31,1,1,2374
CUS1823,Foxrun Chemical Industries Inc,3PL,Chemicals,Mid-Market,CUS0564,Skyline Retail Co.,GB,United Kingdom,N Europe,EMEA,Ingrid Osei,ingrid.osei@meridiangl.com,C,30,Spot,2025-08-19,2025-08-19,2026-05-18,0,1,2375
CUS1823,Foxrun Chemical Industries Inc,3PL,Chemicals,Mid-Market,CUS0564,Skyline Retail Co.,GB,United Kingdom,N Europe,EMEA,James Tanaka,james.tanaka@meridiangl.com,C,30,Named Account Tariff,2025-08-19,2026-05-19,9999-12-31,1,2,2376
CUS1824,Millbrook Energy Corp,BCO,Energy,Mid-Market,,,CA,Canada,N America East,Americas,Ingrid O'Brien,ingrid.obrien@meridiangl.com,C,15,Long-Term Contract,2025-08-13,2025-08-13,9999-12-31,1,1,2377
CUS1825,Onyx Mercantile Ltd,BCO,Retail,SME,,,IN,India,South Asia,APAC,Yuki Kowalski,yuki.kowalski@meridiangl.com,D,30,Long-Term Contract,2018-09-02,2018-09-02,9999-12-31,1,1,2378
CUS1826,Southwick Technologies Co.,BCO,Electronics,Global Key Account,,,MX,Mexico,LatAm West,Americas,Yuki Kowalski,yuki.kowalski@meridiangl.com,A,45,Long-Term Contract,2016-02-14,2016-02-14,9999-12-31,1,1,2379
CUS1827,Vertex Agro LLC,BCO,Agriculture,Mid-Market,,,IT,Italy,Mediterranean,EMEA,Ahmed Rossi,ahmed.rossi@meridiangl.com,D,0,Spot,2016-07-08,2016-07-08,2017-09-09,0,1,2380
CUS1827,Vertex Agro LLC,BCO,Agriculture,National,,,IT,Italy,Mediterranean,EMEA,Anna Berg,anna.berg@meridiangl.com,A,0,Spot,2016-07-08,2017-09-10,9999-12-31,1,2,2381
CUS1828,Monsoon Chemicals Holdings,BCO,Chemicals,Mid-Market,,,SA,Saudi Arabia,Middle East,EMEA,Fatima Haddad,fatima.haddad@meridiangl.com,D,15,Long-Term Contract,2021-10-22,2021-10-22,2021-12-25,0,1,2382
CUS1828,Monsoon Chemicals Holdings,BCO,Chemicals,SME,,,SA,Saudi Arabia,Middle East,EMEA,Hassan Silva,hassan.silva@meridiangl.com,A,15,Spot,2021-10-22,2021-12-26,9999-12-31,1,2,2383
CUS1829,Quarrystone Foods Group,SME Direct,FMCG,National,,,CA,Canada,N America East,Americas,Raj Kim,raj.kim@meridiangl.com,C,0,Long-Term Contract,2015-12-25,2015-12-25,9999-12-31,1,1,2384
CUS1830,Ironbridge Pharmaceuticals Group,Freight Forwarder,Pharma,SME,CUS1502,Southwick Industrial Inc,BR,Brazil,LatAm East,Americas,Hassan Silva,hassan.silva@meridiangl.com,B,30,Named Account Tariff,2025-01-05,2025-01-05,9999-12-31,1,1,2385
CUS1831,Deerfield Chemicals PLC,BCO,Chemicals,Mid-Market,,,ID,Indonesia,SE Asia,APAC,Ingrid Ferreira,ingrid.ferreira@meridiangl.com,B,30,Spot,2019-09-18,2019-09-18,2025-02-26,0,1,2386
CUS1831,Deerfield Chemicals PLC,BCO,Chemicals,SME,,,ID,Indonesia,SE Asia,APAC,Elena O'Brien,elena.obrien@meridiangl.com,C,30,Long-Term Contract,2019-09-18,2025-02-27,9999-12-31,1,2,2387
CUS1832,Beacon Chemicals PLC,BCO,Chemicals,Global Key Account,,,GB,United Kingdom,N Europe,EMEA,Wei Silva,wei.silva@meridiangl.com,A,45,Spot,2016-03-02,2016-03-02,9999-12-31,1,1,2388
CUS1833,Solstice Textiles GmbH,BCO,Textiles,SME,,,AU,Australia,Oceania,ANZ,Ahmed Nguyen,ahmed.nguyen@meridiangl.com,C,45,Long-Term Contract,2022-10-02,2022-10-02,9999-12-31,1,1,2389
CUS1834,Ironwood Textiles Ltd,Freight Forwarder,Textiles,Global Key Account,,,MX,Mexico,LatAm West,Americas,Diego Yamamoto,diego.yamamoto@meridiangl.com,B,30,Named Account Tariff,2019-01-20,2019-01-20,9999-12-31,1,1,2390
CUS1835,Millbrook Textiles Pte Ltd,SME Direct,Textiles,Global Key Account,,,NZ,New Zealand,Oceania,ANZ,Hassan Nguyen,hassan.nguyen@meridiangl.com,C,30,Long-Term Contract,2026-02-13,2026-02-13,2026-08-15,0,1,2391
CUS1835,Millbrook Textiles Pte Ltd,SME Direct,Textiles,Global Key Account,,,NZ,New Zealand,Oceania,ANZ,Fatima O'Brien,fatima.obrien@meridiangl.com,C,30,Long-Term Contract,2026-02-13,2026-08-16,9999-12-31,1,2,2392
CUS1836,Eastridge Foods Corp,NVOCC,FMCG,Global Key Account,,,HK,Hong Kong,East Asia,APAC,Ingrid Tanaka,ingrid.tanaka@meridiangl.com,C,30,Long-Term Contract,2020-02-21,2020-02-21,9999-12-31,1,1,2393
CUS1837,Underhill Steel Co.,BCO,Metals,SME,,,IT,Italy,Mediterranean,EMEA,Raj Kim,raj.kim@meridiangl.com,D,0,Spot,2026-04-19,2026-04-19,2026-07-20,0,1,2394
CUS1837,Underhill Steel Co.,BCO,Metals,Mid-Market,,,IT,Italy,Mediterranean,EMEA,Raj Kim,raj.kim@meridiangl.com,B,0,Named Account Tariff,2026-04-19,2026-07-21,9999-12-31,1,2,2395
CUS1838,Foxrun Technologies S.A.,3PL,Electronics,National,,,SG,Singapore,SE Asia,APAC,Elena Haddad,elena.haddad@meridiangl.com,C,0,Named Account Tariff,2024-11-11,2024-11-11,2025-05-21,0,1,2396
CUS1838,Foxrun Technologies S.A.,3PL,Electronics,National,,,SG,Singapore,SE Asia,APAC,Elena Haddad,elena.haddad@meridiangl.com,C,0,Long-Term Contract,2024-11-11,2025-05-22,9999-12-31,1,2,2397
CUS1839,Sentinel Apparel Group,Freight Forwarder,Textiles,Mid-Market,,,MX,Mexico,LatAm West,Americas,Wei Tanaka,wei.tanaka@meridiangl.com,C,30,Named Account Tariff,2024-10-11,2024-10-11,9999-12-31,1,1,2398
CUS1840,Solstice Mercantile B.V.,BCO,Retail,National,,,ID,Indonesia,SE Asia,APAC,Elena Berg,elena.berg@meridiangl.com,B,30,Spot,2019-03-05,2019-03-05,2024-03-25,0,1,2399
CUS1840,Solstice Mercantile B.V.,BCO,Retail,National,,,ID,Indonesia,SE Asia,APAC,Elena Berg,elena.berg@meridiangl.com,A,30,Spot,2019-03-05,2024-03-26,9999-12-31,1,2,2400
CUS1841,Sentinel Electronics Ltd,BCO,Electronics,Mid-Market,,,CL,Chile,LatAm West,Americas,Elena Berg,elena.berg@meridiangl.com,C,15,Long-Term Contract,2023-03-07,2023-03-07,9999-12-31,1,1,2401
CUS1842,Ashford Electronics PLC,Freight Forwarder,Electronics,Mid-Market,,,FR,France,N Europe,EMEA,Ingrid Ferreira,ingrid.ferreira@meridiangl.com,B,30,Long-Term Contract,2025-06-07,2025-06-07,9999-12-31,1,1,2402
CUS1843,Kestrel Agri-Foods S.A.,NVOCC,Agriculture,Mid-Market,CUS1393,Monsoon Chemical Industries GmbH,US,United States,N America East,Americas,Ahmed Tanaka,ahmed.tanaka@meridiangl.com,C,30,Long-Term Contract,2018-04-08,2018-04-08,2021-02-25,0,1,2403
CUS1843,Kestrel Agri-Foods S.A.,NVOCC,Agriculture,National,CUS1393,Monsoon Chemical Industries GmbH,US,United States,N America East,Americas,Ahmed Tanaka,ahmed.tanaka@meridiangl.com,D,30,Named Account Tariff,2018-04-08,2021-02-26,9999-12-31,1,2,2404
CUS1844,Granite Retail Group,3PL,Retail,SME,,,US,United States,N America East,Americas,Ingrid Nguyen,ingrid.nguyen@meridiangl.com,D,15,Long-Term Contract,2026-01-09,2026-01-09,9999-12-31,1,1,2405
CUS1845,Wellspring Petrochemicals B.V.,SME Direct,Energy,Mid-Market,,,CL,Chile,LatAm West,Americas,Yuki Ramirez,yuki.ramirez@meridiangl.com,C,30,Spot,2015-09-26,2015-09-26,2024-12-28,0,1,2406
CUS1845,Wellspring Petrochemicals B.V.,SME Direct,Energy,SME,,,CL,Chile,LatAm West,Americas,Yuki Ramirez,yuki.ramirez@meridiangl.com,B,30,Spot,2015-09-26,2024-12-29,9999-12-31,1,2,2407
CUS1846,Underhill Electronics Co.,SME Direct,Electronics,SME,,,TR,Turkey,Mediterranean,EMEA,James Tanaka,james.tanaka@meridiangl.com,C,45,Long-Term Contract,2018-10-20,2018-10-20,9999-12-31,1,1,2408
CUS1847,Beacon Petrochemicals Corp,SME Direct,Energy,Mid-Market,CUS1100,Elmfield Industrial Co.,CL,Chile,LatAm West,Americas,Raj Kim,raj.kim@meridiangl.com,C,30,Named Account Tariff,2020-04-18,2020-04-18,9999-12-31,1,1,2409
CUS1848,Southwick Machinery S.A.,BCO,Machinery,SME,,,TR,Turkey,Mediterranean,EMEA,Hassan Silva,hassan.silva@meridiangl.com,C,15,Spot,2018-03-15,2018-03-15,9999-12-31,1,1,2410
CUS1849,Cobalt Energy B.V.,Freight Forwarder,Energy,Mid-Market,,,JP,Japan,East Asia,APAC,Kenji Tanaka,kenji.tanaka@meridiangl.com,C,15,Spot,2016-03-26,2016-03-26,9999-12-31,1,1,2411
CUS1850,Lonestar Trading LLC,BCO,Retail,Mid-Market,,,NL,Netherlands,N Europe,EMEA,Liam O'Brien,liam.obrien@meridiangl.com,C,30,Named Account Tariff,2016-02-25,2016-02-25,9999-12-31,1,1,2412
CUS1851,Valleyforge FMCG Corp,SME Direct,FMCG,Mid-Market,,,MY,Malaysia,SE Asia,APAC,Ingrid Tanaka,ingrid.tanaka@meridiangl.com,B,60,Named Account Tariff,2018-10-29,2018-10-29,2023-02-14,0,1,2413
CUS1851,Valleyforge FMCG Corp,SME Direct,FMCG,SME,,,MY,Malaysia,SE Asia,APAC,Ahmed Tanaka,ahmed.tanaka@meridiangl.com,D,60,Long-Term Contract,2018-10-29,2023-02-15,9999-12-31,1,2,2414
CUS1852,Everest Machinery S.A.,SME Direct,Machinery,Mid-Market,,,CL,Chile,LatAm West,Americas,Ahmed Tanaka,ahmed.tanaka@meridiangl.com,C,15,Named Account Tariff,2018-11-15,2018-11-15,9999-12-31,1,1,2415
CUS1853,Palisade Life Sciences B.V.,SME Direct,Pharma,Global Key Account,,,TR,Turkey,Mediterranean,EMEA,Maria Sharma,maria.sharma@meridiangl.com,A,15,Long-Term Contract,2016-09-14,2016-09-14,2018-02-28,0,1,2416
CUS1853,Palisade Life Sciences B.V.,SME Direct,Pharma,Global Key Account,,,TR,Turkey,Mediterranean,EMEA,Maria Sharma,maria.sharma@meridiangl.com,D,15,Long-Term Contract,2016-09-14,2018-03-01,9999-12-31,1,2,2417
CUS1854,Sentinel Chemicals S.A.,NVOCC,Chemicals,Mid-Market,,,FR,France,N Europe,EMEA,Raj Kim,raj.kim@meridiangl.com,C,60,Spot,2018-06-25,2018-06-25,2018-07-21,0,1,2418
CUS1854,Sentinel Chemicals S.A.,NVOCC,Chemicals,National,,,FR,France,N Europe,EMEA,Elena Haddad,elena.haddad@meridiangl.com,A,60,Named Account Tariff,2018-06-25,2018-07-22,9999-12-31,1,2,2419
CUS1855,Ironbridge Apparel S.A.,BCO,Textiles,Mid-Market,,,TH,Thailand,SE Asia,APAC,Ingrid O'Brien,ingrid.obrien@meridiangl.com,C,30,Long-Term Contract,2020-07-07,2020-07-07,9999-12-31,1,1,2420
CUS1856,Nova Automotive Group,3PL,Automotive,National,,,CL,Chile,LatAm West,Americas,Liam O'Brien,liam.obrien@meridiangl.com,A,45,Named Account Tariff,2018-11-09,2018-11-09,2021-08-09,0,1,2421
CUS1856,Nova Automotive Group,3PL,Automotive,SME,,,CL,Chile,LatAm West,Americas,Wei Silva,wei.silva@meridiangl.com,A,45,Named Account Tariff,2018-11-09,2021-08-10,9999-12-31,1,2,2422
CUS1857,Thornwell Consumer Goods Ltd,SME Direct,FMCG,Global Key Account,,,TW,Taiwan,East Asia,APAC,Hassan Silva,hassan.silva@meridiangl.com,B,45,Long-Term Contract,2023-09-29,2023-09-29,9999-12-31,1,1,2423
CUS1858,Vantage Chemical Industries S.A.,3PL,Chemicals,Global Key Account,,,JP,Japan,East Asia,APAC,Ahmed Tanaka,ahmed.tanaka@meridiangl.com,A,30,Long-Term Contract,2020-06-28,2020-06-28,9999-12-31,1,1,2424
CUS1859,Deerfield Garments Group,3PL,Textiles,SME,,,DE,Germany,N Europe,EMEA,Ahmed Novak,ahmed.novak@meridiangl.com,B,60,Spot,2019-06-28,2019-06-28,2021-05-31,0,1,2425
CUS1859,Deerfield Garments Group,3PL,Textiles,National,,,DE,Germany,N Europe,EMEA,Yuki O'Brien,yuki.obrien@meridiangl.com,D,60,Long-Term Contract,2019-06-28,2021-06-01,9999-12-31,1,2,2426
CUS1860,Ridgemont Textiles B.V.,BCO,Textiles,SME,,,KR,South Korea,East Asia,APAC,Fatima Tanaka,fatima.tanaka@meridiangl.com,B,0,Spot,2025-01-05,2025-01-05,9999-12-31,1,1,2427
CUS1861,Fairhaven Textiles GmbH,BCO,Textiles,Mid-Market,,,ZA,South Africa,Africa,EMEA,Ingrid Ferreira,ingrid.ferreira@meridiangl.com,B,30,Long-Term Contract,2017-07-08,2017-07-08,2017-11-30,0,1,2428
CUS1861,Fairhaven Textiles GmbH,BCO,Textiles,Mid-Market,,,ZA,South Africa,Africa,EMEA,Ingrid Ferreira,ingrid.ferreira@meridiangl.com,C,30,Long-Term Contract,2017-07-08,2017-12-01,9999-12-31,1,2,2429
CUS1862,Ironwood Technologies GmbH,NVOCC,Electronics,SME,,,SG,Singapore,SE Asia,APAC,Fatima Chen,fatima.chen@meridiangl.com,C,15,Spot,2020-07-24,2020-07-24,9999-12-31,1,1,2430
CUS1863,Everest Alloys Corp,BCO,Metals,SME,,,FR,France,N Europe,EMEA,Carlos Ferreira,carlos.ferreira@meridiangl.com,C,30,Spot,2017-04-30,2017-04-30,9999-12-31,1,1,2431
CUS1864,Glenmoor Alloys Holdings,Freight Forwarder,Metals,Mid-Market,,,AE,United Arab Emirates,Middle East,EMEA,Carlos Haddad,carlos.haddad@meridiangl.com,D,15,Long-Term Contract,2016-08-30,2016-08-30,9999-12-31,1,1,2432
CUS1865,Kingswell Machinery Ltd,BCO,Machinery,Mid-Market,,,JP,Japan,East Asia,APAC,James Tanaka,james.tanaka@meridiangl.com,C,30,Spot,2021-10-17,2021-10-17,9999-12-31,1,1,2433
CUS1866,Marlowe Retail Ltd,NVOCC,Retail,Mid-Market,,,IN,India,South Asia,APAC,Sofia Tanaka,sofia.tanaka@meridiangl.com,C,0,Named Account Tariff,2023-05-20,2023-05-20,2026-04-24,0,1,2434
CUS1866,Marlowe Retail Ltd,NVOCC,Retail,National,,,IN,India,South Asia,APAC,Priya O'Brien,priya.obrien@meridiangl.com,A,0,Long-Term Contract,2023-05-20,2026-04-25,9999-12-31,1,2,2435
CUS1867,Sterling Agri-Foods Inc,3PL,Agriculture,Mid-Market,,,FR,France,N Europe,EMEA,James Tanaka,james.tanaka@meridiangl.com,B,30,Named Account Tariff,2019-06-20,2019-06-20,2022-03-09,0,1,2436
CUS1867,Sterling Agri-Foods Inc,3PL,Agriculture,SME,,,FR,France,N Europe,EMEA,Ahmed Torres,ahmed.torres@meridiangl.com,D,30,Spot,2019-06-20,2022-03-10,9999-12-31,1,2,2437
CUS1868,Aurora Stores Co.,SME Direct,Retail,SME,,,SG,Singapore,SE Asia,APAC,James Tanaka,james.tanaka@meridiangl.com,C,15,Named Account Tariff,2023-09-13,2023-09-13,2024-07-25,0,1,2438
CUS1868,Aurora Stores Co.,SME Direct,Retail,Mid-Market,,,SG,Singapore,SE Asia,APAC,Fatima Tanaka,fatima.tanaka@meridiangl.com,D,15,Spot,2023-09-13,2024-07-26,9999-12-31,1,2,2439
CUS1869,Nightingale Power Pte Ltd,BCO,Energy,SME,,,NL,Netherlands,N Europe,EMEA,Fatima Haddad,fatima.haddad@meridiangl.com,D,30,Long-Term Contract,2018-09-25,2018-09-25,9999-12-31,1,1,2440
CUS1870,Aurora Pharmaceuticals Holdings,BCO,Pharma,SME,,,DE,Germany,N Europe,EMEA,Ingrid Osei,ingrid.osei@meridiangl.com,C,0,Spot,2017-11-14,2017-11-14,9999-12-31,1,1,2441
CUS1871,Palisade Industrial LLC,NVOCC,Machinery,SME,,,GB,United Kingdom,N Europe,EMEA,Fatima O'Brien,fatima.obrien@meridiangl.com,B,45,Spot,2015-11-24,2015-11-24,9999-12-31,1,1,2442
CUS1872,Ridgemont Engineering Corp,NVOCC,Machinery,Mid-Market,CUS1894,Junction Foods Holdings,VN,Vietnam,SE Asia,APAC,Fatima Haddad,fatima.haddad@meridiangl.com,C,30,Long-Term Contract,2024-01-29,2024-01-29,9999-12-31,1,1,2443
CUS1873,Foxrun Textiles Corp,Freight Forwarder,Textiles,SME,,,TH,Thailand,SE Asia,APAC,Elena O'Brien,elena.obrien@meridiangl.com,C,45,Named Account Tariff,2020-11-02,2020-11-02,2021-05-24,0,1,2444
CUS1873,Foxrun Textiles Corp,Freight Forwarder,Textiles,SME,,,TH,Thailand,SE Asia,APAC,Elena O'Brien,elena.obrien@meridiangl.com,A,45,Named Account Tariff,2020-11-02,2021-05-25,9999-12-31,1,2,2445
CUS1874,Underhill Petrochemicals Co.,3PL,Energy,SME,CUS2498,Brightwater Petrochemicals Holdings,US,United States,N America East,Americas,Ingrid Ferreira,ingrid.ferreira@meridiangl.com,C,15,Spot,2019-08-16,2019-08-16,9999-12-31,1,1,2446
CUS1875,Ironbridge Steel S.A.,Freight Forwarder,Metals,SME,,,AE,United Arab Emirates,Middle East,EMEA,Yuki Ramirez,yuki.ramirez@meridiangl.com,D,0,Spot,2024-06-05,2024-06-05,2026-06-28,0,1,2447
CUS1875,Ironbridge Steel S.A.,Freight Forwarder,Metals,SME,,,AE,United Arab Emirates,Middle East,EMEA,Ahmed Tanaka,ahmed.tanaka@meridiangl.com,D,0,Spot,2024-06-05,2026-06-29,9999-12-31,1,2,2448
CUS1876,Lakemoor Garments Holdings,Freight Forwarder,Textiles,SME,CUS3109,Cobalt Textiles Corp,BR,Brazil,LatAm East,Americas,Anna Berg,anna.berg@meridiangl.com,D,0,Long-Term Contract,2023-11-24,2023-11-24,9999-12-31,1,1,2449
CUS1877,Granite Electronics Co.,3PL,Electronics,SME,,,TW,Taiwan,East Asia,APAC,Carlos Sharma,carlos.sharma@meridiangl.com,B,30,Spot,2015-01-18,2015-01-18,9999-12-31,1,1,2450
CUS1878,Clearwater Garments B.V.,BCO,Textiles,SME,CUS1195,Sterling Auto Parts LLC,DE,Germany,N Europe,EMEA,Yuki O'Brien,yuki.obrien@meridiangl.com,C,30,Spot,2022-01-27,2022-01-27,2023-12-30,0,1,2451
CUS1878,Clearwater Garments B.V.,BCO,Textiles,National,CUS1195,Sterling Auto Parts LLC,DE,Germany,N Europe,EMEA,Carlos Al-Farsi,carlos.al-farsi@meridiangl.com,D,30,Named Account Tariff,2022-01-27,2023-12-31,9999-12-31,1,2,2452
CUS1879,Vertex Textiles Inc,BCO,Textiles,Mid-Market,,,CL,Chile,LatAm West,Americas,Elena O'Brien,elena.obrien@meridiangl.com,C,15,Long-Term Contract,2024-06-08,2024-06-08,9999-12-31,1,1,2453
CUS1880,Lonestar Alloys S.A.,NVOCC,Metals,Mid-Market,,,CL,Chile,LatAm West,Americas,Elena O'Brien,elena.obrien@meridiangl.com,B,45,Long-Term Contract,2025-07-01,2025-07-01,9999-12-31,1,1,2454
CUS1881,Kingswell Machinery Co.,3PL,Machinery,Mid-Market,CUS2373,Vantage Life Sciences PLC,IT,Italy,Mediterranean,EMEA,Ahmed Rossi,ahmed.rossi@meridiangl.com,B,30,Long-Term Contract,2017-08-21,2017-08-21,9999-12-31,1,1,2455
CUS1882,Onyx Auto Parts PLC,Freight Forwarder,Automotive,Mid-Market,,,IN,India,South Asia,APAC,Ahmed Tanaka,ahmed.tanaka@meridiangl.com,C,0,Spot,2016-05-18,2016-05-18,2026-02-22,0,1,2456
CUS1882,Onyx Auto Parts PLC,Freight Forwarder,Automotive,SME,,,IN,India,South Asia,APAC,Grace Osei,grace.osei@meridiangl.com,A,0,Named Account Tariff,2016-05-18,2026-02-23,9999-12-31,1,2,2457
CUS1883,Underhill Agro PLC,Freight Forwarder,Agriculture,Mid-Market,,,BR,Brazil,LatAm East,Americas,Ingrid Ferreira,ingrid.ferreira@meridiangl.com,C,45,Long-Term Contract,2016-03-07,2016-03-07,9999-12-31,1,1,2458
CUS1884,Underhill Pharma Corp,Freight Forwarder,Pharma,National,,,GB,United Kingdom,N Europe,EMEA,Elena O'Brien,elena.obrien@meridiangl.com,A,15,Long-Term Contract,2019-03-26,2019-03-26,9999-12-31,1,1,2459
CUS1885,Onyx FMCG LLC,NVOCC,FMCG,Global Key Account,,,ES,Spain,Mediterranean,EMEA,Diego Yamamoto,diego.yamamoto@meridiangl.com,A,45,Named Account Tariff,2015-02-26,2015-02-26,9999-12-31,1,1,2460
CUS1886,Brightwater Energy S.A.,Freight Forwarder,Energy,Mid-Market,,,ZA,South Africa,Africa,EMEA,Sofia Ferreira,sofia.ferreira@meridiangl.com,B,45,Named Account Tariff,2025-12-30,2025-12-30,9999-12-31,1,1,2461
CUS1887,Foxrun Metals Holdings,Freight Forwarder,Metals,Mid-Market,,,TW,Taiwan,East Asia,APAC,Grace Osei,grace.osei@meridiangl.com,B,30,Named Account Tariff,2022-04-16,2022-04-16,2023-10-26,0,1,2462
CUS1887,Foxrun Metals Holdings,Freight Forwarder,Metals,SME,,,TW,Taiwan,East Asia,APAC,Fatima Haddad,fatima.haddad@meridiangl.com,B,30,Long-Term Contract,2022-04-16,2023-10-27,9999-12-31,1,2,2463
CUS1888,Northgate Alloys Group,Freight Forwarder,Metals,Mid-Market,,,JP,Japan,East Asia,APAC,Carlos Al-Farsi,carlos.al-farsi@meridiangl.com,B,15,Spot,2023-05-14,2023-05-14,9999-12-31,1,1,2464
CUS1889,Ivyhill Chemicals Corp,NVOCC,Chemicals,National,,,MY,Malaysia,SE Asia,APAC,Yuki O'Brien,yuki.obrien@meridiangl.com,D,30,Spot,2018-05-13,2018-05-13,9999-12-31,1,1,2465
CUS1890,Solstice Agri-Foods Pte Ltd,Freight Forwarder,Agriculture,SME,,,TW,Taiwan,East Asia,APAC,Wei Silva,wei.silva@meridiangl.com,C,30,Named Account Tariff,2022-04-03,2022-04-03,9999-12-31,1,1,2466
CUS1891,Cedarline Trading Ltd,3PL,Retail,Mid-Market,,,NZ,New Zealand,Oceania,ANZ,Carlos Al-Farsi,carlos.al-farsi@meridiangl.com,B,30,Spot,2025-12-04,2025-12-04,9999-12-31,1,1,2467
CUS1892,Harborview Electronics PLC,NVOCC,Electronics,Global Key Account,,,CL,Chile,LatAm West,Americas,Ingrid Ferreira,ingrid.ferreira@meridiangl.com,B,15,Long-Term Contract,2023-12-01,2023-12-01,9999-12-31,1,1,2468
CUS1893,Lonestar Semiconductor Co.,NVOCC,Electronics,National,,,CL,Chile,LatAm West,Americas,Hassan Nguyen,hassan.nguyen@meridiangl.com,A,60,Long-Term Contract,2017-07-11,2017-07-11,9999-12-31,1,1,2469
CUS1894,Junction Foods Holdings,BCO,FMCG,Global Key Account,,,IT,Italy,Mediterranean,EMEA,Grace Osei,grace.osei@meridiangl.com,A,15,Long-Term Contract,2015-04-16,2015-04-16,9999-12-31,1,1,2470
CUS1895,Northgate Electronics Holdings,SME Direct,Electronics,National,,,TR,Turkey,Mediterranean,EMEA,Yuki O'Brien,yuki.obrien@meridiangl.com,A,45,Named Account Tariff,2016-12-26,2016-12-26,9999-12-31,1,1,2471
CUS1896,Quarrystone Technologies PLC,SME Direct,Electronics,SME,,,BE,Belgium,N Europe,EMEA,Carlos Haddad,carlos.haddad@meridiangl.com,D,15,Spot,2016-12-07,2016-12-07,2025-01-05,0,1,2472
CUS1896,Quarrystone Technologies PLC,SME Direct,Electronics,National,,,BE,Belgium,N Europe,EMEA,Carlos Haddad,carlos.haddad@meridiangl.com,C,15,Named Account Tariff,2016-12-07,2025-01-06,9999-12-31,1,2,2473
CUS1897,Juniper Agri-Foods Ltd,NVOCC,Agriculture,SME,,,MY,Malaysia,SE Asia,APAC,Elena Haddad,elena.haddad@meridiangl.com,D,15,Named Account Tariff,2021-08-02,2021-08-02,9999-12-31,1,1,2474
CUS1898,Cobalt Pharma GmbH,BCO,Pharma,Global Key Account,,,ZA,South Africa,Africa,EMEA,Carlos Haddad,carlos.haddad@meridiangl.com,B,15,Spot,2023-10-17,2023-10-17,2024-07-29,0,1,2475
CUS1898,Cobalt Pharma GmbH,BCO,Pharma,Global Key Account,,,ZA,South Africa,Africa,EMEA,Carlos Haddad,carlos.haddad@meridiangl.com,A,15,Spot,2023-10-17,2024-07-30,9999-12-31,1,2,2476
CUS1899,Marlowe Agro Inc,SME Direct,Agriculture,Mid-Market,,,AE,United Arab Emirates,Middle East,EMEA,Grace Larsson,grace.larsson@meridiangl.com,D,15,Spot,2019-09-13,2019-09-13,2021-11-03,0,1,2477
CUS1899,Marlowe Agro Inc,SME Direct,Agriculture,SME,,,AE,United Arab Emirates,Middle East,EMEA,Ingrid Tanaka,ingrid.tanaka@meridiangl.com,B,15,Named Account Tariff,2019-09-13,2021-11-04,9999-12-31,1,2,2478
CUS1900,Cobalt Industrial Pte Ltd,NVOCC,Machinery,SME,CUS0569,Ironbridge FMCG GmbH,NL,Netherlands,N Europe,EMEA,Elena Haddad,elena.haddad@meridiangl.com,C,45,Spot,2025-04-14,2025-04-14,9999-12-31,1,1,2479
CUS1901,Ridgemont Chemicals Pte Ltd,NVOCC,Chemicals,Mid-Market,,,GB,United Kingdom,N Europe,EMEA,Carlos Sharma,carlos.sharma@meridiangl.com,D,0,Long-Term Contract,2023-02-23,2023-02-23,9999-12-31,1,1,2480
CUS1902,Ridgemont Electronics PLC,Freight Forwarder,Electronics,SME,,,SA,Saudi Arabia,Middle East,EMEA,Yuki Kowalski,yuki.kowalski@meridiangl.com,C,30,Named Account Tariff,2018-06-10,2018-06-10,9999-12-31,1,1,2481
CUS1903,Ironwood Life Sciences Inc,3PL,Pharma,Mid-Market,,,FR,France,N Europe,EMEA,Sofia Tanaka,sofia.tanaka@meridiangl.com,D,15,Spot,2019-07-19,2019-07-19,2022-05-01,0,1,2482
CUS1903,Ironwood Life Sciences Inc,3PL,Pharma,SME,,,FR,France,N Europe,EMEA,Ingrid Ferreira,ingrid.ferreira@meridiangl.com,C,15,Long-Term Contract,2019-07-19,2022-05-02,9999-12-31,1,2,2483
CUS1904,Nova Industrial Holdings,3PL,Machinery,Global Key Account,,,BR,Brazil,LatAm East,Americas,Sofia Larsson,sofia.larsson@meridiangl.com,B,30,Long-Term Contract,2018-04-08,2018-04-08,2024-12-02,0,1,2484
CUS1904,Nova Industrial Holdings,3PL,Machinery,Global Key Account,,,BR,Brazil,LatAm East,Americas,Elena Tanaka,elena.tanaka@meridiangl.com,D,30,Spot,2018-04-08,2024-12-03,9999-12-31,1,2,2485
CUS1905,Millbrook Automotive Corp,BCO,Automotive,SME,,,SA,Saudi Arabia,Middle East,EMEA,Ingrid O'Brien,ingrid.obrien@meridiangl.com,C,15,Spot,2021-08-04,2021-08-04,9999-12-31,1,1,2486
CUS1906,Greystone Machinery Inc,BCO,Machinery,Mid-Market,,,IT,Italy,Mediterranean,EMEA,Ahmed Rossi,ahmed.rossi@meridiangl.com,C,15,Spot,2020-12-29,2020-12-29,9999-12-31,1,1,2487
CUS1907,Fairhaven Power Inc,BCO,Energy,National,,,BE,Belgium,N Europe,EMEA,Ingrid Nguyen,ingrid.nguyen@meridiangl.com,B,30,Named Account Tariff,2019-11-06,2019-11-06,2022-04-28,0,1,2488
CUS1907,Fairhaven Power Inc,BCO,Energy,Mid-Market,,,BE,Belgium,N Europe,EMEA,Ingrid Nguyen,ingrid.nguyen@meridiangl.com,B,30,Named Account Tariff,2019-11-06,2022-04-29,9999-12-31,1,2,2489
CUS1908,Thornwell Apparel PLC,Freight Forwarder,Textiles,SME,CUS1656,Zenith Engineering Group,CL,Chile,LatAm West,Americas,Hassan Silva,hassan.silva@meridiangl.com,C,0,Spot,2020-11-12,2020-11-12,9999-12-31,1,1,2490
CUS1909,Palisade Chemical Industries GmbH,BCO,Chemicals,Global Key Account,,,AE,United Arab Emirates,Middle East,EMEA,Anna Berg,anna.berg@meridiangl.com,A,60,Long-Term Contract,2016-03-12,2016-03-12,2018-11-12,0,1,2491
CUS1909,Palisade Chemical Industries GmbH,BCO,Chemicals,Global Key Account,,,AE,United Arab Emirates,Middle East,EMEA,Maria Sharma,maria.sharma@meridiangl.com,B,60,Spot,2016-03-12,2018-11-13,9999-12-31,1,2,2492
CUS1910,Ironwood Semiconductor PLC,BCO,Electronics,Mid-Market,CUS3109,Cobalt Textiles Corp,ID,Indonesia,SE Asia,APAC,Grace Osei,grace.osei@meridiangl.com,C,30,Named Account Tariff,2024-06-07,2024-06-07,9999-12-31,1,1,2493
CUS1911,Ironwood Industrial Ltd,Freight Forwarder,Machinery,Mid-Market,,,VN,Vietnam,SE Asia,APAC,Wei Silva,wei.silva@meridiangl.com,C,0,Spot,2018-03-10,2018-03-10,9999-12-31,1,1,2494
CUS1912,Brightwater Consumer Goods Corp,BCO,FMCG,SME,,,BE,Belgium,N Europe,EMEA,Anna Berg,anna.berg@meridiangl.com,C,0,Spot,2017-08-23,2017-08-23,9999-12-31,1,1,2495
CUS1913,Sterling Pharmaceuticals Corp,Freight Forwarder,Pharma,National,,,CA,Canada,N America East,Americas,Carlos Haddad,carlos.haddad@meridiangl.com,C,45,Long-Term Contract,2023-09-08,2023-09-08,9999-12-31,1,1,2496
CUS1914,Ironwood Machinery Inc,NVOCC,Machinery,National,,,CA,Canada,N America East,Americas,Carlos Al-Farsi,carlos.al-farsi@meridiangl.com,B,30,Named Account Tariff,2017-09-18,2017-09-18,9999-12-31,1,1,2497
CUS1915,Solstice Energy PLC,Freight Forwarder,Energy,Mid-Market,,,ZA,South Africa,Africa,EMEA,Fatima Haddad,fatima.haddad@meridiangl.com,D,15,Named Account Tariff,2019-06-29,2019-06-29,9999-12-31,1,1,2498
CUS1916,Hillcrest Stores Ltd,3PL,Retail,Mid-Market,,,IN,India,South Asia,APAC,Priya Ferreira,priya.ferreira@meridiangl.com,C,30,Spot,2023-11-08,2023-11-08,9999-12-31,1,1,2499
CUS1917,Ridgemont Technologies Group,3PL,Electronics,Mid-Market,,,ID,Indonesia,SE Asia,APAC,Fatima Chen,fatima.chen@meridiangl.com,B,60,Long-Term Contract,2024-07-22,2024-07-22,9999-12-31,1,1,2500
CUS1918,Brightwater Chemical Industries Holdings,Freight Forwarder,Chemicals,Mid-Market,,,KR,South Korea,East Asia,APAC,Diego Patel,diego.patel@meridiangl.com,B,0,Spot,2024-09-14,2024-09-14,9999-12-31,1,1,2501
CUS1919,Voyager Auto Parts GmbH,Freight Forwarder,Automotive,SME,,,HK,Hong Kong,East Asia,APAC,Ingrid Ferreira,ingrid.ferreira@meridiangl.com,C,15,Long-Term Contract,2021-03-09,2021-03-09,2022-09-11,0,1,2502
CUS1919,Voyager Auto Parts GmbH,Freight Forwarder,Automotive,National,,,HK,Hong Kong,East Asia,APAC,Ahmed Novak,ahmed.novak@meridiangl.com,C,15,Named Account Tariff,2021-03-09,2022-09-12,9999-12-31,1,2,2503
CUS1920,Ironwood Foods Co.,3PL,FMCG,SME,CUS1367,Nightingale Semiconductor GmbH,SG,Singapore,SE Asia,APAC,Diego Yamamoto,diego.yamamoto@meridiangl.com,B,60,Named Account Tariff,2020-05-27,2020-05-27,2025-11-17,0,1,2504
CUS1920,Ironwood Foods Co.,3PL,FMCG,National,CUS1367,Nightingale Semiconductor GmbH,SG,Singapore,SE Asia,APAC,Fatima Tanaka,fatima.tanaka@meridiangl.com,A,60,Spot,2020-05-27,2025-11-18,9999-12-31,1,2,2505
CUS1921,Eastridge Textiles PLC,BCO,Textiles,Mid-Market,,,MX,Mexico,LatAm West,Americas,Ingrid Nguyen,ingrid.nguyen@meridiangl.com,A,45,Spot,2020-08-07,2020-08-07,9999-12-31,1,1,2506
CUS1922,Juniper Petrochemicals GmbH,Freight Forwarder,Energy,SME,CUS0260,Ridgemont Consumer Goods GmbH,MY,Malaysia,SE Asia,APAC,Carlos Al-Farsi,carlos.al-farsi@meridiangl.com,C,15,Spot,2015-07-29,2015-07-29,9999-12-31,1,1,2507
CUS1923,Thornwell FMCG LLC,NVOCC,FMCG,National,,,BR,Brazil,LatAm East,Americas,Carlos Haddad,carlos.haddad@meridiangl.com,C,30,Named Account Tariff,2018-07-14,2018-07-14,9999-12-31,1,1,2508
CUS1924,Voyager Power GmbH,SME Direct,Energy,Mid-Market,,,ZA,South Africa,Africa,EMEA,Yuki Ramirez,yuki.ramirez@meridiangl.com,D,0,Named Account Tariff,2017-03-02,2017-03-02,9999-12-31,1,1,2509
CUS1925,Northgate Petrochemicals Ltd,Freight Forwarder,Energy,Mid-Market,,,ZA,South Africa,Africa,EMEA,Ahmed Nguyen,ahmed.nguyen@meridiangl.com,B,30,Spot,2025-04-12,2025-04-12,9999-12-31,1,1,2510
CUS1926,Sentinel Apparel Pte Ltd,BCO,Textiles,Mid-Market,,,HK,Hong Kong,East Asia,APAC,Carlos Ferreira,carlos.ferreira@meridiangl.com,C,15,Long-Term Contract,2018-06-25,2018-06-25,9999-12-31,1,1,2511
CUS1927,Equator Technologies Group,BCO,Electronics,Mid-Market,CUS2461,Skyline Motors PLC,TR,Turkey,Mediterranean,EMEA,Sofia Ferreira,sofia.ferreira@meridiangl.com,D,30,Named Account Tariff,2020-08-26,2020-08-26,9999-12-31,1,1,2512
CUS1928,Southwick Textiles Group,3PL,Textiles,Mid-Market,,,TH,Thailand,SE Asia,APAC,Carlos Haddad,carlos.haddad@meridiangl.com,D,30,Named Account Tariff,2016-06-20,2016-06-20,2018-07-06,0,1,2513
CUS1928,Southwick Textiles Group,3PL,Textiles,National,,,TH,Thailand,SE Asia,APAC,Wei Tanaka,wei.tanaka@meridiangl.com,B,30,Long-Term Contract,2016-06-20,2018-07-07,9999-12-31,1,2,2514
CUS1929,Onyx Trading Inc,3PL,Retail,SME,,,SA,Saudi Arabia,Middle East,EMEA,Ahmed Rossi,ahmed.rossi@meridiangl.com,B,45,Named Account Tariff,2025-01-13,2025-01-13,2026-02-13,0,1,2515
CUS1929,Onyx Trading Inc,3PL,Retail,SME,,,SA,Saudi Arabia,Middle East,EMEA,Ahmed Rossi,ahmed.rossi@meridiangl.com,B,45,Long-Term Contract,2025-01-13,2026-02-14,9999-12-31,1,2,2516
CUS1930,Southwick Machinery Inc,BCO,Machinery,Mid-Market,,,CL,Chile,LatAm West,Americas,Ingrid Tanaka,ingrid.tanaka@meridiangl.com,B,30,Spot,2016-09-21,2016-09-21,9999-12-31,1,1,2517
CUS1931,Wellspring Motors Ltd,BCO,Automotive,Global Key Account,,,CL,Chile,LatAm West,Americas,Ahmed Novak,ahmed.novak@meridiangl.com,B,30,Long-Term Contract,2021-03-11,2021-03-11,9999-12-31,1,1,2518
CUS1932,Cedarline Agro PLC,NVOCC,Agriculture,Mid-Market,,,KR,South Korea,East Asia,APAC,Fatima Chen,fatima.chen@meridiangl.com,D,0,Named Account Tariff,2022-03-05,2022-03-05,9999-12-31,1,1,2519
CUS1933,Sentinel Agro Inc,NVOCC,Agriculture,Mid-Market,,,BE,Belgium,N Europe,EMEA,Ahmed Nguyen,ahmed.nguyen@meridiangl.com,A,60,Long-Term Contract,2016-01-06,2016-01-06,9999-12-31,1,1,2520
CUS1934,Mosaic Mercantile Co.,BCO,Retail,SME,,,VN,Vietnam,SE Asia,APAC,Ingrid Tanaka,ingrid.tanaka@meridiangl.com,C,45,Spot,2024-01-11,2024-01-11,9999-12-31,1,1,2521
CUS1935,Lonestar Metals Ltd,3PL,Metals,National,,,FR,France,N Europe,EMEA,Maria Sharma,maria.sharma@meridiangl.com,B,45,Long-Term Contract,2022-10-29,2022-10-29,9999-12-31,1,1,2522
CUS1936,Westbrook Retail Group,Freight Forwarder,Retail,SME,,,IN,India,South Asia,APAC,Ingrid O'Brien,ingrid.obrien@meridiangl.com,C,30,Spot,2022-12-20,2022-12-20,9999-12-31,1,1,2523
CUS1937,Nova Alloys Holdings,Freight Forwarder,Metals,SME,,,KR,South Korea,East Asia,APAC,Hassan Silva,hassan.silva@meridiangl.com,D,30,Spot,2018-09-14,2018-09-14,2025-12-24,0,1,2524
CUS1937,Nova Alloys Holdings,Freight Forwarder,Metals,Mid-Market,,,KR,South Korea,East Asia,APAC,Hassan Nguyen,hassan.nguyen@meridiangl.com,A,30,Long-Term Contract,2018-09-14,2025-12-25,9999-12-31,1,2,2525
CUS1938,Lonestar Alloys LLC,Freight Forwarder,Metals,Global Key Account,,,SG,Singapore,SE Asia,APAC,Fatima O'Brien,fatima.obrien@meridiangl.com,A,45,Long-Term Contract,2018-11-07,2018-11-07,9999-12-31,1,1,2526
CUS1939,Westbrook Technologies Co.,BCO,Electronics,Mid-Market,CUS3191,Onyx Auto Parts S.A.,SA,Saudi Arabia,Middle East,EMEA,Hassan Nguyen,hassan.nguyen@meridiangl.com,C,30,Spot,2016-09-11,2016-09-11,9999-12-31,1,1,2527
CUS1940,Deerfield Energy Inc,3PL,Energy,Mid-Market,,,SA,Saudi Arabia,Middle East,EMEA,Hassan Silva,hassan.silva@meridiangl.com,C,30,Long-Term Contract,2020-07-05,2020-07-05,9999-12-31,1,1,2528
CUS1941,Ashford Machinery Corp,3PL,Machinery,Mid-Market,,,MY,Malaysia,SE Asia,APAC,Ahmed Rossi,ahmed.rossi@meridiangl.com,C,15,Spot,2019-07-29,2019-07-29,9999-12-31,1,1,2529
CUS1942,Ironwood FMCG Inc,BCO,FMCG,Mid-Market,,,SG,Singapore,SE Asia,APAC,Raj Kim,raj.kim@meridiangl.com,B,45,Named Account Tariff,2021-02-02,2021-02-02,9999-12-31,1,1,2530
CUS1943,Redwood Farms LLC,BCO,Agriculture,Mid-Market,,,CA,Canada,N America East,Americas,Maria Sharma,maria.sharma@meridiangl.com,B,30,Long-Term Contract,2026-02-13,2026-02-13,9999-12-31,1,1,2531
CUS1944,Quarrystone FMCG Group,BCO,FMCG,SME,CUS1368,Zenith Engineering GmbH,US,United States,N America East,Americas,Elena Haddad,elena.haddad@meridiangl.com,D,0,Spot,2018-03-26,2018-03-26,9999-12-31,1,1,2532
CUS1945,Voyager Life Sciences PLC,BCO,Pharma,SME,,,BE,Belgium,N Europe,EMEA,Yuki Kowalski,yuki.kowalski@meridiangl.com,B,45,Named Account Tariff,2021-01-14,2021-01-14,9999-12-31,1,1,2533
CUS1946,Valleyforge Technologies GmbH,BCO,Electronics,Mid-Market,,,JP,Japan,East Asia,APAC,Maria Sharma,maria.sharma@meridiangl.com,D,45,Named Account Tariff,2023-06-29,2023-06-29,2024-01-17,0,1,2534
CUS1946,Valleyforge Technologies GmbH,BCO,Electronics,SME,,,JP,Japan,East Asia,APAC,Sofia Tanaka,sofia.tanaka@meridiangl.com,B,45,Spot,2023-06-29,2024-01-18,9999-12-31,1,2,2535
CUS1947,Quarrystone Machinery Holdings,Freight Forwarder,Machinery,Mid-Market,,,TH,Thailand,SE Asia,APAC,Hassan Nguyen,hassan.nguyen@meridiangl.com,C,0,Spot,2015-06-29,2015-06-29,9999-12-31,1,1,2536
CUS1948,Monsoon Machinery LLC,SME Direct,Machinery,SME,,,CA,Canada,N America East,Americas,Diego Kowalski,diego.kowalski@meridiangl.com,C,0,Long-Term Contract,2015-03-19,2015-03-19,9999-12-31,1,1,2537
CUS1949,Redwood Textiles Holdings,BCO,Textiles,SME,,,TW,Taiwan,East Asia,APAC,Elena O'Brien,elena.obrien@meridiangl.com,B,15,Spot,2015-07-16,2015-07-16,9999-12-31,1,1,2538
CUS1950,Ashford Pharma B.V.,BCO,Pharma,SME,CUS1336,Deerfield Agri-Foods S.A.,SA,Saudi Arabia,Middle East,EMEA,Hassan Silva,hassan.silva@meridiangl.com,C,0,Named Account Tariff,2019-01-06,2019-01-06,2023-12-15,0,1,2539
CUS1950,Ashford Pharma B.V.,BCO,Pharma,Mid-Market,CUS1336,Deerfield Agri-Foods S.A.,SA,Saudi Arabia,Middle East,EMEA,Ahmed Rossi,ahmed.rossi@meridiangl.com,A,0,Spot,2019-01-06,2023-12-16,9999-12-31,1,2,2540
CUS1951,Onyx Farms Inc,BCO,Agriculture,SME,,,IN,India,South Asia,APAC,Anna Berg,anna.berg@meridiangl.com,C,45,Spot,2016-10-11,2016-10-11,2018-01-05,0,1,2541
CUS1951,Onyx Farms Inc,BCO,Agriculture,National,,,IN,India,South Asia,APAC,Anna Berg,anna.berg@meridiangl.com,B,45,Named Account Tariff,2016-10-11,2018-01-06,9999-12-31,1,2,2542
CUS1952,Hillcrest Chemical Industries LLC,BCO,Chemicals,National,,,SG,Singapore,SE Asia,APAC,Elena Berg,elena.berg@meridiangl.com,C,30,Named Account Tariff,2024-10-21,2024-10-21,9999-12-31,1,1,2543
CUS1953,Beacon Chemical Industries B.V.,SME Direct,Chemicals,SME,,,US,United States,N America East,Americas,Carlos Haddad,carlos.haddad@meridiangl.com,B,30,Spot,2016-08-09,2016-08-09,9999-12-31,1,1,2544
CUS1954,Wellspring Semiconductor Holdings,SME Direct,Electronics,Mid-Market,,,AE,United Arab Emirates,Middle East,EMEA,Diego Patel,diego.patel@meridiangl.com,C,15,Long-Term Contract,2015-06-28,2015-06-28,2017-12-19,0,1,2545
CUS1954,Wellspring Semiconductor Holdings,SME Direct,Electronics,Mid-Market,,,AE,United Arab Emirates,Middle East,EMEA,Fatima Tanaka,fatima.tanaka@meridiangl.com,B,15,Named Account Tariff,2015-06-28,2017-12-20,9999-12-31,1,2,2546
CUS1955,Solstice Foods Holdings,BCO,FMCG,SME,,,ZA,South Africa,Africa,EMEA,Ahmed Novak,ahmed.novak@meridiangl.com,C,30,Spot,2018-12-06,2018-12-06,2026-05-06,0,1,2547
CUS1955,Solstice Foods Holdings,BCO,FMCG,Mid-Market,,,ZA,South Africa,Africa,EMEA,Elena O'Brien,elena.obrien@meridiangl.com,A,30,Named Account Tariff,2018-12-06,2026-05-07,9999-12-31,1,2,2548
CUS1956,Ridgemont Automotive Group,SME Direct,Automotive,Mid-Market,,,DE,Germany,N Europe,EMEA,Maria Sharma,maria.sharma@meridiangl.com,B,15,Long-Term Contract,2022-04-01,2022-04-01,9999-12-31,1,1,2549
CUS1957,Vantage Trading S.A.,SME Direct,Retail,National,,,ES,Spain,Mediterranean,EMEA,Diego Patel,diego.patel@meridiangl.com,B,30,Long-Term Contract,2015-08-05,2015-08-05,2021-12-20,0,1,2550
CUS1957,Vantage Trading S.A.,SME Direct,Retail,Mid-Market,,,ES,Spain,Mediterranean,EMEA,Grace Larsson,grace.larsson@meridiangl.com,B,30,Long-Term Contract,2015-08-05,2021-12-21,9999-12-31,1,2,2551
CUS1958,Redwood FMCG Pte Ltd,BCO,FMCG,Mid-Market,,,CL,Chile,LatAm West,Americas,Yuki Kowalski,yuki.kowalski@meridiangl.com,A,45,Named Account Tariff,2022-09-19,2022-09-19,9999-12-31,1,1,2552
CUS1959,Zenith Pharmaceuticals S.A.,BCO,Pharma,SME,,,CL,Chile,LatAm West,Americas,Grace Larsson,grace.larsson@meridiangl.com,B,60,Named Account Tariff,2018-11-03,2018-11-03,2019-06-08,0,1,2553
CUS1959,Zenith Pharmaceuticals S.A.,BCO,Pharma,National,,,CL,Chile,LatAm West,Americas,Grace Larsson,grace.larsson@meridiangl.com,B,60,Spot,2018-11-03,2019-06-09,9999-12-31,1,2,2554
CUS1960,Marlowe Garments S.A.,3PL,Textiles,Mid-Market,,,ES,Spain,Mediterranean,EMEA,Sofia Larsson,sofia.larsson@meridiangl.com,C,60,Spot,2018-05-01,2018-05-01,9999-12-31,1,1,2555
CUS1961,Onyx Trading Pte Ltd,Freight Forwarder,Retail,SME,,,GB,United Kingdom,N Europe,EMEA,Diego Patel,diego.patel@meridiangl.com,D,15,Spot,2015-07-27,2015-07-27,9999-12-31,1,1,2556
CUS1962,Underhill Retail LLC,BCO,Retail,Mid-Market,,,BE,Belgium,N Europe,EMEA,Anna Berg,anna.berg@meridiangl.com,C,30,Named Account Tariff,2018-10-28,2018-10-28,9999-12-31,1,1,2557
CUS1963,Granite Consumer Goods Ltd,NVOCC,FMCG,Mid-Market,,,ID,Indonesia,SE Asia,APAC,Wei Silva,wei.silva@meridiangl.com,B,30,Spot,2018-07-10,2018-07-10,2026-01-14,0,1,2558
CUS1963,Granite Consumer Goods Ltd,NVOCC,FMCG,National,,,ID,Indonesia,SE Asia,APAC,Yuki Torres,yuki.torres@meridiangl.com,A,30,Spot,2018-07-10,2026-01-15,9999-12-31,1,2,2559
CUS1964,Elmfield Agro Group,BCO,Agriculture,Mid-Market,,,JP,Japan,East Asia,APAC,Yuki Torres,yuki.torres@meridiangl.com,C,30,Long-Term Contract,2017-11-12,2017-11-12,2025-03-02,0,1,2560
CUS1964,Elmfield Agro Group,BCO,Agriculture,SME,,,JP,Japan,East Asia,APAC,Yuki Torres,yuki.torres@meridiangl.com,A,30,Spot,2017-11-12,2025-03-03,9999-12-31,1,2,2561
CUS1965,Sterling Technologies LLC,BCO,Electronics,Mid-Market,,,ES,Spain,Mediterranean,EMEA,Ingrid O'Brien,ingrid.obrien@meridiangl.com,D,30,Named Account Tariff,2020-11-24,2020-11-24,9999-12-31,1,1,2562
CUS1966,Deerfield FMCG Corp,SME Direct,FMCG,National,,,CN,China,East Asia,APAC,Maria Sharma,maria.sharma@meridiangl.com,B,0,Spot,2019-10-19,2019-10-19,9999-12-31,1,1,2563
CUS1967,Lonestar Textiles Inc,Freight Forwarder,Textiles,Mid-Market,,,ID,Indonesia,SE Asia,APAC,Fatima Chen,fatima.chen@meridiangl.com,C,60,Spot,2015-04-26,2015-04-26,9999-12-31,1,1,2564
CUS1968,Greystone Garments Co.,Freight Forwarder,Textiles,Mid-Market,CUS2530,Eastridge Alloys Pte Ltd,TR,Turkey,Mediterranean,EMEA,Wei Silva,wei.silva@meridiangl.com,C,30,Spot,2021-05-27,2021-05-27,9999-12-31,1,1,2565
CUS1969,Southwick Textiles Co.,BCO,Textiles,Global Key Account,,,GB,United Kingdom,N Europe,EMEA,Elena O'Brien,elena.obrien@meridiangl.com,B,60,Long-Term Contract,2019-10-21,2019-10-21,9999-12-31,1,1,2566
CUS1970,Ironbridge Industrial GmbH,3PL,Machinery,Mid-Market,,,AE,United Arab Emirates,Middle East,EMEA,Carlos Al-Farsi,carlos.al-farsi@meridiangl.com,C,30,Named Account Tariff,2015-08-19,2015-08-19,9999-12-31,1,1,2567
CUS1971,Thornwell Garments PLC,SME Direct,Textiles,Global Key Account,,,MY,Malaysia,SE Asia,APAC,Maria Sharma,maria.sharma@meridiangl.com,A,45,Long-Term Contract,2025-03-27,2025-03-27,9999-12-31,1,1,2568
CUS1972,Hillcrest Pharmaceuticals Holdings,Freight Forwarder,Pharma,Mid-Market,,,VN,Vietnam,SE Asia,APAC,Priya O'Brien,priya.obrien@meridiangl.com,C,15,Named Account Tariff,2020-11-18,2020-11-18,2022-04-08,0,1,2569
CUS1972,Hillcrest Pharmaceuticals Holdings,Freight Forwarder,Pharma,SME,,,VN,Vietnam,SE Asia,APAC,Carlos Al-Farsi,carlos.al-farsi@meridiangl.com,C,15,Long-Term Contract,2020-11-18,2022-04-09,9999-12-31,1,2,2570
CUS1973,Brightwater Alloys Ltd,SME Direct,Metals,SME,CUS0255,Thornwell Motors S.A.,ID,Indonesia,SE Asia,APAC,Hassan Nguyen,hassan.nguyen@meridiangl.com,C,15,Spot,2015-03-13,2015-03-13,9999-12-31,1,1,2571
CUS1974,Solstice Mercantile Inc,BCO,Retail,National,,,TH,Thailand,SE Asia,APAC,Fatima O'Brien,fatima.obrien@meridiangl.com,C,30,Long-Term Contract,2024-11-11,2024-11-11,9999-12-31,1,1,2572
CUS1975,Cedarline Metals PLC,BCO,Metals,Mid-Market,,,MX,Mexico,LatAm West,Americas,Ingrid Tanaka,ingrid.tanaka@meridiangl.com,D,0,Long-Term Contract,2016-10-18,2016-10-18,9999-12-31,1,1,2573
CUS1976,Marlowe Trading Co.,BCO,Retail,SME,CUS0111,Cobalt Consumer Goods GmbH,KR,South Korea,East Asia,APAC,Ahmed Nguyen,ahmed.nguyen@meridiangl.com,B,60,Named Account Tariff,2020-10-18,2020-10-18,9999-12-31,1,1,2574
CUS1977,Vertex Petrochemicals Ltd,BCO,Energy,SME,,,CL,Chile,LatAm West,Americas,Carlos Haddad,carlos.haddad@meridiangl.com,A,60,Named Account Tariff,2018-12-04,2018-12-04,9999-12-31,1,1,2575
CUS1978,Elmfield Energy Inc,SME Direct,Energy,SME,,,BR,Brazil,LatAm East,Americas,Grace Osei,grace.osei@meridiangl.com,C,45,Named Account Tariff,2023-02-21,2023-02-21,2025-01-30,0,1,2576
CUS1978,Elmfield Energy Inc,SME Direct,Energy,Mid-Market,,,BR,Brazil,LatAm East,Americas,Yuki Kowalski,yuki.kowalski@meridiangl.com,C,45,Named Account Tariff,2023-02-21,2025-01-31,9999-12-31,1,2,2577
CUS1979,Solstice Garments Inc,Freight Forwarder,Textiles,National,,,JP,Japan,East Asia,APAC,Liam O'Brien,liam.obrien@meridiangl.com,C,30,Spot,2020-10-09,2020-10-09,9999-12-31,1,1,2578
CUS1980,Quarrystone Mercantile B.V.,BCO,Retail,Mid-Market,,,MY,Malaysia,SE Asia,APAC,Ahmed Torres,ahmed.torres@meridiangl.com,A,15,Spot,2017-08-21,2017-08-21,9999-12-31,1,1,2579
CUS1981,Deerfield Alloys Holdings,BCO,Metals,Mid-Market,,,IN,India,South Asia,APAC,Kenji Tanaka,kenji.tanaka@meridiangl.com,B,60,Long-Term Contract,2016-11-29,2016-11-29,9999-12-31,1,1,2580
CUS1982,Lonestar Chemicals Pte Ltd,BCO,Chemicals,Mid-Market,,,TW,Taiwan,East Asia,APAC,Sofia Tanaka,sofia.tanaka@meridiangl.com,A,45,Long-Term Contract,2021-04-29,2021-04-29,2024-02-21,0,1,2581
CUS1982,Lonestar Chemicals Pte Ltd,BCO,Chemicals,SME,,,TW,Taiwan,East Asia,APAC,Carlos Al-Farsi,carlos.al-farsi@meridiangl.com,C,45,Spot,2021-04-29,2024-02-22,9999-12-31,1,2,2582
CUS1983,Greystone Life Sciences Corp,BCO,Pharma,SME,,,FR,France,N Europe,EMEA,Carlos Sharma,carlos.sharma@meridiangl.com,D,15,Named Account Tariff,2016-12-21,2016-12-21,9999-12-31,1,1,2583
CUS1984,Cobalt Technologies Corp,3PL,Electronics,SME,,,NL,Netherlands,N Europe,EMEA,James Larsson,james.larsson@meridiangl.com,D,15,Spot,2015-04-07,2015-04-07,9999-12-31,1,1,2584
CUS1985,Ridgemont Foods LLC,BCO,FMCG,Global Key Account,,,KR,South Korea,East Asia,APAC,Ahmed Rossi,ahmed.rossi@meridiangl.com,B,30,Named Account Tariff,2023-07-07,2023-07-07,9999-12-31,1,1,2585
CUS1986,Onyx Petrochemicals Ltd,3PL,Energy,SME,,,SG,Singapore,SE Asia,APAC,Maria Sharma,maria.sharma@meridiangl.com,B,30,Spot,2015-02-24,2015-02-24,9999-12-31,1,1,2586
CUS1987,Junction Power Corp,Freight Forwarder,Energy,Mid-Market,CUS2545,Millbrook Motors Ltd,ZA,South Africa,Africa,EMEA,Carlos Ferreira,carlos.ferreira@meridiangl.com,D,45,Long-Term Contract,2020-10-27,2020-10-27,9999-12-31,1,1,2587
CUS1988,Equator Industrial S.A.,Freight Forwarder,Machinery,Mid-Market,,,CA,Canada,N America East,Americas,Liam O'Brien,liam.obrien@meridiangl.com,B,60,Spot,2022-08-13,2022-08-13,9999-12-31,1,1,2588
CUS1989,Quarrystone Consumer Goods Ltd,Freight Forwarder,FMCG,Mid-Market,,,SA,Saudi Arabia,Middle East,EMEA,Elena Haddad,elena.haddad@meridiangl.com,C,60,Spot,2015-12-24,2015-12-24,9999-12-31,1,1,2589
CUS1990,Palisade Engineering Corp,SME Direct,Machinery,Mid-Market,,,CA,Canada,N America East,Americas,Elena Berg,elena.berg@meridiangl.com,C,30,Spot,2015-12-13,2015-12-13,2020-07-28,0,1,2590
CUS1990,Palisade Engineering Corp,SME Direct,Machinery,National,,,CA,Canada,N America East,Americas,Elena Berg,elena.berg@meridiangl.com,C,30,Named Account Tariff,2015-12-13,2020-07-29,9999-12-31,1,2,2591
CUS1991,Juniper Power Ltd,SME Direct,Energy,SME,,,SG,Singapore,SE Asia,APAC,Fatima O'Brien,fatima.obrien@meridiangl.com,D,15,Spot,2024-06-08,2024-06-08,2025-05-29,0,1,2592
CUS1991,Juniper Power Ltd,SME Direct,Energy,Mid-Market,,,SG,Singapore,SE Asia,APAC,Fatima O'Brien,fatima.obrien@meridiangl.com,D,15,Spot,2024-06-08,2025-05-30,9999-12-31,1,2,2593
CUS1992,Underhill Petrochemicals Holdings,SME Direct,Energy,SME,,,FR,France,N Europe,EMEA,Grace Larsson,grace.larsson@meridiangl.com,B,15,Spot,2021-08-27,2021-08-27,2026-08-14,0,1,2594
CUS1992,Underhill Petrochemicals Holdings,SME Direct,Energy,SME,,,FR,France,N Europe,EMEA,Carlos Sharma,carlos.sharma@meridiangl.com,D,15,Spot,2021-08-27,2026-08-15,9999-12-31,1,2,2595
CUS1993,Wellspring FMCG Group,Freight Forwarder,FMCG,Global Key Account,,,NL,Netherlands,N Europe,EMEA,Carlos Ferreira,carlos.ferreira@meridiangl.com,A,45,Spot,2024-10-24,2024-10-24,9999-12-31,1,1,2596
CUS1994,Thornwell Energy Inc,BCO,Energy,SME,,,GB,United Kingdom,N Europe,EMEA,Ahmed Nguyen,ahmed.nguyen@meridiangl.com,C,30,Spot,2020-01-03,2020-01-03,9999-12-31,1,1,2597
CUS1995,Lakemoor Farms Pte Ltd,Freight Forwarder,Agriculture,National,,,CA,Canada,N America East,Americas,Wei Tanaka,wei.tanaka@meridiangl.com,B,60,Long-Term Contract,2017-10-20,2017-10-20,9999-12-31,1,1,2598
CUS1996,Mosaic Farms Pte Ltd,Freight Forwarder,Agriculture,Mid-Market,,,AU,Australia,Oceania,ANZ,Ahmed Nguyen,ahmed.nguyen@meridiangl.com,B,30,Named Account Tariff,2015-12-04,2015-12-04,9999-12-31,1,1,2599
CUS1997,Everest Semiconductor GmbH,NVOCC,Electronics,Mid-Market,CUS1885,Onyx FMCG LLC,AE,United Arab Emirates,Middle East,EMEA,Carlos Al-Farsi,carlos.al-farsi@meridiangl.com,C,30,Named Account Tariff,2020-12-16,2020-12-16,2025-08-27,0,1,2600
CUS1997,Everest Semiconductor GmbH,NVOCC,Electronics,SME,CUS1885,Onyx FMCG LLC,AE,United Arab Emirates,Middle East,EMEA,Ahmed Rossi,ahmed.rossi@meridiangl.com,A,30,Spot,2020-12-16,2025-08-28,9999-12-31,1,2,2601
CUS1998,Brookline Agri-Foods B.V.,Freight Forwarder,Agriculture,Mid-Market,,,BR,Brazil,LatAm East,Americas,Diego Yamamoto,diego.yamamoto@meridiangl.com,C,30,Spot,2024-02-29,2024-02-29,2026-01-01,0,1,2602
CUS1998,Brookline Agri-Foods B.V.,Freight Forwarder,Agriculture,Mid-Market,,,BR,Brazil,LatAm East,Americas,Diego Yamamoto,diego.yamamoto@meridiangl.com,A,30,Spot,2024-02-29,2026-01-02,9999-12-31,1,2,2603
CUS1999,Dockside Chemical Industries PLC,NVOCC,Chemicals,SME,CUS2749,Sterling Pharmaceuticals Pte Ltd,GB,United Kingdom,N Europe,EMEA,Fatima Tanaka,fatima.tanaka@meridiangl.com,C,15,Spot,2024-04-19,2024-04-19,9999-12-31,1,1,2604
CUS2000,Beacon Machinery Group,BCO,Machinery,National,CUS2628,Junction Steel Inc,GB,United Kingdom,N Europe,EMEA,Ingrid O'Brien,ingrid.obrien@meridiangl.com,B,45,Named Account Tariff,2016-01-31,2016-01-31,9999-12-31,1,1,2605
CUS2001,Hillcrest Industrial Inc,BCO,Machinery,Mid-Market,,,CN,China,East Asia,APAC,Ahmed Novak,ahmed.novak@meridiangl.com,D,0,Named Account Tariff,2021-01-28,2021-01-28,9999-12-31,1,1,2606
CUS2002,Wellspring Pharmaceuticals Group,BCO,Pharma,National,,,CN,China,East Asia,APAC,Sofia Larsson,sofia.larsson@meridiangl.com,A,15,Long-Term Contract,2020-09-29,2020-09-29,9999-12-31,1,1,2607
CUS2003,Zenith Engineering Pte Ltd,BCO,Machinery,Mid-Market,CUS1586,Cedarline Alloys GmbH,SA,Saudi Arabia,Middle East,EMEA,Wei Tanaka,wei.tanaka@meridiangl.com,C,0,Named Account Tariff,2019-03-28,2019-03-28,9999-12-31,1,1,2608
CUS2004,Ironbridge Chemicals PLC,NVOCC,Chemicals,Mid-Market,,,ZA,South Africa,Africa,EMEA,Fatima Chen,fatima.chen@meridiangl.com,D,30,Long-Term Contract,2020-12-09,2020-12-09,9999-12-31,1,1,2609
CUS2005,Glenmoor Pharmaceuticals Holdings,BCO,Pharma,SME,CUS2541,Equator Automotive Inc,AE,United Arab Emirates,Middle East,EMEA,Elena Haddad,elena.haddad@meridiangl.com,C,30,Named Account Tariff,2021-01-21,2021-01-21,9999-12-31,1,1,2610
CUS2006,Redwood Agri-Foods LLC,3PL,Agriculture,SME,,,CA,Canada,N America East,Americas,Liam O'Brien,liam.obrien@meridiangl.com,D,0,Named Account Tariff,2024-03-02,2024-03-02,9999-12-31,1,1,2611
CUS2007,Hillcrest Machinery Ltd,Freight Forwarder,Machinery,SME,,,TW,Taiwan,East Asia,APAC,Fatima Tanaka,fatima.tanaka@meridiangl.com,B,0,Spot,2015-06-24,2015-06-24,9999-12-31,1,1,2612
CUS2008,Monsoon Power Co.,BCO,Energy,SME,,,ID,Indonesia,SE Asia,APAC,Yuki Torres,yuki.torres@meridiangl.com,D,15,Spot,2017-09-18,2017-09-18,2024-12-31,0,1,2613
CUS2008,Monsoon Power Co.,BCO,Energy,SME,,,ID,Indonesia,SE Asia,APAC,Ahmed Novak,ahmed.novak@meridiangl.com,D,15,Named Account Tariff,2017-09-18,2025-01-01,9999-12-31,1,2,2614
CUS2009,Cobalt FMCG S.A.,Freight Forwarder,FMCG,SME,,,FR,France,N Europe,EMEA,Wei Tanaka,wei.tanaka@meridiangl.com,D,0,Named Account Tariff,2016-03-17,2016-03-17,9999-12-31,1,1,2615
CUS2010,Granite Automotive Pte Ltd,NVOCC,Automotive,SME,,,CN,China,East Asia,APAC,Carlos Al-Farsi,carlos.al-farsi@meridiangl.com,B,30,Named Account Tariff,2024-07-29,2024-07-29,9999-12-31,1,1,2616
CUS2011,Juniper FMCG Ltd,BCO,FMCG,SME,,,US,United States,N America East,Americas,James Larsson,james.larsson@meridiangl.com,C,30,Spot,2021-07-17,2021-07-17,9999-12-31,1,1,2617
CUS2012,Quarrystone Consumer Goods PLC,BCO,FMCG,SME,CUS1586,Cedarline Alloys GmbH,IN,India,South Asia,APAC,Elena Tanaka,elena.tanaka@meridiangl.com,D,45,Spot,2018-09-01,2018-09-01,9999-12-31,1,1,2618
CUS2013,Vertex Chemical Industries S.A.,SME Direct,Chemicals,SME,,,HK,Hong Kong,East Asia,APAC,Ahmed Nguyen,ahmed.nguyen@meridiangl.com,C,0,Spot,2015-03-08,2015-03-08,9999-12-31,1,1,2619
CUS2014,Clearwater Foods Holdings,BCO,FMCG,SME,,,GB,United Kingdom,N Europe,EMEA,Ahmed Torres,ahmed.torres@meridiangl.com,A,45,Named Account Tariff,2021-06-27,2021-06-27,2024-11-19,0,1,2620
CUS2014,Clearwater Foods Holdings,BCO,FMCG,National,,,GB,United Kingdom,N Europe,EMEA,Ahmed Torres,ahmed.torres@meridiangl.com,A,45,Named Account Tariff,2021-06-27,2024-11-20,9999-12-31,1,2,2621
CUS2015,Wellspring Semiconductor Ltd,Freight Forwarder,Electronics,Mid-Market,,,IT,Italy,Mediterranean,EMEA,Wei Silva,wei.silva@meridiangl.com,D,30,Named Account Tariff,2017-12-20,2017-12-20,9999-12-31,1,1,2622
CUS2016,Ashford Power Ltd,NVOCC,Energy,SME,,,TW,Taiwan,East Asia,APAC,Ahmed Nguyen,ahmed.nguyen@meridiangl.com,B,30,Spot,2020-08-11,2020-08-11,2025-08-28,0,1,2623
CUS2016,Ashford Power Ltd,NVOCC,Energy,Mid-Market,,,TW,Taiwan,East Asia,APAC,Ahmed Nguyen,ahmed.nguyen@meridiangl.com,B,30,Spot,2020-08-11,2025-08-29,9999-12-31,1,2,2624
CUS2017,Onyx Pharma PLC,BCO,Pharma,Mid-Market,,,US,United States,N America East,Americas,Sofia Tanaka,sofia.tanaka@meridiangl.com,B,45,Spot,2017-11-16,2017-11-16,2026-02-18,0,1,2625
CUS2017,Onyx Pharma PLC,BCO,Pharma,Mid-Market,,,US,United States,N America East,Americas,Sofia Larsson,sofia.larsson@meridiangl.com,A,45,Spot,2017-11-16,2026-02-19,9999-12-31,1,2,2626
CUS2018,Southwick Semiconductor GmbH,BCO,Electronics,Mid-Market,,,IT,Italy,Mediterranean,EMEA,Kenji Tanaka,kenji.tanaka@meridiangl.com,B,45,Named Account Tariff,2016-01-08,2016-01-08,9999-12-31,1,1,2627
CUS2019,Eastridge Pharmaceuticals Co.,SME Direct,Pharma,Mid-Market,,,AE,United Arab Emirates,Middle East,EMEA,Yuki Torres,yuki.torres@meridiangl.com,C,15,Named Account Tariff,2017-12-16,2017-12-16,9999-12-31,1,1,2628
CUS2020,Ashgrove Motors GmbH,3PL,Automotive,Mid-Market,,,TR,Turkey,Mediterranean,EMEA,Yuki O'Brien,yuki.obrien@meridiangl.com,B,15,Named Account Tariff,2016-01-13,2016-01-13,9999-12-31,1,1,2629
CUS2021,Cobalt Energy Holdings,Freight Forwarder,Energy,Mid-Market,,,GB,United Kingdom,N Europe,EMEA,Ingrid Nguyen,ingrid.nguyen@meridiangl.com,B,30,Named Account Tariff,2024-01-28,2024-01-28,2026-03-29,0,1,2630
CUS2021,Cobalt Energy Holdings,Freight Forwarder,Energy,SME,,,GB,United Kingdom,N Europe,EMEA,Ingrid Nguyen,ingrid.nguyen@meridiangl.com,B,30,Named Account Tariff,2024-01-28,2026-03-30,9999-12-31,1,2,2631
CUS2022,Southwick Retail Holdings,Freight Forwarder,Retail,Mid-Market,,,TH,Thailand,SE Asia,APAC,Ingrid O'Brien,ingrid.obrien@meridiangl.com,D,0,Long-Term Contract,2015-05-08,2015-05-08,2019-08-03,0,1,2632
CUS2022,Southwick Retail Holdings,Freight Forwarder,Retail,National,,,TH,Thailand,SE Asia,APAC,Yuki Kowalski,yuki.kowalski@meridiangl.com,D,0,Long-Term Contract,2015-05-08,2019-08-04,9999-12-31,1,2,2633
CUS2023,Valleyforge Auto Parts Holdings,BCO,Automotive,SME,,,HK,Hong Kong,East Asia,APAC,Diego Yamamoto,diego.yamamoto@meridiangl.com,D,0,Long-Term Contract,2015-10-20,2015-10-20,2026-02-18,0,1,2634
CUS2023,Valleyforge Auto Parts Holdings,BCO,Automotive,Mid-Market,,,HK,Hong Kong,East Asia,APAC,Diego Yamamoto,diego.yamamoto@meridiangl.com,D,0,Long-Term Contract,2015-10-20,2026-02-19,9999-12-31,1,2,2635
CUS2024,Voyager Alloys Pte Ltd,3PL,Metals,SME,CUS1969,Southwick Textiles Co.,CN,China,East Asia,APAC,Sofia Larsson,sofia.larsson@meridiangl.com,C,30,Named Account Tariff,2018-06-09,2018-06-09,9999-12-31,1,1,2636
CUS2025,Cedarline Agri-Foods GmbH,SME Direct,Agriculture,SME,,,NL,Netherlands,N Europe,EMEA,Ingrid O'Brien,ingrid.obrien@meridiangl.com,C,30,Spot,2017-12-21,2017-12-21,9999-12-31,1,1,2637
CUS2026,Juniper Machinery LLC,NVOCC,Machinery,Mid-Market,CUS0384,Nova Machinery S.A.,TH,Thailand,SE Asia,APAC,Elena Tanaka,elena.tanaka@meridiangl.com,C,15,Spot,2019-05-01,2019-05-01,9999-12-31,1,1,2638
CUS2027,Kestrel Steel LLC,Freight Forwarder,Metals,Mid-Market,,,TW,Taiwan,East Asia,APAC,Elena Haddad,elena.haddad@meridiangl.com,C,15,Long-Term Contract,2017-10-14,2017-10-14,9999-12-31,1,1,2639
CUS2028,Skyline Electronics Inc,BCO,Electronics,Mid-Market,,,TW,Taiwan,East Asia,APAC,Ingrid O'Brien,ingrid.obrien@meridiangl.com,B,15,Spot,2026-05-25,2026-05-25,9999-12-31,1,1,2640
CUS2029,Fairhaven Motors Pte Ltd,Freight Forwarder,Automotive,Mid-Market,CUS1885,Onyx FMCG LLC,BE,Belgium,N Europe,EMEA,Carlos Ferreira,carlos.ferreira@meridiangl.com,C,30,Named Account Tariff,2018-01-21,2018-01-21,2019-08-25,0,1,2641
CUS2029,Fairhaven Motors Pte Ltd,Freight Forwarder,Automotive,National,CUS1885,Onyx FMCG LLC,BE,Belgium,N Europe,EMEA,Carlos Ferreira,carlos.ferreira@meridiangl.com,B,30,Long-Term Contract,2018-01-21,2019-08-26,9999-12-31,1,2,2642
CUS2030,Brightwater Electronics Corp,NVOCC,Electronics,SME,,,NZ,New Zealand,Oceania,ANZ,Priya Ferreira,priya.ferreira@meridiangl.com,C,45,Spot,2020-11-14,2020-11-14,9999-12-31,1,1,2643
CUS2031,Cobalt Farms Co.,BCO,Agriculture,Mid-Market,,,IT,Italy,Mediterranean,EMEA,Carlos Sharma,carlos.sharma@meridiangl.com,C,30,Spot,2026-06-20,2026-06-20,2026-08-12,0,1,2644
CUS2031,Cobalt Farms Co.,BCO,Agriculture,National,,,IT,Italy,Mediterranean,EMEA,Carlos Sharma,carlos.sharma@meridiangl.com,C,30,Long-Term Contract,2026-06-20,2026-08-13,9999-12-31,1,2,2645
CUS2032,Solstice Foods Ltd,BCO,FMCG,Mid-Market,CUS2784,Cedarline Motors B.V.,BR,Brazil,LatAm East,Americas,Wei Silva,wei.silva@meridiangl.com,D,0,Spot,2024-08-28,2024-08-28,9999-12-31,1,1,2646
CUS2033,Lonestar Foods B.V.,BCO,FMCG,National,,,HK,Hong Kong,East Asia,APAC,Yuki Ramirez,yuki.ramirez@meridiangl.com,B,45,Named Account Tariff,2024-02-08,2024-02-08,9999-12-31,1,1,2647
CUS2034,Harborview Auto Parts Pte Ltd,3PL,Automotive,Mid-Market,,,DE,Germany,N Europe,EMEA,Ahmed Novak,ahmed.novak@meridiangl.com,C,0,Named Account Tariff,2019-11-07,2019-11-07,9999-12-31,1,1,2648
CUS2035,Kestrel Garments S.A.,3PL,Textiles,National,,,ES,Spain,Mediterranean,EMEA,Maria Sharma,maria.sharma@meridiangl.com,D,0,Spot,2023-06-10,2023-06-10,2024-01-24,0,1,2649
CUS2035,Kestrel Garments S.A.,3PL,Textiles,SME,,,ES,Spain,Mediterranean,EMEA,Sofia Tanaka,sofia.tanaka@meridiangl.com,A,0,Named Account Tariff,2023-06-10,2024-01-25,9999-12-31,1,2,2650
CUS2036,Sentinel Farms LLC,BCO,Agriculture,National,,,TW,Taiwan,East Asia,APAC,Fatima Chen,fatima.chen@meridiangl.com,C,30,Named Account Tariff,2019-06-28,2019-06-28,9999-12-31,1,1,2651
CUS2037,Mosaic Retail Inc,NVOCC,Retail,National,,,CL,Chile,LatAm West,Americas,Grace Larsson,grace.larsson@meridiangl.com,A,60,Named Account Tariff,2023-12-04,2023-12-04,9999-12-31,1,1,2652
CUS2038,Clearwater Chemicals Group,3PL,Chemicals,Mid-Market,,,FR,France,N Europe,EMEA,Grace Larsson,grace.larsson@meridiangl.com,B,30,Spot,2022-03-03,2022-03-03,9999-12-31,1,1,2653
CUS2039,Skyline Steel Co.,BCO,Metals,Global Key Account,,,SA,Saudi Arabia,Middle East,EMEA,Wei Tanaka,wei.tanaka@meridiangl.com,C,30,Named Account Tariff,2018-09-13,2018-09-13,9999-12-31,1,1,2654
CUS2040,Everest Textiles Pte Ltd,Freight Forwarder,Textiles,National,,,ID,Indonesia,SE Asia,APAC,Carlos Haddad,carlos.haddad@meridiangl.com,C,30,Named Account Tariff,2024-02-24,2024-02-24,9999-12-31,1,1,2655
CUS2041,Juniper Industrial PLC,3PL,Machinery,SME,CUS2555,Lakemoor Metals LLC,CN,China,East Asia,APAC,Elena Haddad,elena.haddad@meridiangl.com,D,30,Spot,2018-07-08,2018-07-08,2025-09-09,0,1,2656
CUS2041,Juniper Industrial PLC,3PL,Machinery,SME,CUS2555,Lakemoor Metals LLC,CN,China,East Asia,APAC,Elena Haddad,elena.haddad@meridiangl.com,C,30,Spot,2018-07-08,2025-09-10,9999-12-31,1,2,2657
CUS2042,Solstice Apparel Pte Ltd,BCO,Textiles,SME,CUS0191,Cobalt Agro LLC,TH,Thailand,SE Asia,APAC,Fatima Chen,fatima.chen@meridiangl.com,B,30,Spot,2020-09-28,2020-09-28,9999-12-31,1,1,2658
CUS2043,Onyx Trading S.A.,Freight Forwarder,Retail,National,,,US,United States,N America East,Americas,Kenji Tanaka,kenji.tanaka@meridiangl.com,A,45,Named Account Tariff,2022-01-07,2022-01-07,9999-12-31,1,1,2659
CUS2044,Brookline Retail LLC,BCO,Retail,National,,,VN,Vietnam,SE Asia,APAC,Yuki Ramirez,yuki.ramirez@meridiangl.com,B,30,Spot,2022-09-03,2022-09-03,9999-12-31,1,1,2660
CUS2045,Beacon Life Sciences S.A.,Freight Forwarder,Pharma,SME,,,MX,Mexico,LatAm West,Americas,Ingrid O'Brien,ingrid.obrien@meridiangl.com,D,15,Named Account Tariff,2024-11-22,2024-11-22,9999-12-31,1,1,2661
CUS2046,Ridgemont Agro Group,3PL,Agriculture,Mid-Market,,,TH,Thailand,SE Asia,APAC,Priya O'Brien,priya.obrien@meridiangl.com,D,30,Spot,2020-04-08,2020-04-08,9999-12-31,1,1,2662
CUS2047,Everest Chemical Industries Co.,BCO,Chemicals,Mid-Market,,,CA,Canada,N America East,Americas,Sofia Larsson,sofia.larsson@meridiangl.com,C,60,Spot,2020-02-21,2020-02-21,9999-12-31,1,1,2663
CUS2048,Redwood Farms GmbH,BCO,Agriculture,SME,,,DE,Germany,N Europe,EMEA,Diego Yamamoto,diego.yamamoto@meridiangl.com,C,15,Spot,2017-07-14,2017-07-14,2017-11-02,0,1,2664
CUS2048,Redwood Farms GmbH,BCO,Agriculture,National,,,DE,Germany,N Europe,EMEA,Sofia Larsson,sofia.larsson@meridiangl.com,A,15,Long-Term Contract,2017-07-14,2017-11-03,9999-12-31,1,2,2665
CUS2049,Harborview Agro Co.,Freight Forwarder,Agriculture,SME,,,CL,Chile,LatAm West,Americas,Priya Ferreira,priya.ferreira@meridiangl.com,C,45,Spot,2021-08-18,2021-08-18,2022-04-17,0,1,2666
CUS2049,Harborview Agro Co.,Freight Forwarder,Agriculture,National,,,CL,Chile,LatAm West,Americas,Diego Kowalski,diego.kowalski@meridiangl.com,D,45,Long-Term Contract,2021-08-18,2022-04-18,9999-12-31,1,2,2667
CUS2050,Hillcrest Steel GmbH,SME Direct,Metals,Mid-Market,,,CL,Chile,LatAm West,Americas,James Larsson,james.larsson@meridiangl.com,D,0,Named Account Tariff,2023-12-03,2023-12-03,9999-12-31,1,1,2668
CUS2051,Sterling Agro Pte Ltd,BCO,Agriculture,Mid-Market,,,CA,Canada,N America East,Americas,Liam O'Brien,liam.obrien@meridiangl.com,C,15,Long-Term Contract,2015-02-28,2015-02-28,9999-12-31,1,1,2669
CUS2052,Nightingale Petrochemicals PLC,NVOCC,Energy,Mid-Market,,,AU,Australia,Oceania,ANZ,Anna Berg,anna.berg@meridiangl.com,A,60,Named Account Tariff,2023-11-14,2023-11-14,2026-05-19,0,1,2670
CUS2052,Nightingale Petrochemicals PLC,NVOCC,Energy,Mid-Market,,,AU,Australia,Oceania,ANZ,Anna Berg,anna.berg@meridiangl.com,A,60,Spot,2023-11-14,2026-05-20,9999-12-31,1,2,2671
CUS2053,Everest Industrial Holdings,3PL,Machinery,Mid-Market,CUS1336,Deerfield Agri-Foods S.A.,CA,Canada,N America East,Americas,Yuki Torres,yuki.torres@meridiangl.com,D,0,Long-Term Contract,2018-03-04,2018-03-04,9999-12-31,1,1,2672
CUS2054,Thornwell Chemicals Inc,BCO,Chemicals,Mid-Market,CUS1275,Millbrook Semiconductor LLC,HK,Hong Kong,East Asia,APAC,Yuki O'Brien,yuki.obrien@meridiangl.com,C,15,Long-Term Contract,2025-10-27,2025-10-27,9999-12-31,1,1,2673
CUS2055,Palisade Textiles LLC,Freight Forwarder,Textiles,SME,,,CA,Canada,N America East,Americas,Ingrid Ferreira,ingrid.ferreira@meridiangl.com,C,30,Spot,2020-01-11,2020-01-11,2022-12-08,0,1,2674
CUS2055,Palisade Textiles LLC,Freight Forwarder,Textiles,Mid-Market,,,CA,Canada,N America East,Americas,Ingrid Ferreira,ingrid.ferreira@meridiangl.com,C,30,Named Account Tariff,2020-01-11,2022-12-09,9999-12-31,1,2,2675
CUS2056,Quarrystone Steel GmbH,SME Direct,Metals,Mid-Market,,,ZA,South Africa,Africa,EMEA,Carlos Ferreira,carlos.ferreira@meridiangl.com,B,45,Named Account Tariff,2022-09-13,2022-09-13,2025-03-02,0,1,2676
CUS2056,Quarrystone Steel GmbH,SME Direct,Metals,SME,,,ZA,South Africa,Africa,EMEA,Priya Ferreira,priya.ferreira@meridiangl.com,C,45,Spot,2022-09-13,2025-03-03,9999-12-31,1,2,2677
CUS2057,Lakemoor Motors Holdings,BCO,Automotive,Mid-Market,,,HK,Hong Kong,East Asia,APAC,Liam O'Brien,liam.obrien@meridiangl.com,A,30,Spot,2022-10-29,2022-10-29,2026-06-27,0,1,2678
CUS2057,Lakemoor Motors Holdings,BCO,Automotive,National,,,HK,Hong Kong,East Asia,APAC,Wei Tanaka,wei.tanaka@meridiangl.com,C,30,Long-Term Contract,2022-10-29,2026-06-28,9999-12-31,1,2,2679
CUS2058,Junction Chemical Industries Co.,BCO,Chemicals,Mid-Market,,,ID,Indonesia,SE Asia,APAC,Kenji Tanaka,kenji.tanaka@meridiangl.com,C,30,Spot,2017-12-25,2017-12-25,9999-12-31,1,1,2680
CUS2059,Palisade Textiles PLC,BCO,Textiles,National,,,TH,Thailand,SE Asia,APAC,Ingrid Osei,ingrid.osei@meridiangl.com,C,30,Long-Term Contract,2015-06-03,2015-06-03,9999-12-31,1,1,2681
CUS2060,Solstice Engineering Ltd,Freight Forwarder,Machinery,SME,,,KR,South Korea,East Asia,APAC,Grace Osei,grace.osei@meridiangl.com,B,60,Long-Term Contract,2017-02-11,2017-02-11,2025-10-15,0,1,2682
CUS2060,Solstice Engineering Ltd,Freight Forwarder,Machinery,National,,,KR,South Korea,East Asia,APAC,Grace Osei,grace.osei@meridiangl.com,D,60,Spot,2017-02-11,2025-10-16,9999-12-31,1,2,2683
CUS2061,Sterling Pharma Group,BCO,Pharma,National,,,TW,Taiwan,East Asia,APAC,Ingrid Ferreira,ingrid.ferreira@meridiangl.com,C,30,Long-Term Contract,2022-01-02,2022-01-02,9999-12-31,1,1,2684
CUS2062,Lonestar Engineering LLC,3PL,Machinery,SME,,,FR,France,N Europe,EMEA,Priya Ferreira,priya.ferreira@meridiangl.com,B,60,Spot,2021-03-10,2021-03-10,9999-12-31,1,1,2685
CUS2063,Cobalt Industrial LLC,NVOCC,Machinery,Mid-Market,,,TW,Taiwan,East Asia,APAC,Wei Tanaka,wei.tanaka@meridiangl.com,B,45,Named Account Tariff,2020-08-04,2020-08-04,9999-12-31,1,1,2686
CUS2064,Ironwood Chemicals Ltd,3PL,Chemicals,SME,,,NL,Netherlands,N Europe,EMEA,Grace Larsson,grace.larsson@meridiangl.com,C,15,Named Account Tariff,2017-02-28,2017-02-28,9999-12-31,1,1,2687
CUS2065,Wellspring Auto Parts GmbH,BCO,Automotive,Mid-Market,,,BE,Belgium,N Europe,EMEA,Ahmed Torres,ahmed.torres@meridiangl.com,B,45,Long-Term Contract,2017-01-04,2017-01-04,9999-12-31,1,1,2688
CUS2066,Nova Agri-Foods Pte Ltd,NVOCC,Agriculture,Global Key Account,,,KR,South Korea,East Asia,APAC,Ahmed Rossi,ahmed.rossi@meridiangl.com,B,60,Long-Term Contract,2017-05-17,2017-05-17,2022-06-25,0,1,2689
CUS2066,Nova Agri-Foods Pte Ltd,NVOCC,Agriculture,Global Key Account,,,KR,South Korea,East Asia,APAC,Yuki Ramirez,yuki.ramirez@meridiangl.com,D,60,Spot,2017-05-17,2022-06-26,9999-12-31,1,2,2690
CUS2067,Cobalt Life Sciences GmbH,BCO,Pharma,Mid-Market,,,ZA,South Africa,Africa,EMEA,Fatima Tanaka,fatima.tanaka@meridiangl.com,C,15,Spot,2019-05-21,2019-05-21,9999-12-31,1,1,2691
CUS2068,Ivyhill Mercantile S.A.,SME Direct,Retail,National,,,CA,Canada,N America East,Americas,Elena Tanaka,elena.tanaka@meridiangl.com,C,15,Named Account Tariff,2025-09-30,2025-09-30,9999-12-31,1,1,2692
CUS2069,Northgate Stores Inc,Freight Forwarder,Retail,Mid-Market,,,US,United States,N America East,Americas,Elena Haddad,elena.haddad@meridiangl.com,C,30,Named Account Tariff,2016-10-12,2016-10-12,9999-12-31,1,1,2693
CUS2070,Ironbridge Motors GmbH,BCO,Automotive,Mid-Market,,,BE,Belgium,N Europe,EMEA,Ahmed Torres,ahmed.torres@meridiangl.com,A,30,Spot,2023-11-05,2023-11-05,9999-12-31,1,1,2694
CUS2071,Ironbridge Agro Inc,3PL,Agriculture,SME,,,IT,Italy,Mediterranean,EMEA,Maria Sharma,maria.sharma@meridiangl.com,C,30,Named Account Tariff,2025-11-02,2025-11-02,9999-12-31,1,1,2695
CUS2072,Elmfield Energy LLC,SME Direct,Energy,Mid-Market,,,US,United States,N America East,Americas,Yuki O'Brien,yuki.obrien@meridiangl.com,A,30,Named Account Tariff,2021-07-09,2021-07-09,9999-12-31,1,1,2696
CUS2073,Underhill Garments Pte Ltd,BCO,Textiles,National,CUS2281,Nova Energy Corp,ZA,South Africa,Africa,EMEA,Hassan Nguyen,hassan.nguyen@meridiangl.com,B,60,Long-Term Contract,2020-01-19,2020-01-19,9999-12-31,1,1,2697
CUS2074,Eastridge Apparel Co.,3PL,Textiles,National,CUS2443,Glenmoor Automotive Ltd,MX,Mexico,LatAm West,Americas,Carlos Sharma,carlos.sharma@meridiangl.com,B,30,Spot,2025-01-23,2025-01-23,2025-05-21,0,1,2698
CUS2074,Eastridge Apparel Co.,3PL,Textiles,SME,CUS2443,Glenmoor Automotive Ltd,MX,Mexico,LatAm West,Americas,Carlos Sharma,carlos.sharma@meridiangl.com,B,30,Long-Term Contract,2025-01-23,2025-05-22,9999-12-31,1,2,2699
CUS2075,Onyx Automotive Group,Freight Forwarder,Automotive,Mid-Market,CUS0139,Beacon Stores Corp,NZ,New Zealand,Oceania,ANZ,Carlos Ferreira,carlos.ferreira@meridiangl.com,D,30,Spot,2021-03-23,2021-03-23,9999-12-31,1,1,2700
CUS2076,Kingswell Industrial LLC,3PL,Machinery,SME,,,TW,Taiwan,East Asia,APAC,Ingrid Nguyen,ingrid.nguyen@meridiangl.com,C,30,Spot,2023-07-21,2023-07-21,9999-12-31,1,1,2701
CUS2077,Voyager Engineering S.A.,Freight Forwarder,Machinery,National,,,AE,United Arab Emirates,Middle East,EMEA,Ingrid Tanaka,ingrid.tanaka@meridiangl.com,D,15,Named Account Tariff,2020-04-22,2020-04-22,9999-12-31,1,1,2702
CUS2078,Southwick Chemical Industries Ltd,3PL,Chemicals,National,,,TR,Turkey,Mediterranean,EMEA,Elena Haddad,elena.haddad@meridiangl.com,C,0,Long-Term Contract,2015-12-31,2015-12-31,9999-12-31,1,1,2703
CUS2079,Juniper Life Sciences Holdings,NVOCC,Pharma,SME,,,HK,Hong Kong,East Asia,APAC,Ingrid Tanaka,ingrid.tanaka@meridiangl.com,D,30,Long-Term Contract,2024-03-15,2024-03-15,9999-12-31,1,1,2704
CUS2080,Southwick FMCG LLC,SME Direct,FMCG,SME,,,TH,Thailand,SE Asia,APAC,Ahmed Nguyen,ahmed.nguyen@meridiangl.com,D,15,Long-Term Contract,2017-08-15,2017-08-15,2019-08-16,0,1,2705
CUS2080,Southwick FMCG LLC,SME Direct,FMCG,SME,,,TH,Thailand,SE Asia,APAC,Ahmed Nguyen,ahmed.nguyen@meridiangl.com,D,15,Spot,2017-08-15,2019-08-17,9999-12-31,1,2,2706
CUS2081,Greystone Pharmaceuticals B.V.,BCO,Pharma,Mid-Market,,,GB,United Kingdom,N Europe,EMEA,Ahmed Rossi,ahmed.rossi@meridiangl.com,D,15,Spot,2026-02-06,2026-02-06,9999-12-31,1,1,2707
CUS2082,Cobalt Electronics Holdings,BCO,Electronics,Mid-Market,,,TH,Thailand,SE Asia,APAC,Elena Berg,elena.berg@meridiangl.com,C,15,Named Account Tariff,2017-07-24,2017-07-24,9999-12-31,1,1,2708
CUS2083,Nightingale Motors GmbH,3PL,Automotive,Mid-Market,CUS1533,Westbrook Semiconductor GmbH,NZ,New Zealand,Oceania,ANZ,Ahmed Rossi,ahmed.rossi@meridiangl.com,B,60,Spot,2024-08-19,2024-08-19,9999-12-31,1,1,2709
CUS2084,Junction Alloys B.V.,BCO,Metals,National,,,KR,South Korea,East Asia,APAC,Elena O'Brien,elena.obrien@meridiangl.com,B,30,Named Account Tariff,2020-01-28,2020-01-28,2021-06-12,0,1,2710
CUS2084,Junction Alloys B.V.,BCO,Metals,National,,,KR,South Korea,East Asia,APAC,Elena O'Brien,elena.obrien@meridiangl.com,D,30,Named Account Tariff,2020-01-28,2021-06-13,9999-12-31,1,2,2711
CUS2085,Nightingale FMCG Group,BCO,FMCG,Global Key Account,,,JP,Japan,East Asia,APAC,Carlos Ferreira,carlos.ferreira@meridiangl.com,A,45,Long-Term Contract,2017-10-17,2017-10-17,2026-06-16,0,1,2712
CUS2085,Nightingale FMCG Group,BCO,FMCG,Global Key Account,,,JP,Japan,East Asia,APAC,Kenji Tanaka,kenji.tanaka@meridiangl.com,C,45,Spot,2017-10-17,2026-06-17,9999-12-31,1,2,2713
CUS2086,Marlowe Semiconductor Holdings,3PL,Electronics,Global Key Account,,,CN,China,East Asia,APAC,Maria Sharma,maria.sharma@meridiangl.com,B,45,Long-Term Contract,2016-03-24,2016-03-24,9999-12-31,1,1,2714
CUS2087,Dockside Agro B.V.,3PL,Agriculture,Mid-Market,,,VN,Vietnam,SE Asia,APAC,Liam O'Brien,liam.obrien@meridiangl.com,C,15,Long-Term Contract,2025-03-04,2025-03-04,9999-12-31,1,1,2715
CUS2088,Ivyhill Life Sciences Corp,BCO,Pharma,Mid-Market,CUS2304,Solstice Pharmaceuticals Pte Ltd,VN,Vietnam,SE Asia,APAC,Liam O'Brien,liam.obrien@meridiangl.com,D,15,Spot,2020-07-12,2020-07-12,2020-09-01,0,1,2716
CUS2088,Ivyhill Life Sciences Corp,BCO,Pharma,Mid-Market,CUS2304,Solstice Pharmaceuticals Pte Ltd,VN,Vietnam,SE Asia,APAC,Liam O'Brien,liam.obrien@meridiangl.com,C,15,Named Account Tariff,2020-07-12,2020-09-02,9999-12-31,1,2,2717
CUS2089,Beacon Alloys Group,Freight Forwarder,Metals,Mid-Market,,,CN,China,East Asia,APAC,Carlos Haddad,carlos.haddad@meridiangl.com,C,0,Spot,2020-03-22,2020-03-22,2023-12-20,0,1,2718
CUS2089,Beacon Alloys Group,Freight Forwarder,Metals,National,,,CN,China,East Asia,APAC,Carlos Haddad,carlos.haddad@meridiangl.com,C,0,Named Account Tariff,2020-03-22,2023-12-21,9999-12-31,1,2,2719
CUS2090,Valleyforge Semiconductor B.V.,BCO,Electronics,Mid-Market,,,ID,Indonesia,SE Asia,APAC,Yuki Torres,yuki.torres@meridiangl.com,B,30,Spot,2016-01-05,2016-01-05,2021-10-19,0,1,2720
CUS2090,Valleyforge Semiconductor B.V.,BCO,Electronics,National,,,ID,Indonesia,SE Asia,APAC,Yuki Torres,yuki.torres@meridiangl.com,D,30,Long-Term Contract,2016-01-05,2021-10-20,9999-12-31,1,2,2721
CUS2091,Solstice Motors Inc,BCO,Automotive,Mid-Market,,,SA,Saudi Arabia,Middle East,EMEA,Elena Haddad,elena.haddad@meridiangl.com,D,15,Spot,2020-12-13,2020-12-13,9999-12-31,1,1,2722
CUS2092,Nova Steel B.V.,Freight Forwarder,Metals,Global Key Account,,,ZA,South Africa,Africa,EMEA,James Larsson,james.larsson@meridiangl.com,A,60,Long-Term Contract,2019-09-13,2019-09-13,9999-12-31,1,1,2723
CUS2093,Oakford Agro B.V.,SME Direct,Agriculture,Mid-Market,,,AU,Australia,Oceania,ANZ,Maria Sharma,maria.sharma@meridiangl.com,C,0,Spot,2018-10-13,2018-10-13,2019-01-08,0,1,2724
CUS2093,Oakford Agro B.V.,SME Direct,Agriculture,Mid-Market,,,AU,Australia,Oceania,ANZ,Maria Sharma,maria.sharma@meridiangl.com,A,0,Named Account Tariff,2018-10-13,2019-01-09,9999-12-31,1,2,2725
CUS2094,Juniper Mercantile Pte Ltd,Freight Forwarder,Retail,Mid-Market,,,ZA,South Africa,Africa,EMEA,Yuki Kowalski,yuki.kowalski@meridiangl.com,B,60,Named Account Tariff,2026-02-20,2026-02-20,9999-12-31,1,1,2726
CUS2095,Solstice Power LLC,3PL,Energy,Mid-Market,,,SG,Singapore,SE Asia,APAC,Sofia Tanaka,sofia.tanaka@meridiangl.com,A,45,Long-Term Contract,2020-09-22,2020-09-22,9999-12-31,1,1,2727
CUS2096,Equator Textiles B.V.,BCO,Textiles,Mid-Market,,,IT,Italy,Mediterranean,EMEA,Elena Tanaka,elena.tanaka@meridiangl.com,B,30,Named Account Tariff,2022-11-02,2022-11-02,9999-12-31,1,1,2728
CUS2097,Aurora Chemical Industries Ltd,NVOCC,Chemicals,Mid-Market,,,IN,India,South Asia,APAC,Kenji Tanaka,kenji.tanaka@meridiangl.com,D,30,Named Account Tariff,2016-11-01,2016-11-01,2025-09-12,0,1,2729
CUS2097,Aurora Chemical Industries Ltd,NVOCC,Chemicals,Mid-Market,,,IN,India,South Asia,APAC,Kenji Tanaka,kenji.tanaka@meridiangl.com,A,30,Long-Term Contract,2016-11-01,2025-09-13,9999-12-31,1,2,2730
CUS2098,Underhill Pharma PLC,BCO,Pharma,SME,CUS0600,Eastridge Chemicals Pte Ltd,BE,Belgium,N Europe,EMEA,Diego Kowalski,diego.kowalski@meridiangl.com,B,15,Named Account Tariff,2016-08-09,2016-08-09,2016-08-18,0,1,2731
CUS2098,Underhill Pharma PLC,BCO,Pharma,Mid-Market,CUS0600,Eastridge Chemicals Pte Ltd,BE,Belgium,N Europe,EMEA,Ingrid Ferreira,ingrid.ferreira@meridiangl.com,B,15,Named Account Tariff,2016-08-09,2016-08-19,9999-12-31,1,2,2732
CUS2099,Junction Auto Parts LLC,SME Direct,Automotive,Mid-Market,,,AU,Australia,Oceania,ANZ,Carlos Ferreira,carlos.ferreira@meridiangl.com,C,45,Named Account Tariff,2025-04-16,2025-04-16,9999-12-31,1,1,2733
CUS2100,Thornwell Steel GmbH,BCO,Metals,Mid-Market,,,SG,Singapore,SE Asia,APAC,Ingrid Tanaka,ingrid.tanaka@meridiangl.com,D,0,Spot,2022-04-19,2022-04-19,9999-12-31,1,1,2734
CUS2101,Granite FMCG LLC,BCO,FMCG,Mid-Market,CUS1186,Ridgemont Technologies S.A.,BE,Belgium,N Europe,EMEA,Ahmed Nguyen,ahmed.nguyen@meridiangl.com,C,30,Spot,2017-05-21,2017-05-21,9999-12-31,1,1,2735
CUS2102,Oakford Metals Group,Freight Forwarder,Metals,SME,,,CL,Chile,LatAm West,Americas,Yuki Torres,yuki.torres@meridiangl.com,D,0,Spot,2017-11-06,2017-11-06,9999-12-31,1,1,2736
CUS2103,Nightingale FMCG Pte Ltd,3PL,FMCG,National,,,TW,Taiwan,East Asia,APAC,Elena Haddad,elena.haddad@meridiangl.com,C,15,Named Account Tariff,2019-01-22,2019-01-22,2023-01-20,0,1,2737
CUS2103,Nightingale FMCG Pte Ltd,3PL,FMCG,National,,,TW,Taiwan,East Asia,APAC,Sofia Tanaka,sofia.tanaka@meridiangl.com,A,15,Spot,2019-01-22,2023-01-21,9999-12-31,1,2,2738
CUS2104,Zenith Machinery Holdings,BCO,Machinery,Global Key Account,,,FR,France,N Europe,EMEA,Ingrid O'Brien,ingrid.obrien@meridiangl.com,A,30,Long-Term Contract,2015-05-15,2015-05-15,9999-12-31,1,1,2739
CUS2105,Cedarline Textiles Co.,BCO,Textiles,Mid-Market,CUS2104,Zenith Machinery Holdings,SA,Saudi Arabia,Middle East,EMEA,Ahmed Rossi,ahmed.rossi@meridiangl.com,B,45,Spot,2016-09-27,2016-09-27,9999-12-31,1,1,2740
CUS2106,Palisade Engineering Ltd,3PL,Machinery,SME,,,SG,Singapore,SE Asia,APAC,James Tanaka,james.tanaka@meridiangl.com,C,30,Spot,2020-07-11,2020-07-11,9999-12-31,1,1,2741
CUS2107,Southwick Engineering PLC,BCO,Machinery,Mid-Market,CUS2305,Marlowe Apparel Ltd,NL,Netherlands,N Europe,EMEA,Fatima Chen,fatima.chen@meridiangl.com,C,30,Spot,2025-01-11,2025-01-11,9999-12-31,1,1,2742
CUS2108,Glenmoor Chemical Industries Inc,BCO,Chemicals,National,,,CN,China,East Asia,APAC,Yuki Torres,yuki.torres@meridiangl.com,B,45,Named Account Tariff,2020-12-28,2020-12-28,9999-12-31,1,1,2743
CUS2109,Westbrook Life Sciences S.A.,BCO,Pharma,SME,CUS2628,Junction Steel Inc,MY,Malaysia,SE Asia,APAC,Yuki O'Brien,yuki.obrien@meridiangl.com,D,30,Spot,2019-11-30,2019-11-30,2020-07-20,0,1,2744
CUS2109,Westbrook Life Sciences S.A.,BCO,Pharma,SME,CUS2628,Junction Steel Inc,MY,Malaysia,SE Asia,APAC,Yuki O'Brien,yuki.obrien@meridiangl.com,D,30,Long-Term Contract,2019-11-30,2020-07-21,9999-12-31,1,2,2745
CUS2110,Brightwater Steel LLC,SME Direct,Metals,SME,,,VN,Vietnam,SE Asia,APAC,Ahmed Tanaka,ahmed.tanaka@meridiangl.com,A,60,Spot,2025-01-16,2025-01-16,9999-12-31,1,1,2746
CUS2111,Glenmoor Chemical Industries Ltd,BCO,Chemicals,SME,CUS1898,Cobalt Pharma GmbH,GB,United Kingdom,N Europe,EMEA,Elena O'Brien,elena.obrien@meridiangl.com,C,15,Spot,2019-04-10,2019-04-10,9999-12-31,1,1,2747
CUS2112,Southwick Pharma Inc,SME Direct,Pharma,Mid-Market,,,BR,Brazil,LatAm East,Americas,James Larsson,james.larsson@meridiangl.com,C,30,Long-Term Contract,2025-04-16,2025-04-16,9999-12-31,1,1,2748
CUS2113,Fairhaven Alloys Group,Freight Forwarder,Metals,Mid-Market,,,ZA,South Africa,Africa,EMEA,Yuki O'Brien,yuki.obrien@meridiangl.com,B,60,Named Account Tariff,2015-04-04,2015-04-04,9999-12-31,1,1,2749
CUS2114,Ironbridge Farms LLC,Freight Forwarder,Agriculture,SME,,,KR,South Korea,East Asia,APAC,James Tanaka,james.tanaka@meridiangl.com,C,30,Spot,2018-08-13,2018-08-13,2019-11-25,0,1,2750
CUS2114,Ironbridge Farms LLC,Freight Forwarder,Agriculture,SME,,,KR,South Korea,East Asia,APAC,James Tanaka,james.tanaka@meridiangl.com,C,30,Named Account Tariff,2018-08-13,2019-11-26,9999-12-31,1,2,2751
CUS2115,Brookline Technologies Pte Ltd,Freight Forwarder,Electronics,Mid-Market,CUS1931,Wellspring Motors Ltd,KR,South Korea,East Asia,APAC,Elena Haddad,elena.haddad@meridiangl.com,A,45,Named Account Tariff,2019-03-05,2019-03-05,9999-12-31,1,1,2752
CUS2116,Junction Steel Group,SME Direct,Metals,National,,,US,United States,N America East,Americas,Fatima Haddad,fatima.haddad@meridiangl.com,B,30,Long-Term Contract,2025-01-03,2025-01-03,9999-12-31,1,1,2753
CUS2117,Brightwater Semiconductor B.V.,3PL,Electronics,SME,,,CL,Chile,LatAm West,Americas,Fatima Tanaka,fatima.tanaka@meridiangl.com,D,30,Named Account Tariff,2026-04-23,2026-04-23,9999-12-31,1,1,2754
CUS2118,Ironbridge Textiles PLC,SME Direct,Textiles,SME,,,JP,Japan,East Asia,APAC,Carlos Al-Farsi,carlos.al-farsi@meridiangl.com,D,0,Spot,2018-07-19,2018-07-19,9999-12-31,1,1,2755
CUS2119,Vertex Engineering LLC,NVOCC,Machinery,SME,,,ZA,South Africa,Africa,EMEA,James Tanaka,james.tanaka@meridiangl.com,B,30,Named Account Tariff,2017-11-02,2017-11-02,9999-12-31,1,1,2756
CUS2120,Granite Mercantile GmbH,BCO,Retail,Global Key Account,,,BE,Belgium,N Europe,EMEA,Elena Tanaka,elena.tanaka@meridiangl.com,A,45,Long-Term Contract,2022-03-20,2022-03-20,2024-06-21,0,1,2757
CUS2120,Granite Mercantile GmbH,BCO,Retail,Global Key Account,,,BE,Belgium,N Europe,EMEA,Elena Tanaka,elena.tanaka@meridiangl.com,D,45,Named Account Tariff,2022-03-20,2024-06-22,9999-12-31,1,2,2758
CUS2121,Skyline Industrial Group,BCO,Machinery,National,,,NZ,New Zealand,Oceania,ANZ,Ingrid Ferreira,ingrid.ferreira@meridiangl.com,B,60,Spot,2020-03-31,2020-03-31,9999-12-31,1,1,2759
CUS2122,Oakford Retail S.A.,BCO,Retail,National,,,GB,United Kingdom,N Europe,EMEA,Elena O'Brien,elena.obrien@meridiangl.com,C,15,Long-Term Contract,2019-08-22,2019-08-22,9999-12-31,1,1,2760
CUS2123,Valleyforge Foods Inc,BCO,FMCG,Global Key Account,,,FR,France,N Europe,EMEA,James Larsson,james.larsson@meridiangl.com,A,30,Long-Term Contract,2021-07-17,2021-07-17,9999-12-31,1,1,2761
CUS2124,Fairhaven Machinery Group,3PL,Machinery,Mid-Market,,,BR,Brazil,LatAm East,Americas,Elena Haddad,elena.haddad@meridiangl.com,A,15,Spot,2021-06-17,2021-06-17,9999-12-31,1,1,2762
CUS2125,Palisade Pharmaceuticals Corp,BCO,Pharma,SME,,,SA,Saudi Arabia,Middle East,EMEA,Yuki O'Brien,yuki.obrien@meridiangl.com,C,45,Named Account Tariff,2024-07-18,2024-07-18,9999-12-31,1,1,2763
CUS2126,Deerfield Alloys LLC,BCO,Metals,Mid-Market,,,TR,Turkey,Mediterranean,EMEA,Ahmed Rossi,ahmed.rossi@meridiangl.com,B,15,Spot,2018-06-08,2018-06-08,2021-01-31,0,1,2764
CUS2126,Deerfield Alloys LLC,BCO,Metals,National,,,TR,Turkey,Mediterranean,EMEA,Ahmed Rossi,ahmed.rossi@meridiangl.com,B,15,Named Account Tariff,2018-06-08,2021-02-01,9999-12-31,1,2,2765
CUS2127,Eastridge Semiconductor LLC,NVOCC,Electronics,SME,,,AU,Australia,Oceania,ANZ,Grace Osei,grace.osei@meridiangl.com,D,30,Spot,2023-09-21,2023-09-21,2026-05-31,0,1,2766
CUS2127,Eastridge Semiconductor LLC,NVOCC,Electronics,National,,,AU,Australia,Oceania,ANZ,Grace Osei,grace.osei@meridiangl.com,B,30,Named Account Tariff,2023-09-21,2026-06-01,9999-12-31,1,2,2767
CUS2128,Granite Agri-Foods LLC,BCO,Agriculture,National,,,SA,Saudi Arabia,Middle East,EMEA,Diego Patel,diego.patel@meridiangl.com,B,60,Named Account Tariff,2015-10-05,2015-10-05,9999-12-31,1,1,2768
CUS2129,Redwood Chemicals Group,SME Direct,Chemicals,SME,,,TR,Turkey,Mediterranean,EMEA,Carlos Al-Farsi,carlos.al-farsi@meridiangl.com,D,0,Spot,2017-09-05,2017-09-05,2023-05-14,0,1,2769
CUS2129,Redwood Chemicals Group,SME Direct,Chemicals,SME,,,TR,Turkey,Mediterranean,EMEA,Carlos Al-Farsi,carlos.al-farsi@meridiangl.com,D,0,Named Account Tariff,2017-09-05,2023-05-15,9999-12-31,1,2,2770
CUS2130,Beacon Agri-Foods PLC,Freight Forwarder,Agriculture,Mid-Market,,,MY,Malaysia,SE Asia,APAC,Ahmed Rossi,ahmed.rossi@meridiangl.com,B,30,Spot,2019-05-15,2019-05-15,2023-04-14,0,1,2771
CUS2130,Beacon Agri-Foods PLC,Freight Forwarder,Agriculture,National,,,MY,Malaysia,SE Asia,APAC,Yuki Kowalski,yuki.kowalski@meridiangl.com,D,30,Spot,2019-05-15,2023-04-15,9999-12-31,1,2,2772
CUS2131,Nova Automotive GmbH,BCO,Automotive,SME,CUS2305,Marlowe Apparel Ltd,BR,Brazil,LatAm East,Americas,Diego Yamamoto,diego.yamamoto@meridiangl.com,D,0,Named Account Tariff,2016-11-18,2016-11-18,9999-12-31,1,1,2773
CUS2132,Valleyforge Pharmaceuticals Group,BCO,Pharma,Mid-Market,,,SG,Singapore,SE Asia,APAC,Ingrid Nguyen,ingrid.nguyen@meridiangl.com,C,0,Spot,2016-09-01,2016-09-01,9999-12-31,1,1,2774
CUS2133,Palisade Alloys Co.,NVOCC,Metals,SME,CUS1853,Palisade Life Sciences B.V.,FR,France,N Europe,EMEA,James Tanaka,james.tanaka@meridiangl.com,D,30,Named Account Tariff,2023-11-18,2023-11-18,9999-12-31,1,1,2775
CUS2134,Ashford Chemical Industries Holdings,SME Direct,Chemicals,National,,,MX,Mexico,LatAm West,Americas,Fatima O'Brien,fatima.obrien@meridiangl.com,A,45,Long-Term Contract,2020-09-18,2020-09-18,9999-12-31,1,1,2776
CUS2135,Monsoon Energy Pte Ltd,Freight Forwarder,Energy,Mid-Market,,,GB,United Kingdom,N Europe,EMEA,Maria Sharma,maria.sharma@meridiangl.com,C,30,Long-Term Contract,2015-05-03,2015-05-03,9999-12-31,1,1,2777
CUS2136,Oakford Chemicals PLC,BCO,Chemicals,Global Key Account,,,ID,Indonesia,SE Asia,APAC,Yuki Torres,yuki.torres@meridiangl.com,B,45,Long-Term Contract,2016-12-16,2016-12-16,9999-12-31,1,1,2778
CUS2137,Lakemoor Life Sciences Pte Ltd,Freight Forwarder,Pharma,SME,,,TR,Turkey,Mediterranean,EMEA,Ingrid Ferreira,ingrid.ferreira@meridiangl.com,A,45,Spot,2025-07-13,2025-07-13,2025-10-08,0,1,2779
CUS2137,Lakemoor Life Sciences Pte Ltd,Freight Forwarder,Pharma,National,,,TR,Turkey,Mediterranean,EMEA,Ingrid Ferreira,ingrid.ferreira@meridiangl.com,A,45,Long-Term Contract,2025-07-13,2025-10-09,9999-12-31,1,2,2780
CUS2138,Skyline Machinery B.V.,3PL,Machinery,SME,,,HK,Hong Kong,East Asia,APAC,Ingrid Osei,ingrid.osei@meridiangl.com,C,30,Named Account Tariff,2017-07-02,2017-07-02,9999-12-31,1,1,2781
CUS2139,Skyline Petrochemicals LLC,SME Direct,Energy,SME,,,GB,United Kingdom,N Europe,EMEA,Maria Sharma,maria.sharma@meridiangl.com,C,45,Named Account Tariff,2026-07-31,2026-07-31,9999-12-31,1,1,2782
CUS2140,Redwood Semiconductor PLC,Freight Forwarder,Electronics,Mid-Market,,,BR,Brazil,LatAm East,Americas,Carlos Al-Farsi,carlos.al-farsi@meridiangl.com,C,15,Long-Term Contract,2016-10-04,2016-10-04,9999-12-31,1,1,2783
CUS2141,Eastridge Metals B.V.,SME Direct,Metals,Mid-Market,CUS2823,Granite Consumer Goods LLC,CN,China,East Asia,APAC,Elena Tanaka,elena.tanaka@meridiangl.com,B,30,Long-Term Contract,2019-08-12,2019-08-12,9999-12-31,1,1,2784
CUS2142,Eastridge Trading Ltd,NVOCC,Retail,Mid-Market,,,AU,Australia,Oceania,ANZ,James Larsson,james.larsson@meridiangl.com,D,0,Named Account Tariff,2023-11-27,2023-11-27,9999-12-31,1,1,2785
CUS2143,Foxrun Automotive Inc,BCO,Automotive,SME,CUS2555,Lakemoor Metals LLC,NL,Netherlands,N Europe,EMEA,James Larsson,james.larsson@meridiangl.com,C,30,Spot,2020-02-23,2020-02-23,9999-12-31,1,1,2786
CUS2144,Vantage Pharma LLC,NVOCC,Pharma,SME,,,AU,Australia,Oceania,ANZ,Fatima O'Brien,fatima.obrien@meridiangl.com,B,30,Spot,2017-10-29,2017-10-29,9999-12-31,1,1,2787
CUS2145,Ashgrove Textiles Holdings,Freight Forwarder,Textiles,SME,,,ID,Indonesia,SE Asia,APAC,James Tanaka,james.tanaka@meridiangl.com,B,30,Spot,2019-01-12,2019-01-12,9999-12-31,1,1,2788
CUS2146,Ashgrove Semiconductor Group,NVOCC,Electronics,SME,,,ID,Indonesia,SE Asia,APAC,Ingrid O'Brien,ingrid.obrien@meridiangl.com,D,0,Spot,2023-09-23,2023-09-23,9999-12-31,1,1,2789
CUS2147,Greystone Chemical Industries B.V.,Freight Forwarder,Chemicals,Mid-Market,,,KR,South Korea,East Asia,APAC,Elena Tanaka,elena.tanaka@meridiangl.com,C,30,Spot,2019-04-25,2019-04-25,2019-07-13,0,1,2790
CUS2147,Greystone Chemical Industries B.V.,Freight Forwarder,Chemicals,Mid-Market,,,KR,South Korea,East Asia,APAC,Elena Tanaka,elena.tanaka@meridiangl.com,C,30,Long-Term Contract,2019-04-25,2019-07-14,9999-12-31,1,2,2791
CUS2148,Everest Farms Pte Ltd,Freight Forwarder,Agriculture,SME,CUS1104,Cedarline Textiles LLC,BR,Brazil,LatAm East,Americas,Ingrid Ferreira,ingrid.ferreira@meridiangl.com,C,30,Spot,2018-05-06,2018-05-06,9999-12-31,1,1,2792
CUS2149,Redwood Mercantile PLC,NVOCC,Retail,National,,,US,United States,N America East,Americas,Fatima Chen,fatima.chen@meridiangl.com,B,30,Named Account Tariff,2018-06-15,2018-06-15,9999-12-31,1,1,2793
CUS2150,Cobalt Foods GmbH,BCO,FMCG,Global Key Account,,,DE,Germany,N Europe,EMEA,Wei Tanaka,wei.tanaka@meridiangl.com,A,60,Named Account Tariff,2019-08-19,2019-08-19,9999-12-31,1,1,2794
CUS2151,Underhill Apparel PLC,3PL,Textiles,SME,,,VN,Vietnam,SE Asia,APAC,Diego Yamamoto,diego.yamamoto@meridiangl.com,B,30,Spot,2022-07-29,2022-07-29,2025-09-22,0,1,2795
CUS2151,Underhill Apparel PLC,3PL,Textiles,Mid-Market,,,VN,Vietnam,SE Asia,APAC,Diego Yamamoto,diego.yamamoto@meridiangl.com,A,30,Long-Term Contract,2022-07-29,2025-09-23,9999-12-31,1,2,2796
CUS2152,Eastridge Textiles Corp,SME Direct,Textiles,SME,,,BR,Brazil,LatAm East,Americas,Sofia Larsson,sofia.larsson@meridiangl.com,D,15,Named Account Tariff,2018-01-18,2018-01-18,9999-12-31,1,1,2797
CUS2153,Voyager Garments PLC,Freight Forwarder,Textiles,SME,,,FR,France,N Europe,EMEA,Carlos Al-Farsi,carlos.al-farsi@meridiangl.com,B,60,Spot,2023-06-30,2023-06-30,2025-02-15,0,1,2798
CUS2153,Voyager Garments PLC,Freight Forwarder,Textiles,SME,,,FR,France,N Europe,EMEA,Carlos Al-Farsi,carlos.al-farsi@meridiangl.com,B,60,Long-Term Contract,2023-06-30,2025-02-16,9999-12-31,1,2,2799
CUS2154,Onyx Technologies GmbH,BCO,Electronics,Mid-Market,CUS0046,Deerfield Chemicals Inc,MY,Malaysia,SE Asia,APAC,Carlos Al-Farsi,carlos.al-farsi@meridiangl.com,D,0,Named Account Tariff,2019-03-20,2019-03-20,9999-12-31,1,1,2800
CUS2155,Clearwater Steel Group,3PL,Metals,Mid-Market,,,TW,Taiwan,East Asia,APAC,Carlos Sharma,carlos.sharma@meridiangl.com,A,30,Named Account Tariff,2015-03-09,2015-03-09,9999-12-31,1,1,2801
CUS2156,Ashford Chemical Industries Ltd,3PL,Chemicals,Mid-Market,CUS2748,Fairhaven Garments Group,MX,Mexico,LatAm West,Americas,Elena O'Brien,elena.obrien@meridiangl.com,C,15,Spot,2017-06-28,2017-06-28,9999-12-31,1,1,2802
CUS2157,Palisade Farms S.A.,Freight Forwarder,Agriculture,National,,,AU,Australia,Oceania,ANZ,Anna Berg,anna.berg@meridiangl.com,B,45,Named Account Tariff,2019-09-23,2019-09-23,9999-12-31,1,1,2803
CUS2158,Skyline Auto Parts Group,BCO,Automotive,SME,,,IN,India,South Asia,APAC,Ingrid Nguyen,ingrid.nguyen@meridiangl.com,A,30,Named Account Tariff,2017-03-04,2017-03-04,2023-01-21,0,1,2804
CUS2158,Skyline Auto Parts Group,BCO,Automotive,National,,,IN,India,South Asia,APAC,Ingrid Nguyen,ingrid.nguyen@meridiangl.com,C,30,Long-Term Contract,2017-03-04,2023-01-22,9999-12-31,1,2,2805
CUS2159,Deerfield Agro Co.,3PL,Agriculture,SME,,,MX,Mexico,LatAm West,Americas,Elena Berg,elena.berg@meridiangl.com,D,30,Spot,2026-02-15,2026-02-15,2026-06-18,0,1,2806
CUS2159,Deerfield Agro Co.,3PL,Agriculture,Mid-Market,,,MX,Mexico,LatAm West,Americas,Elena Berg,elena.berg@meridiangl.com,B,30,Long-Term Contract,2026-02-15,2026-06-19,9999-12-31,1,2,2807
CUS2160,Ashford Steel Holdings,BCO,Metals,SME,CUS1836,Eastridge Foods Corp,AU,Australia,Oceania,ANZ,Yuki O'Brien,yuki.obrien@meridiangl.com,D,15,Spot,2022-03-01,2022-03-01,9999-12-31,1,1,2808
CUS2161,Wellspring Chemical Industries Ltd,3PL,Chemicals,National,CUS1858,Vantage Chemical Industries S.A.,NL,Netherlands,N Europe,EMEA,Fatima Tanaka,fatima.tanaka@meridiangl.com,B,30,Long-Term Contract,2016-02-25,2016-02-25,9999-12-31,1,1,2809
CUS2162,Solstice Alloys Pte Ltd,Freight Forwarder,Metals,Mid-Market,,,CN,China,East Asia,APAC,Ahmed Tanaka,ahmed.tanaka@meridiangl.com,C,30,Long-Term Contract,2024-09-26,2024-09-26,9999-12-31,1,1,2810
CUS2163,Kestrel Chemical Industries Holdings,Freight Forwarder,Chemicals,Mid-Market,,,FR,France,N Europe,EMEA,Sofia Ferreira,sofia.ferreira@meridiangl.com,A,60,Named Account Tariff,2024-01-07,2024-01-07,2024-08-26,0,1,2811
CUS2163,Kestrel Chemical Industries Holdings,Freight Forwarder,Chemicals,Mid-Market,,,FR,France,N Europe,EMEA,Sofia Larsson,sofia.larsson@meridiangl.com,B,60,Spot,2024-01-07,2024-08-27,9999-12-31,1,2,2812
CUS2164,Zenith FMCG Pte Ltd,BCO,FMCG,SME,CUS2092,Nova Steel B.V.,CN,China,East Asia,APAC,Elena Haddad,elena.haddad@meridiangl.com,D,30,Spot,2016-01-13,2016-01-13,9999-12-31,1,1,2813
CUS2165,Zenith Chemicals Corp,NVOCC,Chemicals,SME,,,FR,France,N Europe,EMEA,Ingrid Nguyen,ingrid.nguyen@meridiangl.com,C,15,Spot,2015-01-16,2015-01-16,9999-12-31,1,1,2814
CUS2166,Beacon Industrial PLC,NVOCC,Machinery,National,,,AU,Australia,Oceania,ANZ,Fatima Haddad,fatima.haddad@meridiangl.com,B,30,Long-Term Contract,2018-09-08,2018-09-08,2025-08-23,0,1,2815
CUS2166,Beacon Industrial PLC,NVOCC,Machinery,National,,,AU,Australia,Oceania,ANZ,Fatima Haddad,fatima.haddad@meridiangl.com,B,30,Named Account Tariff,2018-09-08,2025-08-24,9999-12-31,1,2,2816
CUS2167,Ridgemont Electronics B.V.,BCO,Electronics,Mid-Market,,,TH,Thailand,SE Asia,APAC,Fatima Haddad,fatima.haddad@meridiangl.com,B,30,Named Account Tariff,2025-06-04,2025-06-04,9999-12-31,1,1,2817
CUS2168,Palisade Apparel B.V.,SME Direct,Textiles,SME,,,MX,Mexico,LatAm West,Americas,Diego Patel,diego.patel@meridiangl.com,D,15,Spot,2017-08-01,2017-08-01,9999-12-31,1,1,2818
CUS2169,Voyager Petrochemicals PLC,SME Direct,Energy,SME,CUS1904,Nova Industrial Holdings,FR,France,N Europe,EMEA,Elena O'Brien,elena.obrien@meridiangl.com,C,30,Spot,2025-05-18,2025-05-18,9999-12-31,1,1,2819
CUS2170,Glenmoor Engineering GmbH,3PL,Machinery,Mid-Market,,,FR,France,N Europe,EMEA,Ingrid Tanaka,ingrid.tanaka@meridiangl.com,C,45,Spot,2020-01-20,2020-01-20,2025-03-02,0,1,2820
CUS2170,Glenmoor Engineering GmbH,3PL,Machinery,SME,,,FR,France,N Europe,EMEA,James Larsson,james.larsson@meridiangl.com,C,45,Spot,2020-01-20,2025-03-03,9999-12-31,1,2,2821
CUS2171,Dockside Industrial B.V.,SME Direct,Machinery,Mid-Market,CUS2672,Brightwater Trading Holdings,KR,South Korea,East Asia,APAC,Grace Osei,grace.osei@meridiangl.com,B,45,Named Account Tariff,2018-11-11,2018-11-11,2026-05-23,0,1,2822
CUS2171,Dockside Industrial B.V.,SME Direct,Machinery,Mid-Market,CUS2672,Brightwater Trading Holdings,KR,South Korea,East Asia,APAC,Grace Osei,grace.osei@meridiangl.com,B,45,Long-Term Contract,2018-11-11,2026-05-24,9999-12-31,1,2,2823
CUS2172,Glenmoor Metals LLC,Freight Forwarder,Metals,Mid-Market,CUS1100,Elmfield Industrial Co.,CL,Chile,LatAm West,Americas,James Tanaka,james.tanaka@meridiangl.com,B,30,Long-Term Contract,2020-05-19,2020-05-19,9999-12-31,1,1,2824
CUS2173,Mosaic Power Inc,SME Direct,Energy,Mid-Market,,,US,United States,N America East,Americas,Elena O'Brien,elena.obrien@meridiangl.com,B,45,Named Account Tariff,2016-08-22,2016-08-22,9999-12-31,1,1,2825
CUS2174,Westbrook Garments PLC,SME Direct,Textiles,SME,,,HK,Hong Kong,East Asia,APAC,Sofia Larsson,sofia.larsson@meridiangl.com,C,45,Named Account Tariff,2022-05-25,2022-05-25,9999-12-31,1,1,2826
CUS2175,Zenith Consumer Goods LLC,Freight Forwarder,FMCG,SME,CUS0353,Fairhaven Chemical Industries S.A.,CN,China,East Asia,APAC,Ahmed Rossi,ahmed.rossi@meridiangl.com,D,0,Named Account Tariff,2021-12-13,2021-12-13,2022-12-24,0,1,2827
CUS2175,Zenith Consumer Goods LLC,Freight Forwarder,FMCG,National,CUS0353,Fairhaven Chemical Industries S.A.,CN,China,East Asia,APAC,Ingrid Ferreira,ingrid.ferreira@meridiangl.com,C,0,Named Account Tariff,2021-12-13,2022-12-25,9999-12-31,1,2,2828
CUS2176,Palisade Engineering Holdings,3PL,Machinery,SME,,,MX,Mexico,LatAm West,Americas,Ingrid Osei,ingrid.osei@meridiangl.com,B,30,Named Account Tariff,2025-01-13,2025-01-13,2025-08-30,0,1,2829
CUS2176,Palisade Engineering Holdings,3PL,Machinery,Mid-Market,,,MX,Mexico,LatAm West,Americas,Diego Yamamoto,diego.yamamoto@meridiangl.com,B,30,Spot,2025-01-13,2025-08-31,9999-12-31,1,2,2830
CUS2177,Northgate Power PLC,BCO,Energy,Mid-Market,,,ID,Indonesia,SE Asia,APAC,Fatima Tanaka,fatima.tanaka@meridiangl.com,C,60,Spot,2019-11-05,2019-11-05,2025-09-09,0,1,2831
CUS2177,Northgate Power PLC,BCO,Energy,SME,,,ID,Indonesia,SE Asia,APAC,Fatima Tanaka,fatima.tanaka@meridiangl.com,C,60,Spot,2019-11-05,2025-09-10,9999-12-31,1,2,2832
CUS2178,Vertex Power Pte Ltd,SME Direct,Energy,Mid-Market,,,DE,Germany,N Europe,EMEA,Yuki Torres,yuki.torres@meridiangl.com,D,15,Named Account Tariff,2022-07-31,2022-07-31,9999-12-31,1,1,2833
CUS2179,Redwood Mercantile Corp,BCO,Retail,SME,CUS1256,Granite Machinery Co.,SA,Saudi Arabia,Middle East,EMEA,Carlos Ferreira,carlos.ferreira@meridiangl.com,D,30,Named Account Tariff,2015-11-05,2015-11-05,9999-12-31,1,1,2834
CUS2180,Millbrook Auto Parts Co.,BCO,Automotive,Mid-Market,,,HK,Hong Kong,East Asia,APAC,Ingrid Tanaka,ingrid.tanaka@meridiangl.com,D,60,Named Account Tariff,2025-12-19,2025-12-19,2026-02-24,0,1,2835
CUS2180,Millbrook Auto Parts Co.,BCO,Automotive,Mid-Market,,,HK,Hong Kong,East Asia,APAC,Carlos Ferreira,carlos.ferreira@meridiangl.com,A,60,Named Account Tariff,2025-12-19,2026-02-25,9999-12-31,1,2,2836
CUS2181,Voyager Semiconductor GmbH,NVOCC,Electronics,Mid-Market,,,AE,United Arab Emirates,Middle East,EMEA,Yuki Kowalski,yuki.kowalski@meridiangl.com,C,0,Long-Term Contract,2020-01-28,2020-01-28,2020-03-07,0,1,2837
CUS2181,Voyager Semiconductor GmbH,NVOCC,Electronics,Mid-Market,,,AE,United Arab Emirates,Middle East,EMEA,Ahmed Rossi,ahmed.rossi@meridiangl.com,D,0,Long-Term Contract,2020-01-28,2020-03-08,9999-12-31,1,2,2838
CUS2182,Oakford Pharmaceuticals S.A.,Freight Forwarder,Pharma,SME,,,CA,Canada,N America East,Americas,Ahmed Rossi,ahmed.rossi@meridiangl.com,C,30,Named Account Tariff,2015-09-25,2015-09-25,9999-12-31,1,1,2839
CUS2183,Everest Consumer Goods Group,BCO,FMCG,SME,,,MX,Mexico,LatAm West,Americas,Ingrid Tanaka,ingrid.tanaka@meridiangl.com,D,0,Spot,2024-12-17,2024-12-17,9999-12-31,1,1,2840
CUS2184,Valleyforge Petrochemicals Corp,NVOCC,Energy,SME,CUS3200,Harborview Electronics Pte Ltd,NL,Netherlands,N Europe,EMEA,Yuki Ramirez,yuki.ramirez@meridiangl.com,D,15,Long-Term Contract,2020-01-14,2020-01-14,9999-12-31,1,1,2841
CUS2185,Quarrystone Machinery LLC,Freight Forwarder,Machinery,Mid-Market,CUS2498,Brightwater Petrochemicals Holdings,NL,Netherlands,N Europe,EMEA,Carlos Ferreira,carlos.ferreira@meridiangl.com,C,30,Long-Term Contract,2016-05-31,2016-05-31,9999-12-31,1,1,2842
CUS2186,Millbrook Electronics Co.,BCO,Electronics,Mid-Market,,,GB,United Kingdom,N Europe,EMEA,Ingrid O'Brien,ingrid.obrien@meridiangl.com,B,60,Named Account Tariff,2022-09-04,2022-09-04,2022-09-20,0,1,2843
CUS2186,Millbrook Electronics Co.,BCO,Electronics,SME,,,GB,United Kingdom,N Europe,EMEA,Elena O'Brien,elena.obrien@meridiangl.com,B,60,Named Account Tariff,2022-09-04,2022-09-21,2024-08-05,0,2,2844
CUS2186,Millbrook Electronics Co.,BCO,Electronics,SME,,,GB,United Kingdom,N Europe,EMEA,Elena O'Brien,elena.obrien@meridiangl.com,D,60,Spot,2022-09-04,2024-08-06,9999-12-31,1,3,2845
CUS2187,Glenmoor Electronics Inc,BCO,Electronics,National,,,AU,Australia,Oceania,ANZ,Diego Kowalski,diego.kowalski@meridiangl.com,A,30,Named Account Tariff,2023-10-26,2023-10-26,2024-05-27,0,1,2846
CUS2187,Glenmoor Electronics Inc,BCO,Electronics,Mid-Market,,,AU,Australia,Oceania,ANZ,Yuki Torres,yuki.torres@meridiangl.com,B,30,Spot,2023-10-26,2024-05-28,9999-12-31,1,2,2847
CUS2188,Ridgemont Agro Pte Ltd,NVOCC,Agriculture,Mid-Market,,,SG,Singapore,SE Asia,APAC,Hassan Nguyen,hassan.nguyen@meridiangl.com,C,30,Spot,2015-02-25,2015-02-25,9999-12-31,1,1,2848
CUS2189,Everest Energy Holdings,BCO,Energy,Mid-Market,,,GB,United Kingdom,N Europe,EMEA,Yuki Ramirez,yuki.ramirez@meridiangl.com,D,30,Long-Term Contract,2019-02-12,2019-02-12,9999-12-31,1,1,2849
CUS2190,Quarrystone Garments S.A.,SME Direct,Textiles,Mid-Market,,,AU,Australia,Oceania,ANZ,Elena Berg,elena.berg@meridiangl.com,D,0,Spot,2018-05-12,2018-05-12,9999-12-31,1,1,2850
CUS2191,Ridgemont Chemical Industries PLC,3PL,Chemicals,Mid-Market,,,TW,Taiwan,East Asia,APAC,Elena Tanaka,elena.tanaka@meridiangl.com,C,15,Long-Term Contract,2025-03-09,2025-03-09,9999-12-31,1,1,2851
CUS2192,Mosaic Chemicals S.A.,3PL,Chemicals,SME,CUS1393,Monsoon Chemical Industries GmbH,BE,Belgium,N Europe,EMEA,Carlos Sharma,carlos.sharma@meridiangl.com,C,30,Spot,2024-12-11,2024-12-11,9999-12-31,1,1,2852
CUS2193,Voyager Steel B.V.,NVOCC,Metals,National,,,US,United States,N America East,Americas,Elena Tanaka,elena.tanaka@meridiangl.com,B,0,Long-Term Contract,2016-03-28,2016-03-28,9999-12-31,1,1,2853
CUS2194,Kingswell Alloys Pte Ltd,Freight Forwarder,Metals,National,,,KR,South Korea,East Asia,APAC,Yuki Kowalski,yuki.kowalski@meridiangl.com,C,45,Long-Term Contract,2018-11-16,2018-11-16,9999-12-31,1,1,2854
CUS2195,Juniper Auto Parts PLC,3PL,Automotive,National,CUS2530,Eastridge Alloys Pte Ltd,BR,Brazil,LatAm East,Americas,Ahmed Rossi,ahmed.rossi@meridiangl.com,A,60,Long-Term Contract,2022-01-08,2022-01-08,2022-09-29,0,1,2855
CUS2195,Juniper Auto Parts PLC,3PL,Automotive,National,CUS2530,Eastridge Alloys Pte Ltd,BR,Brazil,LatAm East,Americas,Carlos Al-Farsi,carlos.al-farsi@meridiangl.com,A,60,Long-Term Contract,2022-01-08,2022-09-30,9999-12-31,1,2,2856
CUS2196,Brightwater Petrochemicals S.A.,Freight Forwarder,Energy,Mid-Market,CUS2983,Junction Apparel Holdings,JP,Japan,East Asia,APAC,Priya Ferreira,priya.ferreira@meridiangl.com,B,30,Spot,2019-09-25,2019-09-25,9999-12-31,1,1,2857
CUS2197,Cedarline Retail Pte Ltd,NVOCC,Retail,National,,,GB,United Kingdom,N Europe,EMEA,Carlos Al-Farsi,carlos.al-farsi@meridiangl.com,B,45,Named Account Tariff,2023-04-29,2023-04-29,2024-09-18,0,1,2858
CUS2197,Cedarline Retail Pte Ltd,NVOCC,Retail,National,,,GB,United Kingdom,N Europe,EMEA,Carlos Al-Farsi,carlos.al-farsi@meridiangl.com,B,45,Long-Term Contract,2023-04-29,2024-09-19,9999-12-31,1,2,2859
CUS2198,Solstice Pharmaceuticals Ltd,3PL,Pharma,SME,,,GB,United Kingdom,N Europe,EMEA,Hassan Silva,hassan.silva@meridiangl.com,D,15,Spot,2019-01-28,2019-01-28,9999-12-31,1,1,2860
CUS2199,Thornwell Consumer Goods Holdings,BCO,FMCG,Mid-Market,,,CN,China,East Asia,APAC,Elena O'Brien,elena.obrien@meridiangl.com,B,0,Named Account Tariff,2020-05-18,2020-05-18,9999-12-31,1,1,2861
CUS2200,Vertex Garments Group,BCO,Textiles,Global Key Account,,,TH,Thailand,SE Asia,APAC,Yuki Torres,yuki.torres@meridiangl.com,A,30,Long-Term Contract,2021-07-25,2021-07-25,2025-02-25,0,1,2862
CUS2200,Vertex Garments Group,BCO,Textiles,Global Key Account,,,TH,Thailand,SE Asia,APAC,Wei Tanaka,wei.tanaka@meridiangl.com,D,30,Long-Term Contract,2021-07-25,2025-02-26,9999-12-31,1,2,2863
CUS2201,Ashgrove Industrial Group,BCO,Machinery,SME,CUS1835,Millbrook Textiles Pte Ltd,KR,South Korea,East Asia,APAC,Ahmed Torres,ahmed.torres@meridiangl.com,D,0,Spot,2021-09-17,2021-09-17,9999-12-31,1,1,2864
CUS2202,Nightingale Power S.A.,SME Direct,Energy,Mid-Market,,,NZ,New Zealand,Oceania,ANZ,Grace Larsson,grace.larsson@meridiangl.com,B,30,Spot,2016-03-17,2016-03-17,9999-12-31,1,1,2865
CUS2203,Voyager Pharma Group,Freight Forwarder,Pharma,Global Key Account,,,KR,South Korea,East Asia,APAC,Carlos Sharma,carlos.sharma@meridiangl.com,B,30,Long-Term Contract,2018-09-07,2018-09-07,9999-12-31,1,1,2866
CUS2204,Kestrel Alloys Inc,NVOCC,Metals,Mid-Market,,,TW,Taiwan,East Asia,APAC,Ahmed Nguyen,ahmed.nguyen@meridiangl.com,B,15,Long-Term Contract,2018-11-21,2018-11-21,9999-12-31,1,1,2867
CUS2205,Hillcrest Pharma Inc,Freight Forwarder,Pharma,SME,,,US,United States,N America East,Americas,Elena Berg,elena.berg@meridiangl.com,C,45,Spot,2019-07-13,2019-07-13,9999-12-31,1,1,2868
CUS2206,Glenmoor Steel B.V.,BCO,Metals,SME,CUS2939,Clearwater Machinery Co.,CN,China,East Asia,APAC,Ahmed Torres,ahmed.torres@meridiangl.com,D,15,Spot,2020-05-01,2020-05-01,2026-04-28,0,1,2869
CUS2206,Glenmoor Steel B.V.,BCO,Metals,SME,CUS2939,Clearwater Machinery Co.,CN,China,East Asia,APAC,Ahmed Novak,ahmed.novak@meridiangl.com,B,15,Spot,2020-05-01,2026-04-29,9999-12-31,1,2,2870
CUS2207,Kingswell FMCG GmbH,BCO,FMCG,Mid-Market,CUS2862,Cobalt Petrochemicals S.A.,AE,United Arab Emirates,Middle East,EMEA,Fatima O'Brien,fatima.obrien@meridiangl.com,D,15,Long-Term Contract,2021-06-11,2021-06-11,9999-12-31,1,1,2871
CUS2208,Monsoon FMCG Group,BCO,FMCG,Mid-Market,,,NL,Netherlands,N Europe,EMEA,Grace Larsson,grace.larsson@meridiangl.com,C,15,Named Account Tariff,2017-10-19,2017-10-19,9999-12-31,1,1,2872
CUS2209,Juniper Machinery Corp,BCO,Machinery,SME,,,CL,Chile,LatAm West,Americas,Ahmed Nguyen,ahmed.nguyen@meridiangl.com,B,30,Named Account Tariff,2021-03-29,2021-03-29,9999-12-31,1,1,2873
CUS2210,Junction Semiconductor Co.,Freight Forwarder,Electronics,Mid-Market,,,US,United States,N America East,Americas,Fatima Chen,fatima.chen@meridiangl.com,D,15,Named Account Tariff,2015-11-19,2015-11-19,2022-05-17,0,1,2874
CUS2210,Junction Semiconductor Co.,Freight Forwarder,Electronics,SME,,,US,United States,N America East,Americas,Raj Kim,raj.kim@meridiangl.com,C,15,Long-Term Contract,2015-11-19,2022-05-18,9999-12-31,1,2,2875
CUS2211,Nova Garments Holdings,BCO,Textiles,Mid-Market,,,JP,Japan,East Asia,APAC,Ahmed Tanaka,ahmed.tanaka@meridiangl.com,B,30,Spot,2021-11-21,2021-11-21,9999-12-31,1,1,2876
CUS2212,Marlowe Chemicals Group,BCO,Chemicals,Mid-Market,,,IN,India,South Asia,APAC,Elena Berg,elena.berg@meridiangl.com,C,15,Named Account Tariff,2024-06-29,2024-06-29,9999-12-31,1,1,2877
CUS2213,Mosaic Motors Pte Ltd,BCO,Automotive,SME,,,FR,France,N Europe,EMEA,Liam O'Brien,liam.obrien@meridiangl.com,D,0,Spot,2015-06-18,2015-06-18,9999-12-31,1,1,2878
CUS2214,Oakford Pharmaceuticals Co.,Freight Forwarder,Pharma,SME,,,ID,Indonesia,SE Asia,APAC,Carlos Haddad,carlos.haddad@meridiangl.com,A,30,Long-Term Contract,2022-02-15,2022-02-15,9999-12-31,1,1,2879
CUS2215,Kestrel Farms Pte Ltd,BCO,Agriculture,Mid-Market,,,FR,France,N Europe,EMEA,Fatima Chen,fatima.chen@meridiangl.com,D,45,Spot,2021-06-21,2021-06-21,9999-12-31,1,1,2880
CUS2216,Nova Steel GmbH,BCO,Metals,National,,,DE,Germany,N Europe,EMEA,Ingrid Nguyen,ingrid.nguyen@meridiangl.com,C,30,Named Account Tariff,2026-01-22,2026-01-22,9999-12-31,1,1,2881
CUS2217,Junction Machinery Pte Ltd,SME Direct,Machinery,SME,,,GB,United Kingdom,N Europe,EMEA,Ahmed Novak,ahmed.novak@meridiangl.com,D,15,Spot,2016-01-20,2016-01-20,9999-12-31,1,1,2882
CUS2218,Wellspring Stores LLC,3PL,Retail,SME,,,MY,Malaysia,SE Asia,APAC,Wei Silva,wei.silva@meridiangl.com,D,0,Spot,2015-05-22,2015-05-22,9999-12-31,1,1,2883
CUS2219,Valleyforge Industrial LLC,BCO,Machinery,Mid-Market,,,AU,Australia,Oceania,ANZ,Liam O'Brien,liam.obrien@meridiangl.com,B,45,Spot,2019-03-21,2019-03-21,9999-12-31,1,1,2884
CUS2220,Granite Pharmaceuticals Pte Ltd,BCO,Pharma,SME,,,SA,Saudi Arabia,Middle East,EMEA,Elena Haddad,elena.haddad@meridiangl.com,B,15,Named Account Tariff,2018-09-15,2018-09-15,9999-12-31,1,1,2885
CUS2221,Greystone Technologies Corp,SME Direct,Electronics,SME,,,NZ,New Zealand,Oceania,ANZ,Priya O'Brien,priya.obrien@meridiangl.com,D,30,Named Account Tariff,2020-11-20,2020-11-20,9999-12-31,1,1,2886
CUS2222,Marlowe FMCG S.A.,SME Direct,FMCG,Mid-Market,,,IN,India,South Asia,APAC,Sofia Ferreira,sofia.ferreira@meridiangl.com,C,45,Spot,2015-05-16,2015-05-16,9999-12-31,1,1,2887
CUS2223,Lakemoor Steel Inc,BCO,Metals,National,,,TH,Thailand,SE Asia,APAC,Sofia Larsson,sofia.larsson@meridiangl.com,B,45,Spot,2020-01-20,2020-01-20,2022-12-27,0,1,2888
CUS2223,Lakemoor Steel Inc,BCO,Metals,Mid-Market,,,TH,Thailand,SE Asia,APAC,Wei Silva,wei.silva@meridiangl.com,B,45,Named Account Tariff,2020-01-20,2022-12-28,9999-12-31,1,2,2889
CUS2224,Oakford Alloys Pte Ltd,BCO,Metals,SME,CUS1014,Millbrook Power Holdings,HK,Hong Kong,East Asia,APAC,Kenji Tanaka,kenji.tanaka@meridiangl.com,D,30,Spot,2021-08-12,2021-08-12,2022-11-12,0,1,2890
CUS2224,Oakford Alloys Pte Ltd,BCO,Metals,SME,CUS1014,Millbrook Power Holdings,HK,Hong Kong,East Asia,APAC,Fatima Tanaka,fatima.tanaka@meridiangl.com,A,30,Spot,2021-08-12,2022-11-13,9999-12-31,1,2,2891
CUS2225,Mosaic Consumer Goods B.V.,Freight Forwarder,FMCG,SME,,,IT,Italy,Mediterranean,EMEA,Raj Kim,raj.kim@meridiangl.com,D,15,Spot,2016-06-04,2016-06-04,2024-02-18,0,1,2892
CUS2225,Mosaic Consumer Goods B.V.,Freight Forwarder,FMCG,Mid-Market,,,IT,Italy,Mediterranean,EMEA,Raj Kim,raj.kim@meridiangl.com,A,15,Long-Term Contract,2016-06-04,2024-02-19,9999-12-31,1,2,2893
CUS2226,Sentinel Technologies PLC,3PL,Electronics,National,,,TW,Taiwan,East Asia,APAC,Priya Ferreira,priya.ferreira@meridiangl.com,D,15,Long-Term Contract,2025-02-21,2025-02-21,9999-12-31,1,1,2894
CUS2227,Harborview Power Group,NVOCC,Energy,SME,CUS0627,Underhill Agri-Foods Corp,TR,Turkey,Mediterranean,EMEA,Grace Osei,grace.osei@meridiangl.com,B,60,Named Account Tariff,2025-07-31,2025-07-31,2025-09-19,0,1,2895
CUS2227,Harborview Power Group,NVOCC,Energy,National,CUS0627,Underhill Agri-Foods Corp,TR,Turkey,Mediterranean,EMEA,Hassan Nguyen,hassan.nguyen@meridiangl.com,A,60,Spot,2025-07-31,2025-09-20,9999-12-31,1,2,2896
CUS2228,Granite Retail PLC,Freight Forwarder,Retail,SME,,,JP,Japan,East Asia,APAC,Hassan Silva,hassan.silva@meridiangl.com,C,30,Spot,2021-06-04,2021-06-04,2023-07-03,0,1,2897
CUS2228,Granite Retail PLC,Freight Forwarder,Retail,SME,,,JP,Japan,East Asia,APAC,Carlos Haddad,carlos.haddad@meridiangl.com,A,30,Spot,2021-06-04,2023-07-04,9999-12-31,1,2,2898
CUS2229,Fairhaven Alloys LLC,Freight Forwarder,Metals,National,,,SA,Saudi Arabia,Middle East,EMEA,Ahmed Novak,ahmed.novak@meridiangl.com,A,60,Named Account Tariff,2019-11-21,2019-11-21,2024-05-12,0,1,2899
CUS2229,Fairhaven Alloys LLC,Freight Forwarder,Metals,National,,,SA,Saudi Arabia,Middle East,EMEA,Wei Tanaka,wei.tanaka@meridiangl.com,D,60,Named Account Tariff,2019-11-21,2024-05-13,9999-12-31,1,2,2900
CUS2230,Ironwood Technologies B.V.,SME Direct,Electronics,Mid-Market,,,CA,Canada,N America East,Americas,Ahmed Rossi,ahmed.rossi@meridiangl.com,A,15,Spot,2015-05-05,2015-05-05,2018-07-15,0,1,2901
CUS2230,Ironwood Technologies B.V.,SME Direct,Electronics,Mid-Market,,,CA,Canada,N America East,Americas,Ahmed Rossi,ahmed.rossi@meridiangl.com,D,15,Spot,2015-05-05,2018-07-16,9999-12-31,1,2,2902
CUS2231,Kestrel Foods Ltd,Freight Forwarder,FMCG,National,,,MY,Malaysia,SE Asia,APAC,Hassan Silva,hassan.silva@meridiangl.com,B,60,Long-Term Contract,2021-07-30,2021-07-30,2023-02-22,0,1,2903
CUS2231,Kestrel Foods Ltd,Freight Forwarder,FMCG,National,,,MY,Malaysia,SE Asia,APAC,Hassan Silva,hassan.silva@meridiangl.com,B,60,Named Account Tariff,2021-07-30,2023-02-23,9999-12-31,1,2,2904
CUS2232,Lakemoor Agri-Foods Inc,BCO,Agriculture,SME,,,VN,Vietnam,SE Asia,APAC,Ahmed Rossi,ahmed.rossi@meridiangl.com,C,30,Spot,2022-07-11,2022-07-11,9999-12-31,1,1,2905
CUS2233,Kestrel Technologies Co.,Freight Forwarder,Electronics,Mid-Market,,,TW,Taiwan,East Asia,APAC,Carlos Haddad,carlos.haddad@meridiangl.com,D,0,Named Account Tariff,2022-05-24,2022-05-24,9999-12-31,1,1,2906
CUS2234,Cedarline Machinery PLC,Freight Forwarder,Machinery,SME,CUS3109,Cobalt Textiles Corp,NZ,New Zealand,Oceania,ANZ,Anna Berg,anna.berg@meridiangl.com,C,15,Spot,2024-11-11,2024-11-11,9999-12-31,1,1,2907
CUS2235,Redwood Alloys LLC,BCO,Metals,SME,,,SA,Saudi Arabia,Middle East,EMEA,Liam O'Brien,liam.obrien@meridiangl.com,D,0,Spot,2016-09-06,2016-09-06,9999-12-31,1,1,2908
CUS2236,Hillcrest Consumer Goods Holdings,BCO,FMCG,National,,,US,United States,N America East,Americas,Priya O'Brien,priya.obrien@meridiangl.com,C,30,Named Account Tariff,2017-04-16,2017-04-16,9999-12-31,1,1,2909
CUS2237,Ridgemont Apparel Ltd,3PL,Textiles,SME,CUS1533,Westbrook Semiconductor GmbH,HK,Hong Kong,East Asia,APAC,James Tanaka,james.tanaka@meridiangl.com,D,0,Spot,2019-09-02,2019-09-02,2023-11-28,0,1,2910
CUS2237,Ridgemont Apparel Ltd,3PL,Textiles,Mid-Market,CUS1533,Westbrook Semiconductor GmbH,HK,Hong Kong,East Asia,APAC,James Tanaka,james.tanaka@meridiangl.com,B,0,Named Account Tariff,2019-09-02,2023-11-29,9999-12-31,1,2,2911
CUS2238,Ridgemont Industrial Corp,Freight Forwarder,Machinery,Mid-Market,,,GB,United Kingdom,N Europe,EMEA,Elena O'Brien,elena.obrien@meridiangl.com,A,15,Long-Term Contract,2022-05-10,2022-05-10,2024-10-23,0,1,2912
CUS2238,Ridgemont Industrial Corp,Freight Forwarder,Machinery,Mid-Market,,,GB,United Kingdom,N Europe,EMEA,Priya Ferreira,priya.ferreira@meridiangl.com,B,15,Named Account Tariff,2022-05-10,2024-10-24,9999-12-31,1,2,2913
CUS2239,Oakford FMCG Group,BCO,FMCG,Mid-Market,,,IN,India,South Asia,APAC,Ahmed Novak,ahmed.novak@meridiangl.com,C,0,Long-Term Contract,2026-01-23,2026-01-23,2026-07-21,0,1,2914
CUS2239,Oakford FMCG Group,BCO,FMCG,National,,,IN,India,South Asia,APAC,Yuki O'Brien,yuki.obrien@meridiangl.com,D,0,Spot,2026-01-23,2026-07-22,9999-12-31,1,2,2915
CUS2240,Onyx Machinery B.V.,3PL,Machinery,Mid-Market,,,JP,Japan,East Asia,APAC,Fatima Chen,fatima.chen@meridiangl.com,B,45,Named Account Tariff,2016-05-15,2016-05-15,9999-12-31,1,1,2916
CUS2241,Elmfield Chemicals Ltd,BCO,Chemicals,Mid-Market,CUS2281,Nova Energy Corp,FR,France,N Europe,EMEA,Ahmed Novak,ahmed.novak@meridiangl.com,D,15,Spot,2020-12-03,2020-12-03,9999-12-31,1,1,2917
CUS2242,Nova Trading B.V.,BCO,Retail,SME,,,TR,Turkey,Mediterranean,EMEA,Yuki Torres,yuki.torres@meridiangl.com,C,30,Named Account Tariff,2016-06-11,2016-06-11,9999-12-31,1,1,2918
CUS2243,Monsoon Electronics S.A.,NVOCC,Electronics,Mid-Market,,,ZA,South Africa,Africa,EMEA,James Larsson,james.larsson@meridiangl.com,C,45,Spot,2018-04-30,2018-04-30,9999-12-31,1,1,2919
CUS2244,Redwood Machinery Inc,NVOCC,Machinery,SME,CUS2939,Clearwater Machinery Co.,DE,Germany,N Europe,EMEA,Maria Sharma,maria.sharma@meridiangl.com,C,30,Spot,2015-05-14,2015-05-14,9999-12-31,1,1,2920
CUS2245,Redwood Agro Pte Ltd,Freight Forwarder,Agriculture,National,,,KR,South Korea,East Asia,APAC,Elena O'Brien,elena.obrien@meridiangl.com,A,30,Long-Term Contract,2022-10-10,2022-10-10,2025-01-07,0,1,2921
CUS2245,Redwood Agro Pte Ltd,Freight Forwarder,Agriculture,National,,,KR,South Korea,East Asia,APAC,Ahmed Novak,ahmed.novak@meridiangl.com,C,30,Long-Term Contract,2022-10-10,2025-01-08,9999-12-31,1,2,2922
CUS2246,Ironwood Steel PLC,3PL,Metals,SME,,,ID,Indonesia,SE Asia,APAC,Elena O'Brien,elena.obrien@meridiangl.com,C,60,Spot,2015-06-21,2015-06-21,2017-07-30,0,1,2923
CUS2246,Ironwood Steel PLC,3PL,Metals,Mid-Market,,,ID,Indonesia,SE Asia,APAC,Elena O'Brien,elena.obrien@meridiangl.com,D,60,Spot,2015-06-21,2017-07-31,9999-12-31,1,2,2924
CUS2247,Sterling Electronics Co.,BCO,Electronics,Mid-Market,,,TR,Turkey,Mediterranean,EMEA,Liam O'Brien,liam.obrien@meridiangl.com,C,15,Named Account Tariff,2017-03-19,2017-03-19,9999-12-31,1,1,2925
CUS2248,Equator Semiconductor Corp,BCO,Electronics,SME,,,MY,Malaysia,SE Asia,APAC,Elena Haddad,elena.haddad@meridiangl.com,B,60,Spot,2020-12-04,2020-12-04,2022-08-22,0,1,2926
CUS2248,Equator Semiconductor Corp,BCO,Electronics,SME,,,MY,Malaysia,SE Asia,APAC,Priya Ferreira,priya.ferreira@meridiangl.com,B,60,Spot,2020-12-04,2022-08-23,9999-12-31,1,2,2927
CUS2249,Solstice Automotive Pte Ltd,3PL,Automotive,National,,,BE,Belgium,N Europe,EMEA,Yuki Kowalski,yuki.kowalski@meridiangl.com,B,30,Long-Term Contract,2018-04-29,2018-04-29,2022-08-26,0,1,2928
CUS2249,Solstice Automotive Pte Ltd,3PL,Automotive,National,,,BE,Belgium,N Europe,EMEA,Grace Larsson,grace.larsson@meridiangl.com,A,30,Long-Term Contract,2018-04-29,2022-08-27,9999-12-31,1,2,2929
CUS2250,Kingswell Pharmaceuticals Group,SME Direct,Pharma,National,,,MY,Malaysia,SE Asia,APAC,Yuki O'Brien,yuki.obrien@meridiangl.com,C,30,Spot,2022-02-08,2022-02-08,9999-12-31,1,1,2930
CUS2251,Lonestar Pharmaceuticals B.V.,Freight Forwarder,Pharma,SME,,,JP,Japan,East Asia,APAC,Diego Patel,diego.patel@meridiangl.com,C,0,Named Account Tariff,2020-04-19,2020-04-19,9999-12-31,1,1,2931
CUS2252,Deerfield Petrochemicals B.V.,BCO,Energy,National,CUS1195,Sterling Auto Parts LLC,IT,Italy,Mediterranean,EMEA,Fatima O'Brien,fatima.obrien@meridiangl.com,B,60,Named Account Tariff,2024-02-14,2024-02-14,2025-08-23,0,1,2932
CUS2252,Deerfield Petrochemicals B.V.,BCO,Energy,SME,CUS1195,Sterling Auto Parts LLC,IT,Italy,Mediterranean,EMEA,Raj Kim,raj.kim@meridiangl.com,C,60,Spot,2024-02-14,2025-08-24,9999-12-31,1,2,2933
CUS2253,Deerfield Pharmaceuticals Group,SME Direct,Pharma,Mid-Market,CUS0680,Nightingale Technologies Holdings,GB,United Kingdom,N Europe,EMEA,Ahmed Torres,ahmed.torres@meridiangl.com,A,60,Long-Term Contract,2023-06-29,2023-06-29,2024-04-06,0,1,2934
CUS2253,Deerfield Pharmaceuticals Group,SME Direct,Pharma,Mid-Market,CUS0680,Nightingale Technologies Holdings,GB,United Kingdom,N Europe,EMEA,Ahmed Torres,ahmed.torres@meridiangl.com,A,60,Named Account Tariff,2023-06-29,2024-04-07,9999-12-31,1,2,2935
CUS2254,Kestrel Energy LLC,NVOCC,Energy,Global Key Account,,,IN,India,South Asia,APAC,Elena Haddad,elena.haddad@meridiangl.com,A,60,Long-Term Contract,2020-06-05,2020-06-05,9999-12-31,1,1,2936
CUS2255,Lakemoor Pharmaceuticals S.A.,3PL,Pharma,Mid-Market,,,AU,Australia,Oceania,ANZ,Wei Tanaka,wei.tanaka@meridiangl.com,C,15,Named Account Tariff,2018-08-28,2018-08-28,2020-02-07,0,1,2937
CUS2255,Lakemoor Pharmaceuticals S.A.,3PL,Pharma,National,,,AU,Australia,Oceania,ANZ,Ingrid Ferreira,ingrid.ferreira@meridiangl.com,D,15,Named Account Tariff,2018-08-28,2020-02-08,9999-12-31,1,2,2938
CUS2256,Fairhaven Agri-Foods Group,SME Direct,Agriculture,National,,,CL,Chile,LatAm West,Americas,Yuki Torres,yuki.torres@meridiangl.com,C,30,Long-Term Contract,2018-04-03,2018-04-03,9999-12-31,1,1,2939
CUS2257,Harborview Chemical Industries Co.,BCO,Chemicals,Mid-Market,,,MX,Mexico,LatAm West,Americas,Priya O'Brien,priya.obrien@meridiangl.com,D,0,Named Account Tariff,2015-07-14,2015-07-14,9999-12-31,1,1,2940
CUS2258,Underhill Energy Ltd,3PL,Energy,SME,,,TR,Turkey,Mediterranean,EMEA,Hassan Silva,hassan.silva@meridiangl.com,C,15,Spot,2019-06-08,2019-06-08,9999-12-31,1,1,2941
CUS2259,Lakemoor Petrochemicals LLC,NVOCC,Energy,Mid-Market,,,US,United States,N America East,Americas,Fatima Tanaka,fatima.tanaka@meridiangl.com,B,30,Spot,2018-12-18,2018-12-18,9999-12-31,1,1,2942
CUS2260,Thornwell Automotive Inc,NVOCC,Automotive,National,,,HK,Hong Kong,East Asia,APAC,Elena Tanaka,elena.tanaka@meridiangl.com,D,30,Long-Term Contract,2016-10-16,2016-10-16,2024-10-02,0,1,2943
CUS2260,Thornwell Automotive Inc,NVOCC,Automotive,Mid-Market,,,HK,Hong Kong,East Asia,APAC,Yuki Ramirez,yuki.ramirez@meridiangl.com,D,30,Named Account Tariff,2016-10-16,2024-10-03,9999-12-31,1,2,2944
CUS2261,Sterling Motors Ltd,NVOCC,Automotive,SME,,,BR,Brazil,LatAm East,Americas,Grace Osei,grace.osei@meridiangl.com,D,0,Spot,2021-06-29,2021-06-29,9999-12-31,1,1,2945
CUS2262,Greystone Energy GmbH,Freight Forwarder,Energy,SME,CUS2929,Skyline Chemicals GmbH,VN,Vietnam,SE Asia,APAC,Elena Tanaka,elena.tanaka@meridiangl.com,C,30,Spot,2019-04-05,2019-04-05,9999-12-31,1,1,2946
CUS2263,Marlowe Chemical Industries Ltd,Freight Forwarder,Chemicals,Mid-Market,CUS0364,Aurora Mercantile Ltd,BR,Brazil,LatAm East,Americas,Diego Patel,diego.patel@meridiangl.com,B,15,Long-Term Contract,2020-01-18,2020-01-18,9999-12-31,1,1,2947
CUS2264,Sterling Consumer Goods Inc,3PL,FMCG,SME,,,MX,Mexico,LatAm West,Americas,Carlos Haddad,carlos.haddad@meridiangl.com,D,45,Spot,2026-06-29,2026-06-29,2026-08-17,0,1,2948
CUS2264,Sterling Consumer Goods Inc,3PL,FMCG,SME,,,MX,Mexico,LatAm West,Americas,Carlos Haddad,carlos.haddad@meridiangl.com,A,45,Named Account Tariff,2026-06-29,2026-08-18,9999-12-31,1,2,2949
CUS2265,Clearwater Alloys S.A.,3PL,Metals,Mid-Market,CUS2748,Fairhaven Garments Group,GB,United Kingdom,N Europe,EMEA,Priya Ferreira,priya.ferreira@meridiangl.com,C,60,Spot,2016-05-01,2016-05-01,2018-02-28,0,1,2950
CUS2265,Clearwater Alloys S.A.,3PL,Metals,SME,CUS2748,Fairhaven Garments Group,GB,United Kingdom,N Europe,EMEA,Kenji Tanaka,kenji.tanaka@meridiangl.com,C,60,Named Account Tariff,2016-05-01,2018-03-01,9999-12-31,1,2,2951
CUS2266,Onyx Chemical Industries GmbH,Freight Forwarder,Chemicals,Mid-Market,,,ID,Indonesia,SE Asia,APAC,Yuki Torres,yuki.torres@meridiangl.com,B,45,Named Account Tariff,2025-07-28,2025-07-28,2026-07-05,0,1,2952
CUS2266,Onyx Chemical Industries GmbH,Freight Forwarder,Chemicals,SME,,,ID,Indonesia,SE Asia,APAC,Ingrid Tanaka,ingrid.tanaka@meridiangl.com,D,45,Spot,2025-07-28,2026-07-06,9999-12-31,1,2,2953
CUS2267,Voyager Trading B.V.,3PL,Retail,Global Key Account,,,TW,Taiwan,East Asia,APAC,Ahmed Torres,ahmed.torres@meridiangl.com,B,30,Long-Term Contract,2021-05-07,2021-05-07,9999-12-31,1,1,2954
CUS2268,Mosaic Electronics PLC,BCO,Electronics,Global Key Account,,,NL,Netherlands,N Europe,EMEA,Elena Haddad,elena.haddad@meridiangl.com,A,60,Long-Term Contract,2019-03-01,2019-03-01,9999-12-31,1,1,2955
CUS2269,Ridgemont Technologies LLC,SME Direct,Electronics,Mid-Market,,,IT,Italy,Mediterranean,EMEA,Diego Kowalski,diego.kowalski@meridiangl.com,B,60,Named Account Tariff,2016-11-02,2016-11-02,9999-12-31,1,1,2956
CUS2270,Glenmoor Foods Corp,BCO,FMCG,SME,,,TR,Turkey,Mediterranean,EMEA,Yuki Ramirez,yuki.ramirez@meridiangl.com,D,15,Long-Term Contract,2015-09-06,2015-09-06,9999-12-31,1,1,2957
CUS2271,Sterling Chemical Industries Corp,BCO,Chemicals,SME,,,GB,United Kingdom,N Europe,EMEA,Grace Larsson,grace.larsson@meridiangl.com,A,45,Spot,2018-03-30,2018-03-30,2024-05-19,0,1,2958
CUS2271,Sterling Chemical Industries Corp,BCO,Chemicals,National,,,GB,United Kingdom,N Europe,EMEA,Liam O'Brien,liam.obrien@meridiangl.com,B,45,Long-Term Contract,2018-03-30,2024-05-20,9999-12-31,1,2,2959
CUS2272,Dockside Agro Inc,Freight Forwarder,Agriculture,Mid-Market,,,IT,Italy,Mediterranean,EMEA,Sofia Tanaka,sofia.tanaka@meridiangl.com,D,15,Spot,2022-10-25,2022-10-25,9999-12-31,1,1,2960
CUS2273,Granite Mercantile Inc,BCO,Retail,SME,CUS1892,Harborview Electronics PLC,JP,Japan,East Asia,APAC,Sofia Ferreira,sofia.ferreira@meridiangl.com,B,45,Spot,2017-10-13,2017-10-13,9999-12-31,1,1,2961
CUS2274,Ridgemont Machinery Pte Ltd,BCO,Machinery,SME,,,TR,Turkey,Mediterranean,EMEA,Elena Berg,elena.berg@meridiangl.com,C,0,Named Account Tariff,2022-04-03,2022-04-03,9999-12-31,1,1,2962
CUS2275,Hillcrest Power S.A.,Freight Forwarder,Energy,Mid-Market,,,DE,Germany,N Europe,EMEA,Priya O'Brien,priya.obrien@meridiangl.com,B,30,Spot,2017-10-19,2017-10-19,9999-12-31,1,1,2963
CUS2276,Southwick Power GmbH,Freight Forwarder,Energy,National,,,US,United States,N America East,Americas,Carlos Sharma,carlos.sharma@meridiangl.com,B,45,Long-Term Contract,2026-05-02,2026-05-02,9999-12-31,1,1,2964
CUS2277,Everest Automotive Group,NVOCC,Automotive,National,,,HK,Hong Kong,East Asia,APAC,Ingrid Nguyen,ingrid.nguyen@meridiangl.com,A,30,Long-Term Contract,2016-11-22,2016-11-22,9999-12-31,1,1,2965
CUS2278,Northgate Industrial Corp,BCO,Machinery,Global Key Account,,,GB,United Kingdom,N Europe,EMEA,Ahmed Torres,ahmed.torres@meridiangl.com,A,45,Named Account Tariff,2016-02-01,2016-02-01,9999-12-31,1,1,2966
CUS2279,Eastridge Mercantile B.V.,BCO,Retail,National,CUS0535,Thornwell FMCG PLC,MY,Malaysia,SE Asia,APAC,Fatima Haddad,fatima.haddad@meridiangl.com,A,45,Long-Term Contract,2018-12-18,2018-12-18,9999-12-31,1,1,2967
CUS2280,Brookline Pharma Holdings,3PL,Pharma,SME,,,FR,France,N Europe,EMEA,Ahmed Rossi,ahmed.rossi@meridiangl.com,C,45,Spot,2016-01-01,2016-01-01,2021-04-10,0,1,2968
CUS2280,Brookline Pharma Holdings,3PL,Pharma,Mid-Market,,,FR,France,N Europe,EMEA,Ahmed Rossi,ahmed.rossi@meridiangl.com,A,45,Long-Term Contract,2016-01-01,2021-04-11,9999-12-31,1,2,2969
CUS2281,Nova Energy Corp,BCO,Energy,Global Key Account,,,SG,Singapore,SE Asia,APAC,Ahmed Rossi,ahmed.rossi@meridiangl.com,A,60,Long-Term Contract,2016-12-17,2016-12-17,9999-12-31,1,1,2970
CUS2282,Equator Automotive Group,BCO,Automotive,SME,,,NZ,New Zealand,Oceania,ANZ,Yuki O'Brien,yuki.obrien@meridiangl.com,B,15,Spot,2016-10-01,2016-10-01,9999-12-31,1,1,2971
CUS2283,Brookline Stores Co.,SME Direct,Retail,Mid-Market,,,CL,Chile,LatAm West,Americas,Elena Berg,elena.berg@meridiangl.com,C,30,Long-Term Contract,2015-09-29,2015-09-29,9999-12-31,1,1,2972
CUS2284,Sterling Power Pte Ltd,BCO,Energy,National,,,TR,Turkey,Mediterranean,EMEA,Maria Sharma,maria.sharma@meridiangl.com,B,15,Named Account Tariff,2021-07-28,2021-07-28,9999-12-31,1,1,2973
CUS2285,Granite Automotive Co.,BCO,Automotive,SME,,,DE,Germany,N Europe,EMEA,Ahmed Rossi,ahmed.rossi@meridiangl.com,A,45,Named Account Tariff,2020-11-21,2020-11-21,9999-12-31,1,1,2974
CUS2286,Brightwater Auto Parts S.A.,NVOCC,Automotive,SME,,,TW,Taiwan,East Asia,APAC,Elena Haddad,elena.haddad@meridiangl.com,B,45,Spot,2018-07-25,2018-07-25,2024-05-16,0,1,2975
CUS2286,Brightwater Auto Parts S.A.,NVOCC,Automotive,SME,,,TW,Taiwan,East Asia,APAC,Elena Haddad,elena.haddad@meridiangl.com,B,45,Long-Term Contract,2018-07-25,2024-05-17,9999-12-31,1,2,2976
CUS2287,Dockside Chemicals Corp,SME Direct,Chemicals,SME,,,CN,China,East Asia,APAC,Fatima Tanaka,fatima.tanaka@meridiangl.com,B,15,Spot,2018-07-16,2018-07-16,9999-12-31,1,1,2977
CUS2288,Ironwood Farms Co.,SME Direct,Agriculture,Mid-Market,,,SA,Saudi Arabia,Middle East,EMEA,Ahmed Novak,ahmed.novak@meridiangl.com,D,0,Long-Term Contract,2021-01-31,2021-01-31,2021-08-25,0,1,2978
CUS2288,Ironwood Farms Co.,SME Direct,Agriculture,National,,,SA,Saudi Arabia,Middle East,EMEA,Ahmed Novak,ahmed.novak@meridiangl.com,D,0,Spot,2021-01-31,2021-08-26,9999-12-31,1,2,2979
CUS2289,Greystone FMCG LLC,NVOCC,FMCG,National,,,ZA,South Africa,Africa,EMEA,Ahmed Nguyen,ahmed.nguyen@meridiangl.com,A,60,Named Account Tariff,2024-10-26,2024-10-26,9999-12-31,1,1,2980
CUS2290,Elmfield Pharma Group,BCO,Pharma,SME,,,ES,Spain,Mediterranean,EMEA,James Larsson,james.larsson@meridiangl.com,A,30,Spot,2016-10-05,2016-10-05,9999-12-31,1,1,2981
CUS2291,Aurora Chemicals Corp,3PL,Chemicals,SME,CUS0640,Ashford Pharmaceuticals PLC,KR,South Korea,East Asia,APAC,Anna Berg,anna.berg@meridiangl.com,C,15,Spot,2017-08-26,2017-08-26,9999-12-31,1,1,2982
CUS2292,Aurora Apparel Co.,BCO,Textiles,National,,,TR,Turkey,Mediterranean,EMEA,Carlos Haddad,carlos.haddad@meridiangl.com,B,45,Long-Term Contract,2017-06-11,2017-06-11,9999-12-31,1,1,2983
CUS2293,Southwick Energy Group,Freight Forwarder,Energy,Mid-Market,,,NZ,New Zealand,Oceania,ANZ,Ahmed Novak,ahmed.novak@meridiangl.com,C,45,Long-Term Contract,2022-11-21,2022-11-21,9999-12-31,1,1,2984
CUS2294,Southwick Life Sciences Pte Ltd,BCO,Pharma,National,,,CL,Chile,LatAm West,Americas,Yuki Kowalski,yuki.kowalski@meridiangl.com,B,30,Spot,2017-02-28,2017-02-28,9999-12-31,1,1,2985
CUS2295,Zenith Power Pte Ltd,BCO,Energy,Mid-Market,,,CN,China,East Asia,APAC,Ahmed Tanaka,ahmed.tanaka@meridiangl.com,B,30,Named Account Tariff,2019-04-28,2019-04-28,9999-12-31,1,1,2986
CUS2296,Junction Metals Ltd,BCO,Metals,SME,,,MX,Mexico,LatAm West,Americas,Kenji Tanaka,kenji.tanaka@meridiangl.com,D,0,Named Account Tariff,2015-10-28,2015-10-28,9999-12-31,1,1,2987
CUS2297,Underhill Energy Corp,3PL,Energy,SME,CUS1275,Millbrook Semiconductor LLC,VN,Vietnam,SE Asia,APAC,Yuki Torres,yuki.torres@meridiangl.com,C,30,Spot,2022-08-17,2022-08-17,9999-12-31,1,1,2988
CUS2298,Granite Stores B.V.,BCO,Retail,SME,,,MY,Malaysia,SE Asia,APAC,Elena O'Brien,elena.obrien@meridiangl.com,C,0,Spot,2015-06-02,2015-06-02,9999-12-31,1,1,2989
CUS2299,Foxrun Alloys PLC,BCO,Metals,Mid-Market,,,TR,Turkey,Mediterranean,EMEA,Kenji Tanaka,kenji.tanaka@meridiangl.com,D,15,Named Account Tariff,2020-09-30,2020-09-30,9999-12-31,1,1,2990
CUS2300,Hillcrest Farms Holdings,Freight Forwarder,Agriculture,SME,,,KR,South Korea,East Asia,APAC,James Larsson,james.larsson@meridiangl.com,C,0,Spot,2018-02-20,2018-02-20,9999-12-31,1,1,2991
CUS2301,Wellspring Chemicals B.V.,BCO,Chemicals,SME,CUS0660,Millbrook Alloys Corp,MX,Mexico,LatAm West,Americas,Fatima Haddad,fatima.haddad@meridiangl.com,C,30,Spot,2021-10-24,2021-10-24,2023-03-30,0,1,2992
CUS2301,Wellspring Chemicals B.V.,BCO,Chemicals,Mid-Market,CUS0660,Millbrook Alloys Corp,MX,Mexico,LatAm West,Americas,Kenji Tanaka,kenji.tanaka@meridiangl.com,D,30,Long-Term Contract,2021-10-24,2023-03-31,9999-12-31,1,2,2993
CUS2302,Onyx Power Group,BCO,Energy,SME,,,CN,China,East Asia,APAC,Fatima Chen,fatima.chen@meridiangl.com,D,30,Spot,2017-12-04,2017-12-04,9999-12-31,1,1,2994
CUS2303,Sterling Engineering B.V.,SME Direct,Machinery,Mid-Market,CUS2533,Clearwater Electronics PLC,NZ,New Zealand,Oceania,ANZ,Ahmed Novak,ahmed.novak@meridiangl.com,B,30,Long-Term Contract,2021-05-05,2021-05-05,2021-11-12,0,1,2995
CUS2303,Sterling Engineering B.V.,SME Direct,Machinery,SME,CUS2533,Clearwater Electronics PLC,NZ,New Zealand,Oceania,ANZ,Elena Haddad,elena.haddad@meridiangl.com,D,30,Spot,2021-05-05,2021-11-13,9999-12-31,1,2,2996
CUS2304,Solstice Pharmaceuticals Pte Ltd,3PL,Pharma,Global Key Account,,,FR,France,N Europe,EMEA,Fatima O'Brien,fatima.obrien@meridiangl.com,C,15,Long-Term Contract,2025-08-04,2025-08-04,9999-12-31,1,1,2997
CUS2305,Marlowe Apparel Ltd,BCO,Textiles,Global Key Account,,,MY,Malaysia,SE Asia,APAC,Liam O'Brien,liam.obrien@meridiangl.com,A,30,Long-Term Contract,2016-08-30,2016-08-30,2019-08-22,0,1,2998
CUS2305,Marlowe Apparel Ltd,BCO,Textiles,Global Key Account,,,MY,Malaysia,SE Asia,APAC,Liam O'Brien,liam.obrien@meridiangl.com,A,30,Spot,2016-08-30,2019-08-23,9999-12-31,1,2,2999
CUS2306,Nova Mercantile PLC,3PL,Retail,National,,,NZ,New Zealand,Oceania,ANZ,Ingrid Tanaka,ingrid.tanaka@meridiangl.com,B,30,Long-Term Contract,2023-01-28,2023-01-28,2023-09-19,0,1,3000
CUS2306,Nova Mercantile PLC,3PL,Retail,National,,,NZ,New Zealand,Oceania,ANZ,Grace Osei,grace.osei@meridiangl.com,C,30,Spot,2023-01-28,2023-09-20,9999-12-31,1,2,3001
CUS2307,Elmfield Garments LLC,BCO,Textiles,SME,,,VN,Vietnam,SE Asia,APAC,Hassan Nguyen,hassan.nguyen@meridiangl.com,B,30,Spot,2018-10-11,2018-10-11,9999-12-31,1,1,3002
CUS2308,Ridgemont Chemical Industries Pte Ltd,SME Direct,Chemicals,National,,,CL,Chile,LatAm West,Americas,Carlos Ferreira,carlos.ferreira@meridiangl.com,C,30,Long-Term Contract,2018-06-13,2018-06-13,9999-12-31,1,1,3003
CUS2309,Northgate Industrial PLC,Freight Forwarder,Machinery,National,,,US,United States,N America East,Americas,Diego Yamamoto,diego.yamamoto@meridiangl.com,C,60,Long-Term Contract,2025-04-12,2025-04-12,9999-12-31,1,1,3004
CUS2310,Cedarline Petrochemicals B.V.,SME Direct,Energy,Mid-Market,,,DE,Germany,N Europe,EMEA,Fatima Tanaka,fatima.tanaka@meridiangl.com,C,30,Named Account Tariff,2017-12-18,2017-12-18,2024-03-06,0,1,3005
CUS2310,Cedarline Petrochemicals B.V.,SME Direct,Energy,SME,,,DE,Germany,N Europe,EMEA,Fatima Tanaka,fatima.tanaka@meridiangl.com,C,30,Long-Term Contract,2017-12-18,2024-03-07,9999-12-31,1,2,3006
CUS2311,Northgate Chemicals GmbH,BCO,Chemicals,Mid-Market,,,FR,France,N Europe,EMEA,Elena O'Brien,elena.obrien@meridiangl.com,C,30,Spot,2022-10-12,2022-10-12,9999-12-31,1,1,3007
CUS2312,Brightwater FMCG S.A.,NVOCC,FMCG,National,,,JP,Japan,East Asia,APAC,Diego Kowalski,diego.kowalski@meridiangl.com,A,45,Long-Term Contract,2017-10-24,2017-10-24,2018-02-18,0,1,3008
CUS2312,Brightwater FMCG S.A.,NVOCC,FMCG,SME,,,JP,Japan,East Asia,APAC,Ahmed Novak,ahmed.novak@meridiangl.com,A,45,Long-Term Contract,2017-10-24,2018-02-19,9999-12-31,1,2,3009
CUS2313,Ironbridge Farms Corp,BCO,Agriculture,SME,CUS2555,Lakemoor Metals LLC,CN,China,East Asia,APAC,Carlos Ferreira,carlos.ferreira@meridiangl.com,C,0,Spot,2024-06-08,2024-06-08,9999-12-31,1,1,3010
CUS2314,Lakemoor Apparel LLC,BCO,Textiles,National,CUS2857,Ashford Textiles B.V.,NL,Netherlands,N Europe,EMEA,Elena Haddad,elena.haddad@meridiangl.com,C,15,Named Account Tariff,2017-12-08,2017-12-08,2018-07-20,0,1,3011
CUS2314,Lakemoor Apparel LLC,BCO,Textiles,National,CUS2857,Ashford Textiles B.V.,NL,Netherlands,N Europe,EMEA,Grace Larsson,grace.larsson@meridiangl.com,C,15,Named Account Tariff,2017-12-08,2018-07-21,9999-12-31,1,2,3012
CUS2315,Harborview Trading Inc,BCO,Retail,Global Key Account,,,SG,Singapore,SE Asia,APAC,Elena Haddad,elena.haddad@meridiangl.com,A,60,Long-Term Contract,2023-09-26,2023-09-26,9999-12-31,1,1,3013
CUS2316,Westbrook Auto Parts B.V.,SME Direct,Automotive,National,,,IN,India,South Asia,APAC,Yuki O'Brien,yuki.obrien@meridiangl.com,D,30,Spot,2018-04-05,2018-04-05,9999-12-31,1,1,3014
CUS2317,Ashgrove Life Sciences Ltd,SME Direct,Pharma,Mid-Market,,,NZ,New Zealand,Oceania,ANZ,Priya Ferreira,priya.ferreira@meridiangl.com,C,30,Long-Term Contract,2018-06-18,2018-06-18,9999-12-31,1,1,3015
CUS2318,Juniper Motors S.A.,Freight Forwarder,Automotive,Global Key Account,,,US,United States,N America East,Americas,Ahmed Rossi,ahmed.rossi@meridiangl.com,C,0,Long-Term Contract,2021-12-22,2021-12-22,2022-01-23,0,1,3016
CUS2318,Juniper Motors S.A.,Freight Forwarder,Automotive,Global Key Account,,,US,United States,N America East,Americas,Yuki O'Brien,yuki.obrien@meridiangl.com,C,0,Long-Term Contract,2021-12-22,2022-01-24,9999-12-31,1,2,3017
CUS2319,Hillcrest Consumer Goods B.V.,3PL,FMCG,National,,,GB,United Kingdom,N Europe,EMEA,Ahmed Rossi,ahmed.rossi@meridiangl.com,B,45,Long-Term Contract,2015-11-06,2015-11-06,9999-12-31,1,1,3018
CUS2320,Underhill FMCG Inc,3PL,FMCG,Mid-Market,,,TR,Turkey,Mediterranean,EMEA,James Tanaka,james.tanaka@meridiangl.com,C,0,Long-Term Contract,2026-06-02,2026-06-02,9999-12-31,1,1,3019
CUS2321,Glenmoor Textiles Pte Ltd,BCO,Textiles,Mid-Market,,,JP,Japan,East Asia,APAC,Ahmed Torres,ahmed.torres@meridiangl.com,C,30,Spot,2021-03-28,2021-03-28,9999-12-31,1,1,3020
CUS2322,Quarrystone Machinery Group,Freight Forwarder,Machinery,SME,,,SA,Saudi Arabia,Middle East,EMEA,Grace Osei,grace.osei@meridiangl.com,B,30,Named Account Tariff,2018-01-30,2018-01-30,9999-12-31,1,1,3021
CUS2323,Greystone Energy Holdings,BCO,Energy,Mid-Market,CUS0385,Everest Auto Parts PLC,BE,Belgium,N Europe,EMEA,Diego Yamamoto,diego.yamamoto@meridiangl.com,C,15,Spot,2015-10-29,2015-10-29,9999-12-31,1,1,3022
CUS2324,Aurora Auto Parts B.V.,Freight Forwarder,Automotive,National,,,ES,Spain,Mediterranean,EMEA,Wei Tanaka,wei.tanaka@meridiangl.com,C,30,Long-Term Contract,2015-07-19,2015-07-19,2021-07-28,0,1,3023
CUS2324,Aurora Auto Parts B.V.,Freight Forwarder,Automotive,SME,,,ES,Spain,Mediterranean,EMEA,James Tanaka,james.tanaka@meridiangl.com,A,30,Named Account Tariff,2015-07-19,2021-07-29,9999-12-31,1,2,3024
CUS2325,Onyx Pharmaceuticals B.V.,BCO,Pharma,SME,CUS1274,Juniper Chemical Industries B.V.,SG,Singapore,SE Asia,APAC,Yuki Ramirez,yuki.ramirez@meridiangl.com,B,30,Long-Term Contract,2019-02-04,2019-02-04,9999-12-31,1,1,3025
CUS2326,Sentinel Trading Co.,BCO,Retail,National,,,BE,Belgium,N Europe,EMEA,Priya Ferreira,priya.ferreira@meridiangl.com,C,0,Long-Term Contract,2017-12-31,2017-12-31,2020-06-18,0,1,3026
CUS2326,Sentinel Trading Co.,BCO,Retail,SME,,,BE,Belgium,N Europe,EMEA,Elena Haddad,elena.haddad@meridiangl.com,D,0,Named Account Tariff,2017-12-31,2020-06-19,9999-12-31,1,2,3027
CUS2327,Voyager Electronics Corp,BCO,Electronics,SME,CUS2254,Kestrel Energy LLC,VN,Vietnam,SE Asia,APAC,Carlos Haddad,carlos.haddad@meridiangl.com,C,15,Spot,2015-12-19,2015-12-19,2022-10-02,0,1,3028
CUS2327,Voyager Electronics Corp,BCO,Electronics,SME,CUS2254,Kestrel Energy LLC,VN,Vietnam,SE Asia,APAC,Carlos Haddad,carlos.haddad@meridiangl.com,D,15,Spot,2015-12-19,2022-10-03,9999-12-31,1,2,3029
CUS2328,Zenith Mercantile Inc,BCO,Retail,Mid-Market,,,IN,India,South Asia,APAC,Ahmed Novak,ahmed.novak@meridiangl.com,B,30,Named Account Tariff,2022-02-27,2022-02-27,2026-04-30,0,1,3030
CUS2328,Zenith Mercantile Inc,BCO,Retail,Mid-Market,,,IN,India,South Asia,APAC,Carlos Al-Farsi,carlos.al-farsi@meridiangl.com,B,30,Spot,2022-02-27,2026-05-01,9999-12-31,1,2,3031
CUS2329,Lonestar Agri-Foods Co.,BCO,Agriculture,Mid-Market,,,MX,Mexico,LatAm West,Americas,Hassan Silva,hassan.silva@meridiangl.com,C,30,Spot,2024-04-12,2024-04-12,2024-06-25,0,1,3032
CUS2329,Lonestar Agri-Foods Co.,BCO,Agriculture,Mid-Market,,,MX,Mexico,LatAm West,Americas,Fatima Tanaka,fatima.tanaka@meridiangl.com,C,30,Spot,2024-04-12,2024-06-26,9999-12-31,1,2,3033
CUS2330,Valleyforge Textiles B.V.,SME Direct,Textiles,SME,,,DE,Germany,N Europe,EMEA,Diego Yamamoto,diego.yamamoto@meridiangl.com,D,30,Named Account Tariff,2017-11-19,2017-11-19,9999-12-31,1,1,3034
CUS2331,Ironwood Stores Co.,3PL,Retail,National,,,TW,Taiwan,East Asia,APAC,Sofia Tanaka,sofia.tanaka@meridiangl.com,B,45,Named Account Tariff,2020-01-19,2020-01-19,9999-12-31,1,1,3035
CUS2332,Mosaic Semiconductor PLC,3PL,Electronics,Mid-Market,,,ES,Spain,Mediterranean,EMEA,Fatima Haddad,fatima.haddad@meridiangl.com,C,15,Spot,2017-05-23,2017-05-23,9999-12-31,1,1,3036
CUS2333,Ivyhill Technologies Ltd,BCO,Electronics,Mid-Market,,,SA,Saudi Arabia,Middle East,EMEA,Priya O'Brien,priya.obrien@meridiangl.com,B,45,Named Account Tariff,2016-05-31,2016-05-31,9999-12-31,1,1,3037
CUS2334,Ironwood FMCG Group,3PL,FMCG,Mid-Market,,,ZA,South Africa,Africa,EMEA,Sofia Tanaka,sofia.tanaka@meridiangl.com,B,60,Spot,2020-10-05,2020-10-05,9999-12-31,1,1,3038
CUS2335,Vantage Electronics S.A.,3PL,Electronics,Mid-Market,,,FR,France,N Europe,EMEA,Ahmed Rossi,ahmed.rossi@meridiangl.com,C,30,Spot,2021-09-08,2021-09-08,2026-06-18,0,1,3039
CUS2335,Vantage Electronics S.A.,3PL,Electronics,SME,,,FR,France,N Europe,EMEA,Ingrid Nguyen,ingrid.nguyen@meridiangl.com,B,30,Named Account Tariff,2021-09-08,2026-06-19,9999-12-31,1,2,3040
CUS2336,Eastridge Technologies PLC,Freight Forwarder,Electronics,SME,,,FR,France,N Europe,EMEA,Ingrid Osei,ingrid.osei@meridiangl.com,D,0,Spot,2022-10-10,2022-10-10,2026-06-03,0,1,3041
CUS2336,Eastridge Technologies PLC,Freight Forwarder,Electronics,National,,,FR,France,N Europe,EMEA,Yuki Torres,yuki.torres@meridiangl.com,B,0,Long-Term Contract,2022-10-10,2026-06-04,9999-12-31,1,2,3042
CUS2337,Vantage Engineering Inc,3PL,Machinery,Mid-Market,,,IN,India,South Asia,APAC,Sofia Ferreira,sofia.ferreira@meridiangl.com,C,30,Named Account Tariff,2021-11-29,2021-11-29,9999-12-31,1,1,3043
CUS2338,Voyager Consumer Goods Holdings,SME Direct,FMCG,Mid-Market,,,TR,Turkey,Mediterranean,EMEA,Fatima Tanaka,fatima.tanaka@meridiangl.com,C,0,Named Account Tariff,2022-06-24,2022-06-24,9999-12-31,1,1,3044
CUS2339,Juniper Metals GmbH,BCO,Metals,SME,,,MY,Malaysia,SE Asia,APAC,Anna Berg,anna.berg@meridiangl.com,C,60,Spot,2016-02-15,2016-02-15,9999-12-31,1,1,3045
CUS2340,Vertex Pharmaceuticals B.V.,SME Direct,Pharma,Mid-Market,,,SA,Saudi Arabia,Middle East,EMEA,Elena Haddad,elena.haddad@meridiangl.com,B,45,Spot,2017-06-03,2017-06-03,9999-12-31,1,1,3046
CUS2341,Westbrook Garments B.V.,SME Direct,Textiles,Mid-Market,,,JP,Japan,East Asia,APAC,Ahmed Torres,ahmed.torres@meridiangl.com,D,30,Named Account Tariff,2019-09-03,2019-09-03,9999-12-31,1,1,3047
CUS2342,Redwood Automotive Group,BCO,Automotive,SME,,,CL,Chile,LatAm West,Americas,Elena O'Brien,elena.obrien@meridiangl.com,C,15,Spot,2016-01-10,2016-01-10,9999-12-31,1,1,3048
CUS2343,Nova Life Sciences Inc,BCO,Pharma,SME,,,SG,Singapore,SE Asia,APAC,Ingrid Tanaka,ingrid.tanaka@meridiangl.com,D,30,Named Account Tariff,2021-08-13,2021-08-13,9999-12-31,1,1,3049
CUS2344,Wellspring Automotive PLC,3PL,Automotive,SME,,,TH,Thailand,SE Asia,APAC,Ingrid Ferreira,ingrid.ferreira@meridiangl.com,D,0,Named Account Tariff,2020-06-10,2020-06-10,2025-10-28,0,1,3050
CUS2344,Wellspring Automotive PLC,3PL,Automotive,SME,,,TH,Thailand,SE Asia,APAC,Ingrid Ferreira,ingrid.ferreira@meridiangl.com,D,0,Long-Term Contract,2020-06-10,2025-10-29,9999-12-31,1,2,3051
CUS2345,Northgate Stores Pte Ltd,Freight Forwarder,Retail,Mid-Market,CUS2549,Sentinel Alloys Holdings,ES,Spain,Mediterranean,EMEA,Priya Ferreira,priya.ferreira@meridiangl.com,D,15,Spot,2018-03-24,2018-03-24,9999-12-31,1,1,3052
CUS2346,Zenith Electronics B.V.,BCO,Electronics,Mid-Market,,,CL,Chile,LatAm West,Americas,Yuki Ramirez,yuki.ramirez@meridiangl.com,A,45,Long-Term Contract,2019-01-07,2019-01-07,9999-12-31,1,1,3053
CUS2347,Ashford Auto Parts PLC,BCO,Automotive,SME,,,FR,France,N Europe,EMEA,Raj Kim,raj.kim@meridiangl.com,D,30,Named Account Tariff,2022-09-22,2022-09-22,2024-09-22,0,1,3054
CUS2347,Ashford Auto Parts PLC,BCO,Automotive,SME,,,FR,France,N Europe,EMEA,Wei Silva,wei.silva@meridiangl.com,C,30,Long-Term Contract,2022-09-22,2024-09-23,9999-12-31,1,2,3055
CUS2348,Ashford Technologies LLC,NVOCC,Electronics,SME,CUS2039,Skyline Steel Co.,IN,India,South Asia,APAC,Elena O'Brien,elena.obrien@meridiangl.com,B,30,Long-Term Contract,2024-11-10,2024-11-10,9999-12-31,1,1,3056
CUS2349,Oakford Consumer Goods GmbH,Freight Forwarder,FMCG,SME,,,SG,Singapore,SE Asia,APAC,Diego Yamamoto,diego.yamamoto@meridiangl.com,B,15,Named Account Tariff,2016-05-26,2016-05-26,9999-12-31,1,1,3057
CUS2350,Juniper Industrial GmbH,BCO,Machinery,SME,CUS0680,Nightingale Technologies Holdings,TH,Thailand,SE Asia,APAC,Carlos Haddad,carlos.haddad@meridiangl.com,C,30,Long-Term Contract,2023-05-24,2023-05-24,2025-09-02,0,1,3058
CUS2350,Juniper Industrial GmbH,BCO,Machinery,SME,CUS0680,Nightingale Technologies Holdings,TH,Thailand,SE Asia,APAC,Carlos Haddad,carlos.haddad@meridiangl.com,A,30,Long-Term Contract,2023-05-24,2025-09-03,9999-12-31,1,2,3059
CUS2351,Ironbridge Consumer Goods B.V.,Freight Forwarder,FMCG,Mid-Market,CUS2104,Zenith Machinery Holdings,CA,Canada,N America East,Americas,Yuki Kowalski,yuki.kowalski@meridiangl.com,B,60,Spot,2020-09-04,2020-09-04,9999-12-31,1,1,3060
CUS2352,Nightingale Energy PLC,BCO,Energy,Mid-Market,,,AE,United Arab Emirates,Middle East,EMEA,Ahmed Tanaka,ahmed.tanaka@meridiangl.com,C,15,Spot,2023-04-19,2023-04-19,2025-10-24,0,1,3061
CUS2352,Nightingale Energy PLC,BCO,Energy,National,,,AE,United Arab Emirates,Middle East,EMEA,Ahmed Tanaka,ahmed.tanaka@meridiangl.com,A,15,Long-Term Contract,2023-04-19,2025-10-25,9999-12-31,1,2,3062
CUS2353,Northgate Automotive LLC,Freight Forwarder,Automotive,National,,,GB,United Kingdom,N Europe,EMEA,Priya O'Brien,priya.obrien@meridiangl.com,B,45,Named Account Tariff,2018-05-16,2018-05-16,9999-12-31,1,1,3063
CUS2354,Ridgemont Trading Group,BCO,Retail,Mid-Market,,,BR,Brazil,LatAm East,Americas,James Larsson,james.larsson@meridiangl.com,C,0,Spot,2015-10-24,2015-10-24,2023-03-16,0,1,3064
CUS2354,Ridgemont Trading Group,BCO,Retail,National,,,BR,Brazil,LatAm East,Americas,James Larsson,james.larsson@meridiangl.com,D,0,Named Account Tariff,2015-10-24,2023-03-17,9999-12-31,1,2,3065
CUS2355,Cedarline Pharmaceuticals Pte Ltd,3PL,Pharma,SME,CUS0580,Oakford Consumer Goods Group,ID,Indonesia,SE Asia,APAC,Hassan Nguyen,hassan.nguyen@meridiangl.com,B,15,Named Account Tariff,2017-05-12,2017-05-12,9999-12-31,1,1,3066
CUS2356,Junction Stores Group,BCO,Retail,SME,,,JP,Japan,East Asia,APAC,Sofia Larsson,sofia.larsson@meridiangl.com,B,0,Spot,2021-08-20,2021-08-20,9999-12-31,1,1,3067
CUS2357,Fairhaven Mercantile Holdings,BCO,Retail,SME,CUS2203,Voyager Pharma Group,HK,Hong Kong,East Asia,APAC,Wei Tanaka,wei.tanaka@meridiangl.com,D,30,Named Account Tariff,2025-12-05,2025-12-05,2025-12-19,0,1,3068
CUS2357,Fairhaven Mercantile Holdings,BCO,Retail,Mid-Market,CUS2203,Voyager Pharma Group,HK,Hong Kong,East Asia,APAC,Fatima Tanaka,fatima.tanaka@meridiangl.com,B,30,Named Account Tariff,2025-12-05,2025-12-20,9999-12-31,1,2,3069
CUS2358,Redwood Retail Corp,3PL,Retail,National,,,TR,Turkey,Mediterranean,EMEA,Ahmed Rossi,ahmed.rossi@meridiangl.com,B,45,Named Account Tariff,2016-12-21,2016-12-21,9999-12-31,1,1,3070
CUS2359,Eastridge Semiconductor Pte Ltd,NVOCC,Electronics,Mid-Market,,,CA,Canada,N America East,Americas,Carlos Ferreira,carlos.ferreira@meridiangl.com,C,15,Long-Term Contract,2018-04-07,2018-04-07,9999-12-31,1,1,3071
CUS2360,Thornwell Semiconductor Holdings,Freight Forwarder,Electronics,SME,,,TH,Thailand,SE Asia,APAC,Ahmed Rossi,ahmed.rossi@meridiangl.com,C,60,Named Account Tariff,2018-01-12,2018-01-12,9999-12-31,1,1,3072
CUS2361,Ashgrove Auto Parts Ltd,3PL,Automotive,National,,,MY,Malaysia,SE Asia,APAC,Fatima Chen,fatima.chen@meridiangl.com,A,30,Named Account Tariff,2018-02-18,2018-02-18,9999-12-31,1,1,3073
CUS2362,Beacon Garments LLC,3PL,Textiles,Mid-Market,,,ES,Spain,Mediterranean,EMEA,Liam O'Brien,liam.obrien@meridiangl.com,D,45,Named Account Tariff,2023-03-02,2023-03-02,9999-12-31,1,1,3074
CUS2363,Westbrook Technologies Ltd,Freight Forwarder,Electronics,Mid-Market,,,NZ,New Zealand,Oceania,ANZ,Wei Tanaka,wei.tanaka@meridiangl.com,C,30,Named Account Tariff,2015-08-15,2015-08-15,9999-12-31,1,1,3075
CUS2364,Equator Pharma Ltd,SME Direct,Pharma,SME,,,DE,Germany,N Europe,EMEA,Fatima O'Brien,fatima.obrien@meridiangl.com,C,15,Spot,2018-02-12,2018-02-12,2025-07-20,0,1,3076
CUS2364,Equator Pharma Ltd,SME Direct,Pharma,SME,,,DE,Germany,N Europe,EMEA,Ahmed Rossi,ahmed.rossi@meridiangl.com,C,15,Long-Term Contract,2018-02-12,2025-07-21,9999-12-31,1,2,3077
CUS2365,Eastridge Garments Pte Ltd,Freight Forwarder,Textiles,SME,,,AU,Australia,Oceania,ANZ,Hassan Nguyen,hassan.nguyen@meridiangl.com,C,30,Spot,2024-12-22,2024-12-22,2025-06-15,0,1,3078
CUS2365,Eastridge Garments Pte Ltd,Freight Forwarder,Textiles,SME,,,AU,Australia,Oceania,ANZ,Priya O'Brien,priya.obrien@meridiangl.com,D,30,Long-Term Contract,2024-12-22,2025-06-16,9999-12-31,1,2,3079
CUS2366,Nightingale Machinery Group,SME Direct,Machinery,National,CUS1014,Millbrook Power Holdings,AU,Australia,Oceania,ANZ,Ahmed Torres,ahmed.torres@meridiangl.com,B,30,Named Account Tariff,2017-11-03,2017-11-03,9999-12-31,1,1,3080
CUS2367,Deerfield Consumer Goods Co.,NVOCC,FMCG,Mid-Market,,,TW,Taiwan,East Asia,APAC,Carlos Haddad,carlos.haddad@meridiangl.com,C,30,Named Account Tariff,2018-04-27,2018-04-27,2019-08-09,0,1,3081
CUS2367,Deerfield Consumer Goods Co.,NVOCC,FMCG,National,,,TW,Taiwan,East Asia,APAC,Elena Haddad,elena.haddad@meridiangl.com,C,30,Named Account Tariff,2018-04-27,2019-08-10,9999-12-31,1,2,3082
CUS2368,Southwick Machinery Corp,BCO,Machinery,Mid-Market,CUS0535,Thornwell FMCG PLC,IT,Italy,Mediterranean,EMEA,Ingrid O'Brien,ingrid.obrien@meridiangl.com,C,15,Long-Term Contract,2018-08-10,2018-08-10,9999-12-31,1,1,3083
CUS2369,Fairhaven Electronics PLC,NVOCC,Electronics,National,,,SA,Saudi Arabia,Middle East,EMEA,Fatima Chen,fatima.chen@meridiangl.com,C,30,Named Account Tariff,2020-12-02,2020-12-02,9999-12-31,1,1,3084
CUS2370,Glenmoor Steel GmbH,BCO,Metals,SME,,,TR,Turkey,Mediterranean,EMEA,James Tanaka,james.tanaka@meridiangl.com,B,30,Spot,2021-01-08,2021-01-08,9999-12-31,1,1,3085
CUS2371,Oakford Apparel PLC,3PL,Textiles,National,,,CA,Canada,N America East,Americas,Elena O'Brien,elena.obrien@meridiangl.com,C,15,Spot,2017-08-02,2017-08-02,2019-08-05,0,1,3086
CUS2371,Oakford Apparel PLC,3PL,Textiles,Mid-Market,,,CA,Canada,N America East,Americas,Priya Ferreira,priya.ferreira@meridiangl.com,C,15,Long-Term Contract,2017-08-02,2019-08-06,9999-12-31,1,2,3087
CUS2372,Northgate Engineering Holdings,BCO,Machinery,Mid-Market,,,TH,Thailand,SE Asia,APAC,Yuki Ramirez,yuki.ramirez@meridiangl.com,B,15,Spot,2015-12-09,2015-12-09,9999-12-31,1,1,3088
CUS2373,Vantage Life Sciences PLC,BCO,Pharma,Global Key Account,,,MX,Mexico,LatAm West,Americas,Elena O'Brien,elena.obrien@meridiangl.com,A,30,Named Account Tariff,2018-01-20,2018-01-20,9999-12-31,1,1,3089
CUS2374,Kingswell Consumer Goods Co.,SME Direct,FMCG,SME,,,FR,France,N Europe,EMEA,Grace Osei,grace.osei@meridiangl.com,D,0,Spot,2022-04-20,2022-04-20,2026-02-22,0,1,3090
CUS2374,Kingswell Consumer Goods Co.,SME Direct,FMCG,SME,,,FR,France,N Europe,EMEA,Grace Osei,grace.osei@meridiangl.com,A,0,Long-Term Contract,2022-04-20,2026-02-23,9999-12-31,1,2,3091
CUS2375,Quarrystone Trading Group,3PL,Retail,SME,,,BE,Belgium,N Europe,EMEA,Elena O'Brien,elena.obrien@meridiangl.com,C,30,Spot,2018-12-12,2018-12-12,2019-09-22,0,1,3092
CUS2375,Quarrystone Trading Group,3PL,Retail,Mid-Market,,,BE,Belgium,N Europe,EMEA,Elena O'Brien,elena.obrien@meridiangl.com,A,30,Spot,2018-12-12,2019-09-23,9999-12-31,1,2,3093
CUS2376,Solstice Agri-Foods Group,3PL,Agriculture,SME,,,HK,Hong Kong,East Asia,APAC,Carlos Ferreira,carlos.ferreira@meridiangl.com,D,15,Spot,2021-01-18,2021-01-18,9999-12-31,1,1,3094
CUS2377,Vantage Motors Corp,BCO,Automotive,Mid-Market,,,ES,Spain,Mediterranean,EMEA,Elena Haddad,elena.haddad@meridiangl.com,B,45,Named Account Tariff,2025-08-29,2025-08-29,9999-12-31,1,1,3095
CUS2378,Cobalt Machinery Co.,Freight Forwarder,Machinery,Global Key Account,,,BE,Belgium,N Europe,EMEA,Yuki O'Brien,yuki.obrien@meridiangl.com,C,30,Long-Term Contract,2024-11-21,2024-11-21,9999-12-31,1,1,3096
CUS2379,Eastridge Chemicals PLC,SME Direct,Chemicals,Mid-Market,CUS1229,Northgate Agri-Foods Ltd,BE,Belgium,N Europe,EMEA,Ingrid O'Brien,ingrid.obrien@meridiangl.com,B,45,Spot,2024-05-17,2024-05-17,2026-04-12,0,1,3097
CUS2379,Eastridge Chemicals PLC,SME Direct,Chemicals,SME,CUS1229,Northgate Agri-Foods Ltd,BE,Belgium,N Europe,EMEA,Hassan Silva,hassan.silva@meridiangl.com,A,45,Long-Term Contract,2024-05-17,2026-04-13,9999-12-31,1,2,3098
CUS2380,Deerfield Semiconductor Group,SME Direct,Electronics,SME,,,GB,United Kingdom,N Europe,EMEA,Carlos Haddad,carlos.haddad@meridiangl.com,C,15,Named Account Tariff,2017-02-11,2017-02-11,9999-12-31,1,1,3099
CUS2381,Wellspring Energy S.A.,NVOCC,Energy,SME,,,ES,Spain,Mediterranean,EMEA,Fatima O'Brien,fatima.obrien@meridiangl.com,D,0,Spot,2024-10-15,2024-10-15,2025-09-11,0,1,3100
CUS2381,Wellspring Energy S.A.,NVOCC,Energy,SME,,,ES,Spain,Mediterranean,EMEA,Elena Tanaka,elena.tanaka@meridiangl.com,D,0,Named Account Tariff,2024-10-15,2025-09-12,9999-12-31,1,2,3101
CUS2382,Equator Garments PLC,NVOCC,Textiles,SME,,,GB,United Kingdom,N Europe,EMEA,Elena O'Brien,elena.obrien@meridiangl.com,C,60,Spot,2021-03-05,2021-03-05,9999-12-31,1,1,3102
CUS2383,Westbrook Energy S.A.,Freight Forwarder,Energy,Global Key Account,,,TW,Taiwan,East Asia,APAC,Ahmed Nguyen,ahmed.nguyen@meridiangl.com,B,15,Long-Term Contract,2026-03-27,2026-03-27,2026-04-03,0,1,3103
CUS2383,Westbrook Energy S.A.,Freight Forwarder,Energy,Global Key Account,,,TW,Taiwan,East Asia,APAC,Sofia Tanaka,sofia.tanaka@meridiangl.com,D,15,Named Account Tariff,2026-03-27,2026-04-04,9999-12-31,1,2,3104
CUS2384,Sterling Agri-Foods Co.,NVOCC,Agriculture,SME,CUS1301,Onyx Agri-Foods LLC,CA,Canada,N America East,Americas,Liam O'Brien,liam.obrien@meridiangl.com,C,0,Spot,2024-03-14,2024-03-14,2025-11-03,0,1,3105
CUS2384,Sterling Agri-Foods Co.,NVOCC,Agriculture,National,CUS1301,Onyx Agri-Foods LLC,CA,Canada,N America East,Americas,Liam O'Brien,liam.obrien@meridiangl.com,B,0,Long-Term Contract,2024-03-14,2025-11-04,9999-12-31,1,2,3106
CUS2385,Underhill Machinery Holdings,3PL,Machinery,Mid-Market,,,SG,Singapore,SE Asia,APAC,Ahmed Rossi,ahmed.rossi@meridiangl.com,C,30,Named Account Tariff,2023-09-27,2023-09-27,9999-12-31,1,1,3107
CUS2386,Beacon Technologies Ltd,3PL,Electronics,Mid-Market,,,US,United States,N America East,Americas,Elena Tanaka,elena.tanaka@meridiangl.com,D,30,Long-Term Contract,2019-12-01,2019-12-01,9999-12-31,1,1,3108
CUS2387,Brookline Automotive Ltd,SME Direct,Automotive,Mid-Market,,,BR,Brazil,LatAm East,Americas,Elena Haddad,elena.haddad@meridiangl.com,C,30,Spot,2018-09-04,2018-09-04,9999-12-31,1,1,3109
CUS2388,Lonestar Metals S.A.,BCO,Metals,Mid-Market,,,TW,Taiwan,East Asia,APAC,Ahmed Rossi,ahmed.rossi@meridiangl.com,C,15,Spot,2020-10-04,2020-10-04,2025-03-31,0,1,3110
CUS2388,Lonestar Metals S.A.,BCO,Metals,SME,,,TW,Taiwan,East Asia,APAC,Ingrid Nguyen,ingrid.nguyen@meridiangl.com,A,15,Named Account Tariff,2020-10-04,2025-04-01,9999-12-31,1,2,3111
CUS2389,Cedarline Semiconductor B.V.,SME Direct,Electronics,Mid-Market,,,SG,Singapore,SE Asia,APAC,Priya O'Brien,priya.obrien@meridiangl.com,D,15,Named Account Tariff,2024-03-23,2024-03-23,2024-05-17,0,1,3112
CUS2389,Cedarline Semiconductor B.V.,SME Direct,Electronics,Mid-Market,,,SG,Singapore,SE Asia,APAC,Priya O'Brien,priya.obrien@meridiangl.com,A,15,Named Account Tariff,2024-03-23,2024-05-18,9999-12-31,1,2,3113
CUS2390,Kingswell Agro Pte Ltd,NVOCC,Agriculture,National,,,KR,South Korea,East Asia,APAC,Ahmed Novak,ahmed.novak@meridiangl.com,C,15,Long-Term Contract,2026-06-14,2026-06-14,9999-12-31,1,1,3114
CUS2391,Voyager Chemicals GmbH,BCO,Chemicals,SME,,,VN,Vietnam,SE Asia,APAC,Grace Larsson,grace.larsson@meridiangl.com,B,15,Spot,2018-12-10,2018-12-10,2025-08-22,0,1,3115
CUS2391,Voyager Chemicals GmbH,BCO,Chemicals,SME,,,VN,Vietnam,SE Asia,APAC,Grace Larsson,grace.larsson@meridiangl.com,A,15,Spot,2018-12-10,2025-08-23,9999-12-31,1,2,3116
CUS2392,Granite Technologies B.V.,Freight Forwarder,Electronics,Mid-Market,,,ES,Spain,Mediterranean,EMEA,Sofia Larsson,sofia.larsson@meridiangl.com,A,45,Spot,2025-07-01,2025-07-01,9999-12-31,1,1,3117
CUS2393,Eastridge Industrial S.A.,3PL,Machinery,National,,,KR,South Korea,East Asia,APAC,Diego Kowalski,diego.kowalski@meridiangl.com,D,15,Long-Term Contract,2017-01-29,2017-01-29,9999-12-31,1,1,3118
CUS2394,Ashgrove Semiconductor Inc,NVOCC,Electronics,Mid-Market,,,ZA,South Africa,Africa,EMEA,Ahmed Rossi,ahmed.rossi@meridiangl.com,D,0,Named Account Tariff,2018-08-29,2018-08-29,9999-12-31,1,1,3119
CUS2395,Wellspring Automotive GmbH,Freight Forwarder,Automotive,SME,CUS2399,Equator Foods GmbH,MY,Malaysia,SE Asia,APAC,Carlos Sharma,carlos.sharma@meridiangl.com,B,45,Spot,2022-08-10,2022-08-10,9999-12-31,1,1,3120
CUS2396,Fairhaven Alloys GmbH,Freight Forwarder,Metals,Global Key Account,,,AE,United Arab Emirates,Middle East,EMEA,Liam O'Brien,liam.obrien@meridiangl.com,A,60,Long-Term Contract,2019-05-31,2019-05-31,2026-06-15,0,1,3121
CUS2396,Fairhaven Alloys GmbH,Freight Forwarder,Metals,Global Key Account,,,AE,United Arab Emirates,Middle East,EMEA,Hassan Nguyen,hassan.nguyen@meridiangl.com,C,60,Named Account Tariff,2019-05-31,2026-06-16,9999-12-31,1,2,3122
CUS2397,Mosaic Auto Parts PLC,Freight Forwarder,Automotive,Mid-Market,,,NZ,New Zealand,Oceania,ANZ,Grace Osei,grace.osei@meridiangl.com,B,30,Named Account Tariff,2016-09-13,2016-09-13,9999-12-31,1,1,3123
CUS2398,Southwick Trading PLC,3PL,Retail,SME,,,TR,Turkey,Mediterranean,EMEA,Yuki Torres,yuki.torres@meridiangl.com,D,0,Spot,2020-02-10,2020-02-10,9999-12-31,1,1,3124
CUS2399,Equator Foods GmbH,BCO,FMCG,Global Key Account,,,CN,China,East Asia,APAC,Hassan Silva,hassan.silva@meridiangl.com,D,0,Named Account Tariff,2025-08-08,2025-08-08,9999-12-31,1,1,3125
CUS2400,Kestrel Technologies Holdings,3PL,Electronics,SME,CUS3191,Onyx Auto Parts S.A.,SA,Saudi Arabia,Middle East,EMEA,Liam O'Brien,liam.obrien@meridiangl.com,C,30,Named Account Tariff,2020-05-26,2020-05-26,9999-12-31,1,1,3126
CUS2401,Kestrel Metals Group,NVOCC,Metals,SME,,,ES,Spain,Mediterranean,EMEA,Priya O'Brien,priya.obrien@meridiangl.com,C,45,Spot,2018-03-02,2018-03-02,2025-12-19,0,1,3127
CUS2401,Kestrel Metals Group,NVOCC,Metals,National,,,ES,Spain,Mediterranean,EMEA,Priya O'Brien,priya.obrien@meridiangl.com,A,45,Spot,2018-03-02,2025-12-20,9999-12-31,1,2,3128
CUS2402,Dockside Trading Ltd,BCO,Retail,SME,CUS0627,Underhill Agri-Foods Corp,HK,Hong Kong,East Asia,APAC,Ingrid Nguyen,ingrid.nguyen@meridiangl.com,C,15,Spot,2017-08-27,2017-08-27,9999-12-31,1,1,3129
CUS2403,Northgate Retail Co.,3PL,Retail,SME,,,ZA,South Africa,Africa,EMEA,Yuki Torres,yuki.torres@meridiangl.com,B,30,Spot,2020-10-31,2020-10-31,2022-05-27,0,1,3130
CUS2403,Northgate Retail Co.,3PL,Retail,SME,,,ZA,South Africa,Africa,EMEA,Ahmed Tanaka,ahmed.tanaka@meridiangl.com,B,30,Spot,2020-10-31,2022-05-28,9999-12-31,1,2,3131
CUS2404,Fairhaven Consumer Goods Group,NVOCC,FMCG,SME,,,CA,Canada,N America East,Americas,Hassan Silva,hassan.silva@meridiangl.com,C,30,Spot,2015-06-22,2015-06-22,2026-07-30,0,1,3132
CUS2404,Fairhaven Consumer Goods Group,NVOCC,FMCG,SME,,,CA,Canada,N America East,Americas,Hassan Silva,hassan.silva@meridiangl.com,B,30,Spot,2015-06-22,2026-07-31,9999-12-31,1,2,3133
CUS2405,Redwood Petrochemicals Inc,Freight Forwarder,Energy,National,,,KR,South Korea,East Asia,APAC,Elena Berg,elena.berg@meridiangl.com,D,15,Named Account Tariff,2021-03-13,2021-03-13,2023-08-01,0,1,3134
CUS2405,Redwood Petrochemicals Inc,Freight Forwarder,Energy,National,,,KR,South Korea,East Asia,APAC,Elena Berg,elena.berg@meridiangl.com,D,15,Spot,2021-03-13,2023-08-02,9999-12-31,1,2,3135
CUS2406,Greystone Retail Inc,3PL,Retail,National,CUS0580,Oakford Consumer Goods Group,MY,Malaysia,SE Asia,APAC,Yuki Kowalski,yuki.kowalski@meridiangl.com,B,30,Long-Term Contract,2026-02-12,2026-02-12,9999-12-31,1,1,3136
CUS2407,Deerfield Stores Inc,3PL,Retail,SME,,,MX,Mexico,LatAm West,Americas,Yuki Ramirez,yuki.ramirez@meridiangl.com,C,15,Named Account Tariff,2025-07-18,2025-07-18,2026-04-05,0,1,3137
CUS2407,Deerfield Stores Inc,3PL,Retail,National,,,MX,Mexico,LatAm West,Americas,Fatima Haddad,fatima.haddad@meridiangl.com,D,15,Spot,2025-07-18,2026-04-06,9999-12-31,1,2,3138
CUS2408,Redwood Automotive Pte Ltd,Freight Forwarder,Automotive,Mid-Market,,,CA,Canada,N America East,Americas,Fatima Tanaka,fatima.tanaka@meridiangl.com,B,45,Named Account Tariff,2023-08-13,2023-08-13,9999-12-31,1,1,3139
CUS2409,Sentinel Petrochemicals Holdings,3PL,Energy,SME,,,TH,Thailand,SE Asia,APAC,Elena O'Brien,elena.obrien@meridiangl.com,D,15,Named Account Tariff,2016-06-24,2016-06-24,9999-12-31,1,1,3140
CUS2410,Quarrystone Petrochemicals Inc,BCO,Energy,National,,,DE,Germany,N Europe,EMEA,Fatima Tanaka,fatima.tanaka@meridiangl.com,C,15,Long-Term Contract,2016-03-31,2016-03-31,9999-12-31,1,1,3141
CUS2411,Underhill Pharmaceuticals Corp,3PL,Pharma,National,,,IT,Italy,Mediterranean,EMEA,Carlos Al-Farsi,carlos.al-farsi@meridiangl.com,A,30,Spot,2018-10-30,2018-10-30,9999-12-31,1,1,3142
CUS2412,Sentinel Foods GmbH,BCO,FMCG,Mid-Market,,,TH,Thailand,SE Asia,APAC,Ahmed Tanaka,ahmed.tanaka@meridiangl.com,B,30,Long-Term Contract,2018-03-05,2018-03-05,9999-12-31,1,1,3143
CUS2413,Cobalt Trading S.A.,BCO,Retail,SME,,,BE,Belgium,N Europe,EMEA,Grace Larsson,grace.larsson@meridiangl.com,B,15,Spot,2021-05-03,2021-05-03,9999-12-31,1,1,3144
CUS2414,Lonestar Alloys Ltd,SME Direct,Metals,Mid-Market,,,ID,Indonesia,SE Asia,APAC,Elena Tanaka,elena.tanaka@meridiangl.com,D,30,Spot,2017-12-23,2017-12-23,9999-12-31,1,1,3145
CUS2415,Ironwood Consumer Goods Holdings,3PL,FMCG,Mid-Market,,,SG,Singapore,SE Asia,APAC,Ahmed Nguyen,ahmed.nguyen@meridiangl.com,C,30,Named Account Tariff,2023-05-06,2023-05-06,9999-12-31,1,1,3146
CUS2416,Vertex Stores Pte Ltd,BCO,Retail,SME,,,BE,Belgium,N Europe,EMEA,Grace Larsson,grace.larsson@meridiangl.com,B,45,Spot,2016-09-25,2016-09-25,2025-11-07,0,1,3147
CUS2416,Vertex Stores Pte Ltd,BCO,Retail,Mid-Market,,,BE,Belgium,N Europe,EMEA,Grace Larsson,grace.larsson@meridiangl.com,C,45,Named Account Tariff,2016-09-25,2025-11-08,9999-12-31,1,2,3148
CUS2417,Onyx Trading Group,BCO,Retail,SME,CUS1412,Mosaic Pharmaceuticals PLC,VN,Vietnam,SE Asia,APAC,James Tanaka,james.tanaka@meridiangl.com,D,0,Spot,2019-01-25,2019-01-25,9999-12-31,1,1,3149
CUS2418,Westbrook Industrial Group,3PL,Machinery,SME,CUS1367,Nightingale Semiconductor GmbH,NL,Netherlands,N Europe,EMEA,Wei Tanaka,wei.tanaka@meridiangl.com,A,45,Spot,2020-08-04,2020-08-04,9999-12-31,1,1,3150
CUS2419,Greystone Steel Pte Ltd,3PL,Metals,SME,,,ES,Spain,Mediterranean,EMEA,Elena Berg,elena.berg@meridiangl.com,D,15,Spot,2016-08-15,2016-08-15,9999-12-31,1,1,3151
CUS2420,Brightwater Retail LLC,BCO,Retail,SME,,,US,United States,N America East,Americas,Raj Kim,raj.kim@meridiangl.com,C,30,Spot,2025-01-13,2025-01-13,9999-12-31,1,1,3152
CUS2421,Thornwell Pharma GmbH,Freight Forwarder,Pharma,SME,,,ZA,South Africa,Africa,EMEA,Wei Tanaka,wei.tanaka@meridiangl.com,C,60,Spot,2019-05-16,2019-05-16,9999-12-31,1,1,3153
CUS2422,Elmfield Motors Ltd,NVOCC,Automotive,SME,,,DE,Germany,N Europe,EMEA,Yuki O'Brien,yuki.obrien@meridiangl.com,C,30,Spot,2019-08-02,2019-08-02,9999-12-31,1,1,3154
CUS2423,Glenmoor Metals PLC,Freight Forwarder,Metals,Mid-Market,,,CN,China,East Asia,APAC,Fatima O'Brien,fatima.obrien@meridiangl.com,C,15,Spot,2016-08-29,2016-08-29,9999-12-31,1,1,3155
CUS2424,Mosaic Automotive Pte Ltd,BCO,Automotive,SME,,,AE,United Arab Emirates,Middle East,EMEA,James Tanaka,james.tanaka@meridiangl.com,C,30,Spot,2021-10-13,2021-10-13,9999-12-31,1,1,3156
CUS2425,Mosaic Auto Parts Holdings,3PL,Automotive,Mid-Market,,,BE,Belgium,N Europe,EMEA,Yuki Torres,yuki.torres@meridiangl.com,B,0,Spot,2025-07-19,2025-07-19,9999-12-31,1,1,3157
CUS2426,Equator Semiconductor PLC,Freight Forwarder,Electronics,SME,CUS2254,Kestrel Energy LLC,KR,South Korea,East Asia,APAC,Grace Osei,grace.osei@meridiangl.com,D,30,Spot,2015-10-06,2015-10-06,2020-12-05,0,1,3158
CUS2426,Equator Semiconductor PLC,Freight Forwarder,Electronics,SME,CUS2254,Kestrel Energy LLC,KR,South Korea,East Asia,APAC,Grace Osei,grace.osei@meridiangl.com,D,30,Named Account Tariff,2015-10-06,2020-12-06,9999-12-31,1,2,3159
CUS2427,Greystone Chemical Industries LLC,NVOCC,Chemicals,SME,,,US,United States,N America East,Americas,Ingrid Ferreira,ingrid.ferreira@meridiangl.com,C,45,Spot,2015-11-27,2015-11-27,9999-12-31,1,1,3160
CUS2428,Cobalt Power Ltd,3PL,Energy,National,,,ID,Indonesia,SE Asia,APAC,Sofia Tanaka,sofia.tanaka@meridiangl.com,B,45,Spot,2026-03-22,2026-03-22,2026-05-08,0,1,3161
CUS2428,Cobalt Power Ltd,3PL,Energy,National,,,ID,Indonesia,SE Asia,APAC,Ingrid Ferreira,ingrid.ferreira@meridiangl.com,A,45,Named Account Tariff,2026-03-22,2026-05-09,9999-12-31,1,2,3162
CUS2429,Solstice Power Co.,NVOCC,Energy,Mid-Market,CUS1327,Dockside Garments LLC,NZ,New Zealand,Oceania,ANZ,Ingrid Osei,ingrid.osei@meridiangl.com,C,45,Named Account Tariff,2018-07-07,2018-07-07,2025-08-21,0,1,3163
CUS2429,Solstice Power Co.,NVOCC,Energy,Mid-Market,CUS1327,Dockside Garments LLC,NZ,New Zealand,Oceania,ANZ,Ingrid Osei,ingrid.osei@meridiangl.com,B,45,Named Account Tariff,2018-07-07,2025-08-22,9999-12-31,1,2,3164
CUS2430,Lakemoor Farms Corp,NVOCC,Agriculture,Mid-Market,,,ID,Indonesia,SE Asia,APAC,Fatima Tanaka,fatima.tanaka@meridiangl.com,C,15,Long-Term Contract,2016-01-14,2016-01-14,9999-12-31,1,1,3165
CUS2431,Ironwood Electronics Holdings,3PL,Electronics,SME,,,IT,Italy,Mediterranean,EMEA,Carlos Ferreira,carlos.ferreira@meridiangl.com,A,45,Long-Term Contract,2020-05-13,2020-05-13,9999-12-31,1,1,3166
CUS2432,Nova Chemicals Group,3PL,Chemicals,Mid-Market,,,ZA,South Africa,Africa,EMEA,Carlos Ferreira,carlos.ferreira@meridiangl.com,C,15,Long-Term Contract,2017-07-17,2017-07-17,9999-12-31,1,1,3167
CUS2433,Harborview Pharmaceuticals Group,BCO,Pharma,SME,,,TW,Taiwan,East Asia,APAC,Elena Haddad,elena.haddad@meridiangl.com,C,15,Spot,2018-04-27,2018-04-27,9999-12-31,1,1,3168
CUS2434,Wellspring Retail Co.,Freight Forwarder,Retail,Mid-Market,,,NZ,New Zealand,Oceania,ANZ,Priya Ferreira,priya.ferreira@meridiangl.com,B,60,Named Account Tariff,2017-11-10,2017-11-10,9999-12-31,1,1,3169
CUS2435,Nightingale Stores PLC,BCO,Retail,SME,CUS2594,Ridgemont Farms B.V.,VN,Vietnam,SE Asia,APAC,Fatima Chen,fatima.chen@meridiangl.com,D,30,Long-Term Contract,2019-12-08,2019-12-08,2025-04-04,0,1,3170
CUS2435,Nightingale Stores PLC,BCO,Retail,Mid-Market,CUS2594,Ridgemont Farms B.V.,VN,Vietnam,SE Asia,APAC,Carlos Sharma,carlos.sharma@meridiangl.com,C,30,Named Account Tariff,2019-12-08,2025-04-05,9999-12-31,1,2,3171
CUS2436,Equator Motors GmbH,SME Direct,Automotive,SME,,,AE,United Arab Emirates,Middle East,EMEA,Ahmed Nguyen,ahmed.nguyen@meridiangl.com,B,0,Spot,2023-09-30,2023-09-30,2024-06-04,0,1,3172
CUS2436,Equator Motors GmbH,SME Direct,Automotive,National,,,AE,United Arab Emirates,Middle East,EMEA,Grace Osei,grace.osei@meridiangl.com,A,0,Named Account Tariff,2023-09-30,2024-06-05,9999-12-31,1,2,3173
CUS2437,Zenith Textiles PLC,NVOCC,Textiles,National,,,FR,France,N Europe,EMEA,Elena Haddad,elena.haddad@meridiangl.com,B,60,Spot,2020-09-20,2020-09-20,9999-12-31,1,1,3174
CUS2438,Kestrel Automotive Group,SME Direct,Automotive,National,,,NL,Netherlands,N Europe,EMEA,Priya O'Brien,priya.obrien@meridiangl.com,B,30,Named Account Tariff,2021-09-05,2021-09-05,2025-01-23,0,1,3175
CUS2438,Kestrel Automotive Group,SME Direct,Automotive,Mid-Market,,,NL,Netherlands,N Europe,EMEA,Ahmed Novak,ahmed.novak@meridiangl.com,C,30,Spot,2021-09-05,2025-01-24,9999-12-31,1,2,3176
CUS2439,Ashford Auto Parts Corp,BCO,Automotive,Mid-Market,CUS2778,Hillcrest Engineering LLC,BR,Brazil,LatAm East,Americas,Ingrid Osei,ingrid.osei@meridiangl.com,D,15,Spot,2018-11-04,2018-11-04,9999-12-31,1,1,3177
CUS2440,Oakford Textiles Co.,BCO,Textiles,SME,,,SA,Saudi Arabia,Middle East,EMEA,Maria Sharma,maria.sharma@meridiangl.com,D,60,Spot,2022-08-06,2022-08-06,9999-12-31,1,1,3178
CUS2441,Nova Agro B.V.,BCO,Agriculture,National,,,AE,United Arab Emirates,Middle East,EMEA,Carlos Haddad,carlos.haddad@meridiangl.com,C,15,Long-Term Contract,2019-05-08,2019-05-08,9999-12-31,1,1,3179
CUS2442,Granite Pharma Corp,3PL,Pharma,Mid-Market,,,CN,China,East Asia,APAC,Ingrid Tanaka,ingrid.tanaka@meridiangl.com,B,45,Long-Term Contract,2017-02-21,2017-02-21,9999-12-31,1,1,3180
CUS2443,Glenmoor Automotive Ltd,BCO,Automotive,Global Key Account,,,DE,Germany,N Europe,EMEA,Hassan Silva,hassan.silva@meridiangl.com,A,45,Long-Term Contract,2019-11-28,2019-11-28,9999-12-31,1,1,3181
CUS2444,Marlowe Power S.A.,SME Direct,Energy,SME,,,CN,China,East Asia,APAC,Carlos Sharma,carlos.sharma@meridiangl.com,C,30,Named Account Tariff,2018-07-04,2018-07-04,9999-12-31,1,1,3182
CUS2445,Ashgrove Chemicals Group,BCO,Chemicals,Mid-Market,,,VN,Vietnam,SE Asia,APAC,Wei Tanaka,wei.tanaka@meridiangl.com,C,30,Named Account Tariff,2022-03-06,2022-03-06,9999-12-31,1,1,3183
CUS2446,Dockside Chemicals Pte Ltd,SME Direct,Chemicals,Mid-Market,CUS1412,Mosaic Pharmaceuticals PLC,AU,Australia,Oceania,ANZ,Kenji Tanaka,kenji.tanaka@meridiangl.com,B,45,Spot,2025-12-21,2025-12-21,9999-12-31,1,1,3184
CUS2447,Solstice Chemical Industries Group,3PL,Chemicals,Mid-Market,,,TH,Thailand,SE Asia,APAC,Wei Silva,wei.silva@meridiangl.com,C,15,Named Account Tariff,2015-07-21,2015-07-21,9999-12-31,1,1,3185
CUS2448,Deerfield Pharma Group,BCO,Pharma,National,,,TH,Thailand,SE Asia,APAC,Ingrid Nguyen,ingrid.nguyen@meridiangl.com,D,15,Named Account Tariff,2022-08-02,2022-08-02,9999-12-31,1,1,3186
CUS2449,Hillcrest Engineering Pte Ltd,BCO,Machinery,SME,,,CA,Canada,N America East,Americas,Carlos Haddad,carlos.haddad@meridiangl.com,C,15,Named Account Tariff,2015-07-10,2015-07-10,9999-12-31,1,1,3187
CUS2450,Junction Electronics Ltd,SME Direct,Electronics,National,,,NZ,New Zealand,Oceania,ANZ,Ingrid Osei,ingrid.osei@meridiangl.com,B,15,Named Account Tariff,2022-03-09,2022-03-09,9999-12-31,1,1,3188
CUS2451,Ivyhill Agro Group,SME Direct,Agriculture,SME,,,HK,Hong Kong,East Asia,APAC,Diego Kowalski,diego.kowalski@meridiangl.com,C,0,Named Account Tariff,2018-05-24,2018-05-24,2025-03-06,0,1,3189
CUS2451,Ivyhill Agro Group,SME Direct,Agriculture,SME,,,HK,Hong Kong,East Asia,APAC,Diego Kowalski,diego.kowalski@meridiangl.com,D,0,Named Account Tariff,2018-05-24,2025-03-07,9999-12-31,1,2,3190
CUS2452,Onyx Petrochemicals Holdings,BCO,Energy,SME,,,TW,Taiwan,East Asia,APAC,Anna Berg,anna.berg@meridiangl.com,C,0,Spot,2022-10-14,2022-10-14,9999-12-31,1,1,3191
CUS2453,Oakford Machinery GmbH,BCO,Machinery,Mid-Market,,,DE,Germany,N Europe,EMEA,James Larsson,james.larsson@meridiangl.com,D,0,Named Account Tariff,2021-06-24,2021-06-24,9999-12-31,1,1,3192
CUS2454,Lakemoor Agri-Foods Corp,BCO,Agriculture,Mid-Market,,,MX,Mexico,LatAm West,Americas,Anna Berg,anna.berg@meridiangl.com,B,15,Named Account Tariff,2021-01-20,2021-01-20,2025-06-07,0,1,3193
CUS2454,Lakemoor Agri-Foods Corp,BCO,Agriculture,National,,,MX,Mexico,LatAm West,Americas,Anna Berg,anna.berg@meridiangl.com,D,15,Spot,2021-01-20,2025-06-08,9999-12-31,1,2,3194
CUS2455,Onyx Textiles S.A.,BCO,Textiles,SME,,,GB,United Kingdom,N Europe,EMEA,Liam O'Brien,liam.obrien@meridiangl.com,B,60,Spot,2022-10-22,2022-10-22,9999-12-31,1,1,3195
CUS2456,Voyager Power Group,BCO,Energy,National,,,ZA,South Africa,Africa,EMEA,Sofia Tanaka,sofia.tanaka@meridiangl.com,B,30,Named Account Tariff,2018-05-01,2018-05-01,2025-12-14,0,1,3196
CUS2456,Voyager Power Group,BCO,Energy,Mid-Market,,,ZA,South Africa,Africa,EMEA,Elena O'Brien,elena.obrien@meridiangl.com,D,30,Spot,2018-05-01,2025-12-15,9999-12-31,1,2,3197
CUS2457,Eastridge Agro Inc,BCO,Agriculture,Mid-Market,,,FR,France,N Europe,EMEA,Carlos Sharma,carlos.sharma@meridiangl.com,C,30,Named Account Tariff,2016-04-03,2016-04-03,9999-12-31,1,1,3198
CUS2458,Monsoon Apparel LLC,3PL,Textiles,Mid-Market,,,MY,Malaysia,SE Asia,APAC,Sofia Tanaka,sofia.tanaka@meridiangl.com,C,30,Named Account Tariff,2024-07-26,2024-07-26,9999-12-31,1,1,3199
CUS2459,Aurora Pharmaceuticals Co.,NVOCC,Pharma,SME,,,CN,China,East Asia,APAC,Ingrid Ferreira,ingrid.ferreira@meridiangl.com,D,15,Named Account Tariff,2019-12-14,2019-12-14,2023-07-19,0,1,3200
CUS2459,Aurora Pharmaceuticals Co.,NVOCC,Pharma,SME,,,CN,China,East Asia,APAC,Ahmed Rossi,ahmed.rossi@meridiangl.com,C,15,Spot,2019-12-14,2023-07-20,9999-12-31,1,2,3201
CUS2460,Aurora Automotive Pte Ltd,BCO,Automotive,National,CUS2552,Solstice Engineering GmbH,NZ,New Zealand,Oceania,ANZ,Fatima Chen,fatima.chen@meridiangl.com,C,45,Long-Term Contract,2025-03-08,2025-03-08,2025-04-13,0,1,3202
CUS2460,Aurora Automotive Pte Ltd,BCO,Automotive,Mid-Market,CUS2552,Solstice Engineering GmbH,NZ,New Zealand,Oceania,ANZ,Fatima Chen,fatima.chen@meridiangl.com,C,45,Spot,2025-03-08,2025-04-14,9999-12-31,1,2,3203
CUS2461,Skyline Motors PLC,3PL,Automotive,Global Key Account,,,IN,India,South Asia,APAC,Ingrid Ferreira,ingrid.ferreira@meridiangl.com,C,0,Named Account Tariff,2020-11-23,2020-11-23,9999-12-31,1,1,3204
CUS2462,Brightwater Agro Inc,Freight Forwarder,Agriculture,Mid-Market,,,BE,Belgium,N Europe,EMEA,Sofia Ferreira,sofia.ferreira@meridiangl.com,B,30,Spot,2020-07-02,2020-07-02,2021-08-28,0,1,3205
CUS2462,Brightwater Agro Inc,Freight Forwarder,Agriculture,Mid-Market,,,BE,Belgium,N Europe,EMEA,Sofia Ferreira,sofia.ferreira@meridiangl.com,A,30,Spot,2020-07-02,2021-08-29,9999-12-31,1,2,3206
CUS2463,Ashford Farms LLC,3PL,Agriculture,SME,,,MX,Mexico,LatAm West,Americas,Sofia Tanaka,sofia.tanaka@meridiangl.com,C,30,Spot,2017-10-26,2017-10-26,9999-12-31,1,1,3207
CUS2464,Sentinel Electronics S.A.,BCO,Electronics,Mid-Market,,,SG,Singapore,SE Asia,APAC,Ahmed Novak,ahmed.novak@meridiangl.com,D,30,Long-Term Contract,2017-12-14,2017-12-14,9999-12-31,1,1,3208
CUS2465,Northgate Farms B.V.,BCO,Agriculture,SME,,,IT,Italy,Mediterranean,EMEA,Wei Tanaka,wei.tanaka@meridiangl.com,C,0,Spot,2021-08-01,2021-08-01,9999-12-31,1,1,3209
CUS2466,Harborview Semiconductor Holdings,BCO,Electronics,Mid-Market,,,JP,Japan,East Asia,APAC,Raj Kim,raj.kim@meridiangl.com,B,30,Named Account Tariff,2018-11-08,2018-11-08,9999-12-31,1,1,3210
CUS2467,Ironbridge Consumer Goods LLC,Freight Forwarder,FMCG,SME,,,HK,Hong Kong,East Asia,APAC,Diego Yamamoto,diego.yamamoto@meridiangl.com,C,30,Named Account Tariff,2025-04-13,2025-04-13,9999-12-31,1,1,3211
CUS2468,Marlowe Pharma Inc,BCO,Pharma,Mid-Market,,,CN,China,East Asia,APAC,Ingrid Nguyen,ingrid.nguyen@meridiangl.com,D,0,Named Account Tariff,2021-04-01,2021-04-01,2024-02-27,0,1,3212
CUS2468,Marlowe Pharma Inc,BCO,Pharma,Mid-Market,,,CN,China,East Asia,APAC,Elena Berg,elena.berg@meridiangl.com,A,0,Long-Term Contract,2021-04-01,2024-02-28,9999-12-31,1,2,3213
CUS2469,Everest Apparel PLC,BCO,Textiles,National,,,ES,Spain,Mediterranean,EMEA,Ahmed Rossi,ahmed.rossi@meridiangl.com,B,45,Named Account Tariff,2023-01-13,2023-01-13,9999-12-31,1,1,3214
CUS2470,Nightingale Chemicals Corp,Freight Forwarder,Chemicals,Mid-Market,,,MX,Mexico,LatAm West,Americas,Sofia Ferreira,sofia.ferreira@meridiangl.com,C,60,Long-Term Contract,2026-04-11,2026-04-11,9999-12-31,1,1,3215
CUS2471,Elmfield Technologies GmbH,3PL,Electronics,National,,,SG,Singapore,SE Asia,APAC,Wei Silva,wei.silva@meridiangl.com,B,0,Named Account Tariff,2024-05-08,2024-05-08,2024-06-26,0,1,3216
CUS2471,Elmfield Technologies GmbH,3PL,Electronics,Mid-Market,,,SG,Singapore,SE Asia,APAC,Diego Kowalski,diego.kowalski@meridiangl.com,B,0,Long-Term Contract,2024-05-08,2024-06-27,9999-12-31,1,2,3217
CUS2472,Southwick Chemical Industries Co.,BCO,Chemicals,Mid-Market,,,CN,China,East Asia,APAC,Raj Kim,raj.kim@meridiangl.com,C,0,Named Account Tariff,2016-06-11,2016-06-11,9999-12-31,1,1,3218
CUS2473,Harborview Motors Ltd,Freight Forwarder,Automotive,SME,,,MY,Malaysia,SE Asia,APAC,Hassan Nguyen,hassan.nguyen@meridiangl.com,C,30,Named Account Tariff,2019-07-04,2019-07-04,9999-12-31,1,1,3219
CUS2474,Vantage Electronics LLC,BCO,Electronics,Mid-Market,,,IT,Italy,Mediterranean,EMEA,Wei Tanaka,wei.tanaka@meridiangl.com,B,30,Spot,2015-06-21,2015-06-21,9999-12-31,1,1,3220
CUS2475,Thornwell Life Sciences B.V.,BCO,Pharma,Mid-Market,,,TW,Taiwan,East Asia,APAC,Ingrid Nguyen,ingrid.nguyen@meridiangl.com,C,15,Named Account Tariff,2025-11-30,2025-11-30,9999-12-31,1,1,3221
CUS2476,Hillcrest Semiconductor Group,BCO,Electronics,SME,CUS2136,Oakford Chemicals PLC,TH,Thailand,SE Asia,APAC,Ahmed Nguyen,ahmed.nguyen@meridiangl.com,B,15,Spot,2017-09-12,2017-09-12,9999-12-31,1,1,3222
CUS2477,Ridgemont Agri-Foods GmbH,BCO,Agriculture,SME,CUS0139,Beacon Stores Corp,MX,Mexico,LatAm West,Americas,Maria Sharma,maria.sharma@meridiangl.com,D,0,Spot,2020-07-04,2020-07-04,9999-12-31,1,1,3223
CUS2478,Cobalt Pharmaceuticals PLC,3PL,Pharma,SME,,,MX,Mexico,LatAm West,Americas,Anna Berg,anna.berg@meridiangl.com,C,0,Spot,2022-10-04,2022-10-04,2025-12-05,0,1,3224
CUS2478,Cobalt Pharmaceuticals PLC,3PL,Pharma,SME,,,MX,Mexico,LatAm West,Americas,Diego Kowalski,diego.kowalski@meridiangl.com,D,0,Named Account Tariff,2022-10-04,2025-12-06,9999-12-31,1,2,3225
CUS2479,Kingswell Farms S.A.,Freight Forwarder,Agriculture,SME,,,SG,Singapore,SE Asia,APAC,Elena Haddad,elena.haddad@meridiangl.com,B,30,Spot,2019-01-09,2019-01-09,9999-12-31,1,1,3226
CUS2480,Wellspring Auto Parts Co.,3PL,Automotive,National,,,CL,Chile,LatAm West,Americas,Fatima O'Brien,fatima.obrien@meridiangl.com,C,0,Named Account Tariff,2020-12-23,2020-12-23,2023-12-02,0,1,3227
CUS2480,Wellspring Auto Parts Co.,3PL,Automotive,Mid-Market,,,CL,Chile,LatAm West,Americas,Fatima O'Brien,fatima.obrien@meridiangl.com,A,0,Long-Term Contract,2020-12-23,2023-12-03,9999-12-31,1,2,3228
CUS2481,Junction Technologies Group,3PL,Electronics,Mid-Market,,,MY,Malaysia,SE Asia,APAC,Yuki Ramirez,yuki.ramirez@meridiangl.com,B,30,Long-Term Contract,2015-11-10,2015-11-10,2017-12-13,0,1,3229
CUS2481,Junction Technologies Group,3PL,Electronics,Mid-Market,,,MY,Malaysia,SE Asia,APAC,Yuki Ramirez,yuki.ramirez@meridiangl.com,C,30,Long-Term Contract,2015-11-10,2017-12-14,2019-07-05,0,2,3230
CUS2481,Junction Technologies Group,3PL,Electronics,Mid-Market,,,MY,Malaysia,SE Asia,APAC,Fatima O'Brien,fatima.obrien@meridiangl.com,D,30,Spot,2015-11-10,2019-07-06,9999-12-31,1,3,3231
CUS2482,Dockside Agri-Foods Co.,BCO,Agriculture,SME,,,ZA,South Africa,Africa,EMEA,James Larsson,james.larsson@meridiangl.com,D,0,Spot,2017-03-15,2017-03-15,9999-12-31,1,1,3232
CUS2483,Glenmoor Semiconductor Ltd,NVOCC,Electronics,SME,,,NL,Netherlands,N Europe,EMEA,Carlos Ferreira,carlos.ferreira@meridiangl.com,B,60,Spot,2024-06-08,2024-06-08,9999-12-31,1,1,3233
CUS2484,Juniper Farms Corp,3PL,Agriculture,Mid-Market,,,IT,Italy,Mediterranean,EMEA,Anna Berg,anna.berg@meridiangl.com,B,60,Spot,2019-02-19,2019-02-19,2025-11-15,0,1,3234
CUS2484,Juniper Farms Corp,3PL,Agriculture,Mid-Market,,,IT,Italy,Mediterranean,EMEA,Hassan Silva,hassan.silva@meridiangl.com,B,60,Spot,2019-02-19,2025-11-16,9999-12-31,1,2,3235
CUS2485,Solstice Motors Pte Ltd,SME Direct,Automotive,Mid-Market,,,NL,Netherlands,N Europe,EMEA,Ingrid Nguyen,ingrid.nguyen@meridiangl.com,C,30,Spot,2019-12-09,2019-12-09,9999-12-31,1,1,3236
CUS2486,Brightwater Textiles Inc,SME Direct,Textiles,Mid-Market,,,KR,South Korea,East Asia,APAC,Ingrid Tanaka,ingrid.tanaka@meridiangl.com,C,30,Spot,2017-10-30,2017-10-30,9999-12-31,1,1,3237
CUS2487,Aurora Life Sciences Corp,BCO,Pharma,Mid-Market,,,ZA,South Africa,Africa,EMEA,Yuki O'Brien,yuki.obrien@meridiangl.com,C,45,Long-Term Contract,2019-06-27,2019-06-27,9999-12-31,1,1,3238
CUS2488,Wellspring Energy PLC,SME Direct,Energy,Mid-Market,,,TR,Turkey,Mediterranean,EMEA,Elena O'Brien,elena.obrien@meridiangl.com,B,30,Named Account Tariff,2022-11-02,2022-11-02,2024-07-16,0,1,3239
CUS2488,Wellspring Energy PLC,SME Direct,Energy,Mid-Market,,,TR,Turkey,Mediterranean,EMEA,Grace Larsson,grace.larsson@meridiangl.com,B,30,Long-Term Contract,2022-11-02,2024-07-17,9999-12-31,1,2,3240
CUS2489,Solstice Steel Group,SME Direct,Metals,SME,,,CN,China,East Asia,APAC,Grace Larsson,grace.larsson@meridiangl.com,C,60,Spot,2020-06-04,2020-06-04,9999-12-31,1,1,3241
CUS2490,Redwood Foods Inc,Freight Forwarder,FMCG,SME,CUS0600,Eastridge Chemicals Pte Ltd,AE,United Arab Emirates,Middle East,EMEA,Ingrid O'Brien,ingrid.obrien@meridiangl.com,B,30,Spot,2018-02-03,2018-02-03,2022-01-14,0,1,3242
CUS2490,Redwood Foods Inc,Freight Forwarder,FMCG,Mid-Market,CUS0600,Eastridge Chemicals Pte Ltd,AE,United Arab Emirates,Middle East,EMEA,Ingrid O'Brien,ingrid.obrien@meridiangl.com,D,30,Spot,2018-02-03,2022-01-15,9999-12-31,1,2,3243
CUS2491,Solstice Chemicals B.V.,BCO,Chemicals,SME,,,GB,United Kingdom,N Europe,EMEA,Ingrid Tanaka,ingrid.tanaka@meridiangl.com,B,30,Spot,2018-06-23,2018-06-23,9999-12-31,1,1,3244
CUS2492,Eastridge Pharma GmbH,3PL,Pharma,Mid-Market,,,NL,Netherlands,N Europe,EMEA,Wei Silva,wei.silva@meridiangl.com,D,15,Spot,2018-08-29,2018-08-29,2024-07-16,0,1,3245
CUS2492,Eastridge Pharma GmbH,3PL,Pharma,SME,,,NL,Netherlands,N Europe,EMEA,Elena O'Brien,elena.obrien@meridiangl.com,A,15,Named Account Tariff,2018-08-29,2024-07-17,9999-12-31,1,2,3246
CUS2493,Brookline Auto Parts PLC,NVOCC,Automotive,SME,,,AU,Australia,Oceania,ANZ,Maria Sharma,maria.sharma@meridiangl.com,D,0,Spot,2018-12-15,2018-12-15,9999-12-31,1,1,3247
CUS2494,Clearwater Motors Corp,SME Direct,Automotive,SME,,,ID,Indonesia,SE Asia,APAC,Ingrid Tanaka,ingrid.tanaka@meridiangl.com,D,0,Named Account Tariff,2015-07-12,2015-07-12,9999-12-31,1,1,3248
CUS2495,Ridgemont Alloys Group,NVOCC,Metals,Mid-Market,,,TR,Turkey,Mediterranean,EMEA,Ahmed Novak,ahmed.novak@meridiangl.com,D,0,Named Account Tariff,2016-10-07,2016-10-07,9999-12-31,1,1,3249
CUS2496,Vertex Metals B.V.,SME Direct,Metals,National,,,MY,Malaysia,SE Asia,APAC,Anna Berg,anna.berg@meridiangl.com,C,0,Spot,2025-07-06,2025-07-06,9999-12-31,1,1,3250
CUS2497,Quarrystone Power Group,Freight Forwarder,Energy,SME,,,JP,Japan,East Asia,APAC,Fatima Chen,fatima.chen@meridiangl.com,D,15,Spot,2025-08-03,2025-08-03,2025-12-08,0,1,3251
CUS2497,Quarrystone Power Group,Freight Forwarder,Energy,SME,,,JP,Japan,East Asia,APAC,Fatima Chen,fatima.chen@meridiangl.com,D,15,Named Account Tariff,2025-08-03,2025-12-09,9999-12-31,1,2,3252
CUS2498,Brightwater Petrochemicals Holdings,BCO,Energy,Global Key Account,,,BE,Belgium,N Europe,EMEA,Priya O'Brien,priya.obrien@meridiangl.com,B,60,Named Account Tariff,2019-08-14,2019-08-14,9999-12-31,1,1,3253
CUS2499,Sentinel Engineering PLC,SME Direct,Machinery,National,,,CN,China,East Asia,APAC,Elena Haddad,elena.haddad@meridiangl.com,A,30,Long-Term Contract,2019-03-20,2019-03-20,2019-06-11,0,1,3254
CUS2499,Sentinel Engineering PLC,SME Direct,Machinery,National,,,CN,China,East Asia,APAC,Fatima O'Brien,fatima.obrien@meridiangl.com,D,30,Long-Term Contract,2019-03-20,2019-06-12,9999-12-31,1,2,3255
CUS2500,Ridgemont Motors Corp,BCO,Automotive,Global Key Account,,,ES,Spain,Mediterranean,EMEA,Yuki Torres,yuki.torres@meridiangl.com,A,30,Long-Term Contract,2019-06-03,2019-06-03,2025-02-16,0,1,3256
CUS2500,Ridgemont Motors Corp,BCO,Automotive,Global Key Account,,,ES,Spain,Mediterranean,EMEA,Yuki Torres,yuki.torres@meridiangl.com,A,30,Named Account Tariff,2019-06-03,2025-02-17,9999-12-31,1,2,3257
CUS2501,Sentinel Pharmaceuticals LLC,SME Direct,Pharma,SME,,,US,United States,N America East,Americas,Carlos Haddad,carlos.haddad@meridiangl.com,D,30,Named Account Tariff,2016-12-04,2016-12-04,9999-12-31,1,1,3258
CUS2502,Northgate Electronics Inc,NVOCC,Electronics,SME,,,ID,Indonesia,SE Asia,APAC,Hassan Silva,hassan.silva@meridiangl.com,D,15,Long-Term Contract,2020-06-21,2020-06-21,2021-07-06,0,1,3259
CUS2502,Northgate Electronics Inc,NVOCC,Electronics,National,,,ID,Indonesia,SE Asia,APAC,Hassan Silva,hassan.silva@meridiangl.com,B,15,Long-Term Contract,2020-06-21,2021-07-07,9999-12-31,1,2,3260
CUS2503,Harborview Motors Corp,3PL,Automotive,Mid-Market,,,TW,Taiwan,East Asia,APAC,Elena Haddad,elena.haddad@meridiangl.com,D,30,Spot,2019-04-03,2019-04-03,9999-12-31,1,1,3261
CUS2504,Onyx Agro Pte Ltd,BCO,Agriculture,National,,,BR,Brazil,LatAm East,Americas,Ahmed Novak,ahmed.novak@meridiangl.com,A,30,Spot,2020-06-08,2020-06-08,9999-12-31,1,1,3262
CUS2505,Brookline Metals Pte Ltd,NVOCC,Metals,Mid-Market,,,SA,Saudi Arabia,Middle East,EMEA,Grace Osei,grace.osei@meridiangl.com,D,15,Named Account Tariff,2022-12-14,2022-12-14,9999-12-31,1,1,3263
CUS2506,Elmfield Industrial Corp,NVOCC,Machinery,SME,,,JP,Japan,East Asia,APAC,Yuki Kowalski,yuki.kowalski@meridiangl.com,B,45,Spot,2017-10-29,2017-10-29,9999-12-31,1,1,3264
CUS2507,Deerfield Foods Co.,NVOCC,FMCG,Mid-Market,,,TH,Thailand,SE Asia,APAC,Hassan Silva,hassan.silva@meridiangl.com,C,15,Spot,2015-06-30,2015-06-30,9999-12-31,1,1,3265
CUS2508,Palisade Textiles Co.,BCO,Textiles,Mid-Market,,,CN,China,East Asia,APAC,Elena Haddad,elena.haddad@meridiangl.com,D,30,Spot,2025-07-03,2025-07-03,9999-12-31,1,1,3266
CUS2509,Harborview Steel Co.,3PL,Metals,Mid-Market,,,TR,Turkey,Mediterranean,EMEA,Elena Tanaka,elena.tanaka@meridiangl.com,A,60,Long-Term Contract,2019-04-25,2019-04-25,9999-12-31,1,1,3267
CUS2510,Ironwood Technologies Holdings,NVOCC,Electronics,National,,,CL,Chile,LatAm West,Americas,Sofia Larsson,sofia.larsson@meridiangl.com,A,60,Spot,2017-09-05,2017-09-05,9999-12-31,1,1,3268
CUS2511,Southwick Chemicals Holdings,SME Direct,Chemicals,Mid-Market,,,JP,Japan,East Asia,APAC,Yuki Torres,yuki.torres@meridiangl.com,B,15,Spot,2019-12-15,2019-12-15,9999-12-31,1,1,3269
CUS2512,Glenmoor Trading Co.,BCO,Retail,Mid-Market,CUS1395,Millbrook Mercantile Corp,ZA,South Africa,Africa,EMEA,Yuki Torres,yuki.torres@meridiangl.com,D,15,Long-Term Contract,2016-07-30,2016-07-30,9999-12-31,1,1,3270
CUS2513,Mosaic Life Sciences Co.,Freight Forwarder,Pharma,Mid-Market,,,ES,Spain,Mediterranean,EMEA,Carlos Haddad,carlos.haddad@meridiangl.com,B,15,Named Account Tariff,2022-01-22,2022-01-22,9999-12-31,1,1,3271
CUS2514,Cobalt Chemical Industries Ltd,SME Direct,Chemicals,SME,,,MY,Malaysia,SE Asia,APAC,Priya Ferreira,priya.ferreira@meridiangl.com,C,15,Spot,2016-08-26,2016-08-26,9999-12-31,1,1,3272
CUS2515,Palisade Motors S.A.,BCO,Automotive,Mid-Market,,,CN,China,East Asia,APAC,Elena Haddad,elena.haddad@meridiangl.com,C,30,Named Account Tariff,2017-05-09,2017-05-09,9999-12-31,1,1,3273
CUS2516,Marlowe Semiconductor Corp,3PL,Electronics,Mid-Market,,,AE,United Arab Emirates,Middle East,EMEA,Yuki Ramirez,yuki.ramirez@meridiangl.com,C,30,Named Account Tariff,2017-09-01,2017-09-01,2022-09-11,0,1,3274
CUS2516,Marlowe Semiconductor Corp,3PL,Electronics,National,,,AE,United Arab Emirates,Middle East,EMEA,Yuki Ramirez,yuki.ramirez@meridiangl.com,A,30,Spot,2017-09-01,2022-09-12,9999-12-31,1,2,3275
CUS2517,Voyager Industrial LLC,SME Direct,Machinery,SME,,,HK,Hong Kong,East Asia,APAC,Ingrid O'Brien,ingrid.obrien@meridiangl.com,B,30,Named Account Tariff,2021-05-22,2021-05-22,2025-01-13,0,1,3276
CUS2517,Voyager Industrial LLC,SME Direct,Machinery,SME,,,HK,Hong Kong,East Asia,APAC,Ingrid O'Brien,ingrid.obrien@meridiangl.com,D,30,Spot,2021-05-22,2025-01-14,9999-12-31,1,2,3277
CUS2518,Hillcrest Semiconductor S.A.,3PL,Electronics,SME,,,VN,Vietnam,SE Asia,APAC,Wei Tanaka,wei.tanaka@meridiangl.com,D,15,Spot,2020-06-09,2020-06-09,9999-12-31,1,1,3278
CUS2519,Thornwell Chemicals Group,BCO,Chemicals,SME,,,TH,Thailand,SE Asia,APAC,Fatima Haddad,fatima.haddad@meridiangl.com,B,60,Spot,2017-03-18,2017-03-18,2025-10-27,0,1,3279
CUS2519,Thornwell Chemicals Group,BCO,Chemicals,National,,,TH,Thailand,SE Asia,APAC,Grace Osei,grace.osei@meridiangl.com,D,60,Long-Term Contract,2017-03-18,2025-10-28,9999-12-31,1,2,3280
CUS2520,Vertex Electronics PLC,Freight Forwarder,Electronics,National,,,FR,France,N Europe,EMEA,Diego Kowalski,diego.kowalski@meridiangl.com,A,15,Named Account Tariff,2020-12-18,2020-12-18,2022-01-19,0,1,3281
CUS2520,Vertex Electronics PLC,Freight Forwarder,Electronics,National,,,FR,France,N Europe,EMEA,Priya O'Brien,priya.obrien@meridiangl.com,A,15,Long-Term Contract,2020-12-18,2022-01-20,9999-12-31,1,2,3282
CUS2521,Palisade Motors PLC,Freight Forwarder,Automotive,Mid-Market,CUS0865,Ashgrove Technologies Ltd,AU,Australia,Oceania,ANZ,Wei Tanaka,wei.tanaka@meridiangl.com,C,30,Spot,2020-01-31,2020-01-31,2024-11-27,0,1,3283
CUS2521,Palisade Motors PLC,Freight Forwarder,Automotive,SME,CUS0865,Ashgrove Technologies Ltd,AU,Australia,Oceania,ANZ,Wei Tanaka,wei.tanaka@meridiangl.com,A,30,Long-Term Contract,2020-01-31,2024-11-28,9999-12-31,1,2,3284
CUS2522,Equator Motors Holdings,SME Direct,Automotive,Mid-Market,,,IN,India,South Asia,APAC,Wei Silva,wei.silva@meridiangl.com,C,15,Long-Term Contract,2018-12-16,2018-12-16,9999-12-31,1,1,3285
CUS2523,Kestrel Technologies S.A.,SME Direct,Electronics,National,,,US,United States,N America East,Americas,Anna Berg,anna.berg@meridiangl.com,A,45,Long-Term Contract,2017-09-27,2017-09-27,2018-02-15,0,1,3286
CUS2523,Kestrel Technologies S.A.,SME Direct,Electronics,SME,,,US,United States,N America East,Americas,Anna Berg,anna.berg@meridiangl.com,B,45,Named Account Tariff,2017-09-27,2018-02-16,9999-12-31,1,2,3287
CUS2524,Glenmoor Textiles LLC,SME Direct,Textiles,SME,CUS1904,Nova Industrial Holdings,ZA,South Africa,Africa,EMEA,Ahmed Tanaka,ahmed.tanaka@meridiangl.com,B,30,Spot,2016-01-24,2016-01-24,9999-12-31,1,1,3288
CUS2525,Mosaic Petrochemicals Holdings,3PL,Energy,National,CUS2136,Oakford Chemicals PLC,US,United States,N America East,Americas,Diego Kowalski,diego.kowalski@meridiangl.com,C,15,Long-Term Contract,2023-04-11,2023-04-11,9999-12-31,1,1,3289
CUS2526,Fairhaven Mercantile Ltd,Freight Forwarder,Retail,SME,,,TW,Taiwan,East Asia,APAC,Ingrid Tanaka,ingrid.tanaka@meridiangl.com,C,30,Spot,2016-04-28,2016-04-28,9999-12-31,1,1,3290
CUS2527,Equator Textiles Pte Ltd,Freight Forwarder,Textiles,Mid-Market,CUS1792,Fairhaven Metals GmbH,CA,Canada,N America East,Americas,Elena O'Brien,elena.obrien@meridiangl.com,C,45,Spot,2021-03-11,2021-03-11,9999-12-31,1,1,3291
CUS2528,Vertex Agro Co.,NVOCC,Agriculture,SME,CUS0111,Cobalt Consumer Goods GmbH,TR,Turkey,Mediterranean,EMEA,Ahmed Torres,ahmed.torres@meridiangl.com,C,15,Spot,2026-01-13,2026-01-13,9999-12-31,1,1,3292
CUS2529,Skyline Textiles Inc,BCO,Textiles,SME,,,JP,Japan,East Asia,APAC,Sofia Ferreira,sofia.ferreira@meridiangl.com,C,30,Spot,2018-07-25,2018-07-25,9999-12-31,1,1,3293
CUS2530,Eastridge Alloys Pte Ltd,BCO,Metals,Global Key Account,,,US,United States,N America East,Americas,James Larsson,james.larsson@meridiangl.com,A,30,Long-Term Contract,2024-10-18,2024-10-18,2025-09-01,0,1,3294
CUS2530,Eastridge Alloys Pte Ltd,BCO,Metals,Global Key Account,,,US,United States,N America East,Americas,Ingrid O'Brien,ingrid.obrien@meridiangl.com,D,30,Long-Term Contract,2024-10-18,2025-09-02,9999-12-31,1,2,3295
CUS2531,Junction Mercantile B.V.,SME Direct,Retail,Mid-Market,,,ID,Indonesia,SE Asia,APAC,Ingrid Osei,ingrid.osei@meridiangl.com,B,30,Spot,2016-01-14,2016-01-14,9999-12-31,1,1,3296
CUS2532,Southwick Agri-Foods Inc,BCO,Agriculture,Mid-Market,,,HK,Hong Kong,East Asia,APAC,Liam O'Brien,liam.obrien@meridiangl.com,D,15,Long-Term Contract,2022-09-25,2022-09-25,9999-12-31,1,1,3297
CUS2533,Clearwater Electronics PLC,BCO,Electronics,Global Key Account,,,GB,United Kingdom,N Europe,EMEA,Wei Tanaka,wei.tanaka@meridiangl.com,A,45,Long-Term Contract,2016-09-21,2016-09-21,9999-12-31,1,1,3298
CUS2534,Foxrun Mercantile LLC,NVOCC,Retail,Mid-Market,,,US,United States,N America East,Americas,Sofia Larsson,sofia.larsson@meridiangl.com,C,15,Long-Term Contract,2018-10-10,2018-10-10,2021-05-21,0,1,3299
CUS2534,Foxrun Mercantile LLC,NVOCC,Retail,Mid-Market,,,US,United States,N America East,Americas,Elena Tanaka,elena.tanaka@meridiangl.com,B,15,Spot,2018-10-10,2021-05-22,9999-12-31,1,2,3300
CUS2535,Harborview Steel Ltd,SME Direct,Metals,Mid-Market,,,ZA,South Africa,Africa,EMEA,Carlos Haddad,carlos.haddad@meridiangl.com,B,30,Spot,2015-10-25,2015-10-25,9999-12-31,1,1,3301
CUS2536,Junction Garments Pte Ltd,3PL,Textiles,Mid-Market,,,IN,India,South Asia,APAC,Priya Ferreira,priya.ferreira@meridiangl.com,C,0,Named Account Tariff,2020-01-06,2020-01-06,9999-12-31,1,1,3302
CUS2537,Fairhaven Foods Ltd,Freight Forwarder,FMCG,Mid-Market,CUS3023,Harborview Life Sciences GmbH,NZ,New Zealand,Oceania,ANZ,Ingrid O'Brien,ingrid.obrien@meridiangl.com,D,15,Long-Term Contract,2020-04-29,2020-04-29,2024-12-10,0,1,3303
CUS2537,Fairhaven Foods Ltd,Freight Forwarder,FMCG,Mid-Market,CUS3023,Harborview Life Sciences GmbH,NZ,New Zealand,Oceania,ANZ,Ingrid O'Brien,ingrid.obrien@meridiangl.com,C,15,Spot,2020-04-29,2024-12-11,9999-12-31,1,2,3304
CUS2538,Juniper Metals Inc,BCO,Metals,National,,,IN,India,South Asia,APAC,James Larsson,james.larsson@meridiangl.com,A,60,Named Account Tariff,2024-06-19,2024-06-19,9999-12-31,1,1,3305
CUS2539,Lakemoor Technologies Co.,Freight Forwarder,Electronics,Mid-Market,,,SG,Singapore,SE Asia,APAC,James Larsson,james.larsson@meridiangl.com,C,30,Long-Term Contract,2025-03-11,2025-03-11,9999-12-31,1,1,3306
CUS2540,Ridgemont Metals Co.,Freight Forwarder,Metals,SME,,,MY,Malaysia,SE Asia,APAC,Hassan Nguyen,hassan.nguyen@meridiangl.com,C,30,Spot,2018-07-13,2018-07-13,2024-05-30,0,1,3307
CUS2540,Ridgemont Metals Co.,Freight Forwarder,Metals,SME,,,MY,Malaysia,SE Asia,APAC,Hassan Nguyen,hassan.nguyen@meridiangl.com,C,30,Long-Term Contract,2018-07-13,2024-05-31,9999-12-31,1,2,3308
CUS2541,Equator Automotive Inc,NVOCC,Automotive,Global Key Account,,,CN,China,East Asia,APAC,Diego Patel,diego.patel@meridiangl.com,B,45,Long-Term Contract,2025-12-05,2025-12-05,9999-12-31,1,1,3309
CUS2542,Kingswell Pharma GmbH,BCO,Pharma,Mid-Market,,,TH,Thailand,SE Asia,APAC,Wei Silva,wei.silva@meridiangl.com,D,15,Spot,2016-05-25,2016-05-25,9999-12-31,1,1,3310
CUS2543,Lakemoor Chemicals GmbH,Freight Forwarder,Chemicals,SME,CUS0600,Eastridge Chemicals Pte Ltd,CL,Chile,LatAm West,Americas,Carlos Al-Farsi,carlos.al-farsi@meridiangl.com,D,15,Spot,2021-02-07,2021-02-07,2021-10-15,0,1,3311
CUS2543,Lakemoor Chemicals GmbH,Freight Forwarder,Chemicals,National,CUS0600,Eastridge Chemicals Pte Ltd,CL,Chile,LatAm West,Americas,Priya Ferreira,priya.ferreira@meridiangl.com,D,15,Spot,2021-02-07,2021-10-16,9999-12-31,1,2,3312
CUS2544,Sentinel Stores PLC,Freight Forwarder,Retail,Mid-Market,,,MY,Malaysia,SE Asia,APAC,Ingrid Tanaka,ingrid.tanaka@meridiangl.com,C,30,Spot,2024-03-20,2024-03-20,9999-12-31,1,1,3313
CUS2545,Millbrook Motors Ltd,Freight Forwarder,Automotive,Global Key Account,,,BR,Brazil,LatAm East,Americas,Fatima Tanaka,fatima.tanaka@meridiangl.com,C,0,Spot,2022-06-26,2022-06-26,2025-07-08,0,1,3314
CUS2545,Millbrook Motors Ltd,Freight Forwarder,Automotive,Global Key Account,,,BR,Brazil,LatAm East,Americas,Elena Haddad,elena.haddad@meridiangl.com,A,0,Spot,2022-06-26,2025-07-09,9999-12-31,1,2,3315
CUS2546,Thornwell Steel PLC,BCO,Metals,SME,,,US,United States,N America East,Americas,Hassan Silva,hassan.silva@meridiangl.com,D,15,Spot,2024-02-10,2024-02-10,2026-05-14,0,1,3316
CUS2546,Thornwell Steel PLC,BCO,Metals,National,,,US,United States,N America East,Americas,Yuki Kowalski,yuki.kowalski@meridiangl.com,C,15,Long-Term Contract,2024-02-10,2026-05-15,9999-12-31,1,2,3317
CUS2547,Wellspring Steel Pte Ltd,Freight Forwarder,Metals,National,,,CN,China,East Asia,APAC,Ahmed Nguyen,ahmed.nguyen@meridiangl.com,B,15,Long-Term Contract,2022-03-06,2022-03-06,9999-12-31,1,1,3318
CUS2548,Southwick Electronics GmbH,BCO,Electronics,SME,CUS0532,Greystone Auto Parts B.V.,ID,Indonesia,SE Asia,APAC,Raj Kim,raj.kim@meridiangl.com,D,0,Long-Term Contract,2016-02-20,2016-02-20,9999-12-31,1,1,3319
CUS2549,Sentinel Alloys Holdings,Freight Forwarder,Metals,Global Key Account,,,ZA,South Africa,Africa,EMEA,Wei Silva,wei.silva@meridiangl.com,A,30,Long-Term Contract,2025-08-09,2025-08-09,2025-10-10,0,1,3320
CUS2549,Sentinel Alloys Holdings,Freight Forwarder,Metals,Global Key Account,,,ZA,South Africa,Africa,EMEA,Fatima Tanaka,fatima.tanaka@meridiangl.com,C,30,Spot,2025-08-09,2025-10-11,9999-12-31,1,2,3321
CUS2550,Harborview Motors Holdings,Freight Forwarder,Automotive,National,,,MX,Mexico,LatAm West,Americas,Yuki Kowalski,yuki.kowalski@meridiangl.com,B,30,Named Account Tariff,2020-12-16,2020-12-16,9999-12-31,1,1,3322
CUS2551,Ivyhill Technologies Co.,BCO,Electronics,SME,,,IN,India,South Asia,APAC,Elena Haddad,elena.haddad@meridiangl.com,C,15,Spot,2021-02-07,2021-02-07,2025-01-09,0,1,3323
CUS2551,Ivyhill Technologies Co.,BCO,Electronics,National,,,IN,India,South Asia,APAC,Yuki O'Brien,yuki.obrien@meridiangl.com,D,15,Named Account Tariff,2021-02-07,2025-01-10,9999-12-31,1,2,3324
CUS2552,Solstice Engineering GmbH,BCO,Machinery,Global Key Account,,,NL,Netherlands,N Europe,EMEA,Elena Tanaka,elena.tanaka@meridiangl.com,B,30,Long-Term Contract,2021-02-12,2021-02-12,9999-12-31,1,1,3325
CUS2553,Granite Chemical Industries Group,Freight Forwarder,Chemicals,Mid-Market,CUS1858,Vantage Chemical Industries S.A.,SG,Singapore,SE Asia,APAC,Ahmed Rossi,ahmed.rossi@meridiangl.com,C,30,Spot,2025-12-30,2025-12-30,9999-12-31,1,1,3326
CUS2554,Vertex Auto Parts B.V.,BCO,Automotive,National,,,ES,Spain,Mediterranean,EMEA,Wei Silva,wei.silva@meridiangl.com,D,0,Named Account Tariff,2019-05-16,2019-05-16,9999-12-31,1,1,3327
CUS2555,Lakemoor Metals LLC,BCO,Metals,Global Key Account,,,DE,Germany,N Europe,EMEA,Yuki Torres,yuki.torres@meridiangl.com,A,60,Named Account Tariff,2017-03-17,2017-03-17,9999-12-31,1,1,3328
CUS2556,Lakemoor Farms Ltd,3PL,Agriculture,SME,CUS2828,Westbrook Life Sciences Pte Ltd,AE,United Arab Emirates,Middle East,EMEA,Yuki Torres,yuki.torres@meridiangl.com,C,30,Named Account Tariff,2018-09-06,2018-09-06,9999-12-31,1,1,3329
CUS2557,Lakemoor Pharmaceuticals B.V.,BCO,Pharma,Mid-Market,,,FR,France,N Europe,EMEA,Elena Tanaka,elena.tanaka@meridiangl.com,C,15,Spot,2019-12-03,2019-12-03,9999-12-31,1,1,3330
CUS2558,Vertex Garments Ltd,NVOCC,Textiles,Mid-Market,,,MX,Mexico,LatAm West,Americas,Elena Haddad,elena.haddad@meridiangl.com,C,0,Long-Term Contract,2016-02-06,2016-02-06,9999-12-31,1,1,3331
CUS2559,Cedarline Apparel Corp,SME Direct,Textiles,National,,,CA,Canada,N America East,Americas,Elena O'Brien,elena.obrien@meridiangl.com,B,45,Named Account Tariff,2016-03-23,2016-03-23,9999-12-31,1,1,3332
CUS2560,Thornwell Metals S.A.,BCO,Metals,SME,,,ZA,South Africa,Africa,EMEA,Ahmed Torres,ahmed.torres@meridiangl.com,C,30,Long-Term Contract,2019-06-26,2019-06-26,9999-12-31,1,1,3333
CUS2561,Ashford Petrochemicals S.A.,Freight Forwarder,Energy,Mid-Market,,,CA,Canada,N America East,Americas,Ahmed Rossi,ahmed.rossi@meridiangl.com,B,45,Spot,2015-02-16,2015-02-16,9999-12-31,1,1,3334
CUS2562,Valleyforge Pharmaceuticals GmbH,BCO,Pharma,SME,,,TH,Thailand,SE Asia,APAC,Hassan Silva,hassan.silva@meridiangl.com,D,0,Named Account Tariff,2017-10-09,2017-10-09,9999-12-31,1,1,3335
CUS2563,Zenith Engineering Holdings,Freight Forwarder,Machinery,National,,,CN,China,East Asia,APAC,Liam O'Brien,liam.obrien@meridiangl.com,A,45,Named Account Tariff,2020-08-18,2020-08-18,9999-12-31,1,1,3336
CUS2564,Sentinel Energy Co.,Freight Forwarder,Energy,National,,,SA,Saudi Arabia,Middle East,EMEA,Hassan Silva,hassan.silva@meridiangl.com,B,30,Named Account Tariff,2021-04-10,2021-04-10,9999-12-31,1,1,3337
CUS2565,Hillcrest Life Sciences Group,SME Direct,Pharma,SME,,,HK,Hong Kong,East Asia,APAC,Grace Osei,grace.osei@meridiangl.com,D,30,Named Account Tariff,2016-05-12,2016-05-12,2023-08-21,0,1,3338
CUS2565,Hillcrest Life Sciences Group,SME Direct,Pharma,National,,,HK,Hong Kong,East Asia,APAC,Ingrid Osei,ingrid.osei@meridiangl.com,A,30,Long-Term Contract,2016-05-12,2023-08-22,9999-12-31,1,2,3339
CUS2566,Valleyforge Consumer Goods PLC,Freight Forwarder,FMCG,National,,,FR,France,N Europe,EMEA,Ahmed Tanaka,ahmed.tanaka@meridiangl.com,B,45,Spot,2019-08-05,2019-08-05,9999-12-31,1,1,3340
CUS2567,Fairhaven Life Sciences Ltd,Freight Forwarder,Pharma,Mid-Market,,,TW,Taiwan,East Asia,APAC,Ahmed Rossi,ahmed.rossi@meridiangl.com,C,15,Long-Term Contract,2020-11-07,2020-11-07,2025-03-29,0,1,3341
CUS2567,Fairhaven Life Sciences Ltd,Freight Forwarder,Pharma,National,,,TW,Taiwan,East Asia,APAC,Kenji Tanaka,kenji.tanaka@meridiangl.com,A,15,Long-Term Contract,2020-11-07,2025-03-30,9999-12-31,1,2,3342
CUS2568,Greystone Chemicals Ltd,NVOCC,Chemicals,SME,,,ID,Indonesia,SE Asia,APAC,Diego Kowalski,diego.kowalski@meridiangl.com,C,15,Spot,2025-12-17,2025-12-17,9999-12-31,1,1,3343
CUS2569,Skyline Technologies Pte Ltd,SME Direct,Electronics,National,,,ZA,South Africa,Africa,EMEA,Wei Silva,wei.silva@meridiangl.com,B,30,Long-Term Contract,2017-01-02,2017-01-02,9999-12-31,1,1,3344
CUS2570,Redwood Chemical Industries Ltd,3PL,Chemicals,Mid-Market,,,JP,Japan,East Asia,APAC,Ahmed Rossi,ahmed.rossi@meridiangl.com,D,0,Spot,2019-09-12,2019-09-12,9999-12-31,1,1,3345
CUS2571,Sentinel Foods B.V.,BCO,FMCG,Mid-Market,,,NL,Netherlands,N Europe,EMEA,James Larsson,james.larsson@meridiangl.com,B,30,Named Account Tariff,2015-07-07,2015-07-07,9999-12-31,1,1,3346
CUS2572,Ridgemont Steel Pte Ltd,NVOCC,Metals,National,,,AU,Australia,Oceania,ANZ,Yuki Kowalski,yuki.kowalski@meridiangl.com,A,45,Spot,2018-03-18,2018-03-18,9999-12-31,1,1,3347
CUS2573,Vantage Garments B.V.,Freight Forwarder,Textiles,Mid-Market,,,CN,China,East Asia,APAC,Ahmed Torres,ahmed.torres@meridiangl.com,A,30,Spot,2016-03-28,2016-03-28,2019-11-11,0,1,3348
CUS2573,Vantage Garments B.V.,Freight Forwarder,Textiles,Mid-Market,,,CN,China,East Asia,APAC,Ahmed Torres,ahmed.torres@meridiangl.com,A,30,Named Account Tariff,2016-03-28,2019-11-12,9999-12-31,1,2,3349
CUS2574,Clearwater Power Pte Ltd,BCO,Energy,National,,,ZA,South Africa,Africa,EMEA,Yuki O'Brien,yuki.obrien@meridiangl.com,A,60,Spot,2020-07-30,2020-07-30,9999-12-31,1,1,3350
CUS2575,Lakemoor FMCG LLC,SME Direct,FMCG,SME,,,BR,Brazil,LatAm East,Americas,James Tanaka,james.tanaka@meridiangl.com,C,30,Spot,2021-06-07,2021-06-07,9999-12-31,1,1,3351
CUS2576,Sterling Apparel B.V.,Freight Forwarder,Textiles,Mid-Market,,,CA,Canada,N America East,Americas,Yuki O'Brien,yuki.obrien@meridiangl.com,D,30,Named Account Tariff,2016-05-07,2016-05-07,9999-12-31,1,1,3352
CUS2577,Brightwater Machinery Group,3PL,Machinery,Mid-Market,,,AU,Australia,Oceania,ANZ,Kenji Tanaka,kenji.tanaka@meridiangl.com,D,15,Named Account Tariff,2021-09-18,2021-09-18,9999-12-31,1,1,3353
CUS2578,Dockside Power Ltd,3PL,Energy,Global Key Account,,,SG,Singapore,SE Asia,APAC,Ahmed Rossi,ahmed.rossi@meridiangl.com,A,30,Long-Term Contract,2024-03-13,2024-03-13,9999-12-31,1,1,3354
CUS2579,Clearwater Motors GmbH,SME Direct,Automotive,Mid-Market,,,HK,Hong Kong,East Asia,APAC,Diego Kowalski,diego.kowalski@meridiangl.com,C,60,Spot,2020-05-05,2020-05-05,9999-12-31,1,1,3355
CUS2580,Valleyforge Mercantile Ltd,BCO,Retail,Mid-Market,,,JP,Japan,East Asia,APAC,Ingrid Tanaka,ingrid.tanaka@meridiangl.com,A,45,Long-Term Contract,2025-04-22,2025-04-22,9999-12-31,1,1,3356
CUS2581,Sterling FMCG Group,SME Direct,FMCG,Mid-Market,,,JP,Japan,East Asia,APAC,Elena Haddad,elena.haddad@meridiangl.com,B,60,Long-Term Contract,2019-04-24,2019-04-24,2024-03-18,0,1,3357
CUS2581,Sterling FMCG Group,SME Direct,FMCG,SME,,,JP,Japan,East Asia,APAC,Elena Haddad,elena.haddad@meridiangl.com,A,60,Long-Term Contract,2019-04-24,2024-03-19,9999-12-31,1,2,3358
CUS2582,Equator Chemical Industries Holdings,BCO,Chemicals,SME,,,BR,Brazil,LatAm East,Americas,Fatima O'Brien,fatima.obrien@meridiangl.com,D,45,Spot,2017-02-12,2017-02-12,2019-03-24,0,1,3359
CUS2582,Equator Chemical Industries Holdings,BCO,Chemicals,National,,,BR,Brazil,LatAm East,Americas,Ahmed Novak,ahmed.novak@meridiangl.com,A,45,Named Account Tariff,2017-02-12,2019-03-25,9999-12-31,1,2,3360
CUS2583,Vantage Retail Co.,BCO,Retail,Global Key Account,,,DE,Germany,N Europe,EMEA,Hassan Nguyen,hassan.nguyen@meridiangl.com,A,60,Long-Term Contract,2018-10-18,2018-10-18,9999-12-31,1,1,3361
CUS2584,Glenmoor Life Sciences GmbH,BCO,Pharma,SME,,,ES,Spain,Mediterranean,EMEA,Carlos Sharma,carlos.sharma@meridiangl.com,B,30,Spot,2022-09-19,2022-09-19,9999-12-31,1,1,3362
CUS2585,Nightingale Chemical Industries Inc,3PL,Chemicals,Mid-Market,,,HK,Hong Kong,East Asia,APAC,Fatima Chen,fatima.chen@meridiangl.com,D,15,Named Account Tariff,2016-12-03,2016-12-03,9999-12-31,1,1,3363
CUS2586,Equator Retail Inc,Freight Forwarder,Retail,SME,CUS0056,Harborview Apparel Group,CN,China,East Asia,APAC,Carlos Sharma,carlos.sharma@meridiangl.com,C,0,Named Account Tariff,2024-11-16,2024-11-16,2025-08-26,0,1,3364
CUS2586,Equator Retail Inc,Freight Forwarder,Retail,Mid-Market,CUS0056,Harborview Apparel Group,CN,China,East Asia,APAC,Sofia Tanaka,sofia.tanaka@meridiangl.com,B,0,Spot,2024-11-16,2025-08-27,9999-12-31,1,2,3365
CUS2587,Aurora FMCG Pte Ltd,SME Direct,FMCG,National,,,ZA,South Africa,Africa,EMEA,Sofia Ferreira,sofia.ferreira@meridiangl.com,A,60,Long-Term Contract,2015-06-13,2015-06-13,9999-12-31,1,1,3366
CUS2588,Brookline Power B.V.,Freight Forwarder,Energy,Mid-Market,CUS1029,Hillcrest Retail Inc,NL,Netherlands,N Europe,EMEA,Sofia Tanaka,sofia.tanaka@meridiangl.com,D,45,Named Account Tariff,2018-04-10,2018-04-10,9999-12-31,1,1,3367
CUS2589,Nightingale Farms Inc,3PL,Agriculture,Mid-Market,CUS0317,Beacon Stores B.V.,AU,Australia,Oceania,ANZ,Elena O'Brien,elena.obrien@meridiangl.com,A,30,Named Account Tariff,2020-04-02,2020-04-02,2022-10-23,0,1,3368
CUS2589,Nightingale Farms Inc,3PL,Agriculture,Mid-Market,CUS0317,Beacon Stores B.V.,AU,Australia,Oceania,ANZ,Elena O'Brien,elena.obrien@meridiangl.com,A,30,Long-Term Contract,2020-04-02,2022-10-24,9999-12-31,1,2,3369
CUS2590,Elmfield Farms Corp,Freight Forwarder,Agriculture,Mid-Market,,,IN,India,South Asia,APAC,Ahmed Torres,ahmed.torres@meridiangl.com,B,60,Named Account Tariff,2021-03-03,2021-03-03,2024-01-23,0,1,3370
CUS2590,Elmfield Farms Corp,Freight Forwarder,Agriculture,Mid-Market,,,IN,India,South Asia,APAC,Fatima O'Brien,fatima.obrien@meridiangl.com,D,60,Long-Term Contract,2021-03-03,2024-01-24,9999-12-31,1,2,3371
CUS2591,Monsoon Metals Ltd,3PL,Metals,Mid-Market,,,SA,Saudi Arabia,Middle East,EMEA,Elena O'Brien,elena.obrien@meridiangl.com,B,30,Named Account Tariff,2021-07-29,2021-07-29,9999-12-31,1,1,3372
CUS2592,Cobalt Chemicals GmbH,BCO,Chemicals,SME,,,CN,China,East Asia,APAC,Elena O'Brien,elena.obrien@meridiangl.com,D,30,Named Account Tariff,2025-09-27,2025-09-27,9999-12-31,1,1,3373
CUS2593,Aurora Electronics GmbH,BCO,Electronics,Mid-Market,,,TR,Turkey,Mediterranean,EMEA,Fatima Haddad,fatima.haddad@meridiangl.com,B,45,Named Account Tariff,2022-08-18,2022-08-18,2023-05-30,0,1,3374
CUS2593,Aurora Electronics GmbH,BCO,Electronics,National,,,TR,Turkey,Mediterranean,EMEA,Hassan Nguyen,hassan.nguyen@meridiangl.com,D,45,Named Account Tariff,2022-08-18,2023-05-31,9999-12-31,1,2,3375
CUS2594,Ridgemont Farms B.V.,NVOCC,Agriculture,Global Key Account,,,TR,Turkey,Mediterranean,EMEA,Priya O'Brien,priya.obrien@meridiangl.com,C,30,Long-Term Contract,2024-08-15,2024-08-15,9999-12-31,1,1,3376
CUS2595,Redwood Machinery Holdings,BCO,Machinery,Mid-Market,CUS0660,Millbrook Alloys Corp,TR,Turkey,Mediterranean,EMEA,Carlos Al-Farsi,carlos.al-farsi@meridiangl.com,B,60,Spot,2023-02-25,2023-02-25,2024-05-26,0,1,3377
CUS2595,Redwood Machinery Holdings,BCO,Machinery,National,CUS0660,Millbrook Alloys Corp,TR,Turkey,Mediterranean,EMEA,Carlos Al-Farsi,carlos.al-farsi@meridiangl.com,B,60,Named Account Tariff,2023-02-25,2024-05-27,9999-12-31,1,2,3378
CUS2596,Valleyforge Apparel Holdings,NVOCC,Textiles,Mid-Market,CUS1826,Southwick Technologies Co.,ZA,South Africa,Africa,EMEA,Ingrid O'Brien,ingrid.obrien@meridiangl.com,D,15,Long-Term Contract,2020-07-30,2020-07-30,9999-12-31,1,1,3379
CUS2597,Sentinel Garments PLC,BCO,Textiles,Mid-Market,,,SA,Saudi Arabia,Middle East,EMEA,Ahmed Novak,ahmed.novak@meridiangl.com,D,0,Named Account Tariff,2018-09-27,2018-09-27,2026-06-01,0,1,3380
CUS2597,Sentinel Garments PLC,BCO,Textiles,Mid-Market,,,SA,Saudi Arabia,Middle East,EMEA,Elena Berg,elena.berg@meridiangl.com,D,0,Named Account Tariff,2018-09-27,2026-06-02,9999-12-31,1,2,3381
CUS2598,Mosaic Pharmaceuticals S.A.,3PL,Pharma,National,CUS3045,Equator Pharma B.V.,DE,Germany,N Europe,EMEA,Ingrid O'Brien,ingrid.obrien@meridiangl.com,A,45,Named Account Tariff,2025-07-06,2025-07-06,9999-12-31,1,1,3382
CUS2599,Mosaic Farms Corp,BCO,Agriculture,National,,,GB,United Kingdom,N Europe,EMEA,Yuki Ramirez,yuki.ramirez@meridiangl.com,B,30,Long-Term Contract,2020-08-06,2020-08-06,9999-12-31,1,1,3383
CUS2600,Granite Auto Parts Holdings,BCO,Automotive,SME,,,TR,Turkey,Mediterranean,EMEA,Grace Larsson,grace.larsson@meridiangl.com,D,15,Spot,2017-12-06,2017-12-06,2023-06-28,0,1,3384
CUS2600,Granite Auto Parts Holdings,BCO,Automotive,Mid-Market,,,TR,Turkey,Mediterranean,EMEA,Grace Larsson,grace.larsson@meridiangl.com,C,15,Spot,2017-12-06,2023-06-29,9999-12-31,1,2,3385
CUS2601,Elmfield Engineering S.A.,Freight Forwarder,Machinery,Mid-Market,,,IN,India,South Asia,APAC,Grace Osei,grace.osei@meridiangl.com,C,30,Named Account Tariff,2016-03-06,2016-03-06,9999-12-31,1,1,3386
CUS2602,Elmfield Textiles Inc,SME Direct,Textiles,SME,CUS0801,Lakemoor Machinery GmbH,DE,Germany,N Europe,EMEA,Elena Tanaka,elena.tanaka@meridiangl.com,D,0,Spot,2020-09-26,2020-09-26,9999-12-31,1,1,3387
CUS2603,Nova Consumer Goods Holdings,Freight Forwarder,FMCG,National,,,NZ,New Zealand,Oceania,ANZ,James Larsson,james.larsson@meridiangl.com,C,0,Named Account Tariff,2024-02-28,2024-02-28,9999-12-31,1,1,3388
CUS2604,Glenmoor Agri-Foods PLC,BCO,Agriculture,SME,,,SA,Saudi Arabia,Middle East,EMEA,Yuki Ramirez,yuki.ramirez@meridiangl.com,C,30,Spot,2016-06-04,2016-06-04,9999-12-31,1,1,3389
CUS2605,Nightingale FMCG S.A.,NVOCC,FMCG,SME,,,DE,Germany,N Europe,EMEA,Maria Sharma,maria.sharma@meridiangl.com,A,30,Named Account Tariff,2019-07-24,2019-07-24,9999-12-31,1,1,3390
CUS2606,Equator Technologies Holdings,BCO,Electronics,SME,,,IN,India,South Asia,APAC,Ingrid Tanaka,ingrid.tanaka@meridiangl.com,C,30,Named Account Tariff,2019-04-19,2019-04-19,2020-09-29,0,1,3391
CUS2606,Equator Technologies Holdings,BCO,Electronics,National,,,IN,India,South Asia,APAC,Ingrid Tanaka,ingrid.tanaka@meridiangl.com,D,30,Named Account Tariff,2019-04-19,2020-09-30,9999-12-31,1,2,3392
CUS2607,Ridgemont FMCG Co.,3PL,FMCG,Mid-Market,,,CN,China,East Asia,APAC,Ahmed Torres,ahmed.torres@meridiangl.com,B,30,Spot,2023-03-28,2023-03-28,2023-10-19,0,1,3393
CUS2607,Ridgemont FMCG Co.,3PL,FMCG,Mid-Market,,,CN,China,East Asia,APAC,James Larsson,james.larsson@meridiangl.com,B,30,Long-Term Contract,2023-03-28,2023-10-20,9999-12-31,1,2,3394
CUS2608,Clearwater Retail Holdings,NVOCC,Retail,SME,,,NZ,New Zealand,Oceania,ANZ,Ingrid O'Brien,ingrid.obrien@meridiangl.com,B,30,Spot,2023-03-14,2023-03-14,9999-12-31,1,1,3395
CUS2609,Oakford Consumer Goods Holdings,BCO,FMCG,Mid-Market,,,GB,United Kingdom,N Europe,EMEA,Sofia Ferreira,sofia.ferreira@meridiangl.com,B,30,Long-Term Contract,2020-08-10,2020-08-10,2024-01-10,0,1,3396
CUS2609,Oakford Consumer Goods Holdings,BCO,FMCG,Mid-Market,,,GB,United Kingdom,N Europe,EMEA,Yuki Torres,yuki.torres@meridiangl.com,A,30,Long-Term Contract,2020-08-10,2024-01-11,9999-12-31,1,2,3397
CUS2610,Skyline Semiconductor Corp,BCO,Electronics,Mid-Market,CUS2092,Nova Steel B.V.,HK,Hong Kong,East Asia,APAC,Elena Haddad,elena.haddad@meridiangl.com,D,0,Long-Term Contract,2023-07-11,2023-07-11,9999-12-31,1,1,3398
CUS2611,Greystone Engineering Pte Ltd,BCO,Machinery,SME,CUS2862,Cobalt Petrochemicals S.A.,TR,Turkey,Mediterranean,EMEA,Ingrid Nguyen,ingrid.nguyen@meridiangl.com,C,0,Named Account Tariff,2019-07-29,2019-07-29,9999-12-31,1,1,3399
CUS2612,Lonestar Technologies Inc,BCO,Electronics,Mid-Market,,,CL,Chile,LatAm West,Americas,Ahmed Torres,ahmed.torres@meridiangl.com,D,0,Spot,2016-03-02,2016-03-02,9999-12-31,1,1,3400
CUS2613,Skyline Apparel Co.,NVOCC,Textiles,National,,,ID,Indonesia,SE Asia,APAC,Priya Ferreira,priya.ferreira@meridiangl.com,C,15,Spot,2016-07-23,2016-07-23,9999-12-31,1,1,3401
CUS2614,Greystone Life Sciences Co.,3PL,Pharma,SME,CUS1274,Juniper Chemical Industries B.V.,CL,Chile,LatAm West,Americas,Carlos Ferreira,carlos.ferreira@meridiangl.com,D,15,Spot,2024-02-27,2024-02-27,9999-12-31,1,1,3402
CUS2615,Quarrystone Automotive Pte Ltd,BCO,Automotive,Mid-Market,CUS3045,Equator Pharma B.V.,CN,China,East Asia,APAC,Elena Berg,elena.berg@meridiangl.com,B,15,Named Account Tariff,2018-12-05,2018-12-05,2022-05-24,0,1,3403
CUS2615,Quarrystone Automotive Pte Ltd,BCO,Automotive,Mid-Market,CUS3045,Equator Pharma B.V.,CN,China,East Asia,APAC,Elena Berg,elena.berg@meridiangl.com,C,15,Named Account Tariff,2018-12-05,2022-05-25,9999-12-31,1,2,3404
CUS2616,Northgate Farms Co.,SME Direct,Agriculture,National,,,ID,Indonesia,SE Asia,APAC,Elena O'Brien,elena.obrien@meridiangl.com,C,30,Named Account Tariff,2025-04-03,2025-04-03,9999-12-31,1,1,3405
CUS2617,Juniper Energy PLC,Freight Forwarder,Energy,SME,CUS2735,Underhill Chemical Industries Co.,CA,Canada,N America East,Americas,Fatima O'Brien,fatima.obrien@meridiangl.com,C,15,Spot,2021-04-04,2021-04-04,9999-12-31,1,1,3406
CUS2618,Palisade Pharma Pte Ltd,BCO,Pharma,Mid-Market,,,ID,Indonesia,SE Asia,APAC,Kenji Tanaka,kenji.tanaka@meridiangl.com,D,30,Long-Term Contract,2016-11-28,2016-11-28,9999-12-31,1,1,3407
CUS2619,Sentinel Consumer Goods Pte Ltd,NVOCC,FMCG,Mid-Market,,,BR,Brazil,LatAm East,Americas,Yuki Torres,yuki.torres@meridiangl.com,C,0,Spot,2024-04-09,2024-04-09,9999-12-31,1,1,3408
CUS2620,Juniper Consumer Goods S.A.,Freight Forwarder,FMCG,Mid-Market,,,SA,Saudi Arabia,Middle East,EMEA,Ahmed Novak,ahmed.novak@meridiangl.com,B,45,Spot,2023-08-24,2023-08-24,9999-12-31,1,1,3409
CUS2621,Quarrystone Life Sciences Pte Ltd,3PL,Pharma,Mid-Market,,,VN,Vietnam,SE Asia,APAC,James Tanaka,james.tanaka@meridiangl.com,B,15,Named Account Tariff,2019-02-10,2019-02-10,9999-12-31,1,1,3410
CUS2622,Skyline Agri-Foods Holdings,BCO,Agriculture,Mid-Market,,,AU,Australia,Oceania,ANZ,Wei Silva,wei.silva@meridiangl.com,C,30,Spot,2016-06-03,2016-06-03,2018-04-02,0,1,3411
CUS2622,Skyline Agri-Foods Holdings,BCO,Agriculture,SME,,,AU,Australia,Oceania,ANZ,Wei Silva,wei.silva@meridiangl.com,C,30,Spot,2016-06-03,2018-04-03,9999-12-31,1,2,3412
CUS2623,Oakford Industrial S.A.,BCO,Machinery,SME,CUS0932,Kestrel Pharmaceuticals B.V.,ES,Spain,Mediterranean,EMEA,James Tanaka,james.tanaka@meridiangl.com,D,15,Spot,2025-05-15,2025-05-15,9999-12-31,1,1,3413
CUS2624,Hillcrest Technologies S.A.,3PL,Electronics,Mid-Market,,,IN,India,South Asia,APAC,Sofia Larsson,sofia.larsson@meridiangl.com,B,30,Spot,2018-11-18,2018-11-18,2026-08-06,0,1,3414
CUS2624,Hillcrest Technologies S.A.,3PL,Electronics,National,,,IN,India,South Asia,APAC,Sofia Larsson,sofia.larsson@meridiangl.com,B,30,Spot,2018-11-18,2026-08-07,9999-12-31,1,2,3415
CUS2625,Dockside Trading B.V.,BCO,Retail,SME,CUS0569,Ironbridge FMCG GmbH,BR,Brazil,LatAm East,Americas,Carlos Sharma,carlos.sharma@meridiangl.com,A,45,Named Account Tariff,2021-08-10,2021-08-10,9999-12-31,1,1,3416
CUS2626,Onyx Steel PLC,NVOCC,Metals,Mid-Market,,,CN,China,East Asia,APAC,Priya O'Brien,priya.obrien@meridiangl.com,D,0,Named Account Tariff,2018-12-25,2018-12-25,9999-12-31,1,1,3417
CUS2627,Deerfield Electronics PLC,Freight Forwarder,Electronics,SME,,,TW,Taiwan,East Asia,APAC,Priya O'Brien,priya.obrien@meridiangl.com,A,45,Named Account Tariff,2020-08-23,2020-08-23,2023-12-22,0,1,3418
CUS2627,Deerfield Electronics PLC,Freight Forwarder,Electronics,Mid-Market,,,TW,Taiwan,East Asia,APAC,Grace Larsson,grace.larsson@meridiangl.com,D,45,Spot,2020-08-23,2023-12-23,9999-12-31,1,2,3419
CUS2628,Junction Steel Inc,3PL,Metals,Global Key Account,,,AE,United Arab Emirates,Middle East,EMEA,Sofia Larsson,sofia.larsson@meridiangl.com,A,60,Long-Term Contract,2021-12-30,2021-12-30,9999-12-31,1,1,3420
CUS2629,Northgate Pharma S.A.,Freight Forwarder,Pharma,SME,,,NZ,New Zealand,Oceania,ANZ,Carlos Haddad,carlos.haddad@meridiangl.com,C,15,Spot,2022-10-12,2022-10-12,2022-12-06,0,1,3421
CUS2629,Northgate Pharma S.A.,Freight Forwarder,Pharma,SME,,,NZ,New Zealand,Oceania,ANZ,Carlos Haddad,carlos.haddad@meridiangl.com,B,15,Named Account Tariff,2022-10-12,2022-12-07,9999-12-31,1,2,3422
CUS2630,Onyx Life Sciences LLC,NVOCC,Pharma,Mid-Market,,,MX,Mexico,LatAm West,Americas,Carlos Ferreira,carlos.ferreira@meridiangl.com,A,60,Named Account Tariff,2019-05-18,2019-05-18,9999-12-31,1,1,3423
CUS2631,Granite Mercantile PLC,SME Direct,Retail,Mid-Market,,,MY,Malaysia,SE Asia,APAC,Ingrid Nguyen,ingrid.nguyen@meridiangl.com,C,30,Named Account Tariff,2016-04-21,2016-04-21,9999-12-31,1,1,3424
CUS2632,Ashgrove Stores Pte Ltd,3PL,Retail,National,,,TR,Turkey,Mediterranean,EMEA,Fatima Chen,fatima.chen@meridiangl.com,B,30,Named Account Tariff,2020-06-17,2020-06-17,9999-12-31,1,1,3425
CUS2633,Kestrel Foods Pte Ltd,BCO,FMCG,Mid-Market,,,GB,United Kingdom,N Europe,EMEA,Elena O'Brien,elena.obrien@meridiangl.com,B,15,Named Account Tariff,2015-03-26,2015-03-26,2017-07-02,0,1,3426
CUS2633,Kestrel Foods Pte Ltd,BCO,FMCG,National,,,GB,United Kingdom,N Europe,EMEA,James Tanaka,james.tanaka@meridiangl.com,C,15,Spot,2015-03-26,2017-07-03,9999-12-31,1,2,3427
CUS2634,Ashford Power LLC,BCO,Energy,Mid-Market,CUS1648,Vertex Alloys Corp,CN,China,East Asia,APAC,Fatima Tanaka,fatima.tanaka@meridiangl.com,A,30,Spot,2023-06-06,2023-06-06,9999-12-31,1,1,3428
CUS2635,Redwood Consumer Goods GmbH,BCO,FMCG,SME,,,CA,Canada,N America East,Americas,Yuki Kowalski,yuki.kowalski@meridiangl.com,C,15,Named Account Tariff,2019-04-23,2019-04-23,9999-12-31,1,1,3429
CUS2636,Cobalt Motors PLC,Freight Forwarder,Automotive,Mid-Market,,,ES,Spain,Mediterranean,EMEA,Grace Larsson,grace.larsson@meridiangl.com,C,30,Spot,2019-03-10,2019-03-10,9999-12-31,1,1,3430
CUS2637,Nova Pharma B.V.,SME Direct,Pharma,Mid-Market,CUS2545,Millbrook Motors Ltd,NL,Netherlands,N Europe,EMEA,Maria Sharma,maria.sharma@meridiangl.com,B,60,Named Account Tariff,2016-12-05,2016-12-05,9999-12-31,1,1,3431
CUS2638,Solstice Petrochemicals Ltd,3PL,Energy,National,,,MY,Malaysia,SE Asia,APAC,Diego Kowalski,diego.kowalski@meridiangl.com,D,15,Long-Term Contract,2016-09-27,2016-09-27,9999-12-31,1,1,3432
CUS2639,Ironbridge Energy GmbH,BCO,Energy,Mid-Market,,,TR,Turkey,Mediterranean,EMEA,Ingrid Osei,ingrid.osei@meridiangl.com,C,15,Spot,2017-07-26,2017-07-26,9999-12-31,1,1,3433
CUS2640,Everest Automotive Holdings,BCO,Automotive,SME,,,CA,Canada,N America East,Americas,Elena Haddad,elena.haddad@meridiangl.com,D,0,Spot,2017-11-03,2017-11-03,2018-10-22,0,1,3434
CUS2640,Everest Automotive Holdings,BCO,Automotive,National,,,CA,Canada,N America East,Americas,Yuki O'Brien,yuki.obrien@meridiangl.com,D,0,Named Account Tariff,2017-11-03,2018-10-23,9999-12-31,1,2,3435
CUS2641,Ashford Engineering Pte Ltd,Freight Forwarder,Machinery,Mid-Market,,,KR,South Korea,East Asia,APAC,Sofia Tanaka,sofia.tanaka@meridiangl.com,C,15,Named Account Tariff,2023-06-16,2023-06-16,9999-12-31,1,1,3436
CUS2642,Ivyhill Steel LLC,BCO,Metals,National,,,NZ,New Zealand,Oceania,ANZ,Ahmed Rossi,ahmed.rossi@meridiangl.com,C,45,Spot,2022-02-09,2022-02-09,2026-03-13,0,1,3437
CUS2642,Ivyhill Steel LLC,BCO,Metals,National,,,NZ,New Zealand,Oceania,ANZ,James Tanaka,james.tanaka@meridiangl.com,C,45,Spot,2022-02-09,2026-03-14,9999-12-31,1,2,3438
CUS2643,Palisade Power Inc,BCO,Energy,SME,,,VN,Vietnam,SE Asia,APAC,Grace Osei,grace.osei@meridiangl.com,C,0,Named Account Tariff,2025-12-07,2025-12-07,9999-12-31,1,1,3439
CUS2644,Skyline Chemical Industries Corp,SME Direct,Chemicals,Mid-Market,,,SA,Saudi Arabia,Middle East,EMEA,Grace Osei,grace.osei@meridiangl.com,C,15,Named Account Tariff,2018-06-18,2018-06-18,9999-12-31,1,1,3440
CUS2645,Glenmoor Trading LLC,BCO,Retail,SME,CUS1301,Onyx Agri-Foods LLC,AE,United Arab Emirates,Middle East,EMEA,Carlos Al-Farsi,carlos.al-farsi@meridiangl.com,B,30,Spot,2025-02-18,2025-02-18,2025-12-25,0,1,3441
CUS2645,Glenmoor Trading LLC,BCO,Retail,SME,CUS1301,Onyx Agri-Foods LLC,AE,United Arab Emirates,Middle East,EMEA,Carlos Sharma,carlos.sharma@meridiangl.com,A,30,Spot,2025-02-18,2025-12-26,9999-12-31,1,2,3442
CUS2646,Wellspring Petrochemicals GmbH,BCO,Energy,SME,CUS1393,Monsoon Chemical Industries GmbH,ZA,South Africa,Africa,EMEA,Yuki Ramirez,yuki.ramirez@meridiangl.com,B,60,Spot,2016-05-18,2016-05-18,9999-12-31,1,1,3443
CUS2647,Everest Metals Group,NVOCC,Metals,SME,CUS3108,Underhill Engineering Co.,MY,Malaysia,SE Asia,APAC,James Larsson,james.larsson@meridiangl.com,D,30,Spot,2015-04-07,2015-04-07,2019-12-01,0,1,3444
CUS2647,Everest Metals Group,NVOCC,Metals,National,CUS3108,Underhill Engineering Co.,MY,Malaysia,SE Asia,APAC,Fatima Tanaka,fatima.tanaka@meridiangl.com,D,30,Named Account Tariff,2015-04-07,2019-12-02,9999-12-31,1,2,3445
CUS2648,Nightingale Energy Group,3PL,Energy,National,,,ZA,South Africa,Africa,EMEA,Ahmed Torres,ahmed.torres@meridiangl.com,B,30,Named Account Tariff,2017-07-20,2017-07-20,9999-12-31,1,1,3446
CUS2649,Monsoon Machinery PLC,3PL,Machinery,Mid-Market,,,FR,France,N Europe,EMEA,Diego Kowalski,diego.kowalski@meridiangl.com,B,15,Named Account Tariff,2016-06-06,2016-06-06,9999-12-31,1,1,3447
CUS2650,Quarrystone Textiles S.A.,BCO,Textiles,National,,,CL,Chile,LatAm West,Americas,Liam O'Brien,liam.obrien@meridiangl.com,A,45,Named Account Tariff,2021-01-07,2021-01-07,2021-09-03,0,1,3448
CUS2650,Quarrystone Textiles S.A.,BCO,Textiles,SME,,,CL,Chile,LatAm West,Americas,Liam O'Brien,liam.obrien@meridiangl.com,A,45,Named Account Tariff,2021-01-07,2021-09-04,9999-12-31,1,2,3449
CUS2651,Greystone Apparel Co.,BCO,Textiles,Mid-Market,,,NL,Netherlands,N Europe,EMEA,Yuki Kowalski,yuki.kowalski@meridiangl.com,C,30,Named Account Tariff,2021-02-27,2021-02-27,2023-04-30,0,1,3450
CUS2651,Greystone Apparel Co.,BCO,Textiles,Mid-Market,,,NL,Netherlands,N Europe,EMEA,Ahmed Nguyen,ahmed.nguyen@meridiangl.com,A,30,Named Account Tariff,2021-02-27,2023-05-01,9999-12-31,1,2,3451
CUS2652,Eastridge Alloys B.V.,BCO,Metals,National,,,AU,Australia,Oceania,ANZ,Yuki O'Brien,yuki.obrien@meridiangl.com,A,45,Named Account Tariff,2025-01-27,2025-01-27,2025-02-15,0,1,3452
CUS2652,Eastridge Alloys B.V.,BCO,Metals,Mid-Market,,,AU,Australia,Oceania,ANZ,Ahmed Rossi,ahmed.rossi@meridiangl.com,D,45,Named Account Tariff,2025-01-27,2025-02-16,9999-12-31,1,2,3453
CUS2653,Aurora Garments Corp,Freight Forwarder,Textiles,SME,CUS2835,Glenmoor Retail PLC,TH,Thailand,SE Asia,APAC,Fatima O'Brien,fatima.obrien@meridiangl.com,D,15,Named Account Tariff,2015-11-07,2015-11-07,9999-12-31,1,1,3454
CUS2654,Beacon Technologies B.V.,Freight Forwarder,Electronics,Mid-Market,,,IT,Italy,Mediterranean,EMEA,Elena O'Brien,elena.obrien@meridiangl.com,A,30,Spot,2019-11-06,2019-11-06,9999-12-31,1,1,3455
CUS2655,Brightwater Agro B.V.,BCO,Agriculture,National,,,ZA,South Africa,Africa,EMEA,Kenji Tanaka,kenji.tanaka@meridiangl.com,B,30,Named Account Tariff,2020-07-14,2020-07-14,2024-09-29,0,1,3456
CUS2655,Brightwater Agro B.V.,BCO,Agriculture,Mid-Market,,,ZA,South Africa,Africa,EMEA,Kenji Tanaka,kenji.tanaka@meridiangl.com,B,30,Long-Term Contract,2020-07-14,2024-09-30,9999-12-31,1,2,3457
CUS2656,Brightwater Technologies LLC,Freight Forwarder,Electronics,Mid-Market,CUS2583,Vantage Retail Co.,CA,Canada,N America East,Americas,Ingrid O'Brien,ingrid.obrien@meridiangl.com,D,30,Named Account Tariff,2016-04-28,2016-04-28,9999-12-31,1,1,3458
CUS2657,Zenith Consumer Goods S.A.,Freight Forwarder,FMCG,Mid-Market,,,IN,India,South Asia,APAC,Yuki Torres,yuki.torres@meridiangl.com,B,30,Long-Term Contract,2020-10-24,2020-10-24,9999-12-31,1,1,3459
CUS2658,Everest Garments B.V.,BCO,Textiles,SME,,,BR,Brazil,LatAm East,Americas,Kenji Tanaka,kenji.tanaka@meridiangl.com,D,30,Named Account Tariff,2021-05-18,2021-05-18,9999-12-31,1,1,3460
CUS2659,Clearwater Garments Holdings,Freight Forwarder,Textiles,National,,,ES,Spain,Mediterranean,EMEA,Diego Patel,diego.patel@meridiangl.com,B,15,Long-Term Contract,2018-10-01,2018-10-01,9999-12-31,1,1,3461
CUS2660,Hillcrest Agri-Foods Holdings,3PL,Agriculture,SME,,,BE,Belgium,N Europe,EMEA,Grace Larsson,grace.larsson@meridiangl.com,B,15,Spot,2017-06-19,2017-06-19,2022-01-20,0,1,3462
CUS2660,Hillcrest Agri-Foods Holdings,3PL,Agriculture,National,,,BE,Belgium,N Europe,EMEA,Carlos Haddad,carlos.haddad@meridiangl.com,B,15,Spot,2017-06-19,2022-01-21,9999-12-31,1,2,3463
CUS2661,Foxrun Chemical Industries PLC,3PL,Chemicals,Mid-Market,,,GB,United Kingdom,N Europe,EMEA,Fatima Chen,fatima.chen@meridiangl.com,B,30,Spot,2015-06-28,2015-06-28,2016-05-13,0,1,3464
CUS2661,Foxrun Chemical Industries PLC,3PL,Chemicals,SME,,,GB,United Kingdom,N Europe,EMEA,Fatima Chen,fatima.chen@meridiangl.com,B,30,Long-Term Contract,2015-06-28,2016-05-14,9999-12-31,1,2,3465
CUS2662,Mosaic Steel Co.,BCO,Metals,SME,,,BE,Belgium,N Europe,EMEA,Yuki O'Brien,yuki.obrien@meridiangl.com,C,30,Spot,2025-08-26,2025-08-26,2026-07-03,0,1,3466
CUS2662,Mosaic Steel Co.,BCO,Metals,Mid-Market,,,BE,Belgium,N Europe,EMEA,Ingrid Nguyen,ingrid.nguyen@meridiangl.com,C,30,Named Account Tariff,2025-08-26,2026-07-04,9999-12-31,1,2,3467
CUS2663,Solstice Farms B.V.,NVOCC,Agriculture,SME,,,CN,China,East Asia,APAC,Hassan Nguyen,hassan.nguyen@meridiangl.com,D,15,Spot,2016-09-17,2016-09-17,9999-12-31,1,1,3468
CUS2664,Underhill FMCG Holdings,SME Direct,FMCG,SME,,,IT,Italy,Mediterranean,EMEA,Ingrid Ferreira,ingrid.ferreira@meridiangl.com,C,30,Spot,2025-10-16,2025-10-16,9999-12-31,1,1,3469
CUS2665,Solstice Technologies B.V.,BCO,Electronics,SME,,,TH,Thailand,SE Asia,APAC,Sofia Larsson,sofia.larsson@meridiangl.com,D,45,Spot,2019-02-01,2019-02-01,9999-12-31,1,1,3470
CUS2666,Harborview Alloys Pte Ltd,Freight Forwarder,Metals,SME,,,SA,Saudi Arabia,Middle East,EMEA,Ingrid O'Brien,ingrid.obrien@meridiangl.com,D,30,Spot,2020-10-02,2020-10-02,9999-12-31,1,1,3471
CUS2667,Monsoon Agro B.V.,BCO,Agriculture,Mid-Market,,,MY,Malaysia,SE Asia,APAC,Sofia Ferreira,sofia.ferreira@meridiangl.com,D,30,Named Account Tariff,2022-08-01,2022-08-01,9999-12-31,1,1,3472
CUS2668,Juniper Pharma Holdings,Freight Forwarder,Pharma,SME,,,US,United States,N America East,Americas,Yuki Kowalski,yuki.kowalski@meridiangl.com,C,15,Named Account Tariff,2024-09-16,2024-09-16,2026-04-04,0,1,3473
CUS2668,Juniper Pharma Holdings,Freight Forwarder,Pharma,National,,,US,United States,N America East,Americas,Hassan Silva,hassan.silva@meridiangl.com,D,15,Long-Term Contract,2024-09-16,2026-04-05,9999-12-31,1,2,3474
CUS2669,Kingswell Chemicals PLC,BCO,Chemicals,SME,,,NL,Netherlands,N Europe,EMEA,Elena Haddad,elena.haddad@meridiangl.com,C,0,Spot,2018-12-01,2018-12-01,9999-12-31,1,1,3475
CUS2670,Voyager Petrochemicals Ltd,BCO,Energy,SME,CUS1408,Equator Agro Corp,MX,Mexico,LatAm West,Americas,Fatima Haddad,fatima.haddad@meridiangl.com,B,60,Named Account Tariff,2018-12-19,2018-12-19,9999-12-31,1,1,3476
CUS2671,Valleyforge Alloys GmbH,BCO,Metals,Mid-Market,,,CN,China,East Asia,APAC,Ingrid O'Brien,ingrid.obrien@meridiangl.com,C,15,Long-Term Contract,2020-10-09,2020-10-09,2023-11-19,0,1,3477
CUS2671,Valleyforge Alloys GmbH,BCO,Metals,National,,,CN,China,East Asia,APAC,Fatima O'Brien,fatima.obrien@meridiangl.com,A,15,Spot,2020-10-09,2023-11-20,9999-12-31,1,2,3478
CUS2672,Brightwater Trading Holdings,NVOCC,Retail,Global Key Account,,,SA,Saudi Arabia,Middle East,EMEA,Wei Silva,wei.silva@meridiangl.com,A,30,Long-Term Contract,2016-06-02,2016-06-02,9999-12-31,1,1,3479
CUS2673,Northgate Mercantile GmbH,NVOCC,Retail,Mid-Market,,,AE,United Arab Emirates,Middle East,EMEA,Ingrid O'Brien,ingrid.obrien@meridiangl.com,B,30,Named Account Tariff,2016-03-03,2016-03-03,9999-12-31,1,1,3480
CUS2674,Granite Power Holdings,BCO,Energy,SME,,,JP,Japan,East Asia,APAC,Elena Haddad,elena.haddad@meridiangl.com,C,30,Spot,2017-01-09,2017-01-09,2022-11-11,0,1,3481
CUS2674,Granite Power Holdings,BCO,Energy,National,,,JP,Japan,East Asia,APAC,Fatima Tanaka,fatima.tanaka@meridiangl.com,B,30,Named Account Tariff,2017-01-09,2022-11-12,9999-12-31,1,2,3482
CUS2675,Juniper Agri-Foods GmbH,SME Direct,Agriculture,SME,CUS1275,Millbrook Semiconductor LLC,SG,Singapore,SE Asia,APAC,Ahmed Torres,ahmed.torres@meridiangl.com,C,15,Spot,2015-08-31,2015-08-31,9999-12-31,1,1,3483
CUS2676,Sterling Chemical Industries GmbH,NVOCC,Chemicals,Mid-Market,,,GB,United Kingdom,N Europe,EMEA,Ingrid O'Brien,ingrid.obrien@meridiangl.com,A,30,Named Account Tariff,2026-03-27,2026-03-27,2026-05-11,0,1,3484
CUS2676,Sterling Chemical Industries GmbH,NVOCC,Chemicals,SME,,,GB,United Kingdom,N Europe,EMEA,Ingrid O'Brien,ingrid.obrien@meridiangl.com,B,30,Named Account Tariff,2026-03-27,2026-05-12,9999-12-31,1,2,3485
CUS2677,Brightwater Technologies Group,BCO,Electronics,National,,,FR,France,N Europe,EMEA,Sofia Ferreira,sofia.ferreira@meridiangl.com,B,0,Named Account Tariff,2018-03-05,2018-03-05,9999-12-31,1,1,3486
CUS2678,Solstice Automotive Ltd,Freight Forwarder,Automotive,SME,CUS2857,Ashford Textiles B.V.,MX,Mexico,LatAm West,Americas,Sofia Ferreira,sofia.ferreira@meridiangl.com,C,15,Spot,2016-09-07,2016-09-07,9999-12-31,1,1,3487
CUS2679,Kingswell Agro Co.,NVOCC,Agriculture,Mid-Market,CUS0291,Vantage Engineering Pte Ltd,CA,Canada,N America East,Americas,Carlos Haddad,carlos.haddad@meridiangl.com,B,30,Long-Term Contract,2018-06-08,2018-06-08,9999-12-31,1,1,3488
CUS2680,Juniper Farms Co.,BCO,Agriculture,National,,,BE,Belgium,N Europe,EMEA,Ingrid Ferreira,ingrid.ferreira@meridiangl.com,A,60,Spot,2021-08-25,2021-08-25,9999-12-31,1,1,3489
CUS2681,Juniper Semiconductor Inc,SME Direct,Electronics,Mid-Market,,,NL,Netherlands,N Europe,EMEA,Anna Berg,anna.berg@meridiangl.com,B,30,Named Account Tariff,2021-08-21,2021-08-21,9999-12-31,1,1,3490
CUS2682,Eastridge FMCG Inc,3PL,FMCG,Mid-Market,CUS1203,Sterling Motors Inc,CN,China,East Asia,APAC,Fatima Haddad,fatima.haddad@meridiangl.com,C,30,Named Account Tariff,2018-01-14,2018-01-14,9999-12-31,1,1,3491
CUS2683,Quarrystone Life Sciences PLC,Freight Forwarder,Pharma,Mid-Market,,,ES,Spain,Mediterranean,EMEA,Elena Tanaka,elena.tanaka@meridiangl.com,C,30,Named Account Tariff,2024-11-14,2024-11-14,9999-12-31,1,1,3492
CUS2684,Ashgrove Life Sciences GmbH,BCO,Pharma,SME,CUS2533,Clearwater Electronics PLC,AE,United Arab Emirates,Middle East,EMEA,Hassan Nguyen,hassan.nguyen@meridiangl.com,C,30,Long-Term Contract,2020-02-20,2020-02-20,9999-12-31,1,1,3493
CUS2685,Sentinel Motors Ltd,NVOCC,Automotive,Mid-Market,,,MY,Malaysia,SE Asia,APAC,Yuki Ramirez,yuki.ramirez@meridiangl.com,B,45,Long-Term Contract,2018-04-27,2018-04-27,2018-11-25,0,1,3494
CUS2685,Sentinel Motors Ltd,NVOCC,Automotive,National,,,MY,Malaysia,SE Asia,APAC,Hassan Silva,hassan.silva@meridiangl.com,A,45,Spot,2018-04-27,2018-11-26,9999-12-31,1,2,3495
CUS2686,Millbrook Retail Group,BCO,Retail,SME,,,GB,United Kingdom,N Europe,EMEA,Kenji Tanaka,kenji.tanaka@meridiangl.com,C,30,Long-Term Contract,2015-05-09,2015-05-09,9999-12-31,1,1,3496
CUS2687,Nova Retail Pte Ltd,BCO,Retail,National,,,CA,Canada,N America East,Americas,Fatima Chen,fatima.chen@meridiangl.com,B,15,Long-Term Contract,2022-05-02,2022-05-02,2025-07-25,0,1,3497
CUS2687,Nova Retail Pte Ltd,BCO,Retail,National,,,CA,Canada,N America East,Americas,Wei Silva,wei.silva@meridiangl.com,B,15,Spot,2022-05-02,2025-07-26,9999-12-31,1,2,3498
CUS2688,Eastridge Machinery Group,BCO,Machinery,SME,,,BR,Brazil,LatAm East,Americas,Yuki O'Brien,yuki.obrien@meridiangl.com,D,0,Named Account Tariff,2021-03-23,2021-03-23,9999-12-31,1,1,3499
CUS2689,Clearwater Alloys B.V.,SME Direct,Metals,SME,,,NZ,New Zealand,Oceania,ANZ,Raj Kim,raj.kim@meridiangl.com,C,30,Spot,2017-11-04,2017-11-04,9999-12-31,1,1,3500
CUS2690,Ashgrove Chemicals Holdings,BCO,Chemicals,Mid-Market,CUS1014,Millbrook Power Holdings,NL,Netherlands,N Europe,EMEA,Carlos Haddad,carlos.haddad@meridiangl.com,B,45,Long-Term Contract,2019-01-09,2019-01-09,9999-12-31,1,1,3501
CUS2691,Glenmoor Industrial Corp,3PL,Machinery,SME,,,TW,Taiwan,East Asia,APAC,Ahmed Nguyen,ahmed.nguyen@meridiangl.com,C,30,Spot,2015-05-16,2015-05-16,2023-02-09,0,1,3502
CUS2691,Glenmoor Industrial Corp,3PL,Machinery,Mid-Market,,,TW,Taiwan,East Asia,APAC,Ahmed Tanaka,ahmed.tanaka@meridiangl.com,C,30,Spot,2015-05-16,2023-02-10,9999-12-31,1,2,3503
CUS2692,Harborview Motors B.V.,SME Direct,Automotive,National,,,ID,Indonesia,SE Asia,APAC,Carlos Ferreira,carlos.ferreira@meridiangl.com,C,30,Long-Term Contract,2019-10-05,2019-10-05,2023-09-28,0,1,3504
CUS2692,Harborview Motors B.V.,SME Direct,Automotive,National,,,ID,Indonesia,SE Asia,APAC,Carlos Ferreira,carlos.ferreira@meridiangl.com,A,30,Long-Term Contract,2019-10-05,2023-09-29,9999-12-31,1,2,3505
CUS2693,Underhill Pharmaceuticals Inc,BCO,Pharma,Global Key Account,,,CA,Canada,N America East,Americas,Anna Berg,anna.berg@meridiangl.com,A,60,Long-Term Contract,2025-01-01,2025-01-01,9999-12-31,1,1,3506
CUS2694,Lonestar Auto Parts B.V.,3PL,Automotive,SME,,,NZ,New Zealand,Oceania,ANZ,Carlos Sharma,carlos.sharma@meridiangl.com,A,45,Named Account Tariff,2017-12-23,2017-12-23,2025-02-08,0,1,3507
CUS2694,Lonestar Auto Parts B.V.,3PL,Automotive,SME,,,NZ,New Zealand,Oceania,ANZ,Carlos Sharma,carlos.sharma@meridiangl.com,A,45,Spot,2017-12-23,2025-02-09,9999-12-31,1,2,3508
CUS2695,Lonestar Technologies LLC,NVOCC,Electronics,Mid-Market,,,NZ,New Zealand,Oceania,ANZ,Ahmed Tanaka,ahmed.tanaka@meridiangl.com,B,60,Named Account Tariff,2019-02-26,2019-02-26,9999-12-31,1,1,3509
CUS2696,Wellspring Chemical Industries Inc,BCO,Chemicals,SME,,,CL,Chile,LatAm West,Americas,Grace Osei,grace.osei@meridiangl.com,C,45,Spot,2015-08-14,2015-08-14,9999-12-31,1,1,3510
CUS2697,Greystone Garments S.A.,Freight Forwarder,Textiles,Mid-Market,,,TW,Taiwan,East Asia,APAC,Ahmed Nguyen,ahmed.nguyen@meridiangl.com,C,0,Spot,2017-02-16,2017-02-16,9999-12-31,1,1,3511
CUS2698,Eastridge Engineering Ltd,BCO,Machinery,Mid-Market,,,MY,Malaysia,SE Asia,APAC,Ahmed Novak,ahmed.novak@meridiangl.com,D,0,Named Account Tariff,2025-06-25,2025-06-25,2026-04-04,0,1,3512
CUS2698,Eastridge Engineering Ltd,BCO,Machinery,Mid-Market,,,MY,Malaysia,SE Asia,APAC,Ahmed Novak,ahmed.novak@meridiangl.com,A,0,Named Account Tariff,2025-06-25,2026-04-05,9999-12-31,1,2,3513
CUS2699,Greystone Petrochemicals Inc,3PL,Energy,National,,,CL,Chile,LatAm West,Americas,Ingrid Nguyen,ingrid.nguyen@meridiangl.com,C,30,Long-Term Contract,2016-11-29,2016-11-29,9999-12-31,1,1,3514
CUS2700,Skyline Power GmbH,Freight Forwarder,Energy,National,,,MX,Mexico,LatAm West,Americas,Elena Haddad,elena.haddad@meridiangl.com,A,30,Long-Term Contract,2022-10-31,2022-10-31,9999-12-31,1,1,3515
CUS2701,Voyager Energy LLC,3PL,Energy,Mid-Market,,,MX,Mexico,LatAm West,Americas,Diego Kowalski,diego.kowalski@meridiangl.com,C,30,Named Account Tariff,2017-08-23,2017-08-23,9999-12-31,1,1,3516
CUS2702,Solstice Petrochemicals B.V.,BCO,Energy,SME,CUS2709,Palisade Electronics S.A.,KR,South Korea,East Asia,APAC,Maria Sharma,maria.sharma@meridiangl.com,C,30,Spot,2016-01-06,2016-01-06,2022-06-04,0,1,3517
CUS2702,Solstice Petrochemicals B.V.,BCO,Energy,National,CUS2709,Palisade Electronics S.A.,KR,South Korea,East Asia,APAC,Maria Sharma,maria.sharma@meridiangl.com,B,30,Long-Term Contract,2016-01-06,2022-06-05,9999-12-31,1,2,3518
CUS2703,Greystone Electronics LLC,3PL,Electronics,SME,,,SG,Singapore,SE Asia,APAC,Fatima Haddad,fatima.haddad@meridiangl.com,B,15,Named Account Tariff,2017-12-01,2017-12-01,9999-12-31,1,1,3519
CUS2704,Marlowe Petrochemicals PLC,BCO,Energy,Mid-Market,,,US,United States,N America East,Americas,Ahmed Tanaka,ahmed.tanaka@meridiangl.com,C,30,Long-Term Contract,2017-07-24,2017-07-24,9999-12-31,1,1,3520
CUS2705,Quarrystone Technologies B.V.,NVOCC,Electronics,National,,,TH,Thailand,SE Asia,APAC,Wei Tanaka,wei.tanaka@meridiangl.com,C,30,Long-Term Contract,2015-07-25,2015-07-25,9999-12-31,1,1,3521
CUS2706,Ridgemont Retail Corp,BCO,Retail,Mid-Market,CUS2549,Sentinel Alloys Holdings,TW,Taiwan,East Asia,APAC,Fatima O'Brien,fatima.obrien@meridiangl.com,A,60,Spot,2023-11-01,2023-11-01,9999-12-31,1,1,3522
CUS2707,Valleyforge Steel GmbH,3PL,Metals,SME,,,MY,Malaysia,SE Asia,APAC,Kenji Tanaka,kenji.tanaka@meridiangl.com,C,15,Spot,2019-12-01,2019-12-01,9999-12-31,1,1,3523
CUS2708,Skyline Mercantile Holdings,Freight Forwarder,Retail,National,,,GB,United Kingdom,N Europe,EMEA,Ingrid Nguyen,ingrid.nguyen@meridiangl.com,B,45,Spot,2019-06-30,2019-06-30,9999-12-31,1,1,3524
CUS2709,Palisade Electronics S.A.,3PL,Electronics,Global Key Account,,,ZA,South Africa,Africa,EMEA,Grace Larsson,grace.larsson@meridiangl.com,A,60,Long-Term Contract,2017-01-14,2017-01-14,9999-12-31,1,1,3525
CUS2710,Redwood Energy S.A.,SME Direct,Energy,Mid-Market,,,GB,United Kingdom,N Europe,EMEA,Sofia Tanaka,sofia.tanaka@meridiangl.com,C,15,Long-Term Contract,2019-01-03,2019-01-03,2019-07-29,0,1,3526
CUS2710,Redwood Energy S.A.,SME Direct,Energy,SME,,,GB,United Kingdom,N Europe,EMEA,Sofia Larsson,sofia.larsson@meridiangl.com,D,15,Spot,2019-01-03,2019-07-30,9999-12-31,1,2,3527
CUS2711,Solstice Agri-Foods B.V.,SME Direct,Agriculture,SME,,,NZ,New Zealand,Oceania,ANZ,Diego Yamamoto,diego.yamamoto@meridiangl.com,C,30,Spot,2020-07-06,2020-07-06,9999-12-31,1,1,3528
CUS2712,Deerfield Agro LLC,NVOCC,Agriculture,Mid-Market,,,VN,Vietnam,SE Asia,APAC,Carlos Haddad,carlos.haddad@meridiangl.com,B,60,Spot,2020-06-30,2020-06-30,2024-08-14,0,1,3529
CUS2712,Deerfield Agro LLC,NVOCC,Agriculture,National,,,VN,Vietnam,SE Asia,APAC,Elena Haddad,elena.haddad@meridiangl.com,B,60,Spot,2020-06-30,2024-08-15,9999-12-31,1,2,3530
CUS2713,Monsoon Metals Group,3PL,Metals,SME,,,TH,Thailand,SE Asia,APAC,Carlos Al-Farsi,carlos.al-farsi@meridiangl.com,A,60,Spot,2018-02-18,2018-02-18,9999-12-31,1,1,3531
CUS2714,Sterling Petrochemicals GmbH,BCO,Energy,Mid-Market,,,NL,Netherlands,N Europe,EMEA,Carlos Sharma,carlos.sharma@meridiangl.com,B,15,Named Account Tariff,2018-02-26,2018-02-26,9999-12-31,1,1,3532
CUS2715,Harborview Metals Holdings,NVOCC,Metals,SME,,,AE,United Arab Emirates,Middle East,EMEA,Liam O'Brien,liam.obrien@meridiangl.com,D,30,Spot,2016-04-22,2016-04-22,9999-12-31,1,1,3533
CUS2716,Granite Stores Inc,SME Direct,Retail,Mid-Market,,,ZA,South Africa,Africa,EMEA,Ahmed Rossi,ahmed.rossi@meridiangl.com,D,0,Long-Term Contract,2025-01-23,2025-01-23,2025-02-09,0,1,3534
CUS2716,Granite Stores Inc,SME Direct,Retail,National,,,ZA,South Africa,Africa,EMEA,Ahmed Rossi,ahmed.rossi@meridiangl.com,B,0,Long-Term Contract,2025-01-23,2025-02-10,9999-12-31,1,2,3535
CUS2717,Kingswell Agro B.V.,BCO,Agriculture,Mid-Market,,,ZA,South Africa,Africa,EMEA,Yuki Kowalski,yuki.kowalski@meridiangl.com,B,60,Spot,2023-10-05,2023-10-05,9999-12-31,1,1,3536
CUS2718,Wellspring Chemical Industries Co.,3PL,Chemicals,SME,,,DE,Germany,N Europe,EMEA,Yuki Ramirez,yuki.ramirez@meridiangl.com,D,15,Spot,2018-05-23,2018-05-23,9999-12-31,1,1,3537
CUS2719,Clearwater Chemicals B.V.,SME Direct,Chemicals,Mid-Market,,,VN,Vietnam,SE Asia,APAC,Elena Haddad,elena.haddad@meridiangl.com,A,45,Named Account Tariff,2015-05-01,2015-05-01,2016-10-25,0,1,3538
CUS2719,Clearwater Chemicals B.V.,SME Direct,Chemicals,Mid-Market,,,VN,Vietnam,SE Asia,APAC,Elena Haddad,elena.haddad@meridiangl.com,B,45,Named Account Tariff,2015-05-01,2016-10-26,9999-12-31,1,2,3539
CUS2720,Onyx Machinery GmbH,SME Direct,Machinery,Mid-Market,CUS2305,Marlowe Apparel Ltd,ES,Spain,Mediterranean,EMEA,James Larsson,james.larsson@meridiangl.com,C,30,Spot,2016-08-05,2016-08-05,9999-12-31,1,1,3540
CUS2721,Dockside Mercantile GmbH,BCO,Retail,SME,,,SG,Singapore,SE Asia,APAC,Ahmed Rossi,ahmed.rossi@meridiangl.com,C,30,Named Account Tariff,2016-06-27,2016-06-27,9999-12-31,1,1,3541
CUS2722,Juniper Metals Co.,3PL,Metals,SME,,,ID,Indonesia,SE Asia,APAC,Grace Osei,grace.osei@meridiangl.com,A,45,Spot,2020-11-19,2020-11-19,9999-12-31,1,1,3542
CUS2723,Skyline Industrial Holdings,NVOCC,Machinery,National,,,ES,Spain,Mediterranean,EMEA,Ingrid Osei,ingrid.osei@meridiangl.com,C,30,Named Account Tariff,2021-02-12,2021-02-12,2021-10-02,0,1,3543
CUS2723,Skyline Industrial Holdings,NVOCC,Machinery,SME,,,ES,Spain,Mediterranean,EMEA,Hassan Nguyen,hassan.nguyen@meridiangl.com,D,30,Long-Term Contract,2021-02-12,2021-10-03,9999-12-31,1,2,3544
CUS2724,Brookline Alloys S.A.,Freight Forwarder,Metals,Mid-Market,,,US,United States,N America East,Americas,Grace Osei,grace.osei@meridiangl.com,C,45,Spot,2020-10-28,2020-10-28,2021-01-29,0,1,3545
CUS2724,Brookline Alloys S.A.,Freight Forwarder,Metals,Mid-Market,,,US,United States,N America East,Americas,Ingrid Nguyen,ingrid.nguyen@meridiangl.com,A,45,Long-Term Contract,2020-10-28,2021-01-30,9999-12-31,1,2,3546
CUS2725,Solstice Chemical Industries B.V.,SME Direct,Chemicals,SME,CUS3108,Underhill Engineering Co.,TW,Taiwan,East Asia,APAC,Sofia Tanaka,sofia.tanaka@meridiangl.com,C,15,Long-Term Contract,2025-12-12,2025-12-12,2026-01-10,0,1,3547
CUS2725,Solstice Chemical Industries B.V.,SME Direct,Chemicals,SME,CUS3108,Underhill Engineering Co.,TW,Taiwan,East Asia,APAC,Fatima Chen,fatima.chen@meridiangl.com,A,15,Long-Term Contract,2025-12-12,2026-01-11,9999-12-31,1,2,3548
CUS2726,Foxrun Engineering Co.,SME Direct,Machinery,National,,,ZA,South Africa,Africa,EMEA,Yuki O'Brien,yuki.obrien@meridiangl.com,A,45,Long-Term Contract,2024-05-27,2024-05-27,9999-12-31,1,1,3549
CUS2727,Monsoon Pharmaceuticals Corp,3PL,Pharma,Mid-Market,,,TH,Thailand,SE Asia,APAC,Hassan Silva,hassan.silva@meridiangl.com,D,15,Spot,2024-06-07,2024-06-07,9999-12-31,1,1,3550
CUS2728,Oakford Technologies GmbH,3PL,Electronics,Mid-Market,,,BR,Brazil,LatAm East,Americas,Sofia Larsson,sofia.larsson@meridiangl.com,C,15,Spot,2024-09-07,2024-09-07,9999-12-31,1,1,3551
CUS2729,Dockside Industrial Co.,BCO,Machinery,Mid-Market,,,TW,Taiwan,East Asia,APAC,Diego Kowalski,diego.kowalski@meridiangl.com,A,45,Long-Term Contract,2017-08-15,2017-08-15,9999-12-31,1,1,3552
CUS2730,Nova Technologies Co.,Freight Forwarder,Electronics,National,,,CN,China,East Asia,APAC,Grace Osei,grace.osei@meridiangl.com,B,45,Long-Term Contract,2019-11-15,2019-11-15,2024-09-07,0,1,3553
CUS2730,Nova Technologies Co.,Freight Forwarder,Electronics,SME,,,CN,China,East Asia,APAC,Grace Osei,grace.osei@meridiangl.com,C,45,Spot,2019-11-15,2024-09-08,9999-12-31,1,2,3554
CUS2731,Elmfield Agri-Foods Pte Ltd,BCO,Agriculture,Mid-Market,,,CA,Canada,N America East,Americas,Hassan Nguyen,hassan.nguyen@meridiangl.com,C,30,Spot,2016-02-25,2016-02-25,9999-12-31,1,1,3555
CUS2732,Valleyforge Automotive PLC,BCO,Automotive,SME,,,BE,Belgium,N Europe,EMEA,Elena Tanaka,elena.tanaka@meridiangl.com,C,15,Spot,2016-03-04,2016-03-04,9999-12-31,1,1,3556
CUS2733,Dockside Metals PLC,3PL,Metals,Mid-Market,CUS3103,Cobalt Chemicals B.V.,SG,Singapore,SE Asia,APAC,Ingrid O'Brien,ingrid.obrien@meridiangl.com,B,45,Named Account Tariff,2017-10-28,2017-10-28,9999-12-31,1,1,3557
CUS2734,Ashford Chemical Industries Corp,BCO,Chemicals,SME,,,ID,Indonesia,SE Asia,APAC,Grace Osei,grace.osei@meridiangl.com,A,45,Spot,2022-05-13,2022-05-13,9999-12-31,1,1,3558
CUS2735,Underhill Chemical Industries Co.,NVOCC,Chemicals,Global Key Account,,,NL,Netherlands,N Europe,EMEA,Elena Haddad,elena.haddad@meridiangl.com,A,60,Long-Term Contract,2017-07-01,2017-07-01,2018-01-06,0,1,3559
CUS2735,Underhill Chemical Industries Co.,NVOCC,Chemicals,Global Key Account,,,NL,Netherlands,N Europe,EMEA,Carlos Al-Farsi,carlos.al-farsi@meridiangl.com,C,60,Long-Term Contract,2017-07-01,2018-01-07,9999-12-31,1,2,3560
CUS2736,Millbrook Chemical Industries Co.,Freight Forwarder,Chemicals,Mid-Market,,,FR,France,N Europe,EMEA,Elena O'Brien,elena.obrien@meridiangl.com,B,45,Named Account Tariff,2021-02-16,2021-02-16,9999-12-31,1,1,3561
CUS2737,Juniper Consumer Goods Ltd,NVOCC,FMCG,Mid-Market,,,AE,United Arab Emirates,Middle East,EMEA,Ahmed Torres,ahmed.torres@meridiangl.com,C,30,Named Account Tariff,2021-06-20,2021-06-20,9999-12-31,1,1,3562
CUS2738,Oakford Stores S.A.,NVOCC,Retail,Mid-Market,,,MY,Malaysia,SE Asia,APAC,Diego Yamamoto,diego.yamamoto@meridiangl.com,B,30,Long-Term Contract,2015-02-17,2015-02-17,9999-12-31,1,1,3563
CUS2739,Ironbridge Chemical Industries S.A.,Freight Forwarder,Chemicals,Mid-Market,,,JP,Japan,East Asia,APAC,James Larsson,james.larsson@meridiangl.com,A,45,Spot,2020-09-15,2020-09-15,2022-06-21,0,1,3564
CUS2739,Ironbridge Chemical Industries S.A.,Freight Forwarder,Chemicals,Mid-Market,,,JP,Japan,East Asia,APAC,James Larsson,james.larsson@meridiangl.com,D,45,Named Account Tariff,2020-09-15,2022-06-22,9999-12-31,1,2,3565
CUS2740,Ironbridge Steel Co.,BCO,Metals,SME,CUS0627,Underhill Agri-Foods Corp,CN,China,East Asia,APAC,Kenji Tanaka,kenji.tanaka@meridiangl.com,B,45,Spot,2024-02-22,2024-02-22,2024-10-09,0,1,3566
CUS2740,Ironbridge Steel Co.,BCO,Metals,National,CUS0627,Underhill Agri-Foods Corp,CN,China,East Asia,APAC,Elena O'Brien,elena.obrien@meridiangl.com,D,45,Named Account Tariff,2024-02-22,2024-10-10,9999-12-31,1,2,3567
CUS2741,Marlowe Farms Corp,BCO,Agriculture,SME,,,TR,Turkey,Mediterranean,EMEA,Elena O'Brien,elena.obrien@meridiangl.com,C,60,Spot,2015-03-31,2015-03-31,9999-12-31,1,1,3568
CUS2742,Harborview Consumer Goods Ltd,SME Direct,FMCG,Mid-Market,,,CA,Canada,N America East,Americas,Hassan Nguyen,hassan.nguyen@meridiangl.com,C,15,Long-Term Contract,2020-05-17,2020-05-17,9999-12-31,1,1,3569
CUS2743,Aurora Chemical Industries Corp,3PL,Chemicals,Mid-Market,,,NZ,New Zealand,Oceania,ANZ,Sofia Larsson,sofia.larsson@meridiangl.com,D,0,Named Account Tariff,2017-12-28,2017-12-28,2023-10-07,0,1,3570
CUS2743,Aurora Chemical Industries Corp,3PL,Chemicals,SME,,,NZ,New Zealand,Oceania,ANZ,Anna Berg,anna.berg@meridiangl.com,D,0,Long-Term Contract,2017-12-28,2023-10-08,9999-12-31,1,2,3571
CUS2744,Oakford Textiles Ltd,BCO,Textiles,National,,,CA,Canada,N America East,Americas,Ahmed Novak,ahmed.novak@meridiangl.com,C,30,Named Account Tariff,2020-12-01,2020-12-01,9999-12-31,1,1,3572
CUS2745,Lonestar Motors Corp,BCO,Automotive,SME,,,CA,Canada,N America East,Americas,Sofia Larsson,sofia.larsson@meridiangl.com,D,15,Spot,2023-02-03,2023-02-03,2024-03-04,0,1,3573
CUS2745,Lonestar Motors Corp,BCO,Automotive,Mid-Market,,,CA,Canada,N America East,Americas,Raj Kim,raj.kim@meridiangl.com,D,15,Named Account Tariff,2023-02-03,2024-03-05,9999-12-31,1,2,3574
CUS2746,Kingswell Petrochemicals Group,BCO,Energy,Global Key Account,,,AE,United Arab Emirates,Middle East,EMEA,Ingrid Nguyen,ingrid.nguyen@meridiangl.com,B,30,Long-Term Contract,2019-04-09,2019-04-09,9999-12-31,1,1,3575
CUS2747,Voyager Stores Group,Freight Forwarder,Retail,SME,,,TW,Taiwan,East Asia,APAC,Elena Berg,elena.berg@meridiangl.com,D,30,Spot,2017-04-24,2017-04-24,9999-12-31,1,1,3576
CUS2748,Fairhaven Garments Group,NVOCC,Textiles,Global Key Account,,,TW,Taiwan,East Asia,APAC,Liam O'Brien,liam.obrien@meridiangl.com,A,15,Named Account Tariff,2020-07-25,2020-07-25,2024-02-27,0,1,3577
CUS2748,Fairhaven Garments Group,NVOCC,Textiles,Global Key Account,,,TW,Taiwan,East Asia,APAC,Liam O'Brien,liam.obrien@meridiangl.com,B,15,Named Account Tariff,2020-07-25,2024-02-28,9999-12-31,1,2,3578
CUS2749,Sterling Pharmaceuticals Pte Ltd,Freight Forwarder,Pharma,Global Key Account,,,CN,China,East Asia,APAC,Ahmed Nguyen,ahmed.nguyen@meridiangl.com,A,30,Long-Term Contract,2020-12-10,2020-12-10,9999-12-31,1,1,3579
CUS2750,Palisade Chemicals Holdings,BCO,Chemicals,Mid-Market,,,HK,Hong Kong,East Asia,APAC,Fatima Haddad,fatima.haddad@meridiangl.com,D,30,Spot,2020-10-02,2020-10-02,9999-12-31,1,1,3580
CUS2751,Ridgemont Semiconductor LLC,3PL,Electronics,Mid-Market,,,TW,Taiwan,East Asia,APAC,Yuki O'Brien,yuki.obrien@meridiangl.com,C,30,Spot,2015-08-09,2015-08-09,9999-12-31,1,1,3581
CUS2752,Thornwell Foods Inc,BCO,FMCG,SME,,,JP,Japan,East Asia,APAC,Ahmed Nguyen,ahmed.nguyen@meridiangl.com,C,30,Spot,2026-05-08,2026-05-08,9999-12-31,1,1,3582
CUS2753,Deerfield Pharmaceuticals PLC,BCO,Pharma,SME,,,IT,Italy,Mediterranean,EMEA,Elena Haddad,elena.haddad@meridiangl.com,B,30,Spot,2021-06-22,2021-06-22,9999-12-31,1,1,3583
CUS2754,Solstice Petrochemicals Inc,SME Direct,Energy,SME,,,BR,Brazil,LatAm East,Americas,Carlos Haddad,carlos.haddad@meridiangl.com,B,30,Spot,2021-02-14,2021-02-14,2025-07-06,0,1,3584
CUS2754,Solstice Petrochemicals Inc,SME Direct,Energy,SME,,,BR,Brazil,LatAm East,Americas,Wei Silva,wei.silva@meridiangl.com,D,30,Named Account Tariff,2021-02-14,2025-07-07,9999-12-31,1,2,3585
CUS2755,Brookline Steel Ltd,SME Direct,Metals,National,,,ES,Spain,Mediterranean,EMEA,Ahmed Rossi,ahmed.rossi@meridiangl.com,A,45,Long-Term Contract,2016-02-27,2016-02-27,9999-12-31,1,1,3586
CUS2756,Westbrook Apparel Inc,BCO,Textiles,Global Key Account,,,AE,United Arab Emirates,Middle East,EMEA,Carlos Al-Farsi,carlos.al-farsi@meridiangl.com,B,45,Named Account Tariff,2026-04-20,2026-04-20,9999-12-31,1,1,3587
CUS2757,Granite Machinery Inc,BCO,Machinery,SME,,,NL,Netherlands,N Europe,EMEA,Wei Silva,wei.silva@meridiangl.com,C,30,Named Account Tariff,2024-10-24,2024-10-24,9999-12-31,1,1,3588
CUS2758,Elmfield FMCG Group,SME Direct,FMCG,National,,,ES,Spain,Mediterranean,EMEA,Raj Kim,raj.kim@meridiangl.com,B,60,Long-Term Contract,2018-04-28,2018-04-28,9999-12-31,1,1,3589
CUS2759,Eastridge Pharma Pte Ltd,BCO,Pharma,SME,,,JP,Japan,East Asia,APAC,Yuki O'Brien,yuki.obrien@meridiangl.com,B,15,Spot,2020-06-01,2020-06-01,9999-12-31,1,1,3590
CUS2760,Sentinel Consumer Goods LLC,Freight Forwarder,FMCG,Mid-Market,,,NL,Netherlands,N Europe,EMEA,Maria Sharma,maria.sharma@meridiangl.com,C,15,Spot,2017-10-09,2017-10-09,9999-12-31,1,1,3591
CUS2761,Northgate Stores GmbH,BCO,Retail,Mid-Market,,,KR,South Korea,East Asia,APAC,Ahmed Rossi,ahmed.rossi@meridiangl.com,B,60,Spot,2024-05-29,2024-05-29,9999-12-31,1,1,3592
CUS2762,Redwood Engineering Ltd,NVOCC,Machinery,Mid-Market,,,AE,United Arab Emirates,Middle East,EMEA,Grace Larsson,grace.larsson@meridiangl.com,B,45,Spot,2024-01-04,2024-01-04,9999-12-31,1,1,3593
CUS2763,Voyager Farms Pte Ltd,NVOCC,Agriculture,Mid-Market,,,SG,Singapore,SE Asia,APAC,Wei Tanaka,wei.tanaka@meridiangl.com,D,15,Named Account Tariff,2024-03-05,2024-03-05,2025-01-08,0,1,3594
CUS2763,Voyager Farms Pte Ltd,NVOCC,Agriculture,SME,,,SG,Singapore,SE Asia,APAC,Anna Berg,anna.berg@meridiangl.com,A,15,Spot,2024-03-05,2025-01-09,9999-12-31,1,2,3595
CUS2764,Monsoon Garments S.A.,Freight Forwarder,Textiles,National,,,JP,Japan,East Asia,APAC,Priya Ferreira,priya.ferreira@meridiangl.com,A,30,Long-Term Contract,2022-06-22,2022-06-22,9999-12-31,1,1,3596
CUS2765,Wellspring Apparel Group,Freight Forwarder,Textiles,Mid-Market,,,HK,Hong Kong,East Asia,APAC,Kenji Tanaka,kenji.tanaka@meridiangl.com,C,15,Spot,2025-05-20,2025-05-20,9999-12-31,1,1,3597
CUS2766,Millbrook Energy Holdings,NVOCC,Energy,Mid-Market,,,VN,Vietnam,SE Asia,APAC,Sofia Ferreira,sofia.ferreira@meridiangl.com,C,0,Named Account Tariff,2017-08-13,2017-08-13,9999-12-31,1,1,3598
CUS2767,Harborview Textiles Ltd,BCO,Textiles,National,,,US,United States,N America East,Americas,Elena Berg,elena.berg@meridiangl.com,B,0,Long-Term Contract,2020-12-05,2020-12-05,9999-12-31,1,1,3599
CUS2768,Marlowe Machinery Pte Ltd,NVOCC,Machinery,SME,,,SG,Singapore,SE Asia,APAC,Elena O'Brien,elena.obrien@meridiangl.com,C,30,Spot,2021-11-21,2021-11-21,2026-06-10,0,1,3600
CUS2768,Marlowe Machinery Pte Ltd,NVOCC,Machinery,National,,,SG,Singapore,SE Asia,APAC,Raj Kim,raj.kim@meridiangl.com,C,30,Spot,2021-11-21,2026-06-11,9999-12-31,1,2,3601
CUS2769,Ashgrove Electronics S.A.,SME Direct,Electronics,National,,,AE,United Arab Emirates,Middle East,EMEA,Ingrid O'Brien,ingrid.obrien@meridiangl.com,B,15,Long-Term Contract,2015-05-09,2015-05-09,9999-12-31,1,1,3602
CUS2770,Quarrystone Agri-Foods Inc,3PL,Agriculture,National,,,ZA,South Africa,Africa,EMEA,Elena Haddad,elena.haddad@meridiangl.com,D,15,Spot,2025-09-18,2025-09-18,9999-12-31,1,1,3603
CUS2771,Palisade Auto Parts Group,BCO,Automotive,SME,,,ID,Indonesia,SE Asia,APAC,Ingrid Osei,ingrid.osei@meridiangl.com,D,0,Spot,2017-07-05,2017-07-05,2019-10-27,0,1,3604
CUS2771,Palisade Auto Parts Group,BCO,Automotive,SME,,,ID,Indonesia,SE Asia,APAC,Ahmed Nguyen,ahmed.nguyen@meridiangl.com,D,0,Spot,2017-07-05,2019-10-28,9999-12-31,1,2,3605
CUS2772,Eastridge FMCG Group,3PL,FMCG,Mid-Market,,,BE,Belgium,N Europe,EMEA,James Larsson,james.larsson@meridiangl.com,A,30,Named Account Tariff,2020-06-16,2020-06-16,9999-12-31,1,1,3606
CUS2773,Cobalt Chemical Industries LLC,SME Direct,Chemicals,Mid-Market,,,CA,Canada,N America East,Americas,Fatima O'Brien,fatima.obrien@meridiangl.com,D,45,Spot,2015-09-14,2015-09-14,9999-12-31,1,1,3607
CUS2774,Millbrook Steel Pte Ltd,NVOCC,Metals,SME,CUS1327,Dockside Garments LLC,AU,Australia,Oceania,ANZ,Carlos Sharma,carlos.sharma@meridiangl.com,D,15,Spot,2018-09-04,2018-09-04,9999-12-31,1,1,3608
CUS2775,Deerfield Apparel PLC,BCO,Textiles,Mid-Market,,,TW,Taiwan,East Asia,APAC,Ahmed Rossi,ahmed.rossi@meridiangl.com,B,15,Long-Term Contract,2016-11-25,2016-11-25,9999-12-31,1,1,3609
CUS2776,Clearwater Consumer Goods LLC,SME Direct,FMCG,National,,,GB,United Kingdom,N Europe,EMEA,Raj Kim,raj.kim@meridiangl.com,C,15,Named Account Tariff,2022-12-11,2022-12-11,9999-12-31,1,1,3610
CUS2777,Ironbridge FMCG LLC,3PL,FMCG,Mid-Market,,,CN,China,East Asia,APAC,Kenji Tanaka,kenji.tanaka@meridiangl.com,C,30,Long-Term Contract,2020-06-09,2020-06-09,9999-12-31,1,1,3611
CUS2778,Hillcrest Engineering LLC,BCO,Machinery,Global Key Account,,,JP,Japan,East Asia,APAC,Priya O'Brien,priya.obrien@meridiangl.com,A,60,Long-Term Contract,2019-11-26,2019-11-26,9999-12-31,1,1,3612
CUS2779,Marlowe Agro Pte Ltd,BCO,Agriculture,Mid-Market,,,ES,Spain,Mediterranean,EMEA,Diego Kowalski,diego.kowalski@meridiangl.com,A,60,Long-Term Contract,2021-04-13,2021-04-13,9999-12-31,1,1,3613
CUS2780,Solstice Technologies Co.,3PL,Electronics,Global Key Account,,,ID,Indonesia,SE Asia,APAC,Grace Larsson,grace.larsson@meridiangl.com,A,45,Long-Term Contract,2016-05-01,2016-05-01,9999-12-31,1,1,3614
CUS2781,Sterling Foods Inc,BCO,FMCG,Mid-Market,,,JP,Japan,East Asia,APAC,Ahmed Rossi,ahmed.rossi@meridiangl.com,D,0,Spot,2024-05-01,2024-05-01,9999-12-31,1,1,3615
CUS2782,Ashford Garments Pte Ltd,NVOCC,Textiles,Mid-Market,,,AU,Australia,Oceania,ANZ,Carlos Al-Farsi,carlos.al-farsi@meridiangl.com,B,15,Spot,2024-12-30,2024-12-30,9999-12-31,1,1,3616
CUS2783,Ironbridge Agro LLC,Freight Forwarder,Agriculture,SME,,,BR,Brazil,LatAm East,Americas,Liam O'Brien,liam.obrien@meridiangl.com,D,15,Spot,2023-11-30,2023-11-30,9999-12-31,1,1,3617
CUS2784,Cedarline Motors B.V.,SME Direct,Automotive,Global Key Account,,,ZA,South Africa,Africa,EMEA,Elena Berg,elena.berg@meridiangl.com,A,30,Long-Term Contract,2016-10-14,2016-10-14,9999-12-31,1,1,3618
CUS2785,Vantage Pharma Pte Ltd,Freight Forwarder,Pharma,National,,,SG,Singapore,SE Asia,APAC,Raj Kim,raj.kim@meridiangl.com,B,45,Long-Term Contract,2015-05-24,2015-05-24,9999-12-31,1,1,3619
CUS2786,Redwood Metals Pte Ltd,NVOCC,Metals,Mid-Market,,,MX,Mexico,LatAm West,Americas,Wei Tanaka,wei.tanaka@meridiangl.com,D,30,Long-Term Contract,2015-05-24,2015-05-24,9999-12-31,1,1,3620
CUS2787,Skyline Motors Group,3PL,Automotive,Mid-Market,,,CL,Chile,LatAm West,Americas,Yuki Torres,yuki.torres@meridiangl.com,D,0,Named Account Tariff,2021-04-27,2021-04-27,2023-05-13,0,1,3621
CUS2787,Skyline Motors Group,3PL,Automotive,National,,,CL,Chile,LatAm West,Americas,Elena O'Brien,elena.obrien@meridiangl.com,B,0,Spot,2021-04-27,2023-05-14,9999-12-31,1,2,3622
CUS2788,Hillcrest Foods PLC,3PL,FMCG,National,CUS3109,Cobalt Textiles Corp,JP,Japan,East Asia,APAC,Sofia Ferreira,sofia.ferreira@meridiangl.com,A,60,Long-Term Contract,2016-03-13,2016-03-13,9999-12-31,1,1,3623
CUS2789,Northgate Retail Pte Ltd,NVOCC,Retail,National,,,AU,Australia,Oceania,ANZ,Maria Sharma,maria.sharma@meridiangl.com,A,45,Spot,2015-12-13,2015-12-13,2016-07-12,0,1,3624
CUS2789,Northgate Retail Pte Ltd,NVOCC,Retail,Mid-Market,,,AU,Australia,Oceania,ANZ,Elena Haddad,elena.haddad@meridiangl.com,A,45,Spot,2015-12-13,2016-07-13,9999-12-31,1,2,3625
CUS2790,Wellspring Chemical Industries PLC,SME Direct,Chemicals,Mid-Market,,,TH,Thailand,SE Asia,APAC,Hassan Nguyen,hassan.nguyen@meridiangl.com,B,45,Named Account Tariff,2018-01-27,2018-01-27,9999-12-31,1,1,3626
CUS2791,Vertex Metals PLC,SME Direct,Metals,National,,,KR,South Korea,East Asia,APAC,Yuki Kowalski,yuki.kowalski@meridiangl.com,B,30,Named Account Tariff,2019-01-01,2019-01-01,9999-12-31,1,1,3627
CUS2792,Cobalt Chemicals Pte Ltd,Freight Forwarder,Chemicals,Mid-Market,,,CL,Chile,LatAm West,Americas,Elena Haddad,elena.haddad@meridiangl.com,D,45,Spot,2022-02-24,2022-02-24,9999-12-31,1,1,3628
CUS2793,Aurora Trading Inc,BCO,Retail,Mid-Market,CUS2552,Solstice Engineering GmbH,FR,France,N Europe,EMEA,Ahmed Nguyen,ahmed.nguyen@meridiangl.com,D,15,Spot,2017-06-11,2017-06-11,2023-02-09,0,1,3629
CUS2793,Aurora Trading Inc,BCO,Retail,National,CUS2552,Solstice Engineering GmbH,FR,France,N Europe,EMEA,Ahmed Nguyen,ahmed.nguyen@meridiangl.com,D,15,Long-Term Contract,2017-06-11,2023-02-10,9999-12-31,1,2,3630
CUS2794,Elmfield Petrochemicals Holdings,Freight Forwarder,Energy,Mid-Market,,,CA,Canada,N America East,Americas,Ahmed Novak,ahmed.novak@meridiangl.com,C,30,Spot,2017-02-11,2017-02-11,2019-04-09,0,1,3631
CUS2794,Elmfield Petrochemicals Holdings,Freight Forwarder,Energy,National,,,CA,Canada,N America East,Americas,Ahmed Novak,ahmed.novak@meridiangl.com,D,30,Spot,2017-02-11,2019-04-10,9999-12-31,1,2,3632
CUS2795,Brightwater Foods Ltd,3PL,FMCG,SME,CUS1931,Wellspring Motors Ltd,ID,Indonesia,SE Asia,APAC,Fatima Haddad,fatima.haddad@meridiangl.com,D,0,Named Account Tariff,2019-04-22,2019-04-22,2025-01-07,0,1,3633
CUS2795,Brightwater Foods Ltd,3PL,FMCG,National,CUS1931,Wellspring Motors Ltd,ID,Indonesia,SE Asia,APAC,Priya Ferreira,priya.ferreira@meridiangl.com,A,0,Spot,2019-04-22,2025-01-08,9999-12-31,1,2,3634
CUS2796,Ashford Stores GmbH,BCO,Retail,Mid-Market,,,KR,South Korea,East Asia,APAC,Yuki O'Brien,yuki.obrien@meridiangl.com,D,15,Spot,2022-05-18,2022-05-18,9999-12-31,1,1,3635
CUS2797,Cobalt Life Sciences Co.,NVOCC,Pharma,Mid-Market,,,HK,Hong Kong,East Asia,APAC,Elena Tanaka,elena.tanaka@meridiangl.com,C,15,Named Account Tariff,2019-10-03,2019-10-03,2023-03-21,0,1,3636
CUS2797,Cobalt Life Sciences Co.,NVOCC,Pharma,National,,,HK,Hong Kong,East Asia,APAC,Kenji Tanaka,kenji.tanaka@meridiangl.com,C,15,Long-Term Contract,2019-10-03,2023-03-22,9999-12-31,1,2,3637
CUS2798,Equator Auto Parts B.V.,Freight Forwarder,Automotive,Mid-Market,,,SG,Singapore,SE Asia,APAC,Ingrid Ferreira,ingrid.ferreira@meridiangl.com,C,15,Named Account Tariff,2016-02-12,2016-02-12,2024-01-27,0,1,3638
CUS2798,Equator Auto Parts B.V.,Freight Forwarder,Automotive,Mid-Market,,,SG,Singapore,SE Asia,APAC,Ingrid Ferreira,ingrid.ferreira@meridiangl.com,C,15,Long-Term Contract,2016-02-12,2024-01-28,9999-12-31,1,2,3639
CUS2799,Ashford Power B.V.,BCO,Energy,Mid-Market,,,SA,Saudi Arabia,Middle East,EMEA,Ahmed Tanaka,ahmed.tanaka@meridiangl.com,A,15,Named Account Tariff,2023-04-30,2023-04-30,9999-12-31,1,1,3640
CUS2800,Dockside Chemical Industries GmbH,Freight Forwarder,Chemicals,Mid-Market,,,CA,Canada,N America East,Americas,Ingrid Ferreira,ingrid.ferreira@meridiangl.com,C,15,Long-Term Contract,2020-08-30,2020-08-30,2026-07-20,0,1,3641
CUS2800,Dockside Chemical Industries GmbH,Freight Forwarder,Chemicals,SME,,,CA,Canada,N America East,Americas,Yuki Ramirez,yuki.ramirez@meridiangl.com,C,15,Named Account Tariff,2020-08-30,2026-07-21,9999-12-31,1,2,3642
CUS2801,Ashgrove Auto Parts S.A.,SME Direct,Automotive,National,,,ID,Indonesia,SE Asia,APAC,Hassan Nguyen,hassan.nguyen@meridiangl.com,B,15,Spot,2017-12-07,2017-12-07,9999-12-31,1,1,3643
CUS2802,Juniper Consumer Goods Holdings,NVOCC,FMCG,SME,,,IT,Italy,Mediterranean,EMEA,Ingrid Ferreira,ingrid.ferreira@meridiangl.com,D,15,Named Account Tariff,2015-08-03,2015-08-03,9999-12-31,1,1,3644
CUS2803,Thornwell Pharma LLC,BCO,Pharma,National,,,MX,Mexico,LatAm West,Americas,Yuki Torres,yuki.torres@meridiangl.com,B,30,Long-Term Contract,2020-09-05,2020-09-05,9999-12-31,1,1,3645
CUS2804,Mosaic Foods Co.,Freight Forwarder,FMCG,National,,,CA,Canada,N America East,Americas,Ahmed Nguyen,ahmed.nguyen@meridiangl.com,C,30,Long-Term Contract,2023-04-02,2023-04-02,2026-02-06,0,1,3646
CUS2804,Mosaic Foods Co.,Freight Forwarder,FMCG,National,,,CA,Canada,N America East,Americas,Ahmed Nguyen,ahmed.nguyen@meridiangl.com,D,30,Spot,2023-04-02,2026-02-07,9999-12-31,1,2,3647
CUS2805,Deerfield Apparel LLC,BCO,Textiles,Mid-Market,CUS0191,Cobalt Agro LLC,CL,Chile,LatAm West,Americas,Ingrid Tanaka,ingrid.tanaka@meridiangl.com,C,15,Long-Term Contract,2019-05-02,2019-05-02,9999-12-31,1,1,3648
CUS2806,Southwick Farms Pte Ltd,BCO,Agriculture,Mid-Market,,,BE,Belgium,N Europe,EMEA,Elena Berg,elena.berg@meridiangl.com,C,45,Named Account Tariff,2015-12-03,2015-12-03,9999-12-31,1,1,3649
CUS2807,Elmfield Steel LLC,BCO,Metals,Mid-Market,,,CN,China,East Asia,APAC,Priya Ferreira,priya.ferreira@meridiangl.com,C,60,Long-Term Contract,2016-01-10,2016-01-10,2017-08-27,0,1,3650
CUS2807,Elmfield Steel LLC,BCO,Metals,Mid-Market,,,CN,China,East Asia,APAC,Raj Kim,raj.kim@meridiangl.com,D,60,Named Account Tariff,2016-01-10,2017-08-28,9999-12-31,1,2,3651
CUS2808,Quarrystone Motors B.V.,Freight Forwarder,Automotive,SME,CUS0353,Fairhaven Chemical Industries S.A.,NL,Netherlands,N Europe,EMEA,Hassan Nguyen,hassan.nguyen@meridiangl.com,D,30,Spot,2021-12-10,2021-12-10,9999-12-31,1,1,3652
CUS2809,Fairhaven Motors Group,Freight Forwarder,Automotive,Mid-Market,,,TH,Thailand,SE Asia,APAC,Fatima Haddad,fatima.haddad@meridiangl.com,C,30,Long-Term Contract,2015-06-13,2015-06-13,9999-12-31,1,1,3653
CUS2810,Vertex Energy Holdings,NVOCC,Energy,National,,,IN,India,South Asia,APAC,Ingrid O'Brien,ingrid.obrien@meridiangl.com,B,45,Long-Term Contract,2016-04-02,2016-04-02,9999-12-31,1,1,3654
CUS2811,Thornwell Foods S.A.,3PL,FMCG,SME,,,BE,Belgium,N Europe,EMEA,Wei Tanaka,wei.tanaka@meridiangl.com,D,0,Spot,2017-03-29,2017-03-29,2025-10-19,0,1,3655
CUS2811,Thornwell Foods S.A.,3PL,FMCG,National,,,BE,Belgium,N Europe,EMEA,Liam O'Brien,liam.obrien@meridiangl.com,A,0,Named Account Tariff,2017-03-29,2025-10-20,9999-12-31,1,2,3656
CUS2812,Juniper Machinery Ltd,BCO,Machinery,National,,,IN,India,South Asia,APAC,Liam O'Brien,liam.obrien@meridiangl.com,C,15,Spot,2022-10-16,2022-10-16,9999-12-31,1,1,3657
CUS2813,Brightwater Semiconductor Holdings,BCO,Electronics,SME,CUS1229,Northgate Agri-Foods Ltd,CA,Canada,N America East,Americas,Yuki Torres,yuki.torres@meridiangl.com,B,45,Named Account Tariff,2015-12-09,2015-12-09,2021-12-31,0,1,3658
CUS2813,Brightwater Semiconductor Holdings,BCO,Electronics,National,CUS1229,Northgate Agri-Foods Ltd,CA,Canada,N America East,Americas,Sofia Ferreira,sofia.ferreira@meridiangl.com,B,45,Named Account Tariff,2015-12-09,2022-01-01,9999-12-31,1,2,3659
CUS2814,Southwick Retail Pte Ltd,NVOCC,Retail,Mid-Market,,,MY,Malaysia,SE Asia,APAC,Ahmed Nguyen,ahmed.nguyen@meridiangl.com,D,15,Spot,2024-01-07,2024-01-07,9999-12-31,1,1,3660
CUS2815,Foxrun Pharma Co.,3PL,Pharma,SME,CUS1719,Nightingale Energy LLC,IT,Italy,Mediterranean,EMEA,Carlos Ferreira,carlos.ferreira@meridiangl.com,D,15,Spot,2019-02-18,2019-02-18,2021-12-28,0,1,3661
CUS2815,Foxrun Pharma Co.,3PL,Pharma,SME,CUS1719,Nightingale Energy LLC,IT,Italy,Mediterranean,EMEA,Diego Patel,diego.patel@meridiangl.com,B,15,Spot,2019-02-18,2021-12-29,9999-12-31,1,2,3662
CUS2816,Everest Garments PLC,BCO,Textiles,Mid-Market,,,ID,Indonesia,SE Asia,APAC,James Tanaka,james.tanaka@meridiangl.com,B,0,Long-Term Contract,2020-10-28,2020-10-28,9999-12-31,1,1,3663
CUS2817,Foxrun Energy PLC,Freight Forwarder,Energy,SME,,,IN,India,South Asia,APAC,Ahmed Nguyen,ahmed.nguyen@meridiangl.com,C,60,Spot,2017-11-18,2017-11-18,9999-12-31,1,1,3664
CUS2818,Ironwood Energy Ltd,BCO,Energy,Mid-Market,,,TW,Taiwan,East Asia,APAC,Ingrid Tanaka,ingrid.tanaka@meridiangl.com,C,30,Spot,2020-01-19,2020-01-19,9999-12-31,1,1,3665
CUS2819,Brookline Automotive Corp,Freight Forwarder,Automotive,SME,,,SA,Saudi Arabia,Middle East,EMEA,Maria Sharma,maria.sharma@meridiangl.com,D,0,Spot,2016-03-30,2016-03-30,9999-12-31,1,1,3666
CUS2820,Westbrook Machinery LLC,NVOCC,Machinery,Mid-Market,,,IT,Italy,Mediterranean,EMEA,Ahmed Rossi,ahmed.rossi@meridiangl.com,B,45,Spot,2017-02-15,2017-02-15,9999-12-31,1,1,3667
CUS2821,Onyx Motors Inc,Freight Forwarder,Automotive,SME,,,ES,Spain,Mediterranean,EMEA,Carlos Ferreira,carlos.ferreira@meridiangl.com,B,60,Spot,2020-10-22,2020-10-22,9999-12-31,1,1,3668
CUS2822,Granite Motors Pte Ltd,Freight Forwarder,Automotive,Global Key Account,,,IT,Italy,Mediterranean,EMEA,Yuki O'Brien,yuki.obrien@meridiangl.com,A,30,Long-Term Contract,2015-11-25,2015-11-25,9999-12-31,1,1,3669
CUS2823,Granite Consumer Goods LLC,SME Direct,FMCG,Global Key Account,,,IN,India,South Asia,APAC,Fatima Haddad,fatima.haddad@meridiangl.com,A,45,Long-Term Contract,2022-05-13,2022-05-13,9999-12-31,1,1,3670
CUS2824,Elmfield Pharmaceuticals Inc,SME Direct,Pharma,Mid-Market,,,MY,Malaysia,SE Asia,APAC,Ingrid Osei,ingrid.osei@meridiangl.com,B,45,Spot,2024-09-06,2024-09-06,9999-12-31,1,1,3671
CUS2825,Zenith Agro Co.,Freight Forwarder,Agriculture,SME,,,AE,United Arab Emirates,Middle East,EMEA,Ahmed Rossi,ahmed.rossi@meridiangl.com,D,0,Spot,2021-06-28,2021-06-28,2026-07-12,0,1,3672
CUS2825,Zenith Agro Co.,Freight Forwarder,Agriculture,SME,,,AE,United Arab Emirates,Middle East,EMEA,Ahmed Rossi,ahmed.rossi@meridiangl.com,C,0,Spot,2021-06-28,2026-07-13,9999-12-31,1,2,3673
CUS2826,Skyline Steel Inc,BCO,Metals,SME,,,VN,Vietnam,SE Asia,APAC,Yuki Kowalski,yuki.kowalski@meridiangl.com,C,30,Named Account Tariff,2015-04-09,2015-04-09,2021-07-30,0,1,3674
CUS2826,Skyline Steel Inc,BCO,Metals,Mid-Market,,,VN,Vietnam,SE Asia,APAC,Yuki Kowalski,yuki.kowalski@meridiangl.com,C,30,Long-Term Contract,2015-04-09,2021-07-31,9999-12-31,1,2,3675
CUS2827,Junction Chemicals Pte Ltd,NVOCC,Chemicals,SME,CUS1742,Elmfield Pharma Co.,GB,United Kingdom,N Europe,EMEA,Ingrid Nguyen,ingrid.nguyen@meridiangl.com,B,30,Named Account Tariff,2021-12-06,2021-12-06,2022-04-10,0,1,3676
CUS2827,Junction Chemicals Pte Ltd,NVOCC,Chemicals,National,CUS1742,Elmfield Pharma Co.,GB,United Kingdom,N Europe,EMEA,Diego Kowalski,diego.kowalski@meridiangl.com,A,30,Spot,2021-12-06,2022-04-11,9999-12-31,1,2,3677
CUS2828,Westbrook Life Sciences Pte Ltd,SME Direct,Pharma,Global Key Account,,,KR,South Korea,East Asia,APAC,Hassan Nguyen,hassan.nguyen@meridiangl.com,A,45,Spot,2018-07-14,2018-07-14,2021-07-27,0,1,3678
CUS2828,Westbrook Life Sciences Pte Ltd,SME Direct,Pharma,Global Key Account,,,KR,South Korea,East Asia,APAC,Ahmed Novak,ahmed.novak@meridiangl.com,C,45,Long-Term Contract,2018-07-14,2021-07-28,9999-12-31,1,2,3679
CUS2829,Monsoon Machinery Holdings,NVOCC,Machinery,Mid-Market,CUS2578,Dockside Power Ltd,IN,India,South Asia,APAC,Yuki Kowalski,yuki.kowalski@meridiangl.com,B,45,Spot,2015-08-01,2015-08-01,9999-12-31,1,1,3680
CUS2830,Harborview Auto Parts B.V.,BCO,Automotive,National,,,ZA,South Africa,Africa,EMEA,Ahmed Torres,ahmed.torres@meridiangl.com,A,60,Long-Term Contract,2025-03-04,2025-03-04,9999-12-31,1,1,3681
CUS2831,Elmfield Consumer Goods Co.,Freight Forwarder,FMCG,Mid-Market,,,TR,Turkey,Mediterranean,EMEA,Diego Yamamoto,diego.yamamoto@meridiangl.com,B,0,Long-Term Contract,2024-01-28,2024-01-28,9999-12-31,1,1,3682
CUS2832,Sentinel Power Ltd,BCO,Energy,SME,,,HK,Hong Kong,East Asia,APAC,Ahmed Nguyen,ahmed.nguyen@meridiangl.com,C,0,Spot,2024-01-12,2024-01-12,9999-12-31,1,1,3683
CUS2833,Ironwood FMCG Holdings,BCO,FMCG,National,,,CL,Chile,LatAm West,Americas,Yuki Ramirez,yuki.ramirez@meridiangl.com,B,15,Named Account Tariff,2018-11-13,2018-11-13,9999-12-31,1,1,3684
CUS2834,Junction Semiconductor B.V.,NVOCC,Electronics,SME,,,DE,Germany,N Europe,EMEA,Ahmed Rossi,ahmed.rossi@meridiangl.com,D,15,Named Account Tariff,2016-05-27,2016-05-27,9999-12-31,1,1,3685
CUS2835,Glenmoor Retail PLC,Freight Forwarder,Retail,Global Key Account,,,JP,Japan,East Asia,APAC,Grace Larsson,grace.larsson@meridiangl.com,B,30,Long-Term Contract,2017-08-25,2017-08-25,9999-12-31,1,1,3686
CUS2836,Onyx Automotive LLC,NVOCC,Automotive,Mid-Market,,,CL,Chile,LatAm West,Americas,Ahmed Tanaka,ahmed.tanaka@meridiangl.com,C,45,Spot,2017-04-05,2017-04-05,9999-12-31,1,1,3687
CUS2837,Dockside Technologies S.A.,3PL,Electronics,National,,,SA,Saudi Arabia,Middle East,EMEA,Ahmed Rossi,ahmed.rossi@meridiangl.com,B,45,Long-Term Contract,2023-05-28,2023-05-28,9999-12-31,1,1,3688
CUS2838,Ashgrove Retail Holdings,Freight Forwarder,Retail,SME,CUS0384,Nova Machinery S.A.,SA,Saudi Arabia,Middle East,EMEA,Elena Haddad,elena.haddad@meridiangl.com,D,0,Spot,2017-09-09,2017-09-09,9999-12-31,1,1,3689
CUS2839,Thornwell Energy S.A.,NVOCC,Energy,SME,,,TR,Turkey,Mediterranean,EMEA,Ahmed Rossi,ahmed.rossi@meridiangl.com,B,30,Spot,2025-09-06,2025-09-06,9999-12-31,1,1,3690
CUS2840,Granite Energy S.A.,BCO,Energy,Mid-Market,,,IT,Italy,Mediterranean,EMEA,Elena Berg,elena.berg@meridiangl.com,B,60,Long-Term Contract,2016-12-12,2016-12-12,9999-12-31,1,1,3691
CUS2841,Glenmoor Farms S.A.,3PL,Agriculture,SME,CUS1931,Wellspring Motors Ltd,NL,Netherlands,N Europe,EMEA,Carlos Haddad,carlos.haddad@meridiangl.com,C,30,Spot,2015-11-03,2015-11-03,9999-12-31,1,1,3692
CUS2842,Ironwood Automotive Co.,SME Direct,Automotive,SME,,,TR,Turkey,Mediterranean,EMEA,Diego Patel,diego.patel@meridiangl.com,B,0,Spot,2020-02-18,2020-02-18,2025-05-14,0,1,3693
CUS2842,Ironwood Automotive Co.,SME Direct,Automotive,Mid-Market,,,TR,Turkey,Mediterranean,EMEA,Liam O'Brien,liam.obrien@meridiangl.com,B,0,Named Account Tariff,2020-02-18,2025-05-15,9999-12-31,1,2,3694
CUS2843,Cedarline Textiles Group,SME Direct,Textiles,SME,,,MY,Malaysia,SE Asia,APAC,Grace Osei,grace.osei@meridiangl.com,D,0,Spot,2016-03-21,2016-03-21,9999-12-31,1,1,3695
CUS2844,Lakemoor Apparel Inc,BCO,Textiles,Mid-Market,,,JP,Japan,East Asia,APAC,Elena O'Brien,elena.obrien@meridiangl.com,B,60,Spot,2022-12-28,2022-12-28,9999-12-31,1,1,3696
CUS2845,Juniper Life Sciences Corp,SME Direct,Pharma,Mid-Market,CUS1029,Hillcrest Retail Inc,SG,Singapore,SE Asia,APAC,Ingrid Osei,ingrid.osei@meridiangl.com,D,0,Spot,2020-11-04,2020-11-04,2023-08-31,0,1,3697
CUS2845,Juniper Life Sciences Corp,SME Direct,Pharma,Mid-Market,CUS1029,Hillcrest Retail Inc,SG,Singapore,SE Asia,APAC,Ingrid Osei,ingrid.osei@meridiangl.com,D,0,Long-Term Contract,2020-11-04,2023-09-01,9999-12-31,1,2,3698
CUS2846,Hillcrest Industrial PLC,BCO,Machinery,Mid-Market,,,CL,Chile,LatAm West,Americas,Elena O'Brien,elena.obrien@meridiangl.com,D,15,Named Account Tariff,2022-02-02,2022-02-02,9999-12-31,1,1,3699
CUS2847,Kestrel Textiles B.V.,NVOCC,Textiles,SME,,,ZA,South Africa,Africa,EMEA,Hassan Silva,hassan.silva@meridiangl.com,C,30,Spot,2024-04-14,2024-04-14,2025-03-11,0,1,3700
CUS2847,Kestrel Textiles B.V.,NVOCC,Textiles,National,,,ZA,South Africa,Africa,EMEA,Hassan Silva,hassan.silva@meridiangl.com,A,30,Spot,2024-04-14,2025-03-12,9999-12-31,1,2,3701
CUS2848,Westbrook Chemicals Group,Freight Forwarder,Chemicals,National,,,IN,India,South Asia,APAC,Yuki Ramirez,yuki.ramirez@meridiangl.com,A,30,Long-Term Contract,2024-04-28,2024-04-28,9999-12-31,1,1,3702
CUS2849,Sentinel Agri-Foods Group,NVOCC,Agriculture,Mid-Market,CUS0056,Harborview Apparel Group,MY,Malaysia,SE Asia,APAC,Ingrid O'Brien,ingrid.obrien@meridiangl.com,D,15,Named Account Tariff,2016-05-02,2016-05-02,2024-04-30,0,1,3703
CUS2849,Sentinel Agri-Foods Group,NVOCC,Agriculture,National,CUS0056,Harborview Apparel Group,MY,Malaysia,SE Asia,APAC,Ahmed Nguyen,ahmed.nguyen@meridiangl.com,C,15,Long-Term Contract,2016-05-02,2024-05-01,9999-12-31,1,2,3704
CUS2850,Valleyforge Retail Corp,NVOCC,Retail,Mid-Market,,,BR,Brazil,LatAm East,Americas,Grace Larsson,grace.larsson@meridiangl.com,B,15,Named Account Tariff,2016-06-02,2016-06-02,9999-12-31,1,1,3705
CUS2851,Vantage Life Sciences Group,3PL,Pharma,SME,,,BR,Brazil,LatAm East,Americas,Liam O'Brien,liam.obrien@meridiangl.com,B,30,Spot,2020-04-09,2020-04-09,2021-11-06,0,1,3706
CUS2851,Vantage Life Sciences Group,3PL,Pharma,National,,,BR,Brazil,LatAm East,Americas,Liam O'Brien,liam.obrien@meridiangl.com,C,30,Spot,2020-04-09,2021-11-07,9999-12-31,1,2,3707
CUS2852,Dockside Stores B.V.,SME Direct,Retail,National,CUS2378,Cobalt Machinery Co.,IN,India,South Asia,APAC,Diego Yamamoto,diego.yamamoto@meridiangl.com,C,30,Spot,2019-05-22,2019-05-22,9999-12-31,1,1,3708
CUS2853,Brightwater Steel Ltd,BCO,Metals,SME,,,BR,Brazil,LatAm East,Americas,Ahmed Novak,ahmed.novak@meridiangl.com,C,45,Spot,2016-07-20,2016-07-20,2024-06-13,0,1,3709
CUS2853,Brightwater Steel Ltd,BCO,Metals,National,,,BR,Brazil,LatAm East,Americas,Ahmed Novak,ahmed.novak@meridiangl.com,D,45,Named Account Tariff,2016-07-20,2024-06-14,9999-12-31,1,2,3710
CUS2854,Thornwell Technologies Pte Ltd,BCO,Electronics,Mid-Market,,,US,United States,N America East,Americas,Yuki Torres,yuki.torres@meridiangl.com,C,45,Spot,2015-11-17,2015-11-17,9999-12-31,1,1,3711
CUS2855,Valleyforge Chemical Industries Inc,SME Direct,Chemicals,Mid-Market,,,CN,China,East Asia,APAC,James Tanaka,james.tanaka@meridiangl.com,C,45,Named Account Tariff,2022-08-23,2022-08-23,9999-12-31,1,1,3712
CUS2856,Quarrystone Garments Ltd,3PL,Textiles,SME,,,CN,China,East Asia,APAC,Carlos Haddad,carlos.haddad@meridiangl.com,D,15,Spot,2021-12-15,2021-12-15,9999-12-31,1,1,3713
CUS2857,Ashford Textiles B.V.,Freight Forwarder,Textiles,Global Key Account,,,FR,France,N Europe,EMEA,Carlos Sharma,carlos.sharma@meridiangl.com,A,45,Spot,2017-08-28,2017-08-28,9999-12-31,1,1,3714
CUS2858,Westbrook Automotive Group,3PL,Automotive,National,,,SA,Saudi Arabia,Middle East,EMEA,Sofia Tanaka,sofia.tanaka@meridiangl.com,A,45,Named Account Tariff,2016-04-12,2016-04-12,2016-10-28,0,1,3715
CUS2858,Westbrook Automotive Group,3PL,Automotive,SME,,,SA,Saudi Arabia,Middle East,EMEA,Sofia Tanaka,sofia.tanaka@meridiangl.com,D,45,Named Account Tariff,2016-04-12,2016-10-29,9999-12-31,1,2,3716
CUS2859,Dockside Stores S.A.,3PL,Retail,SME,,,CA,Canada,N America East,Americas,Maria Sharma,maria.sharma@meridiangl.com,D,45,Named Account Tariff,2023-05-08,2023-05-08,2023-09-20,0,1,3717
CUS2859,Dockside Stores S.A.,3PL,Retail,National,,,CA,Canada,N America East,Americas,Maria Sharma,maria.sharma@meridiangl.com,B,45,Long-Term Contract,2023-05-08,2023-09-21,9999-12-31,1,2,3718
CUS2860,Brightwater Textiles Co.,SME Direct,Textiles,SME,,,GB,United Kingdom,N Europe,EMEA,Ahmed Novak,ahmed.novak@meridiangl.com,D,15,Spot,2024-05-19,2024-05-19,2026-04-15,0,1,3719
CUS2860,Brightwater Textiles Co.,SME Direct,Textiles,SME,,,GB,United Kingdom,N Europe,EMEA,Diego Yamamoto,diego.yamamoto@meridiangl.com,A,15,Long-Term Contract,2024-05-19,2026-04-16,9999-12-31,1,2,3720
CUS2861,Lakemoor Steel Holdings,Freight Forwarder,Metals,Mid-Market,CUS1395,Millbrook Mercantile Corp,CA,Canada,N America East,Americas,Elena Tanaka,elena.tanaka@meridiangl.com,B,30,Named Account Tariff,2021-11-15,2021-11-15,9999-12-31,1,1,3721
CUS2862,Cobalt Petrochemicals S.A.,NVOCC,Energy,Global Key Account,,,ES,Spain,Mediterranean,EMEA,Ahmed Novak,ahmed.novak@meridiangl.com,A,30,Long-Term Contract,2017-12-01,2017-12-01,2020-11-16,0,1,3722
CUS2862,Cobalt Petrochemicals S.A.,NVOCC,Energy,Global Key Account,,,ES,Spain,Mediterranean,EMEA,Ingrid O'Brien,ingrid.obrien@meridiangl.com,D,30,Named Account Tariff,2017-12-01,2020-11-17,9999-12-31,1,2,3723
CUS2863,Kestrel Electronics Pte Ltd,BCO,Electronics,Mid-Market,,,ZA,South Africa,Africa,EMEA,Carlos Sharma,carlos.sharma@meridiangl.com,B,30,Spot,2023-05-06,2023-05-06,9999-12-31,1,1,3724
CUS2864,Glenmoor Garments Pte Ltd,BCO,Textiles,Mid-Market,CUS0265,Westbrook Pharma Group,KR,South Korea,East Asia,APAC,Sofia Ferreira,sofia.ferreira@meridiangl.com,C,30,Long-Term Contract,2015-04-30,2015-04-30,9999-12-31,1,1,3725
CUS2865,Voyager Trading Co.,SME Direct,Retail,Mid-Market,,,TW,Taiwan,East Asia,APAC,Ahmed Novak,ahmed.novak@meridiangl.com,A,45,Spot,2018-07-25,2018-07-25,9999-12-31,1,1,3726
CUS2866,Juniper Garments Group,Freight Forwarder,Textiles,Mid-Market,,,IT,Italy,Mediterranean,EMEA,Fatima Tanaka,fatima.tanaka@meridiangl.com,C,30,Long-Term Contract,2023-05-05,2023-05-05,9999-12-31,1,1,3727
CUS2867,Lakemoor Garments LLC,BCO,Textiles,Mid-Market,,,SA,Saudi Arabia,Middle East,EMEA,Elena Berg,elena.berg@meridiangl.com,B,60,Named Account Tariff,2016-02-19,2016-02-19,9999-12-31,1,1,3728
CUS2868,Ashgrove Trading Corp,BCO,Retail,Mid-Market,CUS0260,Ridgemont Consumer Goods GmbH,MY,Malaysia,SE Asia,APAC,Wei Tanaka,wei.tanaka@meridiangl.com,C,15,Long-Term Contract,2021-11-14,2021-11-14,2025-10-30,0,1,3729
CUS2868,Ashgrove Trading Corp,BCO,Retail,SME,CUS0260,Ridgemont Consumer Goods GmbH,MY,Malaysia,SE Asia,APAC,Wei Tanaka,wei.tanaka@meridiangl.com,B,15,Spot,2021-11-14,2025-10-31,9999-12-31,1,2,3730
CUS2869,Quarrystone Motors Ltd,BCO,Automotive,SME,,,MY,Malaysia,SE Asia,APAC,Diego Yamamoto,diego.yamamoto@meridiangl.com,C,15,Named Account Tariff,2020-04-20,2020-04-20,9999-12-31,1,1,3731
CUS2870,Cedarline Metals Holdings,NVOCC,Metals,SME,,,BR,Brazil,LatAm East,Americas,Liam O'Brien,liam.obrien@meridiangl.com,C,45,Spot,2020-04-24,2020-04-24,2021-08-05,0,1,3732
CUS2870,Cedarline Metals Holdings,NVOCC,Metals,SME,,,BR,Brazil,LatAm East,Americas,Ahmed Rossi,ahmed.rossi@meridiangl.com,C,45,Named Account Tariff,2020-04-24,2021-08-06,9999-12-31,1,2,3733
CUS2871,Equator Trading Group,BCO,Retail,Mid-Market,,,ES,Spain,Mediterranean,EMEA,Liam O'Brien,liam.obrien@meridiangl.com,C,30,Long-Term Contract,2020-01-17,2020-01-17,9999-12-31,1,1,3734
CUS2872,Aurora Pharma Corp,NVOCC,Pharma,National,,,TH,Thailand,SE Asia,APAC,Wei Tanaka,wei.tanaka@meridiangl.com,B,45,Spot,2024-11-24,2024-11-24,9999-12-31,1,1,3735
CUS2873,Nightingale Agri-Foods GmbH,Freight Forwarder,Agriculture,Mid-Market,,,HK,Hong Kong,East Asia,APAC,Fatima Chen,fatima.chen@meridiangl.com,C,0,Spot,2021-05-14,2021-05-14,9999-12-31,1,1,3736
CUS2874,Nova Motors Group,BCO,Automotive,SME,,,TR,Turkey,Mediterranean,EMEA,Raj Kim,raj.kim@meridiangl.com,D,0,Named Account Tariff,2021-06-16,2021-06-16,9999-12-31,1,1,3737
CUS2875,Glenmoor Apparel Corp,SME Direct,Textiles,Mid-Market,,,ES,Spain,Mediterranean,EMEA,Ingrid Tanaka,ingrid.tanaka@meridiangl.com,B,45,Long-Term Contract,2019-03-27,2019-03-27,9999-12-31,1,1,3738
CUS2876,Harborview Chemical Industries B.V.,3PL,Chemicals,SME,,,SA,Saudi Arabia,Middle East,EMEA,Sofia Tanaka,sofia.tanaka@meridiangl.com,A,60,Named Account Tariff,2026-04-04,2026-04-04,9999-12-31,1,1,3739
CUS2877,Thornwell Electronics B.V.,Freight Forwarder,Electronics,SME,,,MY,Malaysia,SE Asia,APAC,Sofia Tanaka,sofia.tanaka@meridiangl.com,C,15,Spot,2021-01-04,2021-01-04,9999-12-31,1,1,3740
CUS2878,Elmfield Trading Pte Ltd,SME Direct,Retail,Mid-Market,,,IN,India,South Asia,APAC,Ingrid Osei,ingrid.osei@meridiangl.com,C,30,Spot,2016-03-11,2016-03-11,9999-12-31,1,1,3741
CUS2879,Mosaic FMCG Holdings,BCO,FMCG,SME,,,NL,Netherlands,N Europe,EMEA,Wei Silva,wei.silva@meridiangl.com,D,15,Spot,2016-12-19,2016-12-19,9999-12-31,1,1,3742
CUS2880,Westbrook Chemical Industries B.V.,BCO,Chemicals,Mid-Market,CUS2039,Skyline Steel Co.,BE,Belgium,N Europe,EMEA,James Larsson,james.larsson@meridiangl.com,C,15,Spot,2016-05-28,2016-05-28,9999-12-31,1,1,3743
CUS2881,Vantage Power Inc,BCO,Energy,Mid-Market,CUS2443,Glenmoor Automotive Ltd,MY,Malaysia,SE Asia,APAC,Diego Yamamoto,diego.yamamoto@meridiangl.com,C,15,Named Account Tariff,2021-04-27,2021-04-27,9999-12-31,1,1,3744
CUS2882,Millbrook Auto Parts Holdings,Freight Forwarder,Automotive,Mid-Market,CUS2373,Vantage Life Sciences PLC,AU,Australia,Oceania,ANZ,Carlos Haddad,carlos.haddad@meridiangl.com,B,30,Long-Term Contract,2019-10-26,2019-10-26,9999-12-31,1,1,3745
CUS2883,Brightwater Power Ltd,3PL,Energy,Mid-Market,,,CL,Chile,LatAm West,Americas,Sofia Tanaka,sofia.tanaka@meridiangl.com,C,30,Spot,2021-11-22,2021-11-22,9999-12-31,1,1,3746
CUS2884,Skyline Agro B.V.,NVOCC,Agriculture,Mid-Market,,,AU,Australia,Oceania,ANZ,Ingrid Tanaka,ingrid.tanaka@meridiangl.com,C,15,Long-Term Contract,2020-07-28,2020-07-28,9999-12-31,1,1,3747
CUS2885,Beacon Motors Group,BCO,Automotive,National,,,ID,Indonesia,SE Asia,APAC,Ahmed Tanaka,ahmed.tanaka@meridiangl.com,C,15,Long-Term Contract,2020-09-08,2020-09-08,9999-12-31,1,1,3748
CUS2886,Foxrun Life Sciences GmbH,Freight Forwarder,Pharma,Mid-Market,,,CA,Canada,N America East,Americas,Carlos Ferreira,carlos.ferreira@meridiangl.com,C,30,Named Account Tariff,2020-05-03,2020-05-03,2022-04-19,0,1,3749
CUS2886,Foxrun Life Sciences GmbH,Freight Forwarder,Pharma,Mid-Market,,,CA,Canada,N America East,Americas,Sofia Larsson,sofia.larsson@meridiangl.com,D,30,Named Account Tariff,2020-05-03,2022-04-20,9999-12-31,1,2,3750
CUS2887,Oakford Alloys Co.,3PL,Metals,Mid-Market,,,GB,United Kingdom,N Europe,EMEA,Elena O'Brien,elena.obrien@meridiangl.com,C,30,Spot,2022-11-14,2022-11-14,2024-02-01,0,1,3751
CUS2887,Oakford Alloys Co.,3PL,Metals,Mid-Market,,,GB,United Kingdom,N Europe,EMEA,Ahmed Torres,ahmed.torres@meridiangl.com,C,30,Named Account Tariff,2022-11-14,2024-02-02,9999-12-31,1,2,3752
CUS2888,Solstice Farms Group,SME Direct,Agriculture,SME,,,NZ,New Zealand,Oceania,ANZ,Raj Kim,raj.kim@meridiangl.com,C,45,Spot,2019-01-17,2019-01-17,9999-12-31,1,1,3753
CUS2889,Monsoon Industrial LLC,Freight Forwarder,Machinery,Mid-Market,,,AU,Australia,Oceania,ANZ,Carlos Ferreira,carlos.ferreira@meridiangl.com,C,45,Named Account Tariff,2016-08-17,2016-08-17,9999-12-31,1,1,3754
CUS2890,Foxrun Garments Ltd,BCO,Textiles,SME,,,TW,Taiwan,East Asia,APAC,Yuki O'Brien,yuki.obrien@meridiangl.com,C,0,Spot,2024-06-19,2024-06-19,2026-07-24,0,1,3755
CUS2890,Foxrun Garments Ltd,BCO,Textiles,SME,,,TW,Taiwan,East Asia,APAC,Yuki O'Brien,yuki.obrien@meridiangl.com,C,0,Long-Term Contract,2024-06-19,2026-07-25,9999-12-31,1,2,3756
CUS2891,Westbrook Agri-Foods Pte Ltd,BCO,Agriculture,SME,,,IT,Italy,Mediterranean,EMEA,Yuki Kowalski,yuki.kowalski@meridiangl.com,D,0,Spot,2016-06-01,2016-06-01,9999-12-31,1,1,3757
CUS2892,Beacon Garments Group,NVOCC,Textiles,Mid-Market,,,TR,Turkey,Mediterranean,EMEA,Carlos Ferreira,carlos.ferreira@meridiangl.com,A,45,Named Account Tariff,2015-02-24,2015-02-24,9999-12-31,1,1,3758
CUS2893,Kingswell Steel Co.,NVOCC,Metals,SME,,,DE,Germany,N Europe,EMEA,Ahmed Rossi,ahmed.rossi@meridiangl.com,D,45,Spot,2023-11-27,2023-11-27,2026-02-10,0,1,3759
CUS2893,Kingswell Steel Co.,NVOCC,Metals,SME,,,DE,Germany,N Europe,EMEA,Yuki Torres,yuki.torres@meridiangl.com,D,45,Long-Term Contract,2023-11-27,2026-02-11,9999-12-31,1,2,3760
CUS2894,Northgate Steel PLC,BCO,Metals,Mid-Market,,,BR,Brazil,LatAm East,Americas,Ahmed Rossi,ahmed.rossi@meridiangl.com,C,30,Named Account Tariff,2022-09-17,2022-09-17,9999-12-31,1,1,3761
CUS2895,Vantage Chemicals B.V.,BCO,Chemicals,National,,,CN,China,East Asia,APAC,Fatima Tanaka,fatima.tanaka@meridiangl.com,B,15,Spot,2021-08-07,2021-08-07,2022-09-20,0,1,3762
CUS2895,Vantage Chemicals B.V.,BCO,Chemicals,National,,,CN,China,East Asia,APAC,Elena O'Brien,elena.obrien@meridiangl.com,A,15,Named Account Tariff,2021-08-07,2022-09-21,9999-12-31,1,2,3763
CUS2896,Dockside Auto Parts Pte Ltd,BCO,Automotive,National,,,CA,Canada,N America East,Americas,Ingrid Osei,ingrid.osei@meridiangl.com,C,30,Long-Term Contract,2015-07-12,2015-07-12,2021-01-01,0,1,3764
CUS2896,Dockside Auto Parts Pte Ltd,BCO,Automotive,SME,,,CA,Canada,N America East,Americas,Ingrid Osei,ingrid.osei@meridiangl.com,C,30,Long-Term Contract,2015-07-12,2021-01-02,9999-12-31,1,2,3765
CUS2897,Everest Consumer Goods B.V.,SME Direct,FMCG,Mid-Market,,,NZ,New Zealand,Oceania,ANZ,Maria Sharma,maria.sharma@meridiangl.com,B,30,Spot,2019-05-08,2019-05-08,2026-03-04,0,1,3766
CUS2897,Everest Consumer Goods B.V.,SME Direct,FMCG,Mid-Market,,,NZ,New Zealand,Oceania,ANZ,Maria Sharma,maria.sharma@meridiangl.com,A,30,Long-Term Contract,2019-05-08,2026-03-05,9999-12-31,1,2,3767
CUS2898,Everest Electronics Holdings,BCO,Electronics,Mid-Market,,,CN,China,East Asia,APAC,Hassan Nguyen,hassan.nguyen@meridiangl.com,D,30,Spot,2024-11-29,2024-11-29,9999-12-31,1,1,3768
CUS2899,Harborview Electronics Group,SME Direct,Electronics,Mid-Market,CUS2983,Junction Apparel Holdings,MY,Malaysia,SE Asia,APAC,Ingrid Tanaka,ingrid.tanaka@meridiangl.com,B,30,Named Account Tariff,2026-01-06,2026-01-06,9999-12-31,1,1,3769
CUS2900,Cedarline Chemical Industries Corp,NVOCC,Chemicals,SME,,,JP,Japan,East Asia,APAC,Yuki Ramirez,yuki.ramirez@meridiangl.com,C,15,Named Account Tariff,2017-06-17,2017-06-17,9999-12-31,1,1,3770
CUS2901,Cedarline Chemical Industries S.A.,BCO,Chemicals,SME,CUS1533,Westbrook Semiconductor GmbH,VN,Vietnam,SE Asia,APAC,Fatima Haddad,fatima.haddad@meridiangl.com,C,30,Spot,2016-09-26,2016-09-26,2018-03-07,0,1,3771
CUS2901,Cedarline Chemical Industries S.A.,BCO,Chemicals,SME,CUS1533,Westbrook Semiconductor GmbH,VN,Vietnam,SE Asia,APAC,Fatima Haddad,fatima.haddad@meridiangl.com,C,30,Long-Term Contract,2016-09-26,2018-03-08,9999-12-31,1,2,3772
CUS2902,Ironwood Auto Parts Inc,BCO,Automotive,Mid-Market,,,GB,United Kingdom,N Europe,EMEA,Ingrid Tanaka,ingrid.tanaka@meridiangl.com,B,15,Spot,2018-04-19,2018-04-19,2018-08-14,0,1,3773
CUS2902,Ironwood Auto Parts Inc,BCO,Automotive,SME,,,GB,United Kingdom,N Europe,EMEA,Ahmed Rossi,ahmed.rossi@meridiangl.com,A,15,Long-Term Contract,2018-04-19,2018-08-15,9999-12-31,1,2,3774
CUS2903,Thornwell Electronics S.A.,BCO,Electronics,Mid-Market,,,JP,Japan,East Asia,APAC,Yuki O'Brien,yuki.obrien@meridiangl.com,B,60,Spot,2025-08-10,2025-08-10,9999-12-31,1,1,3775
CUS2904,Sentinel Life Sciences Corp,NVOCC,Pharma,SME,,,ID,Indonesia,SE Asia,APAC,Carlos Haddad,carlos.haddad@meridiangl.com,D,0,Spot,2019-05-16,2019-05-16,2025-07-04,0,1,3776
CUS2904,Sentinel Life Sciences Corp,NVOCC,Pharma,Mid-Market,,,ID,Indonesia,SE Asia,APAC,Elena Haddad,elena.haddad@meridiangl.com,A,0,Long-Term Contract,2019-05-16,2025-07-05,9999-12-31,1,2,3777
CUS2905,Zenith Pharma B.V.,BCO,Pharma,National,,,IT,Italy,Mediterranean,EMEA,Fatima Haddad,fatima.haddad@meridiangl.com,A,60,Named Account Tariff,2015-06-25,2015-06-25,2022-07-06,0,1,3778
CUS2905,Zenith Pharma B.V.,BCO,Pharma,National,,,IT,Italy,Mediterranean,EMEA,Hassan Nguyen,hassan.nguyen@meridiangl.com,C,60,Spot,2015-06-25,2022-07-07,9999-12-31,1,2,3779
CUS2906,Ashgrove Pharma Holdings,BCO,Pharma,Mid-Market,,,MX,Mexico,LatAm West,Americas,Elena Berg,elena.berg@meridiangl.com,C,30,Named Account Tariff,2019-04-10,2019-04-10,9999-12-31,1,1,3780
CUS2907,Northgate Mercantile Pte Ltd,BCO,Retail,Mid-Market,,,MY,Malaysia,SE Asia,APAC,Yuki O'Brien,yuki.obrien@meridiangl.com,A,45,Named Account Tariff,2022-06-29,2022-06-29,2023-10-25,0,1,3781
CUS2907,Northgate Mercantile Pte Ltd,BCO,Retail,National,,,MY,Malaysia,SE Asia,APAC,Yuki O'Brien,yuki.obrien@meridiangl.com,C,45,Spot,2022-06-29,2023-10-26,9999-12-31,1,2,3782
CUS2908,Ironbridge Retail Ltd,Freight Forwarder,Retail,SME,CUS0569,Ironbridge FMCG GmbH,JP,Japan,East Asia,APAC,Ahmed Novak,ahmed.novak@meridiangl.com,D,30,Spot,2021-03-12,2021-03-12,9999-12-31,1,1,3783
CUS2909,Ironbridge Apparel GmbH,BCO,Textiles,Mid-Market,CUS0149,Lakemoor Motors B.V.,AE,United Arab Emirates,Middle East,EMEA,Diego Patel,diego.patel@meridiangl.com,B,30,Named Account Tariff,2019-07-03,2019-07-03,9999-12-31,1,1,3784
CUS2910,Vantage Industrial S.A.,3PL,Machinery,Mid-Market,,,TW,Taiwan,East Asia,APAC,Ingrid Nguyen,ingrid.nguyen@meridiangl.com,D,30,Spot,2023-03-12,2023-03-12,2023-05-27,0,1,3785
CUS2910,Vantage Industrial S.A.,3PL,Machinery,Mid-Market,,,TW,Taiwan,East Asia,APAC,Ingrid Nguyen,ingrid.nguyen@meridiangl.com,A,30,Spot,2023-03-12,2023-05-28,2025-04-09,0,2,3786
CUS2910,Vantage Industrial S.A.,3PL,Machinery,National,,,TW,Taiwan,East Asia,APAC,Ingrid Nguyen,ingrid.nguyen@meridiangl.com,A,30,Long-Term Contract,2023-03-12,2025-04-10,9999-12-31,1,3,3787
CUS2911,Brightwater Textiles Holdings,NVOCC,Textiles,SME,,,DE,Germany,N Europe,EMEA,Fatima Haddad,fatima.haddad@meridiangl.com,C,30,Spot,2018-07-30,2018-07-30,9999-12-31,1,1,3788
CUS2912,Cobalt FMCG Corp,3PL,FMCG,SME,,,MX,Mexico,LatAm West,Americas,Yuki Torres,yuki.torres@meridiangl.com,C,45,Named Account Tariff,2023-08-12,2023-08-12,9999-12-31,1,1,3789
CUS2913,Ashford Foods Inc,SME Direct,FMCG,Mid-Market,,,CN,China,East Asia,APAC,Liam O'Brien,liam.obrien@meridiangl.com,B,15,Named Account Tariff,2018-12-17,2018-12-17,2022-09-16,0,1,3790
CUS2913,Ashford Foods Inc,SME Direct,FMCG,SME,,,CN,China,East Asia,APAC,Ahmed Nguyen,ahmed.nguyen@meridiangl.com,B,15,Spot,2018-12-17,2022-09-17,9999-12-31,1,2,3791
CUS2914,Dockside Pharma GmbH,3PL,Pharma,SME,CUS2533,Clearwater Electronics PLC,MX,Mexico,LatAm West,Americas,Elena Berg,elena.berg@meridiangl.com,D,15,Named Account Tariff,2016-08-07,2016-08-07,9999-12-31,1,1,3792
CUS2915,Cobalt Machinery S.A.,3PL,Machinery,National,,,TH,Thailand,SE Asia,APAC,Ingrid Nguyen,ingrid.nguyen@meridiangl.com,C,30,Long-Term Contract,2024-02-08,2024-02-08,9999-12-31,1,1,3793
CUS2916,Thornwell Power S.A.,BCO,Energy,SME,CUS0385,Everest Auto Parts PLC,KR,South Korea,East Asia,APAC,Carlos Haddad,carlos.haddad@meridiangl.com,C,30,Spot,2017-05-01,2017-05-01,2023-06-17,0,1,3794
CUS2916,Thornwell Power S.A.,BCO,Energy,Mid-Market,CUS0385,Everest Auto Parts PLC,KR,South Korea,East Asia,APAC,Fatima Chen,fatima.chen@meridiangl.com,C,30,Long-Term Contract,2017-05-01,2023-06-18,9999-12-31,1,2,3795
CUS2917,Juniper Foods Holdings,NVOCC,FMCG,Mid-Market,CUS1327,Dockside Garments LLC,SA,Saudi Arabia,Middle East,EMEA,Ahmed Novak,ahmed.novak@meridiangl.com,C,0,Spot,2019-06-07,2019-06-07,2022-04-21,0,1,3796
CUS2917,Juniper Foods Holdings,NVOCC,FMCG,National,CUS1327,Dockside Garments LLC,SA,Saudi Arabia,Middle East,EMEA,Carlos Sharma,carlos.sharma@meridiangl.com,C,0,Spot,2019-06-07,2022-04-22,9999-12-31,1,2,3797
CUS2918,Millbrook Mercantile B.V.,SME Direct,Retail,Mid-Market,,,SA,Saudi Arabia,Middle East,EMEA,Anna Berg,anna.berg@meridiangl.com,B,30,Spot,2023-03-02,2023-03-02,9999-12-31,1,1,3798
CUS2919,Skyline Engineering B.V.,BCO,Machinery,Mid-Market,CUS0660,Millbrook Alloys Corp,KR,South Korea,East Asia,APAC,Diego Patel,diego.patel@meridiangl.com,B,15,Spot,2019-02-11,2019-02-11,9999-12-31,1,1,3799
CUS2920,Cedarline Engineering GmbH,SME Direct,Machinery,SME,,,BE,Belgium,N Europe,EMEA,Ingrid Osei,ingrid.osei@meridiangl.com,B,45,Spot,2018-01-27,2018-01-27,9999-12-31,1,1,3800
CUS2921,Vantage Energy PLC,BCO,Energy,Mid-Market,,,AU,Australia,Oceania,ANZ,Ingrid Ferreira,ingrid.ferreira@meridiangl.com,C,30,Long-Term Contract,2017-07-14,2017-07-14,9999-12-31,1,1,3801
CUS2922,Wellspring Life Sciences Holdings,NVOCC,Pharma,National,,,NZ,New Zealand,Oceania,ANZ,Fatima Chen,fatima.chen@meridiangl.com,B,30,Named Account Tariff,2019-02-23,2019-02-23,9999-12-31,1,1,3802
CUS2923,Monsoon Automotive Inc,SME Direct,Automotive,National,,,CL,Chile,LatAm West,Americas,Carlos Haddad,carlos.haddad@meridiangl.com,A,45,Named Account Tariff,2017-07-06,2017-07-06,9999-12-31,1,1,3803
CUS2924,Beacon Auto Parts Holdings,BCO,Automotive,SME,,,TR,Turkey,Mediterranean,EMEA,Diego Kowalski,diego.kowalski@meridiangl.com,C,30,Named Account Tariff,2015-08-01,2015-08-01,9999-12-31,1,1,3804
CUS2925,Junction Pharmaceuticals LLC,Freight Forwarder,Pharma,National,,,CA,Canada,N America East,Americas,Ahmed Rossi,ahmed.rossi@meridiangl.com,A,60,Named Account Tariff,2015-06-23,2015-06-23,9999-12-31,1,1,3805
CUS2926,Nova Retail Co.,Freight Forwarder,Retail,SME,,,GB,United Kingdom,N Europe,EMEA,Grace Osei,grace.osei@meridiangl.com,B,60,Spot,2016-01-05,2016-01-05,9999-12-31,1,1,3806
CUS2927,Northgate Motors LLC,NVOCC,Automotive,Mid-Market,,,BR,Brazil,LatAm East,Americas,Hassan Nguyen,hassan.nguyen@meridiangl.com,B,45,Named Account Tariff,2015-08-12,2015-08-12,9999-12-31,1,1,3807
CUS2928,Elmfield Retail Corp,BCO,Retail,Mid-Market,,,FR,France,N Europe,EMEA,Ahmed Nguyen,ahmed.nguyen@meridiangl.com,B,15,Named Account Tariff,2022-12-26,2022-12-26,9999-12-31,1,1,3808
CUS2929,Skyline Chemicals GmbH,BCO,Chemicals,Global Key Account,,,ID,Indonesia,SE Asia,APAC,Elena O'Brien,elena.obrien@meridiangl.com,A,60,Spot,2015-08-01,2015-08-01,9999-12-31,1,1,3809
CUS2930,Cedarline Life Sciences S.A.,Freight Forwarder,Pharma,Mid-Market,,,SG,Singapore,SE Asia,APAC,Ahmed Nguyen,ahmed.nguyen@meridiangl.com,C,15,Spot,2021-08-13,2021-08-13,9999-12-31,1,1,3810
CUS2931,Westbrook Apparel LLC,SME Direct,Textiles,Mid-Market,,,VN,Vietnam,SE Asia,APAC,Sofia Larsson,sofia.larsson@meridiangl.com,C,0,Spot,2023-07-28,2023-07-28,2025-09-24,0,1,3811
CUS2931,Westbrook Apparel LLC,SME Direct,Textiles,Mid-Market,,,VN,Vietnam,SE Asia,APAC,Ahmed Rossi,ahmed.rossi@meridiangl.com,B,0,Long-Term Contract,2023-07-28,2025-09-25,9999-12-31,1,2,3812
CUS2932,Sterling Industrial Inc,NVOCC,Machinery,Mid-Market,,,NL,Netherlands,N Europe,EMEA,Fatima Tanaka,fatima.tanaka@meridiangl.com,C,45,Named Account Tariff,2016-07-23,2016-07-23,2024-08-23,0,1,3813
CUS2932,Sterling Industrial Inc,NVOCC,Machinery,SME,,,NL,Netherlands,N Europe,EMEA,Wei Silva,wei.silva@meridiangl.com,B,45,Spot,2016-07-23,2024-08-24,9999-12-31,1,2,3814
CUS2933,Wellspring Consumer Goods Group,BCO,FMCG,Mid-Market,,,NL,Netherlands,N Europe,EMEA,Carlos Al-Farsi,carlos.al-farsi@meridiangl.com,D,15,Long-Term Contract,2023-11-29,2023-11-29,9999-12-31,1,1,3815
CUS2934,Solstice Apparel Holdings,BCO,Textiles,National,,,TW,Taiwan,East Asia,APAC,Ahmed Novak,ahmed.novak@meridiangl.com,A,45,Long-Term Contract,2019-11-20,2019-11-20,9999-12-31,1,1,3816
CUS2935,Granite Chemicals LLC,SME Direct,Chemicals,SME,CUS1256,Granite Machinery Co.,MY,Malaysia,SE Asia,APAC,Sofia Larsson,sofia.larsson@meridiangl.com,D,0,Spot,2019-05-30,2019-05-30,2025-12-08,0,1,3817
CUS2935,Granite Chemicals LLC,SME Direct,Chemicals,National,CUS1256,Granite Machinery Co.,MY,Malaysia,SE Asia,APAC,Sofia Larsson,sofia.larsson@meridiangl.com,B,0,Long-Term Contract,2019-05-30,2025-12-09,9999-12-31,1,2,3818
CUS2936,Sentinel Technologies LLC,SME Direct,Electronics,Mid-Market,,,CA,Canada,N America East,Americas,Ahmed Tanaka,ahmed.tanaka@meridiangl.com,C,30,Spot,2022-01-21,2022-01-21,9999-12-31,1,1,3819
CUS2937,Sentinel Chemical Industries S.A.,3PL,Chemicals,Mid-Market,,,CN,China,East Asia,APAC,Elena Haddad,elena.haddad@meridiangl.com,D,15,Long-Term Contract,2016-11-16,2016-11-16,9999-12-31,1,1,3820
CUS2938,Quarrystone Alloys B.V.,3PL,Metals,National,,,MX,Mexico,LatAm West,Americas,Anna Berg,anna.berg@meridiangl.com,C,15,Long-Term Contract,2018-08-22,2018-08-22,2021-03-11,0,1,3821
CUS2938,Quarrystone Alloys B.V.,3PL,Metals,Mid-Market,,,MX,Mexico,LatAm West,Americas,Diego Patel,diego.patel@meridiangl.com,B,15,Spot,2018-08-22,2021-03-12,9999-12-31,1,2,3822
CUS2939,Clearwater Machinery Co.,3PL,Machinery,Global Key Account,,,FR,France,N Europe,EMEA,Carlos Al-Farsi,carlos.al-farsi@meridiangl.com,A,60,Long-Term Contract,2017-08-19,2017-08-19,2020-07-01,0,1,3823
CUS2939,Clearwater Machinery Co.,3PL,Machinery,Global Key Account,,,FR,France,N Europe,EMEA,Ahmed Torres,ahmed.torres@meridiangl.com,C,60,Long-Term Contract,2017-08-19,2020-07-02,9999-12-31,1,2,3824
CUS2940,Elmfield Chemical Industries S.A.,BCO,Chemicals,Mid-Market,,,HK,Hong Kong,East Asia,APAC,Elena Berg,elena.berg@meridiangl.com,D,30,Long-Term Contract,2021-03-05,2021-03-05,9999-12-31,1,1,3825
CUS2941,Lonestar Pharmaceuticals GmbH,SME Direct,Pharma,Mid-Market,,,NL,Netherlands,N Europe,EMEA,Wei Silva,wei.silva@meridiangl.com,C,30,Long-Term Contract,2019-07-17,2019-07-17,2022-11-04,0,1,3826
CUS2941,Lonestar Pharmaceuticals GmbH,SME Direct,Pharma,Mid-Market,,,NL,Netherlands,N Europe,EMEA,Diego Kowalski,diego.kowalski@meridiangl.com,D,30,Long-Term Contract,2019-07-17,2022-11-05,9999-12-31,1,2,3827
CUS2942,Oakford Machinery PLC,SME Direct,Machinery,SME,,,NL,Netherlands,N Europe,EMEA,Wei Silva,wei.silva@meridiangl.com,D,0,Spot,2017-06-16,2017-06-16,2020-02-16,0,1,3828
CUS2942,Oakford Machinery PLC,SME Direct,Machinery,SME,,,NL,Netherlands,N Europe,EMEA,Elena O'Brien,elena.obrien@meridiangl.com,B,0,Named Account Tariff,2017-06-16,2020-02-17,9999-12-31,1,2,3829
CUS2943,Kingswell Industrial Corp,BCO,Machinery,National,,,NZ,New Zealand,Oceania,ANZ,Ahmed Rossi,ahmed.rossi@meridiangl.com,A,45,Long-Term Contract,2016-09-26,2016-09-26,2022-08-15,0,1,3830
CUS2943,Kingswell Industrial Corp,BCO,Machinery,SME,,,NZ,New Zealand,Oceania,ANZ,Ahmed Rossi,ahmed.rossi@meridiangl.com,C,45,Named Account Tariff,2016-09-26,2022-08-16,9999-12-31,1,2,3831
CUS2944,Greystone Stores Ltd,BCO,Retail,SME,,,VN,Vietnam,SE Asia,APAC,James Larsson,james.larsson@meridiangl.com,B,30,Spot,2021-01-16,2021-01-16,9999-12-31,1,1,3832
CUS2945,Clearwater Agro Pte Ltd,SME Direct,Agriculture,Mid-Market,CUS1408,Equator Agro Corp,BR,Brazil,LatAm East,Americas,Ingrid O'Brien,ingrid.obrien@meridiangl.com,B,30,Spot,2016-09-14,2016-09-14,9999-12-31,1,1,3833
CUS2946,Brightwater Industrial PLC,SME Direct,Machinery,SME,,,BE,Belgium,N Europe,EMEA,Liam O'Brien,liam.obrien@meridiangl.com,C,0,Spot,2015-01-20,2015-01-20,9999-12-31,1,1,3834
CUS2947,Dockside Pharma Pte Ltd,Freight Forwarder,Pharma,SME,CUS1904,Nova Industrial Holdings,HK,Hong Kong,East Asia,APAC,Yuki O'Brien,yuki.obrien@meridiangl.com,C,30,Spot,2021-04-16,2021-04-16,2024-05-09,0,1,3835
CUS2947,Dockside Pharma Pte Ltd,Freight Forwarder,Pharma,National,CUS1904,Nova Industrial Holdings,HK,Hong Kong,East Asia,APAC,Elena O'Brien,elena.obrien@meridiangl.com,D,30,Long-Term Contract,2021-04-16,2024-05-10,9999-12-31,1,2,3836
CUS2948,Skyline Foods Ltd,SME Direct,FMCG,Mid-Market,,,SG,Singapore,SE Asia,APAC,Anna Berg,anna.berg@meridiangl.com,C,30,Named Account Tariff,2016-01-24,2016-01-24,9999-12-31,1,1,3837
CUS2949,Nightingale Industrial PLC,Freight Forwarder,Machinery,Mid-Market,,,CL,Chile,LatAm West,Americas,Grace Osei,grace.osei@meridiangl.com,D,30,Named Account Tariff,2022-02-24,2022-02-24,2025-07-05,0,1,3838
CUS2949,Nightingale Industrial PLC,Freight Forwarder,Machinery,Mid-Market,,,CL,Chile,LatAm West,Americas,Grace Osei,grace.osei@meridiangl.com,D,30,Spot,2022-02-24,2025-07-06,9999-12-31,1,2,3839
CUS2950,Junction Life Sciences B.V.,SME Direct,Pharma,SME,CUS0640,Ashford Pharmaceuticals PLC,GB,United Kingdom,N Europe,EMEA,Ingrid Osei,ingrid.osei@meridiangl.com,C,0,Spot,2022-06-13,2022-06-13,2023-04-27,0,1,3840
CUS2950,Junction Life Sciences B.V.,SME Direct,Pharma,Mid-Market,CUS0640,Ashford Pharmaceuticals PLC,GB,United Kingdom,N Europe,EMEA,Ingrid Osei,ingrid.osei@meridiangl.com,C,0,Named Account Tariff,2022-06-13,2023-04-28,9999-12-31,1,2,3841
CUS2951,Aurora Apparel B.V.,Freight Forwarder,Textiles,SME,,,SA,Saudi Arabia,Middle East,EMEA,Yuki O'Brien,yuki.obrien@meridiangl.com,B,60,Spot,2025-03-24,2025-03-24,9999-12-31,1,1,3842
CUS2952,Cedarline FMCG PLC,BCO,FMCG,National,,,IN,India,South Asia,APAC,Ingrid Osei,ingrid.osei@meridiangl.com,D,15,Long-Term Contract,2020-02-11,2020-02-11,9999-12-31,1,1,3843
CUS2953,Greystone Energy Co.,Freight Forwarder,Energy,Mid-Market,,,VN,Vietnam,SE Asia,APAC,Grace Larsson,grace.larsson@meridiangl.com,B,30,Named Account Tariff,2025-03-31,2025-03-31,2025-07-25,0,1,3844
CUS2953,Greystone Energy Co.,Freight Forwarder,Energy,Mid-Market,,,VN,Vietnam,SE Asia,APAC,Diego Patel,diego.patel@meridiangl.com,D,30,Long-Term Contract,2025-03-31,2025-07-26,2026-07-12,0,2,3845
CUS2953,Greystone Energy Co.,Freight Forwarder,Energy,Mid-Market,,,VN,Vietnam,SE Asia,APAC,Yuki Torres,yuki.torres@meridiangl.com,D,30,Spot,2025-03-31,2026-07-13,9999-12-31,1,3,3846
CUS2954,Fairhaven Pharma PLC,BCO,Pharma,National,,,BR,Brazil,LatAm East,Americas,Diego Kowalski,diego.kowalski@meridiangl.com,C,0,Long-Term Contract,2025-08-02,2025-08-02,2026-04-04,0,1,3847
CUS2954,Fairhaven Pharma PLC,BCO,Pharma,SME,,,BR,Brazil,LatAm East,Americas,Elena O'Brien,elena.obrien@meridiangl.com,D,0,Named Account Tariff,2025-08-02,2026-04-05,9999-12-31,1,2,3848
CUS2955,Equator Farms B.V.,NVOCC,Agriculture,SME,,,BR,Brazil,LatAm East,Americas,Carlos Sharma,carlos.sharma@meridiangl.com,D,15,Named Account Tariff,2026-02-03,2026-02-03,9999-12-31,1,1,3849
CUS2956,Ivyhill Electronics Pte Ltd,Freight Forwarder,Electronics,SME,CUS0569,Ironbridge FMCG GmbH,ES,Spain,Mediterranean,EMEA,Liam O'Brien,liam.obrien@meridiangl.com,D,15,Spot,2016-07-20,2016-07-20,9999-12-31,1,1,3850
CUS2957,Elmfield Agri-Foods Inc,BCO,Agriculture,SME,,,AE,United Arab Emirates,Middle East,EMEA,Diego Yamamoto,diego.yamamoto@meridiangl.com,C,0,Long-Term Contract,2016-07-06,2016-07-06,2026-04-14,0,1,3851
CUS2957,Elmfield Agri-Foods Inc,BCO,Agriculture,SME,,,AE,United Arab Emirates,Middle East,EMEA,Diego Yamamoto,diego.yamamoto@meridiangl.com,A,0,Named Account Tariff,2016-07-06,2026-04-15,9999-12-31,1,2,3852
CUS2958,Palisade Foods Group,BCO,FMCG,National,CUS1368,Zenith Engineering GmbH,NL,Netherlands,N Europe,EMEA,Sofia Ferreira,sofia.ferreira@meridiangl.com,B,30,Spot,2019-10-11,2019-10-11,2023-03-31,0,1,3853
CUS2958,Palisade Foods Group,BCO,FMCG,National,CUS1368,Zenith Engineering GmbH,NL,Netherlands,N Europe,EMEA,Priya O'Brien,priya.obrien@meridiangl.com,B,30,Spot,2019-10-11,2023-04-01,9999-12-31,1,2,3854
CUS2959,Beacon Pharmaceuticals GmbH,BCO,Pharma,SME,CUS0791,Hillcrest Engineering Group,HK,Hong Kong,East Asia,APAC,Ingrid Nguyen,ingrid.nguyen@meridiangl.com,B,15,Spot,2023-10-02,2023-10-02,9999-12-31,1,1,3855
CUS2960,Northgate Motors Co.,Freight Forwarder,Automotive,Mid-Market,,,CA,Canada,N America East,Americas,Elena Tanaka,elena.tanaka@meridiangl.com,D,30,Spot,2019-02-01,2019-02-01,2023-08-29,0,1,3856
CUS2960,Northgate Motors Co.,Freight Forwarder,Automotive,National,,,CA,Canada,N America East,Americas,Elena Tanaka,elena.tanaka@meridiangl.com,D,30,Long-Term Contract,2019-02-01,2023-08-30,9999-12-31,1,2,3857
CUS2961,Equator Garments B.V.,BCO,Textiles,Mid-Market,,,VN,Vietnam,SE Asia,APAC,Maria Sharma,maria.sharma@meridiangl.com,B,30,Spot,2021-11-14,2021-11-14,2022-01-30,0,1,3858
CUS2961,Equator Garments B.V.,BCO,Textiles,National,,,VN,Vietnam,SE Asia,APAC,Raj Kim,raj.kim@meridiangl.com,A,30,Long-Term Contract,2021-11-14,2022-01-31,9999-12-31,1,2,3859
CUS2962,Vertex Automotive LLC,BCO,Automotive,Mid-Market,,,VN,Vietnam,SE Asia,APAC,Elena O'Brien,elena.obrien@meridiangl.com,C,60,Spot,2016-08-25,2016-08-25,9999-12-31,1,1,3860
CUS2963,Oakford Engineering Corp,BCO,Machinery,Mid-Market,,,CN,China,East Asia,APAC,Yuki Kowalski,yuki.kowalski@meridiangl.com,D,0,Long-Term Contract,2020-04-26,2020-04-26,2021-07-20,0,1,3861
CUS2963,Oakford Engineering Corp,BCO,Machinery,National,,,CN,China,East Asia,APAC,Diego Patel,diego.patel@meridiangl.com,C,0,Spot,2020-04-26,2021-07-21,9999-12-31,1,2,3862
CUS2964,Greystone Power PLC,NVOCC,Energy,SME,,,ES,Spain,Mediterranean,EMEA,Hassan Silva,hassan.silva@meridiangl.com,C,0,Named Account Tariff,2023-11-25,2023-11-25,2024-09-01,0,1,3863
CUS2964,Greystone Power PLC,NVOCC,Energy,Mid-Market,,,ES,Spain,Mediterranean,EMEA,Hassan Silva,hassan.silva@meridiangl.com,C,0,Spot,2023-11-25,2024-09-02,9999-12-31,1,2,3864
CUS2965,Sterling Garments Pte Ltd,NVOCC,Textiles,Mid-Market,CUS0265,Westbrook Pharma Group,JP,Japan,East Asia,APAC,Carlos Sharma,carlos.sharma@meridiangl.com,C,30,Long-Term Contract,2020-05-18,2020-05-18,2024-05-30,0,1,3865
CUS2965,Sterling Garments Pte Ltd,NVOCC,Textiles,SME,CUS0265,Westbrook Pharma Group,JP,Japan,East Asia,APAC,Wei Silva,wei.silva@meridiangl.com,B,30,Named Account Tariff,2020-05-18,2024-05-31,9999-12-31,1,2,3866
CUS2966,Kingswell Electronics PLC,BCO,Electronics,National,,,MX,Mexico,LatAm West,Americas,Diego Patel,diego.patel@meridiangl.com,C,15,Long-Term Contract,2023-06-18,2023-06-18,2023-12-27,0,1,3867
CUS2966,Kingswell Electronics PLC,BCO,Electronics,SME,,,MX,Mexico,LatAm West,Americas,Diego Patel,diego.patel@meridiangl.com,C,15,Long-Term Contract,2023-06-18,2023-12-28,9999-12-31,1,2,3868
CUS2967,Juniper Garments S.A.,BCO,Textiles,Mid-Market,,,ID,Indonesia,SE Asia,APAC,Diego Yamamoto,diego.yamamoto@meridiangl.com,D,0,Named Account Tariff,2025-06-04,2025-06-04,9999-12-31,1,1,3869
CUS2968,Sterling Pharmaceuticals Group,3PL,Pharma,National,,,NL,Netherlands,N Europe,EMEA,Priya Ferreira,priya.ferreira@meridiangl.com,C,30,Long-Term Contract,2017-09-14,2017-09-14,9999-12-31,1,1,3870
CUS2969,Juniper Metals B.V.,BCO,Metals,Mid-Market,,,BR,Brazil,LatAm East,Americas,Maria Sharma,maria.sharma@meridiangl.com,B,30,Named Account Tariff,2021-06-27,2021-06-27,2021-06-29,0,1,3871
CUS2969,Juniper Metals B.V.,BCO,Metals,SME,,,BR,Brazil,LatAm East,Americas,Ahmed Rossi,ahmed.rossi@meridiangl.com,A,30,Spot,2021-06-27,2021-06-30,9999-12-31,1,2,3872
CUS2970,Ironbridge Electronics Group,Freight Forwarder,Electronics,SME,,,GB,United Kingdom,N Europe,EMEA,James Tanaka,james.tanaka@meridiangl.com,C,45,Spot,2021-07-02,2021-07-02,9999-12-31,1,1,3873
CUS2971,Oakford Automotive Co.,BCO,Automotive,Mid-Market,CUS0442,Everest Industrial Ltd,MY,Malaysia,SE Asia,APAC,Ahmed Tanaka,ahmed.tanaka@meridiangl.com,C,0,Spot,2015-11-23,2015-11-23,2024-06-03,0,1,3874
CUS2971,Oakford Automotive Co.,BCO,Automotive,Mid-Market,CUS0442,Everest Industrial Ltd,MY,Malaysia,SE Asia,APAC,Diego Patel,diego.patel@meridiangl.com,B,0,Named Account Tariff,2015-11-23,2024-06-04,9999-12-31,1,2,3875
CUS2972,Ridgemont Pharmaceuticals Holdings,SME Direct,Pharma,Mid-Market,CUS2983,Junction Apparel Holdings,GB,United Kingdom,N Europe,EMEA,Maria Sharma,maria.sharma@meridiangl.com,C,15,Spot,2021-04-01,2021-04-01,2022-03-20,0,1,3876
CUS2972,Ridgemont Pharmaceuticals Holdings,SME Direct,Pharma,SME,CUS2983,Junction Apparel Holdings,GB,United Kingdom,N Europe,EMEA,James Tanaka,james.tanaka@meridiangl.com,D,15,Long-Term Contract,2021-04-01,2022-03-21,9999-12-31,1,2,3877
CUS2973,Clearwater Farms B.V.,SME Direct,Agriculture,Mid-Market,,,MX,Mexico,LatAm West,Americas,Carlos Sharma,carlos.sharma@meridiangl.com,B,0,Long-Term Contract,2015-02-11,2015-02-11,2018-11-26,0,1,3878
CUS2973,Clearwater Farms B.V.,SME Direct,Agriculture,Mid-Market,,,MX,Mexico,LatAm West,Americas,Ahmed Torres,ahmed.torres@meridiangl.com,B,0,Named Account Tariff,2015-02-11,2018-11-27,9999-12-31,1,2,3879
CUS2974,Brookline Pharmaceuticals LLC,SME Direct,Pharma,National,,,CN,China,East Asia,APAC,Carlos Ferreira,carlos.ferreira@meridiangl.com,A,45,Long-Term Contract,2017-03-09,2017-03-09,9999-12-31,1,1,3880
CUS2975,Sentinel Motors PLC,Freight Forwarder,Automotive,National,,,MY,Malaysia,SE Asia,APAC,Yuki O'Brien,yuki.obrien@meridiangl.com,B,30,Long-Term Contract,2020-08-06,2020-08-06,9999-12-31,1,1,3881
CUS2976,Redwood Petrochemicals Corp,NVOCC,Energy,Mid-Market,,,IT,Italy,Mediterranean,EMEA,Fatima O'Brien,fatima.obrien@meridiangl.com,C,15,Long-Term Contract,2018-08-17,2018-08-17,9999-12-31,1,1,3882
CUS2977,Fairhaven Metals Holdings,Freight Forwarder,Metals,SME,CUS0046,Deerfield Chemicals Inc,BR,Brazil,LatAm East,Americas,Raj Kim,raj.kim@meridiangl.com,C,45,Spot,2018-09-01,2018-09-01,9999-12-31,1,1,3883
CUS2978,Quarrystone Foods Corp,Freight Forwarder,FMCG,Mid-Market,CUS3191,Onyx Auto Parts S.A.,MY,Malaysia,SE Asia,APAC,Ahmed Rossi,ahmed.rossi@meridiangl.com,A,45,Named Account Tariff,2025-11-22,2025-11-22,9999-12-31,1,1,3884
CUS2979,Fairhaven Auto Parts Inc,3PL,Automotive,Mid-Market,,,MY,Malaysia,SE Asia,APAC,Sofia Tanaka,sofia.tanaka@meridiangl.com,C,15,Spot,2020-05-03,2020-05-03,9999-12-31,1,1,3885
CUS2980,Ridgemont Foods PLC,BCO,FMCG,SME,,,NL,Netherlands,N Europe,EMEA,Ahmed Torres,ahmed.torres@meridiangl.com,D,0,Named Account Tariff,2019-01-22,2019-01-22,9999-12-31,1,1,3886
CUS2981,Kestrel Textiles S.A.,Freight Forwarder,Textiles,Mid-Market,,,SG,Singapore,SE Asia,APAC,Yuki Ramirez,yuki.ramirez@meridiangl.com,B,45,Long-Term Contract,2023-11-25,2023-11-25,9999-12-31,1,1,3887
CUS2982,Zenith Steel Ltd,BCO,Metals,SME,,,HK,Hong Kong,East Asia,APAC,Elena O'Brien,elena.obrien@meridiangl.com,C,15,Spot,2018-05-22,2018-05-22,9999-12-31,1,1,3888
CUS2983,Junction Apparel Holdings,BCO,Textiles,Global Key Account,,,ID,Indonesia,SE Asia,APAC,Sofia Tanaka,sofia.tanaka@meridiangl.com,B,30,Long-Term Contract,2017-04-13,2017-04-13,9999-12-31,1,1,3889
CUS2984,Fairhaven Textiles Group,BCO,Textiles,Mid-Market,,,BE,Belgium,N Europe,EMEA,Yuki O'Brien,yuki.obrien@meridiangl.com,C,15,Long-Term Contract,2017-02-14,2017-02-14,9999-12-31,1,1,3890
CUS2985,Ironbridge Engineering GmbH,BCO,Machinery,Mid-Market,,,BE,Belgium,N Europe,EMEA,Sofia Tanaka,sofia.tanaka@meridiangl.com,C,45,Long-Term Contract,2021-07-25,2021-07-25,2024-07-18,0,1,3891
CUS2985,Ironbridge Engineering GmbH,BCO,Machinery,SME,,,BE,Belgium,N Europe,EMEA,Ingrid Ferreira,ingrid.ferreira@meridiangl.com,A,45,Named Account Tariff,2021-07-25,2024-07-19,9999-12-31,1,2,3892
CUS2986,Westbrook Chemicals Holdings,SME Direct,Chemicals,SME,,,TH,Thailand,SE Asia,APAC,Fatima O'Brien,fatima.obrien@meridiangl.com,C,30,Named Account Tariff,2026-05-28,2026-05-28,9999-12-31,1,1,3893
CUS2987,Ivyhill Chemical Industries Co.,SME Direct,Chemicals,Mid-Market,,,AU,Australia,Oceania,ANZ,Ingrid Ferreira,ingrid.ferreira@meridiangl.com,C,0,Long-Term Contract,2018-04-18,2018-04-18,9999-12-31,1,1,3894
CUS2988,Granite Electronics Corp,3PL,Electronics,Mid-Market,,,IN,India,South Asia,APAC,James Tanaka,james.tanaka@meridiangl.com,B,30,Named Account Tariff,2019-12-01,2019-12-01,2025-01-25,0,1,3895
CUS2988,Granite Electronics Corp,3PL,Electronics,SME,,,IN,India,South Asia,APAC,James Tanaka,james.tanaka@meridiangl.com,A,30,Long-Term Contract,2019-12-01,2025-01-26,9999-12-31,1,2,3896
CUS2989,Elmfield Industrial Holdings,SME Direct,Machinery,Mid-Market,,,BR,Brazil,LatAm East,Americas,Kenji Tanaka,kenji.tanaka@meridiangl.com,D,0,Named Account Tariff,2016-12-21,2016-12-21,9999-12-31,1,1,3897
CUS2990,Monsoon Farms Group,BCO,Agriculture,SME,,,GB,United Kingdom,N Europe,EMEA,Ingrid Nguyen,ingrid.nguyen@meridiangl.com,D,60,Spot,2025-12-28,2025-12-28,2026-08-08,0,1,3898
CUS2990,Monsoon Farms Group,BCO,Agriculture,National,,,GB,United Kingdom,N Europe,EMEA,Ingrid Nguyen,ingrid.nguyen@meridiangl.com,C,60,Long-Term Contract,2025-12-28,2026-08-09,9999-12-31,1,2,3899
CUS2991,Vertex Technologies Holdings,NVOCC,Electronics,National,,,DE,Germany,N Europe,EMEA,Grace Osei,grace.osei@meridiangl.com,C,60,Long-Term Contract,2021-04-29,2021-04-29,9999-12-31,1,1,3900
CUS2992,Kestrel Power Ltd,NVOCC,Energy,Mid-Market,,,US,United States,N America East,Americas,Ahmed Nguyen,ahmed.nguyen@meridiangl.com,C,15,Named Account Tariff,2017-10-07,2017-10-07,9999-12-31,1,1,3901
CUS2993,Beacon Stores GmbH,NVOCC,Retail,National,,,IT,Italy,Mediterranean,EMEA,Carlos Ferreira,carlos.ferreira@meridiangl.com,C,45,Long-Term Contract,2026-07-10,2026-07-10,9999-12-31,1,1,3902
CUS2994,Deerfield Power Pte Ltd,SME Direct,Energy,SME,,,HK,Hong Kong,East Asia,APAC,Kenji Tanaka,kenji.tanaka@meridiangl.com,C,30,Spot,2018-04-14,2018-04-14,9999-12-31,1,1,3903
CUS2995,Ashgrove Foods GmbH,3PL,FMCG,SME,CUS2583,Vantage Retail Co.,SA,Saudi Arabia,Middle East,EMEA,Ingrid Nguyen,ingrid.nguyen@meridiangl.com,D,15,Spot,2020-08-16,2020-08-16,9999-12-31,1,1,3904
CUS2996,Nightingale Retail GmbH,NVOCC,Retail,National,,,KR,South Korea,East Asia,APAC,Ahmed Rossi,ahmed.rossi@meridiangl.com,B,30,Long-Term Contract,2019-07-22,2019-07-22,2025-03-29,0,1,3905
CUS2996,Nightingale Retail GmbH,NVOCC,Retail,Mid-Market,,,KR,South Korea,East Asia,APAC,Fatima Tanaka,fatima.tanaka@meridiangl.com,A,30,Named Account Tariff,2019-07-22,2025-03-30,9999-12-31,1,2,3906
CUS2997,Beacon Semiconductor LLC,BCO,Electronics,Mid-Market,,,CN,China,East Asia,APAC,Elena Haddad,elena.haddad@meridiangl.com,B,30,Named Account Tariff,2022-05-03,2022-05-03,2022-06-17,0,1,3907
CUS2997,Beacon Semiconductor LLC,BCO,Electronics,Mid-Market,,,CN,China,East Asia,APAC,Fatima O'Brien,fatima.obrien@meridiangl.com,B,30,Named Account Tariff,2022-05-03,2022-06-18,9999-12-31,1,2,3908
CUS2998,Wellspring Chemical Industries Group,SME Direct,Chemicals,SME,,,ID,Indonesia,SE Asia,APAC,Hassan Silva,hassan.silva@meridiangl.com,B,45,Spot,2015-03-05,2015-03-05,9999-12-31,1,1,3909
CUS2999,Mosaic Textiles B.V.,BCO,Textiles,Mid-Market,,,NL,Netherlands,N Europe,EMEA,Elena Haddad,elena.haddad@meridiangl.com,B,30,Named Account Tariff,2018-11-22,2018-11-22,9999-12-31,1,1,3910
CUS3000,Cobalt Auto Parts PLC,NVOCC,Automotive,Mid-Market,,,CL,Chile,LatAm West,Americas,Elena Haddad,elena.haddad@meridiangl.com,A,0,Spot,2018-08-13,2018-08-13,9999-12-31,1,1,3911
CUS3001,Sentinel Pharmaceuticals Group,BCO,Pharma,Mid-Market,,,ID,Indonesia,SE Asia,APAC,Hassan Silva,hassan.silva@meridiangl.com,D,0,Named Account Tariff,2020-01-08,2020-01-08,9999-12-31,1,1,3912
CUS3002,Brookline Industrial Pte Ltd,3PL,Machinery,Mid-Market,CUS0692,Cedarline Pharma Corp,IN,India,South Asia,APAC,Carlos Ferreira,carlos.ferreira@meridiangl.com,D,0,Long-Term Contract,2016-05-02,2016-05-02,2023-10-15,0,1,3913
CUS3002,Brookline Industrial Pte Ltd,3PL,Machinery,Mid-Market,CUS0692,Cedarline Pharma Corp,IN,India,South Asia,APAC,Ahmed Torres,ahmed.torres@meridiangl.com,C,0,Long-Term Contract,2016-05-02,2023-10-16,9999-12-31,1,2,3914
CUS3003,Palisade FMCG PLC,Freight Forwarder,FMCG,National,CUS0191,Cobalt Agro LLC,SG,Singapore,SE Asia,APAC,Fatima Haddad,fatima.haddad@meridiangl.com,A,30,Named Account Tariff,2016-07-23,2016-07-23,2017-03-30,0,1,3915
CUS3003,Palisade FMCG PLC,Freight Forwarder,FMCG,SME,CUS0191,Cobalt Agro LLC,SG,Singapore,SE Asia,APAC,Raj Kim,raj.kim@meridiangl.com,C,30,Spot,2016-07-23,2017-03-31,9999-12-31,1,2,3916
CUS3004,Mosaic Steel Inc,BCO,Metals,SME,,,ID,Indonesia,SE Asia,APAC,Ahmed Rossi,ahmed.rossi@meridiangl.com,C,15,Spot,2022-12-13,2022-12-13,9999-12-31,1,1,3917
CUS3005,Sterling Stores Pte Ltd,Freight Forwarder,Retail,National,,,SG,Singapore,SE Asia,APAC,Kenji Tanaka,kenji.tanaka@meridiangl.com,B,45,Spot,2024-05-28,2024-05-28,9999-12-31,1,1,3918
CUS3006,Mosaic Farms LLC,NVOCC,Agriculture,SME,,,SG,Singapore,SE Asia,APAC,Carlos Haddad,carlos.haddad@meridiangl.com,B,30,Long-Term Contract,2016-07-03,2016-07-03,2025-07-27,0,1,3919
CUS3006,Mosaic Farms LLC,NVOCC,Agriculture,SME,,,SG,Singapore,SE Asia,APAC,Carlos Haddad,carlos.haddad@meridiangl.com,B,30,Named Account Tariff,2016-07-03,2025-07-28,9999-12-31,1,2,3920
CUS3007,Ivyhill Farms Inc,NVOCC,Agriculture,SME,,,TR,Turkey,Mediterranean,EMEA,Ingrid Nguyen,ingrid.nguyen@meridiangl.com,D,30,Long-Term Contract,2020-07-01,2020-07-01,2022-07-22,0,1,3921
CUS3007,Ivyhill Farms Inc,NVOCC,Agriculture,Mid-Market,,,TR,Turkey,Mediterranean,EMEA,Diego Yamamoto,diego.yamamoto@meridiangl.com,C,30,Named Account Tariff,2020-07-01,2022-07-23,9999-12-31,1,2,3922
CUS3008,Fairhaven Energy Co.,Freight Forwarder,Energy,National,,,BR,Brazil,LatAm East,Americas,Diego Patel,diego.patel@meridiangl.com,B,15,Long-Term Contract,2022-08-10,2022-08-10,2023-02-12,0,1,3923
CUS3008,Fairhaven Energy Co.,Freight Forwarder,Energy,National,,,BR,Brazil,LatAm East,Americas,Diego Patel,diego.patel@meridiangl.com,B,15,Spot,2022-08-10,2023-02-13,9999-12-31,1,2,3924
CUS3009,Ironbridge Automotive Co.,Freight Forwarder,Automotive,Mid-Market,,,BE,Belgium,N Europe,EMEA,Diego Yamamoto,diego.yamamoto@meridiangl.com,B,45,Named Account Tariff,2018-11-16,2018-11-16,2026-02-13,0,1,3925
CUS3009,Ironbridge Automotive Co.,Freight Forwarder,Automotive,SME,,,BE,Belgium,N Europe,EMEA,Raj Kim,raj.kim@meridiangl.com,B,45,Long-Term Contract,2018-11-16,2026-02-14,9999-12-31,1,2,3926
CUS3010,Cedarline Agro LLC,BCO,Agriculture,Mid-Market,CUS2835,Glenmoor Retail PLC,VN,Vietnam,SE Asia,APAC,Carlos Al-Farsi,carlos.al-farsi@meridiangl.com,D,15,Named Account Tariff,2015-09-15,2015-09-15,9999-12-31,1,1,3927
CUS3011,Kestrel Trading Ltd,BCO,Retail,SME,,,TR,Turkey,Mediterranean,EMEA,Fatima Tanaka,fatima.tanaka@meridiangl.com,C,45,Spot,2020-10-28,2020-10-28,9999-12-31,1,1,3928
CUS3012,Northgate Motors B.V.,BCO,Automotive,SME,,,VN,Vietnam,SE Asia,APAC,Ahmed Nguyen,ahmed.nguyen@meridiangl.com,C,15,Named Account Tariff,2017-07-19,2017-07-19,2024-08-07,0,1,3929
CUS3012,Northgate Motors B.V.,BCO,Automotive,Mid-Market,,,VN,Vietnam,SE Asia,APAC,Diego Patel,diego.patel@meridiangl.com,A,15,Long-Term Contract,2017-07-19,2024-08-08,9999-12-31,1,2,3930
CUS3013,Aurora Consumer Goods Group,BCO,FMCG,Mid-Market,,,NL,Netherlands,N Europe,EMEA,Elena O'Brien,elena.obrien@meridiangl.com,B,45,Spot,2019-12-04,2019-12-04,9999-12-31,1,1,3931
CUS3014,Southwick Power Group,BCO,Energy,National,,,NZ,New Zealand,Oceania,ANZ,Yuki Ramirez,yuki.ramirez@meridiangl.com,D,15,Long-Term Contract,2015-06-24,2015-06-24,9999-12-31,1,1,3932
CUS3015,Granite Metals S.A.,SME Direct,Metals,National,,,BR,Brazil,LatAm East,Americas,Sofia Larsson,sofia.larsson@meridiangl.com,B,60,Named Account Tariff,2022-08-17,2022-08-17,9999-12-31,1,1,3933
CUS3016,Aurora Metals Group,BCO,Metals,SME,,,MY,Malaysia,SE Asia,APAC,Diego Kowalski,diego.kowalski@meridiangl.com,D,30,Long-Term Contract,2017-04-16,2017-04-16,2019-09-02,0,1,3934
CUS3016,Aurora Metals Group,BCO,Metals,SME,,,MY,Malaysia,SE Asia,APAC,Diego Kowalski,diego.kowalski@meridiangl.com,A,30,Named Account Tariff,2017-04-16,2019-09-03,9999-12-31,1,2,3935
CUS3017,Underhill Industrial S.A.,NVOCC,Machinery,National,,,VN,Vietnam,SE Asia,APAC,Hassan Silva,hassan.silva@meridiangl.com,B,30,Spot,2017-02-10,2017-02-10,9999-12-31,1,1,3936
CUS3018,Oakford Motors S.A.,Freight Forwarder,Automotive,Mid-Market,,,TR,Turkey,Mediterranean,EMEA,Elena Tanaka,elena.tanaka@meridiangl.com,B,45,Spot,2019-08-29,2019-08-29,9999-12-31,1,1,3937
CUS3019,Junction Agri-Foods Ltd,BCO,Agriculture,SME,CUS0291,Vantage Engineering Pte Ltd,IT,Italy,Mediterranean,EMEA,Grace Osei,grace.osei@meridiangl.com,C,30,Spot,2015-12-03,2015-12-03,9999-12-31,1,1,3938
CUS3020,Millbrook Power Group,Freight Forwarder,Energy,SME,,,KR,South Korea,East Asia,APAC,Yuki Ramirez,yuki.ramirez@meridiangl.com,C,30,Spot,2024-08-11,2024-08-11,9999-12-31,1,1,3939
CUS3021,Onyx Motors Group,3PL,Automotive,SME,,,CA,Canada,N America East,Americas,Raj Kim,raj.kim@meridiangl.com,B,30,Spot,2016-06-23,2016-06-23,9999-12-31,1,1,3940
CUS3022,Sentinel Textiles PLC,NVOCC,Textiles,Mid-Market,,,MY,Malaysia,SE Asia,APAC,Wei Tanaka,wei.tanaka@meridiangl.com,B,60,Named Account Tariff,2018-02-12,2018-02-12,2021-05-19,0,1,3941
CUS3022,Sentinel Textiles PLC,NVOCC,Textiles,SME,,,MY,Malaysia,SE Asia,APAC,Elena Haddad,elena.haddad@meridiangl.com,A,60,Named Account Tariff,2018-02-12,2021-05-20,9999-12-31,1,2,3942
CUS3023,Harborview Life Sciences GmbH,Freight Forwarder,Pharma,Global Key Account,,,SA,Saudi Arabia,Middle East,EMEA,Fatima Chen,fatima.chen@meridiangl.com,A,60,Long-Term Contract,2021-02-10,2021-02-10,9999-12-31,1,1,3943
CUS3024,Granite Chemical Industries Inc,Freight Forwarder,Chemicals,National,,,FR,France,N Europe,EMEA,Priya O'Brien,priya.obrien@meridiangl.com,C,30,Long-Term Contract,2022-12-20,2022-12-20,2023-12-12,0,1,3944
CUS3024,Granite Chemical Industries Inc,Freight Forwarder,Chemicals,SME,,,FR,France,N Europe,EMEA,Sofia Ferreira,sofia.ferreira@meridiangl.com,A,30,Spot,2022-12-20,2023-12-13,9999-12-31,1,2,3945
CUS3025,Ivyhill Alloys Holdings,BCO,Metals,Mid-Market,,,IN,India,South Asia,APAC,Fatima Tanaka,fatima.tanaka@meridiangl.com,D,15,Long-Term Contract,2020-12-20,2020-12-20,9999-12-31,1,1,3946
CUS3026,Millbrook Chemicals S.A.,BCO,Chemicals,Mid-Market,,,US,United States,N America East,Americas,Elena Haddad,elena.haddad@meridiangl.com,D,45,Long-Term Contract,2018-05-02,2018-05-02,9999-12-31,1,1,3947
CUS3027,Granite Pharmaceuticals B.V.,3PL,Pharma,Mid-Market,,,VN,Vietnam,SE Asia,APAC,Ahmed Tanaka,ahmed.tanaka@meridiangl.com,B,30,Spot,2019-07-05,2019-07-05,9999-12-31,1,1,3948
CUS3028,Marlowe Alloys Group,BCO,Metals,Mid-Market,,,ID,Indonesia,SE Asia,APAC,Kenji Tanaka,kenji.tanaka@meridiangl.com,C,30,Long-Term Contract,2022-01-08,2022-01-08,2022-01-10,0,1,3949
CUS3028,Marlowe Alloys Group,BCO,Metals,National,,,ID,Indonesia,SE Asia,APAC,Elena Haddad,elena.haddad@meridiangl.com,A,30,Named Account Tariff,2022-01-08,2022-01-11,9999-12-31,1,2,3950
CUS3029,Elmfield Energy Ltd,NVOCC,Energy,Mid-Market,,,ES,Spain,Mediterranean,EMEA,Fatima Chen,fatima.chen@meridiangl.com,C,30,Spot,2019-11-06,2019-11-06,9999-12-31,1,1,3951
CUS3030,Lonestar Textiles Pte Ltd,BCO,Textiles,National,,,ID,Indonesia,SE Asia,APAC,Wei Tanaka,wei.tanaka@meridiangl.com,B,60,Named Account Tariff,2022-08-30,2022-08-30,9999-12-31,1,1,3952
CUS3031,Valleyforge Life Sciences GmbH,BCO,Pharma,National,,,JP,Japan,East Asia,APAC,Fatima O'Brien,fatima.obrien@meridiangl.com,B,60,Long-Term Contract,2025-09-01,2025-09-01,2026-08-10,0,1,3953
CUS3031,Valleyforge Life Sciences GmbH,BCO,Pharma,Mid-Market,,,JP,Japan,East Asia,APAC,Fatima O'Brien,fatima.obrien@meridiangl.com,B,60,Spot,2025-09-01,2026-08-11,9999-12-31,1,2,3954
CUS3032,Junction Consumer Goods GmbH,NVOCC,FMCG,Mid-Market,,,MX,Mexico,LatAm West,Americas,Fatima Tanaka,fatima.tanaka@meridiangl.com,C,15,Long-Term Contract,2015-04-30,2015-04-30,9999-12-31,1,1,3955
CUS3033,Hillcrest Semiconductor Pte Ltd,BCO,Electronics,Mid-Market,,,SG,Singapore,SE Asia,APAC,Ingrid Tanaka,ingrid.tanaka@meridiangl.com,B,45,Named Account Tariff,2020-12-29,2020-12-29,2021-10-24,0,1,3956
CUS3033,Hillcrest Semiconductor Pte Ltd,BCO,Electronics,National,,,SG,Singapore,SE Asia,APAC,Yuki Torres,yuki.torres@meridiangl.com,C,45,Spot,2020-12-29,2021-10-25,9999-12-31,1,2,3957
CUS3034,Lakemoor Farms PLC,3PL,Agriculture,Mid-Market,,,TR,Turkey,Mediterranean,EMEA,James Larsson,james.larsson@meridiangl.com,C,30,Spot,2017-09-20,2017-09-20,9999-12-31,1,1,3958
CUS3035,Zenith Life Sciences Co.,3PL,Pharma,Mid-Market,,,CL,Chile,LatAm West,Americas,Diego Yamamoto,diego.yamamoto@meridiangl.com,D,45,Named Account Tariff,2017-04-08,2017-04-08,9999-12-31,1,1,3959
CUS3036,Beacon Pharmaceuticals Ltd,SME Direct,Pharma,Mid-Market,,,US,United States,N America East,Americas,Carlos Ferreira,carlos.ferreira@meridiangl.com,D,0,Named Account Tariff,2025-06-09,2025-06-09,9999-12-31,1,1,3960
CUS3037,Marlowe Textiles Ltd,SME Direct,Textiles,SME,,,BE,Belgium,N Europe,EMEA,Fatima O'Brien,fatima.obrien@meridiangl.com,D,0,Spot,2017-08-05,2017-08-05,9999-12-31,1,1,3961
CUS3038,Sterling Metals Group,3PL,Metals,Mid-Market,,,AE,United Arab Emirates,Middle East,EMEA,Carlos Haddad,carlos.haddad@meridiangl.com,C,0,Named Account Tariff,2023-10-13,2023-10-13,9999-12-31,1,1,3962
CUS3039,Junction Pharmaceuticals Co.,NVOCC,Pharma,SME,,,VN,Vietnam,SE Asia,APAC,Carlos Sharma,carlos.sharma@meridiangl.com,B,45,Long-Term Contract,2017-06-22,2017-06-22,9999-12-31,1,1,3963
CUS3040,Deerfield Stores Corp,BCO,Retail,SME,CUS2530,Eastridge Alloys Pte Ltd,TH,Thailand,SE Asia,APAC,Anna Berg,anna.berg@meridiangl.com,C,15,Long-Term Contract,2017-12-15,2017-12-15,2023-03-25,0,1,3964
CUS3040,Deerfield Stores Corp,BCO,Retail,SME,CUS2530,Eastridge Alloys Pte Ltd,TH,Thailand,SE Asia,APAC,Anna Berg,anna.berg@meridiangl.com,C,15,Spot,2017-12-15,2023-03-26,9999-12-31,1,2,3965
CUS3041,Vantage Pharma B.V.,SME Direct,Pharma,Mid-Market,,,SG,Singapore,SE Asia,APAC,Hassan Silva,hassan.silva@meridiangl.com,D,30,Long-Term Contract,2022-08-12,2022-08-12,9999-12-31,1,1,3966
CUS3042,Aurora Energy Corp,NVOCC,Energy,National,,,CN,China,East Asia,APAC,Grace Larsson,grace.larsson@meridiangl.com,D,15,Long-Term Contract,2021-01-26,2021-01-26,9999-12-31,1,1,3967
CUS3043,Kingswell FMCG Corp,3PL,FMCG,Mid-Market,,,AU,Australia,Oceania,ANZ,Liam O'Brien,liam.obrien@meridiangl.com,C,15,Spot,2025-05-29,2025-05-29,2026-05-11,0,1,3968
CUS3043,Kingswell FMCG Corp,3PL,FMCG,Mid-Market,,,AU,Australia,Oceania,ANZ,Liam O'Brien,liam.obrien@meridiangl.com,C,15,Long-Term Contract,2025-05-29,2026-05-12,9999-12-31,1,2,3969
CUS3044,Juniper Textiles Co.,BCO,Textiles,Mid-Market,,,NZ,New Zealand,Oceania,ANZ,James Tanaka,james.tanaka@meridiangl.com,C,30,Named Account Tariff,2017-01-16,2017-01-16,9999-12-31,1,1,3970
CUS3045,Equator Pharma B.V.,NVOCC,Pharma,Global Key Account,,,TW,Taiwan,East Asia,APAC,Carlos Haddad,carlos.haddad@meridiangl.com,B,30,Long-Term Contract,2021-02-15,2021-02-15,2026-02-22,0,1,3971
CUS3045,Equator Pharma B.V.,NVOCC,Pharma,Global Key Account,,,TW,Taiwan,East Asia,APAC,Fatima Haddad,fatima.haddad@meridiangl.com,C,30,Named Account Tariff,2021-02-15,2026-02-23,2026-08-17,0,2,3972
CUS3045,Equator Pharma B.V.,NVOCC,Pharma,Global Key Account,,,TW,Taiwan,East Asia,APAC,Fatima Haddad,fatima.haddad@meridiangl.com,B,30,Named Account Tariff,2021-02-15,2026-08-18,9999-12-31,1,3,3973
CUS3046,Junction Engineering LLC,Freight Forwarder,Machinery,Mid-Market,,,TH,Thailand,SE Asia,APAC,Ahmed Torres,ahmed.torres@meridiangl.com,D,30,Spot,2019-05-19,2019-05-19,2024-07-12,0,1,3974
CUS3046,Junction Engineering LLC,Freight Forwarder,Machinery,Mid-Market,,,TH,Thailand,SE Asia,APAC,Yuki Kowalski,yuki.kowalski@meridiangl.com,D,30,Named Account Tariff,2019-05-19,2024-07-13,9999-12-31,1,2,3975
CUS3047,Eastridge Pharma Holdings,BCO,Pharma,SME,,,FR,France,N Europe,EMEA,Elena O'Brien,elena.obrien@meridiangl.com,C,45,Spot,2015-05-05,2015-05-05,9999-12-31,1,1,3976
CUS3048,Hillcrest Retail Group,BCO,Retail,Mid-Market,,,CN,China,East Asia,APAC,Wei Tanaka,wei.tanaka@meridiangl.com,B,45,Named Account Tariff,2015-01-01,2015-01-01,9999-12-31,1,1,3977
CUS3049,Quarrystone Agri-Foods Group,NVOCC,Agriculture,National,CUS0785,Aurora Trading LLC,MX,Mexico,LatAm West,Americas,Maria Sharma,maria.sharma@meridiangl.com,A,60,Long-Term Contract,2020-02-03,2020-02-03,9999-12-31,1,1,3978
CUS3050,Lonestar Retail Ltd,NVOCC,Retail,SME,CUS2104,Zenith Machinery Holdings,DE,Germany,N Europe,EMEA,Ahmed Torres,ahmed.torres@meridiangl.com,D,30,Spot,2021-05-12,2021-05-12,2022-10-09,0,1,3979
CUS3050,Lonestar Retail Ltd,NVOCC,Retail,National,CUS2104,Zenith Machinery Holdings,DE,Germany,N Europe,EMEA,Ahmed Nguyen,ahmed.nguyen@meridiangl.com,A,30,Long-Term Contract,2021-05-12,2022-10-10,2023-07-10,0,2,3980
CUS3050,Lonestar Retail Ltd,NVOCC,Retail,National,CUS2104,Zenith Machinery Holdings,DE,Germany,N Europe,EMEA,Ingrid Tanaka,ingrid.tanaka@meridiangl.com,D,30,Long-Term Contract,2021-05-12,2023-07-11,9999-12-31,1,3,3981
CUS3051,Hillcrest Metals LLC,Freight Forwarder,Metals,SME,,,US,United States,N America East,Americas,Elena Berg,elena.berg@meridiangl.com,C,0,Spot,2020-06-09,2020-06-09,2023-08-23,0,1,3982
CUS3051,Hillcrest Metals LLC,Freight Forwarder,Metals,Mid-Market,,,US,United States,N America East,Americas,Elena Tanaka,elena.tanaka@meridiangl.com,C,0,Named Account Tariff,2020-06-09,2023-08-24,9999-12-31,1,2,3983
CUS3052,Brightwater Garments S.A.,Freight Forwarder,Textiles,SME,,,CL,Chile,LatAm West,Americas,Fatima Tanaka,fatima.tanaka@meridiangl.com,B,60,Spot,2019-05-21,2019-05-21,9999-12-31,1,1,3984
CUS3053,Palisade Pharma Corp,SME Direct,Pharma,SME,,,CL,Chile,LatAm West,Americas,Ahmed Nguyen,ahmed.nguyen@meridiangl.com,D,15,Spot,2018-04-25,2018-04-25,2019-04-09,0,1,3985
CUS3053,Palisade Pharma Corp,SME Direct,Pharma,National,,,CL,Chile,LatAm West,Americas,Ingrid Osei,ingrid.osei@meridiangl.com,C,15,Long-Term Contract,2018-04-25,2019-04-10,9999-12-31,1,2,3986
CUS3054,Ashford Energy B.V.,3PL,Energy,Mid-Market,,,ID,Indonesia,SE Asia,APAC,Ingrid Tanaka,ingrid.tanaka@meridiangl.com,C,0,Long-Term Contract,2016-07-11,2016-07-11,9999-12-31,1,1,3987
CUS3055,Underhill Farms S.A.,3PL,Agriculture,National,,,SA,Saudi Arabia,Middle East,EMEA,Maria Sharma,maria.sharma@meridiangl.com,C,30,Long-Term Contract,2023-05-01,2023-05-01,9999-12-31,1,1,3988
CUS3056,Onyx Energy Group,Freight Forwarder,Energy,Mid-Market,,,TW,Taiwan,East Asia,APAC,Grace Larsson,grace.larsson@meridiangl.com,C,30,Spot,2016-04-04,2016-04-04,9999-12-31,1,1,3989
CUS3057,Aurora Farms PLC,BCO,Agriculture,Mid-Market,,,KR,South Korea,East Asia,APAC,Ahmed Nguyen,ahmed.nguyen@meridiangl.com,C,15,Named Account Tariff,2018-12-11,2018-12-11,9999-12-31,1,1,3990
CUS3058,Juniper Chemical Industries Inc,3PL,Chemicals,SME,,,ID,Indonesia,SE Asia,APAC,James Tanaka,james.tanaka@meridiangl.com,D,0,Named Account Tariff,2025-04-15,2025-04-15,9999-12-31,1,1,3991
CUS3059,Deerfield Auto Parts S.A.,Freight Forwarder,Automotive,Mid-Market,,,US,United States,N America East,Americas,Elena O'Brien,elena.obrien@meridiangl.com,D,30,Named Account Tariff,2016-05-29,2016-05-29,9999-12-31,1,1,3992
CUS3060,Kingswell Semiconductor Ltd,SME Direct,Electronics,Mid-Market,,,BR,Brazil,LatAm East,Americas,Elena O'Brien,elena.obrien@meridiangl.com,C,60,Named Account Tariff,2021-07-17,2021-07-17,9999-12-31,1,1,3993
CUS3061,Granite Farms PLC,NVOCC,Agriculture,SME,,,ZA,South Africa,Africa,EMEA,Sofia Tanaka,sofia.tanaka@meridiangl.com,D,15,Named Account Tariff,2015-07-08,2015-07-08,9999-12-31,1,1,3994
CUS3062,Oakford Semiconductor Inc,BCO,Electronics,National,CUS1858,Vantage Chemical Industries S.A.,CL,Chile,LatAm West,Americas,Ahmed Rossi,ahmed.rossi@meridiangl.com,D,15,Spot,2022-12-17,2022-12-17,9999-12-31,1,1,3995
CUS3063,Valleyforge Stores GmbH,SME Direct,Retail,SME,,,IT,Italy,Mediterranean,EMEA,Elena O'Brien,elena.obrien@meridiangl.com,D,30,Named Account Tariff,2024-02-04,2024-02-04,9999-12-31,1,1,3996
CUS3064,Granite Semiconductor Co.,BCO,Electronics,SME,CUS0368,Kestrel Power PLC,NL,Netherlands,N Europe,EMEA,Kenji Tanaka,kenji.tanaka@meridiangl.com,B,45,Long-Term Contract,2021-11-10,2021-11-10,2026-01-14,0,1,3997
CUS3064,Granite Semiconductor Co.,BCO,Electronics,National,CUS0368,Kestrel Power PLC,NL,Netherlands,N Europe,EMEA,Maria Sharma,maria.sharma@meridiangl.com,B,45,Named Account Tariff,2021-11-10,2026-01-15,9999-12-31,1,2,3998
CUS3065,Brightwater Alloys GmbH,NVOCC,Metals,National,,,CN,China,East Asia,APAC,Yuki Kowalski,yuki.kowalski@meridiangl.com,C,15,Named Account Tariff,2022-05-19,2022-05-19,9999-12-31,1,1,3999
CUS3066,Fairhaven Engineering PLC,SME Direct,Machinery,National,,,NZ,New Zealand,Oceania,ANZ,Priya Ferreira,priya.ferreira@meridiangl.com,B,45,Long-Term Contract,2019-01-27,2019-01-27,9999-12-31,1,1,4000
CUS3067,Everest Stores S.A.,NVOCC,Retail,Mid-Market,,,NZ,New Zealand,Oceania,ANZ,Sofia Tanaka,sofia.tanaka@meridiangl.com,B,30,Named Account Tariff,2017-05-11,2017-05-11,9999-12-31,1,1,4001
CUS3068,Voyager Metals B.V.,BCO,Metals,SME,CUS1758,Ashgrove Agro PLC,ZA,South Africa,Africa,EMEA,Wei Silva,wei.silva@meridiangl.com,C,30,Spot,2019-05-30,2019-05-30,9999-12-31,1,1,4002
CUS3069,Junction Garments Inc,NVOCC,Textiles,Global Key Account,,,AE,United Arab Emirates,Middle East,EMEA,Carlos Ferreira,carlos.ferreira@meridiangl.com,B,45,Long-Term Contract,2016-04-25,2016-04-25,9999-12-31,1,1,4003
CUS3070,Cobalt Electronics S.A.,BCO,Electronics,SME,CUS1104,Cedarline Textiles LLC,ZA,South Africa,Africa,EMEA,Carlos Sharma,carlos.sharma@meridiangl.com,A,45,Spot,2016-03-11,2016-03-11,9999-12-31,1,1,4004
CUS3071,Glenmoor Semiconductor Pte Ltd,BCO,Electronics,SME,CUS1656,Zenith Engineering Group,AE,United Arab Emirates,Middle East,EMEA,Elena Haddad,elena.haddad@meridiangl.com,C,30,Long-Term Contract,2020-07-30,2020-07-30,9999-12-31,1,1,4005
CUS3072,Lonestar Pharma Ltd,Freight Forwarder,Pharma,SME,,,SG,Singapore,SE Asia,APAC,Elena Haddad,elena.haddad@meridiangl.com,C,15,Spot,2024-09-06,2024-09-06,2025-02-15,0,1,4006
CUS3072,Lonestar Pharma Ltd,Freight Forwarder,Pharma,SME,,,SG,Singapore,SE Asia,APAC,Sofia Tanaka,sofia.tanaka@meridiangl.com,A,15,Spot,2024-09-06,2025-02-16,9999-12-31,1,2,4007
CUS3073,Cedarline Garments LLC,NVOCC,Textiles,Mid-Market,CUS1029,Hillcrest Retail Inc,NL,Netherlands,N Europe,EMEA,Ahmed Rossi,ahmed.rossi@meridiangl.com,D,15,Long-Term Contract,2019-03-22,2019-03-22,2023-03-20,0,1,4008
CUS3073,Cedarline Garments LLC,NVOCC,Textiles,National,CUS1029,Hillcrest Retail Inc,NL,Netherlands,N Europe,EMEA,Elena Berg,elena.berg@meridiangl.com,A,15,Long-Term Contract,2019-03-22,2023-03-21,9999-12-31,1,2,4009
CUS3074,Aurora Retail Co.,3PL,Retail,SME,,,VN,Vietnam,SE Asia,APAC,Ahmed Torres,ahmed.torres@meridiangl.com,D,30,Spot,2015-09-23,2015-09-23,2018-04-28,0,1,4010
CUS3074,Aurora Retail Co.,3PL,Retail,SME,,,VN,Vietnam,SE Asia,APAC,Yuki Kowalski,yuki.kowalski@meridiangl.com,D,30,Spot,2015-09-23,2018-04-29,9999-12-31,1,2,4011
CUS3075,Ashgrove Trading Ltd,3PL,Retail,SME,CUS0791,Hillcrest Engineering Group,NZ,New Zealand,Oceania,ANZ,Ahmed Novak,ahmed.novak@meridiangl.com,B,60,Spot,2019-03-21,2019-03-21,9999-12-31,1,1,4012
CUS3076,Hillcrest Life Sciences Corp,BCO,Pharma,SME,,,NZ,New Zealand,Oceania,ANZ,Fatima Tanaka,fatima.tanaka@meridiangl.com,C,30,Spot,2017-03-10,2017-03-10,9999-12-31,1,1,4013
CUS3077,Nova Metals S.A.,NVOCC,Metals,Mid-Market,,,HK,Hong Kong,East Asia,APAC,Elena O'Brien,elena.obrien@meridiangl.com,D,0,Long-Term Contract,2015-09-10,2015-09-10,9999-12-31,1,1,4014
CUS3078,Ivyhill Life Sciences Holdings,SME Direct,Pharma,National,CUS1857,Thornwell Consumer Goods Ltd,AE,United Arab Emirates,Middle East,EMEA,Priya O'Brien,priya.obrien@meridiangl.com,C,45,Long-Term Contract,2015-05-04,2015-05-04,9999-12-31,1,1,4015
CUS3079,Southwick FMCG Co.,SME Direct,FMCG,SME,,,AE,United Arab Emirates,Middle East,EMEA,Fatima Haddad,fatima.haddad@meridiangl.com,D,0,Spot,2022-01-13,2022-01-13,9999-12-31,1,1,4016
CUS3080,Millbrook Alloys LLC,BCO,Metals,National,,,IT,Italy,Mediterranean,EMEA,Yuki Kowalski,yuki.kowalski@meridiangl.com,A,30,Named Account Tariff,2023-04-19,2023-04-19,9999-12-31,1,1,4017
CUS3081,Ironwood Electronics GmbH,BCO,Electronics,SME,CUS1280,Equator Automotive Corp,ZA,South Africa,Africa,EMEA,Priya O'Brien,priya.obrien@meridiangl.com,D,0,Spot,2015-02-11,2015-02-11,2021-08-28,0,1,4018
CUS3081,Ironwood Electronics GmbH,BCO,Electronics,National,CUS1280,Equator Automotive Corp,ZA,South Africa,Africa,EMEA,Priya O'Brien,priya.obrien@meridiangl.com,C,0,Spot,2015-02-11,2021-08-29,9999-12-31,1,2,4019
CUS3082,Southwick Metals B.V.,3PL,Metals,SME,,,TH,Thailand,SE Asia,APAC,Diego Yamamoto,diego.yamamoto@meridiangl.com,D,15,Spot,2019-02-19,2019-02-19,9999-12-31,1,1,4020
CUS3083,Deerfield Consumer Goods Corp,Freight Forwarder,FMCG,SME,,,US,United States,N America East,Americas,Ahmed Rossi,ahmed.rossi@meridiangl.com,D,30,Long-Term Contract,2019-05-08,2019-05-08,9999-12-31,1,1,4021
CUS3084,Onyx Electronics B.V.,3PL,Electronics,SME,,,US,United States,N America East,Americas,Wei Tanaka,wei.tanaka@meridiangl.com,D,30,Spot,2016-05-10,2016-05-10,9999-12-31,1,1,4022
CUS3085,Harborview FMCG Ltd,BCO,FMCG,Mid-Market,,,TW,Taiwan,East Asia,APAC,Yuki Kowalski,yuki.kowalski@meridiangl.com,D,0,Named Account Tariff,2019-08-07,2019-08-07,9999-12-31,1,1,4023
CUS3086,Valleyforge Garments Group,3PL,Textiles,National,,,IT,Italy,Mediterranean,EMEA,Ahmed Rossi,ahmed.rossi@meridiangl.com,B,30,Long-Term Contract,2019-02-03,2019-02-03,9999-12-31,1,1,4024
CUS3087,Hillcrest Metals PLC,SME Direct,Metals,SME,CUS0364,Aurora Mercantile Ltd,SA,Saudi Arabia,Middle East,EMEA,Sofia Ferreira,sofia.ferreira@meridiangl.com,C,60,Spot,2021-05-08,2021-05-08,9999-12-31,1,1,4025
CUS3088,Hillcrest Chemical Industries B.V.,Freight Forwarder,Chemicals,National,,,CL,Chile,LatAm West,Americas,Ingrid O'Brien,ingrid.obrien@meridiangl.com,B,45,Spot,2019-01-01,2019-01-01,9999-12-31,1,1,4026
CUS3089,Northgate Engineering PLC,BCO,Machinery,SME,,,MX,Mexico,LatAm West,Americas,Ahmed Tanaka,ahmed.tanaka@meridiangl.com,D,0,Spot,2018-05-28,2018-05-28,9999-12-31,1,1,4027
CUS3090,Nightingale Energy Co.,Freight Forwarder,Energy,Mid-Market,,,GB,United Kingdom,N Europe,EMEA,Ingrid Tanaka,ingrid.tanaka@meridiangl.com,B,15,Spot,2017-03-20,2017-03-20,2019-05-28,0,1,4028
CUS3090,Nightingale Energy Co.,Freight Forwarder,Energy,Mid-Market,,,GB,United Kingdom,N Europe,EMEA,Ingrid Tanaka,ingrid.tanaka@meridiangl.com,A,15,Spot,2017-03-20,2019-05-29,9999-12-31,1,2,4029
CUS3091,Eastridge Garments Ltd,BCO,Textiles,National,CUS3191,Onyx Auto Parts S.A.,JP,Japan,East Asia,APAC,Ahmed Nguyen,ahmed.nguyen@meridiangl.com,B,45,Named Account Tariff,2026-07-11,2026-07-11,9999-12-31,1,1,4030
CUS3092,Granite Electronics GmbH,Freight Forwarder,Electronics,SME,,,IN,India,South Asia,APAC,James Tanaka,james.tanaka@meridiangl.com,C,15,Named Account Tariff,2020-01-08,2020-01-08,2020-02-16,0,1,4031
CUS3092,Granite Electronics GmbH,Freight Forwarder,Electronics,SME,,,IN,India,South Asia,APAC,Raj Kim,raj.kim@meridiangl.com,A,15,Spot,2020-01-08,2020-02-17,9999-12-31,1,2,4032
CUS3093,Millbrook Electronics LLC,Freight Forwarder,Electronics,SME,,,CL,Chile,LatAm West,Americas,Sofia Tanaka,sofia.tanaka@meridiangl.com,A,60,Named Account Tariff,2018-06-04,2018-06-04,2025-06-03,0,1,4033
CUS3093,Millbrook Electronics LLC,Freight Forwarder,Electronics,National,,,CL,Chile,LatAm West,Americas,Wei Tanaka,wei.tanaka@meridiangl.com,D,60,Spot,2018-06-04,2025-06-04,9999-12-31,1,2,4034
CUS3094,Everest Steel Group,BCO,Metals,SME,,,CA,Canada,N America East,Americas,Diego Kowalski,diego.kowalski@meridiangl.com,C,45,Named Account Tariff,2024-05-27,2024-05-27,9999-12-31,1,1,4035
CUS3095,Oakford Apparel GmbH,3PL,Textiles,Mid-Market,,,IT,Italy,Mediterranean,EMEA,Ahmed Rossi,ahmed.rossi@meridiangl.com,B,30,Named Account Tariff,2022-01-08,2022-01-08,9999-12-31,1,1,4036
CUS3096,Thornwell Agri-Foods Group,BCO,Agriculture,Mid-Market,CUS2578,Dockside Power Ltd,NL,Netherlands,N Europe,EMEA,Diego Kowalski,diego.kowalski@meridiangl.com,B,15,Spot,2026-07-17,2026-07-17,9999-12-31,1,1,4037
CUS3097,Glenmoor Textiles Corp,Freight Forwarder,Textiles,SME,,,CA,Canada,N America East,Americas,Elena Haddad,elena.haddad@meridiangl.com,B,45,Spot,2016-09-26,2016-09-26,2017-09-16,0,1,4038
CUS3097,Glenmoor Textiles Corp,Freight Forwarder,Textiles,SME,,,CA,Canada,N America East,Americas,Maria Sharma,maria.sharma@meridiangl.com,D,45,Spot,2016-09-26,2017-09-17,9999-12-31,1,2,4039
CUS3098,Aurora Alloys PLC,Freight Forwarder,Metals,National,,,TW,Taiwan,East Asia,APAC,Kenji Tanaka,kenji.tanaka@meridiangl.com,B,60,Long-Term Contract,2019-01-24,2019-01-24,9999-12-31,1,1,4040
CUS3099,Solstice Garments B.V.,3PL,Textiles,Mid-Market,,,AE,United Arab Emirates,Middle East,EMEA,Diego Kowalski,diego.kowalski@meridiangl.com,C,60,Named Account Tariff,2019-03-22,2019-03-22,2020-05-26,0,1,4041
CUS3099,Solstice Garments B.V.,3PL,Textiles,Mid-Market,,,AE,United Arab Emirates,Middle East,EMEA,Diego Kowalski,diego.kowalski@meridiangl.com,D,60,Spot,2019-03-22,2020-05-27,9999-12-31,1,2,4042
CUS3100,Voyager Chemical Industries LLC,Freight Forwarder,Chemicals,SME,CUS0265,Westbrook Pharma Group,US,United States,N America East,Americas,Diego Yamamoto,diego.yamamoto@meridiangl.com,B,0,Spot,2015-11-01,2015-11-01,9999-12-31,1,1,4043
CUS3101,Foxrun Pharmaceuticals Holdings,BCO,Pharma,Mid-Market,CUS0291,Vantage Engineering Pte Ltd,IN,India,South Asia,APAC,Carlos Al-Farsi,carlos.al-farsi@meridiangl.com,B,45,Spot,2018-09-19,2018-09-19,9999-12-31,1,1,4044
CUS3102,Juniper Motors B.V.,BCO,Automotive,Mid-Market,,,DE,Germany,N Europe,EMEA,Ahmed Nguyen,ahmed.nguyen@meridiangl.com,C,15,Spot,2021-12-27,2021-12-27,9999-12-31,1,1,4045
CUS3103,Cobalt Chemicals B.V.,3PL,Chemicals,Global Key Account,,,FR,France,N Europe,EMEA,Fatima O'Brien,fatima.obrien@meridiangl.com,A,45,Named Account Tariff,2018-11-27,2018-11-27,2023-11-18,0,1,4046
CUS3103,Cobalt Chemicals B.V.,3PL,Chemicals,Global Key Account,,,FR,France,N Europe,EMEA,Ingrid Tanaka,ingrid.tanaka@meridiangl.com,D,45,Long-Term Contract,2018-11-27,2023-11-19,9999-12-31,1,2,4047
CUS3104,Kingswell Semiconductor Group,NVOCC,Electronics,SME,,,DE,Germany,N Europe,EMEA,James Larsson,james.larsson@meridiangl.com,C,15,Spot,2021-04-19,2021-04-19,2026-01-24,0,1,4048
CUS3104,Kingswell Semiconductor Group,NVOCC,Electronics,National,,,DE,Germany,N Europe,EMEA,Ingrid Nguyen,ingrid.nguyen@meridiangl.com,B,15,Long-Term Contract,2021-04-19,2026-01-25,9999-12-31,1,2,4049
CUS3105,Ivyhill Electronics Inc,Freight Forwarder,Electronics,SME,,,CA,Canada,N America East,Americas,Elena Haddad,elena.haddad@meridiangl.com,A,45,Named Account Tariff,2022-06-15,2022-06-15,9999-12-31,1,1,4050
CUS3106,Monsoon Motors Holdings,Freight Forwarder,Automotive,SME,,,BE,Belgium,N Europe,EMEA,Carlos Haddad,carlos.haddad@meridiangl.com,D,15,Spot,2026-02-01,2026-02-01,9999-12-31,1,1,4051
CUS3107,Junction Agri-Foods LLC,BCO,Agriculture,Mid-Market,,,TR,Turkey,Mediterranean,EMEA,Raj Kim,raj.kim@meridiangl.com,B,30,Spot,2025-12-26,2025-12-26,9999-12-31,1,1,4052
CUS3108,Underhill Engineering Co.,Freight Forwarder,Machinery,Global Key Account,,,ES,Spain,Mediterranean,EMEA,Diego Kowalski,diego.kowalski@meridiangl.com,A,45,Long-Term Contract,2018-06-04,2018-06-04,9999-12-31,1,1,4053
CUS3109,Cobalt Textiles Corp,BCO,Textiles,Global Key Account,,,DE,Germany,N Europe,EMEA,Liam O'Brien,liam.obrien@meridiangl.com,B,15,Long-Term Contract,2015-03-14,2015-03-14,9999-12-31,1,1,4054
CUS3110,Southwick Technologies Holdings,SME Direct,Electronics,Mid-Market,,,TH,Thailand,SE Asia,APAC,Elena Tanaka,elena.tanaka@meridiangl.com,C,0,Named Account Tariff,2015-08-08,2015-08-08,9999-12-31,1,1,4055
CUS3111,Granite Metals Corp,BCO,Metals,SME,,,JP,Japan,East Asia,APAC,Ingrid O'Brien,ingrid.obrien@meridiangl.com,C,0,Long-Term Contract,2018-12-12,2018-12-12,9999-12-31,1,1,4056
CUS3112,Nova Farms Corp,BCO,Agriculture,SME,,,AE,United Arab Emirates,Middle East,EMEA,Fatima O'Brien,fatima.obrien@meridiangl.com,C,30,Spot,2016-05-06,2016-05-06,9999-12-31,1,1,4057
CUS3113,Northgate Apparel Pte Ltd,BCO,Textiles,SME,CUS1586,Cedarline Alloys GmbH,SG,Singapore,SE Asia,APAC,Wei Silva,wei.silva@meridiangl.com,C,30,Long-Term Contract,2018-09-25,2018-09-25,9999-12-31,1,1,4058
CUS3114,Elmfield Metals S.A.,BCO,Metals,Mid-Market,CUS2628,Junction Steel Inc,TW,Taiwan,East Asia,APAC,Ingrid O'Brien,ingrid.obrien@meridiangl.com,B,0,Named Account Tariff,2026-07-26,2026-07-26,9999-12-31,1,1,4059
CUS3115,Wellspring Pharma Inc,NVOCC,Pharma,Mid-Market,,,HK,Hong Kong,East Asia,APAC,Carlos Sharma,carlos.sharma@meridiangl.com,C,30,Spot,2024-06-12,2024-06-12,9999-12-31,1,1,4060
CUS3116,Clearwater Automotive Holdings,NVOCC,Automotive,National,,,CA,Canada,N America East,Americas,Fatima Tanaka,fatima.tanaka@meridiangl.com,B,30,Spot,2026-01-22,2026-01-22,9999-12-31,1,1,4061
CUS3117,Palisade Engineering Pte Ltd,SME Direct,Machinery,SME,,,DE,Germany,N Europe,EMEA,Ahmed Novak,ahmed.novak@meridiangl.com,C,45,Long-Term Contract,2015-03-18,2015-03-18,9999-12-31,1,1,4062
CUS3118,Redwood Petrochemicals GmbH,BCO,Energy,Mid-Market,,,IN,India,South Asia,APAC,Carlos Haddad,carlos.haddad@meridiangl.com,B,0,Named Account Tariff,2020-04-03,2020-04-03,9999-12-31,1,1,4063
CUS3119,Greystone Garments Corp,SME Direct,Textiles,Mid-Market,,,AU,Australia,Oceania,ANZ,Wei Tanaka,wei.tanaka@meridiangl.com,C,0,Named Account Tariff,2015-11-30,2015-11-30,9999-12-31,1,1,4064
CUS3120,Dockside Technologies Pte Ltd,3PL,Electronics,Mid-Market,,,ZA,South Africa,Africa,EMEA,Grace Osei,grace.osei@meridiangl.com,C,30,Spot,2019-08-18,2019-08-18,9999-12-31,1,1,4065
CUS3121,Harborview Automotive LLC,3PL,Automotive,SME,CUS2318,Juniper Motors S.A.,MY,Malaysia,SE Asia,APAC,Hassan Nguyen,hassan.nguyen@meridiangl.com,D,15,Spot,2016-12-30,2016-12-30,9999-12-31,1,1,4066
CUS3122,Lakemoor Power LLC,3PL,Energy,SME,,,SA,Saudi Arabia,Middle East,EMEA,Elena O'Brien,elena.obrien@meridiangl.com,C,45,Long-Term Contract,2020-06-23,2020-06-23,2020-10-31,0,1,4067
CUS3122,Lakemoor Power LLC,3PL,Energy,SME,,,SA,Saudi Arabia,Middle East,EMEA,Elena O'Brien,elena.obrien@meridiangl.com,C,45,Named Account Tariff,2020-06-23,2020-11-01,9999-12-31,1,2,4068
CUS3123,Juniper Foods Group,BCO,FMCG,Mid-Market,,,CA,Canada,N America East,Americas,Ahmed Nguyen,ahmed.nguyen@meridiangl.com,C,0,Spot,2018-10-19,2018-10-19,2021-08-01,0,1,4069
CUS3123,Juniper Foods Group,BCO,FMCG,SME,,,CA,Canada,N America East,Americas,Fatima O'Brien,fatima.obrien@meridiangl.com,D,0,Long-Term Contract,2018-10-19,2021-08-02,9999-12-31,1,2,4070
CUS3124,Elmfield Technologies Holdings,BCO,Electronics,SME,,,SG,Singapore,SE Asia,APAC,Yuki Torres,yuki.torres@meridiangl.com,D,0,Named Account Tariff,2023-07-01,2023-07-01,9999-12-31,1,1,4071
CUS3125,Aurora Foods Group,Freight Forwarder,FMCG,Mid-Market,,,MX,Mexico,LatAm West,Americas,Ahmed Rossi,ahmed.rossi@meridiangl.com,C,30,Spot,2020-08-02,2020-08-02,9999-12-31,1,1,4072
CUS3126,Elmfield Retail Co.,BCO,Retail,Mid-Market,,,NZ,New Zealand,Oceania,ANZ,Ingrid Nguyen,ingrid.nguyen@meridiangl.com,C,15,Spot,2016-04-24,2016-04-24,9999-12-31,1,1,4073
CUS3127,Greystone Apparel GmbH,SME Direct,Textiles,SME,CUS0384,Nova Machinery S.A.,CN,China,East Asia,APAC,Ahmed Rossi,ahmed.rossi@meridiangl.com,B,45,Spot,2019-07-26,2019-07-26,9999-12-31,1,1,4074
CUS3128,Cobalt Agro Corp,BCO,Agriculture,Mid-Market,CUS2578,Dockside Power Ltd,TR,Turkey,Mediterranean,EMEA,Yuki Torres,yuki.torres@meridiangl.com,B,60,Spot,2018-06-25,2018-06-25,9999-12-31,1,1,4075
CUS3129,Cedarline Electronics PLC,BCO,Electronics,Mid-Market,,,ES,Spain,Mediterranean,EMEA,Carlos Sharma,carlos.sharma@meridiangl.com,D,30,Named Account Tariff,2023-04-19,2023-04-19,9999-12-31,1,1,4076
CUS3130,Marlowe Trading Holdings,BCO,Retail,National,,,IT,Italy,Mediterranean,EMEA,Fatima Tanaka,fatima.tanaka@meridiangl.com,C,15,Long-Term Contract,2023-06-03,2023-06-03,9999-12-31,1,1,4077
CUS3131,Junction Automotive S.A.,Freight Forwarder,Automotive,Mid-Market,,,HK,Hong Kong,East Asia,APAC,Ahmed Rossi,ahmed.rossi@meridiangl.com,D,15,Named Account Tariff,2020-09-17,2020-09-17,2021-02-04,0,1,4078
CUS3131,Junction Automotive S.A.,Freight Forwarder,Automotive,SME,,,HK,Hong Kong,East Asia,APAC,Ahmed Rossi,ahmed.rossi@meridiangl.com,A,15,Named Account Tariff,2020-09-17,2021-02-05,9999-12-31,1,2,4079
CUS3132,Ashford Retail Co.,3PL,Retail,Mid-Market,,,NZ,New Zealand,Oceania,ANZ,Elena Haddad,elena.haddad@meridiangl.com,B,30,Spot,2018-02-15,2018-02-15,2022-02-12,0,1,4080
CUS3132,Ashford Retail Co.,3PL,Retail,SME,,,NZ,New Zealand,Oceania,ANZ,Yuki Ramirez,yuki.ramirez@meridiangl.com,B,30,Spot,2018-02-15,2022-02-13,9999-12-31,1,2,4081
CUS3133,Kingswell Power Holdings,NVOCC,Energy,SME,,,DE,Germany,N Europe,EMEA,Elena Haddad,elena.haddad@meridiangl.com,B,15,Spot,2023-01-29,2023-01-29,9999-12-31,1,1,4082
CUS3134,Foxrun Chemicals Group,BCO,Chemicals,SME,,,VN,Vietnam,SE Asia,APAC,Yuki Torres,yuki.torres@meridiangl.com,B,15,Named Account Tariff,2024-06-26,2024-06-26,9999-12-31,1,1,4083
CUS3135,Harborview Chemicals GmbH,SME Direct,Chemicals,SME,,,MX,Mexico,LatAm West,Americas,Anna Berg,anna.berg@meridiangl.com,D,15,Named Account Tariff,2020-04-02,2020-04-02,2024-08-21,0,1,4084
CUS3135,Harborview Chemicals GmbH,SME Direct,Chemicals,Mid-Market,,,MX,Mexico,LatAm West,Americas,Elena Tanaka,elena.tanaka@meridiangl.com,A,15,Spot,2020-04-02,2024-08-22,9999-12-31,1,2,4085
CUS3136,Wellspring Power GmbH,BCO,Energy,Mid-Market,,,DE,Germany,N Europe,EMEA,Sofia Larsson,sofia.larsson@meridiangl.com,C,30,Spot,2019-11-11,2019-11-11,9999-12-31,1,1,4086
CUS3137,Palisade Mercantile B.V.,BCO,Retail,SME,,,GB,United Kingdom,N Europe,EMEA,Ingrid Tanaka,ingrid.tanaka@meridiangl.com,D,15,Spot,2022-08-04,2022-08-04,2024-03-16,0,1,4087
CUS3137,Palisade Mercantile B.V.,BCO,Retail,SME,,,GB,United Kingdom,N Europe,EMEA,Ingrid O'Brien,ingrid.obrien@meridiangl.com,D,15,Long-Term Contract,2022-08-04,2024-03-17,9999-12-31,1,2,4088
CUS3138,Underhill Chemical Industries Inc,Freight Forwarder,Chemicals,Mid-Market,,,IN,India,South Asia,APAC,James Larsson,james.larsson@meridiangl.com,C,15,Spot,2020-02-19,2020-02-19,9999-12-31,1,1,4089
CUS3139,Marlowe Auto Parts S.A.,BCO,Automotive,SME,,,MX,Mexico,LatAm West,Americas,Ingrid Osei,ingrid.osei@meridiangl.com,C,30,Spot,2017-05-22,2017-05-22,2022-04-16,0,1,4090
CUS3139,Marlowe Auto Parts S.A.,BCO,Automotive,National,,,MX,Mexico,LatAm West,Americas,Ingrid Osei,ingrid.osei@meridiangl.com,C,30,Long-Term Contract,2017-05-22,2022-04-17,9999-12-31,1,2,4091
CUS3140,Thornwell Agro B.V.,NVOCC,Agriculture,Mid-Market,CUS0265,Westbrook Pharma Group,SG,Singapore,SE Asia,APAC,Grace Osei,grace.osei@meridiangl.com,C,15,Named Account Tariff,2024-10-18,2024-10-18,2025-04-22,0,1,4092
CUS3140,Thornwell Agro B.V.,NVOCC,Agriculture,National,CUS0265,Westbrook Pharma Group,SG,Singapore,SE Asia,APAC,Elena Tanaka,elena.tanaka@meridiangl.com,B,15,Spot,2024-10-18,2025-04-23,9999-12-31,1,2,4093
CUS3141,Equator Technologies LLC,3PL,Electronics,Mid-Market,CUS1074,Ironwood Life Sciences B.V.,ZA,South Africa,Africa,EMEA,Yuki Ramirez,yuki.ramirez@meridiangl.com,C,30,Named Account Tariff,2020-03-17,2020-03-17,9999-12-31,1,1,4094
CUS3142,Aurora Retail S.A.,NVOCC,Retail,SME,,,MY,Malaysia,SE Asia,APAC,Ahmed Novak,ahmed.novak@meridiangl.com,D,15,Spot,2026-01-29,2026-01-29,9999-12-31,1,1,4095
CUS3143,Westbrook Foods S.A.,Freight Forwarder,FMCG,National,,,MX,Mexico,LatAm West,Americas,Carlos Al-Farsi,carlos.al-farsi@meridiangl.com,D,15,Named Account Tariff,2018-01-06,2018-01-06,9999-12-31,1,1,4096
CUS3144,Voyager Farms Group,BCO,Agriculture,Mid-Market,,,CL,Chile,LatAm West,Americas,Sofia Larsson,sofia.larsson@meridiangl.com,B,15,Named Account Tariff,2022-02-05,2022-02-05,2023-07-26,0,1,4097
CUS3144,Voyager Farms Group,BCO,Agriculture,SME,,,CL,Chile,LatAm West,Americas,Sofia Larsson,sofia.larsson@meridiangl.com,B,15,Named Account Tariff,2022-02-05,2023-07-27,9999-12-31,1,2,4098
CUS3145,Quarrystone FMCG Holdings,Freight Forwarder,FMCG,Mid-Market,,,ID,Indonesia,SE Asia,APAC,Priya O'Brien,priya.obrien@meridiangl.com,C,15,Long-Term Contract,2017-01-30,2017-01-30,9999-12-31,1,1,4099
CUS3146,Ironbridge Stores Ltd,SME Direct,Retail,Mid-Market,,,VN,Vietnam,SE Asia,APAC,Fatima Haddad,fatima.haddad@meridiangl.com,B,30,Named Account Tariff,2022-05-12,2022-05-12,2024-09-14,0,1,4100
CUS3146,Ironbridge Stores Ltd,SME Direct,Retail,SME,,,VN,Vietnam,SE Asia,APAC,Carlos Ferreira,carlos.ferreira@meridiangl.com,B,30,Named Account Tariff,2022-05-12,2024-09-15,9999-12-31,1,2,4101
CUS3147,Oakford Alloys Group,3PL,Metals,National,,,NL,Netherlands,N Europe,EMEA,Fatima Haddad,fatima.haddad@meridiangl.com,C,45,Long-Term Contract,2018-07-22,2018-07-22,9999-12-31,1,1,4102
CUS3148,Underhill Agri-Foods Group,NVOCC,Agriculture,National,,,HK,Hong Kong,East Asia,APAC,Maria Sharma,maria.sharma@meridiangl.com,D,0,Named Account Tariff,2018-08-12,2018-08-12,2023-03-15,0,1,4103
CUS3148,Underhill Agri-Foods Group,NVOCC,Agriculture,SME,,,HK,Hong Kong,East Asia,APAC,Hassan Silva,hassan.silva@meridiangl.com,A,0,Long-Term Contract,2018-08-12,2023-03-16,9999-12-31,1,2,4104
CUS3149,Aurora Motors Corp,NVOCC,Automotive,National,,,IN,India,South Asia,APAC,Carlos Al-Farsi,carlos.al-farsi@meridiangl.com,B,0,Spot,2016-02-19,2016-02-19,9999-12-31,1,1,4105
CUS3150,Sentinel Farms Pte Ltd,Freight Forwarder,Agriculture,National,,,ZA,South Africa,Africa,EMEA,Ahmed Nguyen,ahmed.nguyen@meridiangl.com,A,15,Named Account Tariff,2015-07-01,2015-07-01,2019-07-24,0,1,4106
CUS3150,Sentinel Farms Pte Ltd,Freight Forwarder,Agriculture,National,,,ZA,South Africa,Africa,EMEA,Ahmed Nguyen,ahmed.nguyen@meridiangl.com,A,15,Spot,2015-07-01,2019-07-25,9999-12-31,1,2,4107
CUS3151,Millbrook Auto Parts Corp,NVOCC,Automotive,SME,,,US,United States,N America East,Americas,Diego Kowalski,diego.kowalski@meridiangl.com,C,30,Spot,2018-10-15,2018-10-15,9999-12-31,1,1,4108
CUS3152,Brightwater Pharmaceuticals Holdings,BCO,Pharma,Mid-Market,,,CA,Canada,N America East,Americas,Liam O'Brien,liam.obrien@meridiangl.com,D,0,Named Account Tariff,2021-07-19,2021-07-19,2025-06-07,0,1,4109
CUS3152,Brightwater Pharmaceuticals Holdings,BCO,Pharma,Mid-Market,,,CA,Canada,N America East,Americas,Liam O'Brien,liam.obrien@meridiangl.com,A,0,Named Account Tariff,2021-07-19,2025-06-08,9999-12-31,1,2,4110
CUS3153,Elmfield Stores GmbH,SME Direct,Retail,SME,,,GB,United Kingdom,N Europe,EMEA,Elena O'Brien,elena.obrien@meridiangl.com,C,15,Spot,2019-06-03,2019-06-03,9999-12-31,1,1,4111
CUS3154,Beacon Pharma PLC,SME Direct,Pharma,Mid-Market,,,VN,Vietnam,SE Asia,APAC,Priya O'Brien,priya.obrien@meridiangl.com,C,15,Long-Term Contract,2025-12-16,2025-12-16,9999-12-31,1,1,4112
CUS3155,Nova Agro Pte Ltd,BCO,Agriculture,Mid-Market,,,BR,Brazil,LatAm East,Americas,Ahmed Nguyen,ahmed.nguyen@meridiangl.com,B,60,Spot,2020-11-08,2020-11-08,9999-12-31,1,1,4113
CUS3156,Foxrun Technologies GmbH,NVOCC,Electronics,Mid-Market,,,TH,Thailand,SE Asia,APAC,Ahmed Novak,ahmed.novak@meridiangl.com,C,15,Spot,2016-12-24,2016-12-24,9999-12-31,1,1,4114
CUS3157,Vantage Chemicals Ltd,3PL,Chemicals,Mid-Market,,,TW,Taiwan,East Asia,APAC,Ingrid O'Brien,ingrid.obrien@meridiangl.com,C,0,Named Account Tariff,2020-01-04,2020-01-04,9999-12-31,1,1,4115
CUS3158,Elmfield Textiles Group,BCO,Textiles,Mid-Market,,,US,United States,N America East,Americas,Ingrid Ferreira,ingrid.ferreira@meridiangl.com,B,45,Spot,2026-05-21,2026-05-21,9999-12-31,1,1,4116
CUS3159,Dockside Life Sciences Corp,Freight Forwarder,Pharma,Mid-Market,,,NL,Netherlands,N Europe,EMEA,Elena Berg,elena.berg@meridiangl.com,D,15,Long-Term Contract,2017-07-07,2017-07-07,9999-12-31,1,1,4117
CUS3160,Glenmoor Chemicals Pte Ltd,BCO,Chemicals,Mid-Market,,,AU,Australia,Oceania,ANZ,Elena Tanaka,elena.tanaka@meridiangl.com,C,15,Named Account Tariff,2023-07-15,2023-07-15,9999-12-31,1,1,4118
CUS3161,Quarrystone Agri-Foods Pte Ltd,NVOCC,Agriculture,National,,,ZA,South Africa,Africa,EMEA,Sofia Tanaka,sofia.tanaka@meridiangl.com,C,30,Long-Term Contract,2016-06-13,2016-06-13,9999-12-31,1,1,4119
CUS3162,Marlowe Industrial Group,BCO,Machinery,Mid-Market,CUS0535,Thornwell FMCG PLC,NL,Netherlands,N Europe,EMEA,Hassan Silva,hassan.silva@meridiangl.com,B,30,Long-Term Contract,2015-07-27,2015-07-27,2023-08-24,0,1,4120
CUS3162,Marlowe Industrial Group,BCO,Machinery,National,CUS0535,Thornwell FMCG PLC,NL,Netherlands,N Europe,EMEA,Diego Patel,diego.patel@meridiangl.com,B,30,Spot,2015-07-27,2023-08-25,9999-12-31,1,2,4121
CUS3163,Onyx Farms Co.,Freight Forwarder,Agriculture,Mid-Market,,,NL,Netherlands,N Europe,EMEA,Liam O'Brien,liam.obrien@meridiangl.com,B,30,Spot,2024-06-30,2024-06-30,9999-12-31,1,1,4122
CUS3164,Marlowe Farms LLC,BCO,Agriculture,SME,,,FR,France,N Europe,EMEA,Sofia Larsson,sofia.larsson@meridiangl.com,D,0,Spot,2020-05-22,2020-05-22,2022-03-24,0,1,4123
CUS3164,Marlowe Farms LLC,BCO,Agriculture,Mid-Market,,,FR,France,N Europe,EMEA,Yuki Kowalski,yuki.kowalski@meridiangl.com,A,0,Spot,2020-05-22,2022-03-25,9999-12-31,1,2,4124
CUS3165,Granite Automotive Group,BCO,Automotive,Mid-Market,CUS1412,Mosaic Pharmaceuticals PLC,ID,Indonesia,SE Asia,APAC,Ingrid Tanaka,ingrid.tanaka@meridiangl.com,C,30,Long-Term Contract,2019-11-20,2019-11-20,9999-12-31,1,1,4125
CUS3166,Sentinel Mercantile LLC,Freight Forwarder,Retail,Mid-Market,,,GB,United Kingdom,N Europe,EMEA,Diego Kowalski,diego.kowalski@meridiangl.com,C,30,Named Account Tariff,2026-03-11,2026-03-11,9999-12-31,1,1,4126
CUS3167,Glenmoor Textiles Ltd,BCO,Textiles,Mid-Market,,,NL,Netherlands,N Europe,EMEA,Hassan Silva,hassan.silva@meridiangl.com,B,30,Long-Term Contract,2019-01-25,2019-01-25,9999-12-31,1,1,4127
CUS3168,Nightingale Engineering B.V.,SME Direct,Machinery,Mid-Market,,,NZ,New Zealand,Oceania,ANZ,Elena Haddad,elena.haddad@meridiangl.com,C,0,Spot,2016-02-23,2016-02-23,9999-12-31,1,1,4128
CUS3169,Everest Machinery Group,SME Direct,Machinery,National,,,FR,France,N Europe,EMEA,Grace Larsson,grace.larsson@meridiangl.com,D,30,Long-Term Contract,2015-11-04,2015-11-04,9999-12-31,1,1,4129
CUS3170,Eastridge Foods Ltd,BCO,FMCG,National,,,VN,Vietnam,SE Asia,APAC,Ingrid Ferreira,ingrid.ferreira@meridiangl.com,A,30,Named Account Tariff,2015-02-09,2015-02-09,2026-07-05,0,1,4130
CUS3170,Eastridge Foods Ltd,BCO,FMCG,Mid-Market,,,VN,Vietnam,SE Asia,APAC,Ingrid Ferreira,ingrid.ferreira@meridiangl.com,C,30,Named Account Tariff,2015-02-09,2026-07-06,9999-12-31,1,2,4131
CUS3171,Cobalt Engineering S.A.,3PL,Machinery,SME,,,SA,Saudi Arabia,Middle East,EMEA,Sofia Larsson,sofia.larsson@meridiangl.com,D,0,Spot,2021-03-05,2021-03-05,9999-12-31,1,1,4132
CUS3172,Valleyforge Automotive Group,Freight Forwarder,Automotive,National,,,CA,Canada,N America East,Americas,Ingrid Ferreira,ingrid.ferreira@meridiangl.com,C,15,Long-Term Contract,2023-07-17,2023-07-17,9999-12-31,1,1,4133
CUS3173,Ashford Life Sciences S.A.,SME Direct,Pharma,National,,,CA,Canada,N America East,Americas,Carlos Ferreira,carlos.ferreira@meridiangl.com,A,60,Long-Term Contract,2022-12-22,2022-12-22,9999-12-31,1,1,4134
CUS3174,Quarrystone Retail Group,BCO,Retail,Mid-Market,,,AU,Australia,Oceania,ANZ,Raj Kim,raj.kim@meridiangl.com,A,60,Spot,2018-10-26,2018-10-26,9999-12-31,1,1,4135
CUS3175,Solstice Agro PLC,Freight Forwarder,Agriculture,National,,,ES,Spain,Mediterranean,EMEA,Ahmed Novak,ahmed.novak@meridiangl.com,C,0,Long-Term Contract,2018-11-07,2018-11-07,2024-05-09,0,1,4136
CUS3175,Solstice Agro PLC,Freight Forwarder,Agriculture,SME,,,ES,Spain,Mediterranean,EMEA,Ahmed Novak,ahmed.novak@meridiangl.com,C,0,Long-Term Contract,2018-11-07,2024-05-10,9999-12-31,1,2,4137
CUS3176,Sentinel Steel Holdings,NVOCC,Metals,National,,,BE,Belgium,N Europe,EMEA,Elena Haddad,elena.haddad@meridiangl.com,A,45,Long-Term Contract,2025-07-02,2025-07-02,9999-12-31,1,1,4138
CUS3177,Everest Mercantile PLC,BCO,Retail,Mid-Market,,,CL,Chile,LatAm West,Americas,Grace Osei,grace.osei@meridiangl.com,B,30,Named Account Tariff,2019-01-18,2019-01-18,9999-12-31,1,1,4139
CUS3178,Zenith Pharma LLC,BCO,Pharma,Mid-Market,,,KR,South Korea,East Asia,APAC,Diego Patel,diego.patel@meridiangl.com,D,0,Spot,2015-10-10,2015-10-10,2019-09-02,0,1,4140
CUS3178,Zenith Pharma LLC,BCO,Pharma,SME,,,KR,South Korea,East Asia,APAC,Fatima O'Brien,fatima.obrien@meridiangl.com,C,0,Long-Term Contract,2015-10-10,2019-09-03,9999-12-31,1,2,4141
CUS3179,Aurora Engineering Co.,BCO,Machinery,SME,,,MX,Mexico,LatAm West,Americas,Raj Kim,raj.kim@meridiangl.com,C,0,Spot,2015-04-12,2015-04-12,9999-12-31,1,1,4142
CUS3180,Thornwell Electronics Group,SME Direct,Electronics,SME,CUS3191,Onyx Auto Parts S.A.,BE,Belgium,N Europe,EMEA,Carlos Haddad,carlos.haddad@meridiangl.com,C,30,Named Account Tariff,2018-08-30,2018-08-30,9999-12-31,1,1,4143
CUS3181,Zenith Chemicals Co.,BCO,Chemicals,Mid-Market,,,BE,Belgium,N Europe,EMEA,Ahmed Nguyen,ahmed.nguyen@meridiangl.com,D,30,Named Account Tariff,2017-04-07,2017-04-07,2021-04-20,0,1,4144
CUS3181,Zenith Chemicals Co.,BCO,Chemicals,Mid-Market,,,BE,Belgium,N Europe,EMEA,Ahmed Nguyen,ahmed.nguyen@meridiangl.com,D,30,Long-Term Contract,2017-04-07,2021-04-21,9999-12-31,1,2,4145
CUS3182,Nightingale Engineering Holdings,Freight Forwarder,Machinery,SME,,,CL,Chile,LatAm West,Americas,Hassan Silva,hassan.silva@meridiangl.com,D,15,Spot,2017-05-03,2017-05-03,9999-12-31,1,1,4146
CUS3183,Lakemoor Textiles Co.,Freight Forwarder,Textiles,National,,,AE,United Arab Emirates,Middle East,EMEA,Ahmed Rossi,ahmed.rossi@meridiangl.com,A,45,Named Account Tariff,2016-04-29,2016-04-29,9999-12-31,1,1,4147
CUS3184,Lakemoor Alloys GmbH,3PL,Metals,SME,,,GB,United Kingdom,N Europe,EMEA,Carlos Sharma,carlos.sharma@meridiangl.com,C,0,Spot,2017-07-24,2017-07-24,9999-12-31,1,1,4148
CUS3185,Nova Agro Corp,NVOCC,Agriculture,Mid-Market,,,SG,Singapore,SE Asia,APAC,Elena O'Brien,elena.obrien@meridiangl.com,B,0,Named Account Tariff,2015-04-15,2015-04-15,9999-12-31,1,1,4149
CUS3186,Lonestar Electronics Pte Ltd,NVOCC,Electronics,National,,,AE,United Arab Emirates,Middle East,EMEA,Fatima Tanaka,fatima.tanaka@meridiangl.com,B,15,Long-Term Contract,2016-01-25,2016-01-25,9999-12-31,1,1,4150
CUS3187,Juniper Chemical Industries Corp,SME Direct,Chemicals,SME,CUS0640,Ashford Pharmaceuticals PLC,SG,Singapore,SE Asia,APAC,Yuki Ramirez,yuki.ramirez@meridiangl.com,C,30,Spot,2023-04-30,2023-04-30,9999-12-31,1,1,4151
CUS3188,Valleyforge Motors Co.,BCO,Automotive,Mid-Market,,,ID,Indonesia,SE Asia,APAC,Grace Osei,grace.osei@meridiangl.com,A,45,Named Account Tariff,2020-01-21,2020-01-21,9999-12-31,1,1,4152
CUS3189,Brightwater Pharma Holdings,SME Direct,Pharma,Mid-Market,,,AE,United Arab Emirates,Middle East,EMEA,Hassan Silva,hassan.silva@meridiangl.com,D,15,Long-Term Contract,2026-07-25,2026-07-25,9999-12-31,1,1,4153
CUS3190,Ridgemont Garments Corp,BCO,Textiles,Mid-Market,,,ES,Spain,Mediterranean,EMEA,Elena O'Brien,elena.obrien@meridiangl.com,C,15,Spot,2021-06-22,2021-06-22,9999-12-31,1,1,4154
CUS3191,Onyx Auto Parts S.A.,NVOCC,Automotive,Global Key Account,,,NZ,New Zealand,Oceania,ANZ,Ingrid Osei,ingrid.osei@meridiangl.com,B,15,Long-Term Contract,2023-12-11,2023-12-11,2024-09-01,0,1,4155
CUS3191,Onyx Auto Parts S.A.,NVOCC,Automotive,Global Key Account,,,NZ,New Zealand,Oceania,ANZ,Ingrid Osei,ingrid.osei@meridiangl.com,D,15,Long-Term Contract,2023-12-11,2024-09-02,9999-12-31,1,2,4156
CUS3192,Greystone Technologies Inc,SME Direct,Electronics,Mid-Market,CUS0931,Clearwater FMCG Inc,BE,Belgium,N Europe,EMEA,Priya Ferreira,priya.ferreira@meridiangl.com,D,0,Spot,2017-05-08,2017-05-08,2024-05-05,0,1,4157
CUS3192,Greystone Technologies Inc,SME Direct,Electronics,Mid-Market,CUS0931,Clearwater FMCG Inc,BE,Belgium,N Europe,EMEA,Fatima O'Brien,fatima.obrien@meridiangl.com,D,0,Spot,2017-05-08,2024-05-06,9999-12-31,1,2,4158
CUS3193,Deerfield Agri-Foods Holdings,SME Direct,Agriculture,Mid-Market,,,SG,Singapore,SE Asia,APAC,Fatima Chen,fatima.chen@meridiangl.com,D,15,Long-Term Contract,2018-01-13,2018-01-13,9999-12-31,1,1,4159
CUS3194,Marlowe Petrochemicals Co.,BCO,Energy,Mid-Market,CUS0905,Monsoon Electronics B.V.,GB,United Kingdom,N Europe,EMEA,Ingrid Nguyen,ingrid.nguyen@meridiangl.com,D,0,Named Account Tariff,2017-09-27,2017-09-27,9999-12-31,1,1,4160
CUS3195,Equator Alloys PLC,Freight Forwarder,Metals,Mid-Market,CUS1834,Ironwood Textiles Ltd,IN,India,South Asia,APAC,Priya Ferreira,priya.ferreira@meridiangl.com,B,15,Spot,2016-03-15,2016-03-15,2021-04-17,0,1,4161
CUS3195,Equator Alloys PLC,Freight Forwarder,Metals,Mid-Market,CUS1834,Ironwood Textiles Ltd,IN,India,South Asia,APAC,Priya Ferreira,priya.ferreira@meridiangl.com,B,15,Long-Term Contract,2016-03-15,2021-04-18,9999-12-31,1,2,4162
CUS3196,Hillcrest Power Inc,BCO,Energy,SME,,,TW,Taiwan,East Asia,APAC,Sofia Ferreira,sofia.ferreira@meridiangl.com,C,15,Spot,2018-09-29,2018-09-29,2025-11-14,0,1,4163
CUS3196,Hillcrest Power Inc,BCO,Energy,National,,,TW,Taiwan,East Asia,APAC,Elena O'Brien,elena.obrien@meridiangl.com,C,15,Long-Term Contract,2018-09-29,2025-11-15,9999-12-31,1,2,4164
CUS3197,Vantage Power GmbH,3PL,Energy,Mid-Market,CUS2862,Cobalt Petrochemicals S.A.,CL,Chile,LatAm West,Americas,Hassan Silva,hassan.silva@meridiangl.com,B,30,Spot,2019-03-09,2019-03-09,9999-12-31,1,1,4165
CUS3198,Wellspring Garments Ltd,BCO,Textiles,National,,,HK,Hong Kong,East Asia,APAC,Wei Silva,wei.silva@meridiangl.com,D,15,Spot,2020-11-11,2020-11-11,2025-09-10,0,1,4166
CUS3198,Wellspring Garments Ltd,BCO,Textiles,National,,,HK,Hong Kong,East Asia,APAC,Wei Silva,wei.silva@meridiangl.com,D,15,Long-Term Contract,2020-11-11,2025-09-11,9999-12-31,1,2,4167
CUS3199,Brookline Energy Inc,SME Direct,Energy,SME,,,ID,Indonesia,SE Asia,APAC,Wei Tanaka,wei.tanaka@meridiangl.com,B,45,Named Account Tariff,2022-03-06,2022-03-06,9999-12-31,1,1,4168
CUS3200,Harborview Electronics Pte Ltd,SME Direct,Electronics,Global Key Account,,,CA,Canada,N America East,Americas,Yuki Torres,yuki.torres@meridiangl.com,A,45,Long-Term Contract,2015-12-04,2015-12-04,2025-12-07,0,1,4169
CUS3200,Harborview Electronics Pte Ltd,SME Direct,Electronics,Global Key Account,,,CA,Canada,N America East,Americas,Elena Haddad,elena.haddad@meridiangl.com,D,45,Named Account Tariff,2015-12-04,2025-12-08,9999-12-31,1,2,4170
