DateKey,Date,Year,Quarter,QuarterName,Month,MonthName,MonthShort,MonthYear,MonthYearSort,Day,DayName,DayShort,DayOfWeek,DayOfYear,ISOWeek,ISOYear,ISOWeekLabel,ISOWeekSort,FiscalYear,FiscalQuarter,FiscalMonth,FiscalYearLabel,IsWeekend,IsMonthEnd,IsQuarterEnd,YearOffset,MonthOffset,WeekOffset,DayOffset,IsCurrentYear,IsCurrentMonth,IsLunarNewYearWindow,IsPeakSeason
20210101,2021-01-01,2021,1,Q1,1,January,Jan,Jan 2021,202101,1,Friday,Fri,5,1,53,2020,2020-W53,202053,2021,2,4,FY21,0,0,0,-5,-67,-294,-2057,0,0,0,0
20210102,2021-01-02,2021,1,Q1,1,January,Jan,Jan 2021,202101,2,Saturday,Sat,6,2,53,2020,2020-W53,202053,2021,2,4,FY21,1,0,0,-5,-67,-294,-2056,0,0,0,0
20210103,2021-01-03,2021,1,Q1,1,January,Jan,Jan 2021,202101,3,Sunday,Sun,7,3,53,2020,2020-W53,202053,2021,2,4,FY21,1,0,0,-5,-67,-294,-2055,0,0,0,0
20210104,2021-01-04,2021,1,Q1,1,January,Jan,Jan 2021,202101,4,Monday,Mon,1,4,1,2021,2021-W01,202101,2021,2,4,FY21,0,0,0,-5,-67,-293,-2054,0,0,0,0
20210105,2021-01-05,2021,1,Q1,1,January,Jan,Jan 2021,202101,5,Tuesday,Tue,2,5,1,2021,2021-W01,202101,2021,2,4,FY21,0,0,0,-5,-67,-293,-2053,0,0,0,0
20210106,2021-01-06,2021,1,Q1,1,January,Jan,Jan 2021,202101,6,Wednesday,Wed,3,6,1,2021,2021-W01,202101,2021,2,4,FY21,0,0,0,-5,-67,-293,-2052,0,0,0,0
20210107,2021-01-07,2021,1,Q1,1,January,Jan,Jan 2021,202101,7,Thursday,Thu,4,7,1,2021,2021-W01,202101,2021,2,4,FY21,0,0,0,-5,-67,-293,-2051,0,0,0,0
20210108,2021-01-08,2021,1,Q1,1,January,Jan,Jan 2021,202101,8,Friday,Fri,5,8,1,2021,2021-W01,202101,2021,2,4,FY21,0,0,0,-5,-67,-293,-2050,0,0,0,0
20210109,2021-01-09,2021,1,Q1,1,January,Jan,Jan 2021,202101,9,Saturday,Sat,6,9,1,2021,2021-W01,202101,2021,2,4,FY21,1,0,0,-5,-67,-293,-2049,0,0,0,0
20210110,2021-01-10,2021,1,Q1,1,January,Jan,Jan 2021,202101,10,Sunday,Sun,7,10,1,2021,2021-W01,202101,2021,2,4,FY21,1,0,0,-5,-67,-293,-2048,0,0,0,0
20210111,2021-01-11,2021,1,Q1,1,January,Jan,Jan 2021,202101,11,Monday,Mon,1,11,2,2021,2021-W02,202102,2021,2,4,FY21,0,0,0,-5,-67,-292,-2047,0,0,0,0
20210112,2021-01-12,2021,1,Q1,1,January,Jan,Jan 2021,202101,12,Tuesday,Tue,2,12,2,2021,2021-W02,202102,2021,2,4,FY21,0,0,0,-5,-67,-292,-2046,0,0,0,0
20210113,2021-01-13,2021,1,Q1,1,January,Jan,Jan 2021,202101,13,Wednesday,Wed,3,13,2,2021,2021-W02,202102,2021,2,4,FY21,0,0,0,-5,-67,-292,-2045,0,0,0,0
20210114,2021-01-14,2021,1,Q1,1,January,Jan,Jan 2021,202101,14,Thursday,Thu,4,14,2,2021,2021-W02,202102,2021,2,4,FY21,0,0,0,-5,-67,-292,-2044,0,0,0,0
20210115,2021-01-15,2021,1,Q1,1,January,Jan,Jan 2021,202101,15,Friday,Fri,5,15,2,2021,2021-W02,202102,2021,2,4,FY21,0,0,0,-5,-67,-292,-2043,0,0,0,0
20210116,2021-01-16,2021,1,Q1,1,January,Jan,Jan 2021,202101,16,Saturday,Sat,6,16,2,2021,2021-W02,202102,2021,2,4,FY21,1,0,0,-5,-67,-292,-2042,0,0,0,0
20210117,2021-01-17,2021,1,Q1,1,January,Jan,Jan 2021,202101,17,Sunday,Sun,7,17,2,2021,2021-W02,202102,2021,2,4,FY21,1,0,0,-5,-67,-292,-2041,0,0,0,0
20210118,2021-01-18,2021,1,Q1,1,January,Jan,Jan 2021,202101,18,Monday,Mon,1,18,3,2021,2021-W03,202103,2021,2,4,FY21,0,0,0,-5,-67,-291,-2040,0,0,0,0
20210119,2021-01-19,2021,1,Q1,1,January,Jan,Jan 2021,202101,19,Tuesday,Tue,2,19,3,2021,2021-W03,202103,2021,2,4,FY21,0,0,0,-5,-67,-291,-2039,0,0,0,0
20210120,2021-01-20,2021,1,Q1,1,January,Jan,Jan 2021,202101,20,Wednesday,Wed,3,20,3,2021,2021-W03,202103,2021,2,4,FY21,0,0,0,-5,-67,-291,-2038,0,0,0,0
20210121,2021-01-21,2021,1,Q1,1,January,Jan,Jan 2021,202101,21,Thursday,Thu,4,21,3,2021,2021-W03,202103,2021,2,4,FY21,0,0,0,-5,-67,-291,-2037,0,0,0,0
20210122,2021-01-22,2021,1,Q1,1,January,Jan,Jan 2021,202101,22,Friday,Fri,5,22,3,2021,2021-W03,202103,2021,2,4,FY21,0,0,0,-5,-67,-291,-2036,0,0,0,0
20210123,2021-01-23,2021,1,Q1,1,January,Jan,Jan 2021,202101,23,Saturday,Sat,6,23,3,2021,2021-W03,202103,2021,2,4,FY21,1,0,0,-5,-67,-291,-2035,0,0,0,0
20210124,2021-01-24,2021,1,Q1,1,January,Jan,Jan 2021,202101,24,Sunday,Sun,7,24,3,2021,2021-W03,202103,2021,2,4,FY21,1,0,0,-5,-67,-291,-2034,0,0,0,0
20210125,2021-01-25,2021,1,Q1,1,January,Jan,Jan 2021,202101,25,Monday,Mon,1,25,4,2021,2021-W04,202104,2021,2,4,FY21,0,0,0,-5,-67,-290,-2033,0,0,0,0
20210126,2021-01-26,2021,1,Q1,1,January,Jan,Jan 2021,202101,26,Tuesday,Tue,2,26,4,2021,2021-W04,202104,2021,2,4,FY21,0,0,0,-5,-67,-290,-2032,0,0,0,0
20210127,2021-01-27,2021,1,Q1,1,January,Jan,Jan 2021,202101,27,Wednesday,Wed,3,27,4,2021,2021-W04,202104,2021,2,4,FY21,0,0,0,-5,-67,-290,-2031,0,0,0,0
20210128,2021-01-28,2021,1,Q1,1,January,Jan,Jan 2021,202101,28,Thursday,Thu,4,28,4,2021,2021-W04,202104,2021,2,4,FY21,0,0,0,-5,-67,-290,-2030,0,0,0,0
20210129,2021-01-29,2021,1,Q1,1,January,Jan,Jan 2021,202101,29,Friday,Fri,5,29,4,2021,2021-W04,202104,2021,2,4,FY21,0,0,0,-5,-67,-290,-2029,0,0,0,0
20210130,2021-01-30,2021,1,Q1,1,January,Jan,Jan 2021,202101,30,Saturday,Sat,6,30,4,2021,2021-W04,202104,2021,2,4,FY21,1,0,0,-5,-67,-290,-2028,0,0,0,0
20210131,2021-01-31,2021,1,Q1,1,January,Jan,Jan 2021,202101,31,Sunday,Sun,7,31,4,2021,2021-W04,202104,2021,2,4,FY21,1,1,0,-5,-67,-290,-2027,0,0,0,0
20210201,2021-02-01,2021,1,Q1,2,February,Feb,Feb 2021,202102,1,Monday,Mon,1,32,5,2021,2021-W05,202105,2021,2,5,FY21,0,0,0,-5,-66,-289,-2026,0,0,0,0
20210202,2021-02-02,2021,1,Q1,2,February,Feb,Feb 2021,202102,2,Tuesday,Tue,2,33,5,2021,2021-W05,202105,2021,2,5,FY21,0,0,0,-5,-66,-289,-2025,0,0,0,0
20210203,2021-02-03,2021,1,Q1,2,February,Feb,Feb 2021,202102,3,Wednesday,Wed,3,34,5,2021,2021-W05,202105,2021,2,5,FY21,0,0,0,-5,-66,-289,-2024,0,0,0,0
20210204,2021-02-04,2021,1,Q1,2,February,Feb,Feb 2021,202102,4,Thursday,Thu,4,35,5,2021,2021-W05,202105,2021,2,5,FY21,0,0,0,-5,-66,-289,-2023,0,0,0,0
20210205,2021-02-05,2021,1,Q1,2,February,Feb,Feb 2021,202102,5,Friday,Fri,5,36,5,2021,2021-W05,202105,2021,2,5,FY21,0,0,0,-5,-66,-289,-2022,0,0,0,0
20210206,2021-02-06,2021,1,Q1,2,February,Feb,Feb 2021,202102,6,Saturday,Sat,6,37,5,2021,2021-W05,202105,2021,2,5,FY21,1,0,0,-5,-66,-289,-2021,0,0,0,0
20210207,2021-02-07,2021,1,Q1,2,February,Feb,Feb 2021,202102,7,Sunday,Sun,7,38,5,2021,2021-W05,202105,2021,2,5,FY21,1,0,0,-5,-66,-289,-2020,0,0,0,0
20210208,2021-02-08,2021,1,Q1,2,February,Feb,Feb 2021,202102,8,Monday,Mon,1,39,6,2021,2021-W06,202106,2021,2,5,FY21,0,0,0,-5,-66,-288,-2019,0,0,1,0
20210209,2021-02-09,2021,1,Q1,2,February,Feb,Feb 2021,202102,9,Tuesday,Tue,2,40,6,2021,2021-W06,202106,2021,2,5,FY21,0,0,0,-5,-66,-288,-2018,0,0,1,0
20210210,2021-02-10,2021,1,Q1,2,February,Feb,Feb 2021,202102,10,Wednesday,Wed,3,41,6,2021,2021-W06,202106,2021,2,5,FY21,0,0,0,-5,-66,-288,-2017,0,0,1,0
20210211,2021-02-11,2021,1,Q1,2,February,Feb,Feb 2021,202102,11,Thursday,Thu,4,42,6,2021,2021-W06,202106,2021,2,5,FY21,0,0,0,-5,-66,-288,-2016,0,0,1,0
20210212,2021-02-12,2021,1,Q1,2,February,Feb,Feb 2021,202102,12,Friday,Fri,5,43,6,2021,2021-W06,202106,2021,2,5,FY21,0,0,0,-5,-66,-288,-2015,0,0,1,0
20210213,2021-02-13,2021,1,Q1,2,February,Feb,Feb 2021,202102,13,Saturday,Sat,6,44,6,2021,2021-W06,202106,2021,2,5,FY21,1,0,0,-5,-66,-288,-2014,0,0,1,0
20210214,2021-02-14,2021,1,Q1,2,February,Feb,Feb 2021,202102,14,Sunday,Sun,7,45,6,2021,2021-W06,202106,2021,2,5,FY21,1,0,0,-5,-66,-288,-2013,0,0,1,0
20210215,2021-02-15,2021,1,Q1,2,February,Feb,Feb 2021,202102,15,Monday,Mon,1,46,7,2021,2021-W07,202107,2021,2,5,FY21,0,0,0,-5,-66,-287,-2012,0,0,1,0
20210216,2021-02-16,2021,1,Q1,2,February,Feb,Feb 2021,202102,16,Tuesday,Tue,2,47,7,2021,2021-W07,202107,2021,2,5,FY21,0,0,0,-5,-66,-287,-2011,0,0,1,0
20210217,2021-02-17,2021,1,Q1,2,February,Feb,Feb 2021,202102,17,Wednesday,Wed,3,48,7,2021,2021-W07,202107,2021,2,5,FY21,0,0,0,-5,-66,-287,-2010,0,0,1,0
20210218,2021-02-18,2021,1,Q1,2,February,Feb,Feb 2021,202102,18,Thursday,Thu,4,49,7,2021,2021-W07,202107,2021,2,5,FY21,0,0,0,-5,-66,-287,-2009,0,0,1,0
20210219,2021-02-19,2021,1,Q1,2,February,Feb,Feb 2021,202102,19,Friday,Fri,5,50,7,2021,2021-W07,202107,2021,2,5,FY21,0,0,0,-5,-66,-287,-2008,0,0,1,0
20210220,2021-02-20,2021,1,Q1,2,February,Feb,Feb 2021,202102,20,Saturday,Sat,6,51,7,2021,2021-W07,202107,2021,2,5,FY21,1,0,0,-5,-66,-287,-2007,0,0,1,0
20210221,2021-02-21,2021,1,Q1,2,February,Feb,Feb 2021,202102,21,Sunday,Sun,7,52,7,2021,2021-W07,202107,2021,2,5,FY21,1,0,0,-5,-66,-287,-2006,0,0,1,0
20210222,2021-02-22,2021,1,Q1,2,February,Feb,Feb 2021,202102,22,Monday,Mon,1,53,8,2021,2021-W08,202108,2021,2,5,FY21,0,0,0,-5,-66,-286,-2005,0,0,1,0
20210223,2021-02-23,2021,1,Q1,2,February,Feb,Feb 2021,202102,23,Tuesday,Tue,2,54,8,2021,2021-W08,202108,2021,2,5,FY21,0,0,0,-5,-66,-286,-2004,0,0,1,0
20210224,2021-02-24,2021,1,Q1,2,February,Feb,Feb 2021,202102,24,Wednesday,Wed,3,55,8,2021,2021-W08,202108,2021,2,5,FY21,0,0,0,-5,-66,-286,-2003,0,0,1,0
20210225,2021-02-25,2021,1,Q1,2,February,Feb,Feb 2021,202102,25,Thursday,Thu,4,56,8,2021,2021-W08,202108,2021,2,5,FY21,0,0,0,-5,-66,-286,-2002,0,0,1,0
20210226,2021-02-26,2021,1,Q1,2,February,Feb,Feb 2021,202102,26,Friday,Fri,5,57,8,2021,2021-W08,202108,2021,2,5,FY21,0,0,0,-5,-66,-286,-2001,0,0,1,0
20210227,2021-02-27,2021,1,Q1,2,February,Feb,Feb 2021,202102,27,Saturday,Sat,6,58,8,2021,2021-W08,202108,2021,2,5,FY21,1,0,0,-5,-66,-286,-2000,0,0,1,0
20210228,2021-02-28,2021,1,Q1,2,February,Feb,Feb 2021,202102,28,Sunday,Sun,7,59,8,2021,2021-W08,202108,2021,2,5,FY21,1,1,0,-5,-66,-286,-1999,0,0,1,0
20210301,2021-03-01,2021,1,Q1,3,March,Mar,Mar 2021,202103,1,Monday,Mon,1,60,9,2021,2021-W09,202109,2021,2,6,FY21,0,0,0,-5,-65,-285,-1998,0,0,1,0
20210302,2021-03-02,2021,1,Q1,3,March,Mar,Mar 2021,202103,2,Tuesday,Tue,2,61,9,2021,2021-W09,202109,2021,2,6,FY21,0,0,0,-5,-65,-285,-1997,0,0,1,0
20210303,2021-03-03,2021,1,Q1,3,March,Mar,Mar 2021,202103,3,Wednesday,Wed,3,62,9,2021,2021-W09,202109,2021,2,6,FY21,0,0,0,-5,-65,-285,-1996,0,0,1,0
20210304,2021-03-04,2021,1,Q1,3,March,Mar,Mar 2021,202103,4,Thursday,Thu,4,63,9,2021,2021-W09,202109,2021,2,6,FY21,0,0,0,-5,-65,-285,-1995,0,0,1,0
20210305,2021-03-05,2021,1,Q1,3,March,Mar,Mar 2021,202103,5,Friday,Fri,5,64,9,2021,2021-W09,202109,2021,2,6,FY21,0,0,0,-5,-65,-285,-1994,0,0,1,0
20210306,2021-03-06,2021,1,Q1,3,March,Mar,Mar 2021,202103,6,Saturday,Sat,6,65,9,2021,2021-W09,202109,2021,2,6,FY21,1,0,0,-5,-65,-285,-1993,0,0,1,0
20210307,2021-03-07,2021,1,Q1,3,March,Mar,Mar 2021,202103,7,Sunday,Sun,7,66,9,2021,2021-W09,202109,2021,2,6,FY21,1,0,0,-5,-65,-285,-1992,0,0,1,0
20210308,2021-03-08,2021,1,Q1,3,March,Mar,Mar 2021,202103,8,Monday,Mon,1,67,10,2021,2021-W10,202110,2021,2,6,FY21,0,0,0,-5,-65,-284,-1991,0,0,0,0
20210309,2021-03-09,2021,1,Q1,3,March,Mar,Mar 2021,202103,9,Tuesday,Tue,2,68,10,2021,2021-W10,202110,2021,2,6,FY21,0,0,0,-5,-65,-284,-1990,0,0,0,0
20210310,2021-03-10,2021,1,Q1,3,March,Mar,Mar 2021,202103,10,Wednesday,Wed,3,69,10,2021,2021-W10,202110,2021,2,6,FY21,0,0,0,-5,-65,-284,-1989,0,0,0,0
20210311,2021-03-11,2021,1,Q1,3,March,Mar,Mar 2021,202103,11,Thursday,Thu,4,70,10,2021,2021-W10,202110,2021,2,6,FY21,0,0,0,-5,-65,-284,-1988,0,0,0,0
20210312,2021-03-12,2021,1,Q1,3,March,Mar,Mar 2021,202103,12,Friday,Fri,5,71,10,2021,2021-W10,202110,2021,2,6,FY21,0,0,0,-5,-65,-284,-1987,0,0,0,0
20210313,2021-03-13,2021,1,Q1,3,March,Mar,Mar 2021,202103,13,Saturday,Sat,6,72,10,2021,2021-W10,202110,2021,2,6,FY21,1,0,0,-5,-65,-284,-1986,0,0,0,0
20210314,2021-03-14,2021,1,Q1,3,March,Mar,Mar 2021,202103,14,Sunday,Sun,7,73,10,2021,2021-W10,202110,2021,2,6,FY21,1,0,0,-5,-65,-284,-1985,0,0,0,0
20210315,2021-03-15,2021,1,Q1,3,March,Mar,Mar 2021,202103,15,Monday,Mon,1,74,11,2021,2021-W11,202111,2021,2,6,FY21,0,0,0,-5,-65,-283,-1984,0,0,0,0
20210316,2021-03-16,2021,1,Q1,3,March,Mar,Mar 2021,202103,16,Tuesday,Tue,2,75,11,2021,2021-W11,202111,2021,2,6,FY21,0,0,0,-5,-65,-283,-1983,0,0,0,0
20210317,2021-03-17,2021,1,Q1,3,March,Mar,Mar 2021,202103,17,Wednesday,Wed,3,76,11,2021,2021-W11,202111,2021,2,6,FY21,0,0,0,-5,-65,-283,-1982,0,0,0,0
20210318,2021-03-18,2021,1,Q1,3,March,Mar,Mar 2021,202103,18,Thursday,Thu,4,77,11,2021,2021-W11,202111,2021,2,6,FY21,0,0,0,-5,-65,-283,-1981,0,0,0,0
20210319,2021-03-19,2021,1,Q1,3,March,Mar,Mar 2021,202103,19,Friday,Fri,5,78,11,2021,2021-W11,202111,2021,2,6,FY21,0,0,0,-5,-65,-283,-1980,0,0,0,0
20210320,2021-03-20,2021,1,Q1,3,March,Mar,Mar 2021,202103,20,Saturday,Sat,6,79,11,2021,2021-W11,202111,2021,2,6,FY21,1,0,0,-5,-65,-283,-1979,0,0,0,0
20210321,2021-03-21,2021,1,Q1,3,March,Mar,Mar 2021,202103,21,Sunday,Sun,7,80,11,2021,2021-W11,202111,2021,2,6,FY21,1,0,0,-5,-65,-283,-1978,0,0,0,0
20210322,2021-03-22,2021,1,Q1,3,March,Mar,Mar 2021,202103,22,Monday,Mon,1,81,12,2021,2021-W12,202112,2021,2,6,FY21,0,0,0,-5,-65,-282,-1977,0,0,0,0
20210323,2021-03-23,2021,1,Q1,3,March,Mar,Mar 2021,202103,23,Tuesday,Tue,2,82,12,2021,2021-W12,202112,2021,2,6,FY21,0,0,0,-5,-65,-282,-1976,0,0,0,0
20210324,2021-03-24,2021,1,Q1,3,March,Mar,Mar 2021,202103,24,Wednesday,Wed,3,83,12,2021,2021-W12,202112,2021,2,6,FY21,0,0,0,-5,-65,-282,-1975,0,0,0,0
20210325,2021-03-25,2021,1,Q1,3,March,Mar,Mar 2021,202103,25,Thursday,Thu,4,84,12,2021,2021-W12,202112,2021,2,6,FY21,0,0,0,-5,-65,-282,-1974,0,0,0,0
20210326,2021-03-26,2021,1,Q1,3,March,Mar,Mar 2021,202103,26,Friday,Fri,5,85,12,2021,2021-W12,202112,2021,2,6,FY21,0,0,0,-5,-65,-282,-1973,0,0,0,0
20210327,2021-03-27,2021,1,Q1,3,March,Mar,Mar 2021,202103,27,Saturday,Sat,6,86,12,2021,2021-W12,202112,2021,2,6,FY21,1,0,0,-5,-65,-282,-1972,0,0,0,0
20210328,2021-03-28,2021,1,Q1,3,March,Mar,Mar 2021,202103,28,Sunday,Sun,7,87,12,2021,2021-W12,202112,2021,2,6,FY21,1,0,0,-5,-65,-282,-1971,0,0,0,0
20210329,2021-03-29,2021,1,Q1,3,March,Mar,Mar 2021,202103,29,Monday,Mon,1,88,13,2021,2021-W13,202113,2021,2,6,FY21,0,0,0,-5,-65,-281,-1970,0,0,0,0
20210330,2021-03-30,2021,1,Q1,3,March,Mar,Mar 2021,202103,30,Tuesday,Tue,2,89,13,2021,2021-W13,202113,2021,2,6,FY21,0,0,0,-5,-65,-281,-1969,0,0,0,0
20210331,2021-03-31,2021,1,Q1,3,March,Mar,Mar 2021,202103,31,Wednesday,Wed,3,90,13,2021,2021-W13,202113,2021,2,6,FY21,0,1,1,-5,-65,-281,-1968,0,0,0,0
20210401,2021-04-01,2021,2,Q2,4,April,Apr,Apr 2021,202104,1,Thursday,Thu,4,91,13,2021,2021-W13,202113,2021,3,7,FY21,0,0,0,-5,-64,-281,-1967,0,0,0,0
20210402,2021-04-02,2021,2,Q2,4,April,Apr,Apr 2021,202104,2,Friday,Fri,5,92,13,2021,2021-W13,202113,2021,3,7,FY21,0,0,0,-5,-64,-281,-1966,0,0,0,0
20210403,2021-04-03,2021,2,Q2,4,April,Apr,Apr 2021,202104,3,Saturday,Sat,6,93,13,2021,2021-W13,202113,2021,3,7,FY21,1,0,0,-5,-64,-281,-1965,0,0,0,0
20210404,2021-04-04,2021,2,Q2,4,April,Apr,Apr 2021,202104,4,Sunday,Sun,7,94,13,2021,2021-W13,202113,2021,3,7,FY21,1,0,0,-5,-64,-281,-1964,0,0,0,0
20210405,2021-04-05,2021,2,Q2,4,April,Apr,Apr 2021,202104,5,Monday,Mon,1,95,14,2021,2021-W14,202114,2021,3,7,FY21,0,0,0,-5,-64,-280,-1963,0,0,0,0
20210406,2021-04-06,2021,2,Q2,4,April,Apr,Apr 2021,202104,6,Tuesday,Tue,2,96,14,2021,2021-W14,202114,2021,3,7,FY21,0,0,0,-5,-64,-280,-1962,0,0,0,0
20210407,2021-04-07,2021,2,Q2,4,April,Apr,Apr 2021,202104,7,Wednesday,Wed,3,97,14,2021,2021-W14,202114,2021,3,7,FY21,0,0,0,-5,-64,-280,-1961,0,0,0,0
20210408,2021-04-08,2021,2,Q2,4,April,Apr,Apr 2021,202104,8,Thursday,Thu,4,98,14,2021,2021-W14,202114,2021,3,7,FY21,0,0,0,-5,-64,-280,-1960,0,0,0,0
20210409,2021-04-09,2021,2,Q2,4,April,Apr,Apr 2021,202104,9,Friday,Fri,5,99,14,2021,2021-W14,202114,2021,3,7,FY21,0,0,0,-5,-64,-280,-1959,0,0,0,0
20210410,2021-04-10,2021,2,Q2,4,April,Apr,Apr 2021,202104,10,Saturday,Sat,6,100,14,2021,2021-W14,202114,2021,3,7,FY21,1,0,0,-5,-64,-280,-1958,0,0,0,0
20210411,2021-04-11,2021,2,Q2,4,April,Apr,Apr 2021,202104,11,Sunday,Sun,7,101,14,2021,2021-W14,202114,2021,3,7,FY21,1,0,0,-5,-64,-280,-1957,0,0,0,0
20210412,2021-04-12,2021,2,Q2,4,April,Apr,Apr 2021,202104,12,Monday,Mon,1,102,15,2021,2021-W15,202115,2021,3,7,FY21,0,0,0,-5,-64,-279,-1956,0,0,0,0
20210413,2021-04-13,2021,2,Q2,4,April,Apr,Apr 2021,202104,13,Tuesday,Tue,2,103,15,2021,2021-W15,202115,2021,3,7,FY21,0,0,0,-5,-64,-279,-1955,0,0,0,0
20210414,2021-04-14,2021,2,Q2,4,April,Apr,Apr 2021,202104,14,Wednesday,Wed,3,104,15,2021,2021-W15,202115,2021,3,7,FY21,0,0,0,-5,-64,-279,-1954,0,0,0,0
20210415,2021-04-15,2021,2,Q2,4,April,Apr,Apr 2021,202104,15,Thursday,Thu,4,105,15,2021,2021-W15,202115,2021,3,7,FY21,0,0,0,-5,-64,-279,-1953,0,0,0,0
20210416,2021-04-16,2021,2,Q2,4,April,Apr,Apr 2021,202104,16,Friday,Fri,5,106,15,2021,2021-W15,202115,2021,3,7,FY21,0,0,0,-5,-64,-279,-1952,0,0,0,0
20210417,2021-04-17,2021,2,Q2,4,April,Apr,Apr 2021,202104,17,Saturday,Sat,6,107,15,2021,2021-W15,202115,2021,3,7,FY21,1,0,0,-5,-64,-279,-1951,0,0,0,0
20210418,2021-04-18,2021,2,Q2,4,April,Apr,Apr 2021,202104,18,Sunday,Sun,7,108,15,2021,2021-W15,202115,2021,3,7,FY21,1,0,0,-5,-64,-279,-1950,0,0,0,0
20210419,2021-04-19,2021,2,Q2,4,April,Apr,Apr 2021,202104,19,Monday,Mon,1,109,16,2021,2021-W16,202116,2021,3,7,FY21,0,0,0,-5,-64,-278,-1949,0,0,0,0
20210420,2021-04-20,2021,2,Q2,4,April,Apr,Apr 2021,202104,20,Tuesday,Tue,2,110,16,2021,2021-W16,202116,2021,3,7,FY21,0,0,0,-5,-64,-278,-1948,0,0,0,0
20210421,2021-04-21,2021,2,Q2,4,April,Apr,Apr 2021,202104,21,Wednesday,Wed,3,111,16,2021,2021-W16,202116,2021,3,7,FY21,0,0,0,-5,-64,-278,-1947,0,0,0,0
20210422,2021-04-22,2021,2,Q2,4,April,Apr,Apr 2021,202104,22,Thursday,Thu,4,112,16,2021,2021-W16,202116,2021,3,7,FY21,0,0,0,-5,-64,-278,-1946,0,0,0,0
20210423,2021-04-23,2021,2,Q2,4,April,Apr,Apr 2021,202104,23,Friday,Fri,5,113,16,2021,2021-W16,202116,2021,3,7,FY21,0,0,0,-5,-64,-278,-1945,0,0,0,0
20210424,2021-04-24,2021,2,Q2,4,April,Apr,Apr 2021,202104,24,Saturday,Sat,6,114,16,2021,2021-W16,202116,2021,3,7,FY21,1,0,0,-5,-64,-278,-1944,0,0,0,0
20210425,2021-04-25,2021,2,Q2,4,April,Apr,Apr 2021,202104,25,Sunday,Sun,7,115,16,2021,2021-W16,202116,2021,3,7,FY21,1,0,0,-5,-64,-278,-1943,0,0,0,0
20210426,2021-04-26,2021,2,Q2,4,April,Apr,Apr 2021,202104,26,Monday,Mon,1,116,17,2021,2021-W17,202117,2021,3,7,FY21,0,0,0,-5,-64,-277,-1942,0,0,0,0
20210427,2021-04-27,2021,2,Q2,4,April,Apr,Apr 2021,202104,27,Tuesday,Tue,2,117,17,2021,2021-W17,202117,2021,3,7,FY21,0,0,0,-5,-64,-277,-1941,0,0,0,0
20210428,2021-04-28,2021,2,Q2,4,April,Apr,Apr 2021,202104,28,Wednesday,Wed,3,118,17,2021,2021-W17,202117,2021,3,7,FY21,0,0,0,-5,-64,-277,-1940,0,0,0,0
20210429,2021-04-29,2021,2,Q2,4,April,Apr,Apr 2021,202104,29,Thursday,Thu,4,119,17,2021,2021-W17,202117,2021,3,7,FY21,0,0,0,-5,-64,-277,-1939,0,0,0,0
20210430,2021-04-30,2021,2,Q2,4,April,Apr,Apr 2021,202104,30,Friday,Fri,5,120,17,2021,2021-W17,202117,2021,3,7,FY21,0,1,0,-5,-64,-277,-1938,0,0,0,0
20210501,2021-05-01,2021,2,Q2,5,May,May,May 2021,202105,1,Saturday,Sat,6,121,17,2021,2021-W17,202117,2021,3,8,FY21,1,0,0,-5,-63,-277,-1937,0,0,0,0
20210502,2021-05-02,2021,2,Q2,5,May,May,May 2021,202105,2,Sunday,Sun,7,122,17,2021,2021-W17,202117,2021,3,8,FY21,1,0,0,-5,-63,-277,-1936,0,0,0,0
20210503,2021-05-03,2021,2,Q2,5,May,May,May 2021,202105,3,Monday,Mon,1,123,18,2021,2021-W18,202118,2021,3,8,FY21,0,0,0,-5,-63,-276,-1935,0,0,0,0
20210504,2021-05-04,2021,2,Q2,5,May,May,May 2021,202105,4,Tuesday,Tue,2,124,18,2021,2021-W18,202118,2021,3,8,FY21,0,0,0,-5,-63,-276,-1934,0,0,0,0
20210505,2021-05-05,2021,2,Q2,5,May,May,May 2021,202105,5,Wednesday,Wed,3,125,18,2021,2021-W18,202118,2021,3,8,FY21,0,0,0,-5,-63,-276,-1933,0,0,0,0
20210506,2021-05-06,2021,2,Q2,5,May,May,May 2021,202105,6,Thursday,Thu,4,126,18,2021,2021-W18,202118,2021,3,8,FY21,0,0,0,-5,-63,-276,-1932,0,0,0,0
20210507,2021-05-07,2021,2,Q2,5,May,May,May 2021,202105,7,Friday,Fri,5,127,18,2021,2021-W18,202118,2021,3,8,FY21,0,0,0,-5,-63,-276,-1931,0,0,0,0
20210508,2021-05-08,2021,2,Q2,5,May,May,May 2021,202105,8,Saturday,Sat,6,128,18,2021,2021-W18,202118,2021,3,8,FY21,1,0,0,-5,-63,-276,-1930,0,0,0,0
20210509,2021-05-09,2021,2,Q2,5,May,May,May 2021,202105,9,Sunday,Sun,7,129,18,2021,2021-W18,202118,2021,3,8,FY21,1,0,0,-5,-63,-276,-1929,0,0,0,0
20210510,2021-05-10,2021,2,Q2,5,May,May,May 2021,202105,10,Monday,Mon,1,130,19,2021,2021-W19,202119,2021,3,8,FY21,0,0,0,-5,-63,-275,-1928,0,0,0,0
20210511,2021-05-11,2021,2,Q2,5,May,May,May 2021,202105,11,Tuesday,Tue,2,131,19,2021,2021-W19,202119,2021,3,8,FY21,0,0,0,-5,-63,-275,-1927,0,0,0,0
20210512,2021-05-12,2021,2,Q2,5,May,May,May 2021,202105,12,Wednesday,Wed,3,132,19,2021,2021-W19,202119,2021,3,8,FY21,0,0,0,-5,-63,-275,-1926,0,0,0,0
20210513,2021-05-13,2021,2,Q2,5,May,May,May 2021,202105,13,Thursday,Thu,4,133,19,2021,2021-W19,202119,2021,3,8,FY21,0,0,0,-5,-63,-275,-1925,0,0,0,0
20210514,2021-05-14,2021,2,Q2,5,May,May,May 2021,202105,14,Friday,Fri,5,134,19,2021,2021-W19,202119,2021,3,8,FY21,0,0,0,-5,-63,-275,-1924,0,0,0,0
20210515,2021-05-15,2021,2,Q2,5,May,May,May 2021,202105,15,Saturday,Sat,6,135,19,2021,2021-W19,202119,2021,3,8,FY21,1,0,0,-5,-63,-275,-1923,0,0,0,0
20210516,2021-05-16,2021,2,Q2,5,May,May,May 2021,202105,16,Sunday,Sun,7,136,19,2021,2021-W19,202119,2021,3,8,FY21,1,0,0,-5,-63,-275,-1922,0,0,0,0
20210517,2021-05-17,2021,2,Q2,5,May,May,May 2021,202105,17,Monday,Mon,1,137,20,2021,2021-W20,202120,2021,3,8,FY21,0,0,0,-5,-63,-274,-1921,0,0,0,0
20210518,2021-05-18,2021,2,Q2,5,May,May,May 2021,202105,18,Tuesday,Tue,2,138,20,2021,2021-W20,202120,2021,3,8,FY21,0,0,0,-5,-63,-274,-1920,0,0,0,0
20210519,2021-05-19,2021,2,Q2,5,May,May,May 2021,202105,19,Wednesday,Wed,3,139,20,2021,2021-W20,202120,2021,3,8,FY21,0,0,0,-5,-63,-274,-1919,0,0,0,0
20210520,2021-05-20,2021,2,Q2,5,May,May,May 2021,202105,20,Thursday,Thu,4,140,20,2021,2021-W20,202120,2021,3,8,FY21,0,0,0,-5,-63,-274,-1918,0,0,0,0
20210521,2021-05-21,2021,2,Q2,5,May,May,May 2021,202105,21,Friday,Fri,5,141,20,2021,2021-W20,202120,2021,3,8,FY21,0,0,0,-5,-63,-274,-1917,0,0,0,0
20210522,2021-05-22,2021,2,Q2,5,May,May,May 2021,202105,22,Saturday,Sat,6,142,20,2021,2021-W20,202120,2021,3,8,FY21,1,0,0,-5,-63,-274,-1916,0,0,0,0
20210523,2021-05-23,2021,2,Q2,5,May,May,May 2021,202105,23,Sunday,Sun,7,143,20,2021,2021-W20,202120,2021,3,8,FY21,1,0,0,-5,-63,-274,-1915,0,0,0,0
20210524,2021-05-24,2021,2,Q2,5,May,May,May 2021,202105,24,Monday,Mon,1,144,21,2021,2021-W21,202121,2021,3,8,FY21,0,0,0,-5,-63,-273,-1914,0,0,0,0
20210525,2021-05-25,2021,2,Q2,5,May,May,May 2021,202105,25,Tuesday,Tue,2,145,21,2021,2021-W21,202121,2021,3,8,FY21,0,0,0,-5,-63,-273,-1913,0,0,0,0
20210526,2021-05-26,2021,2,Q2,5,May,May,May 2021,202105,26,Wednesday,Wed,3,146,21,2021,2021-W21,202121,2021,3,8,FY21,0,0,0,-5,-63,-273,-1912,0,0,0,0
20210527,2021-05-27,2021,2,Q2,5,May,May,May 2021,202105,27,Thursday,Thu,4,147,21,2021,2021-W21,202121,2021,3,8,FY21,0,0,0,-5,-63,-273,-1911,0,0,0,0
20210528,2021-05-28,2021,2,Q2,5,May,May,May 2021,202105,28,Friday,Fri,5,148,21,2021,2021-W21,202121,2021,3,8,FY21,0,0,0,-5,-63,-273,-1910,0,0,0,0
20210529,2021-05-29,2021,2,Q2,5,May,May,May 2021,202105,29,Saturday,Sat,6,149,21,2021,2021-W21,202121,2021,3,8,FY21,1,0,0,-5,-63,-273,-1909,0,0,0,0
20210530,2021-05-30,2021,2,Q2,5,May,May,May 2021,202105,30,Sunday,Sun,7,150,21,2021,2021-W21,202121,2021,3,8,FY21,1,0,0,-5,-63,-273,-1908,0,0,0,0
20210531,2021-05-31,2021,2,Q2,5,May,May,May 2021,202105,31,Monday,Mon,1,151,22,2021,2021-W22,202122,2021,3,8,FY21,0,1,0,-5,-63,-272,-1907,0,0,0,0
20210601,2021-06-01,2021,2,Q2,6,June,Jun,Jun 2021,202106,1,Tuesday,Tue,2,152,22,2021,2021-W22,202122,2021,3,9,FY21,0,0,0,-5,-62,-272,-1906,0,0,0,0
20210602,2021-06-02,2021,2,Q2,6,June,Jun,Jun 2021,202106,2,Wednesday,Wed,3,153,22,2021,2021-W22,202122,2021,3,9,FY21,0,0,0,-5,-62,-272,-1905,0,0,0,0
20210603,2021-06-03,2021,2,Q2,6,June,Jun,Jun 2021,202106,3,Thursday,Thu,4,154,22,2021,2021-W22,202122,2021,3,9,FY21,0,0,0,-5,-62,-272,-1904,0,0,0,0
20210604,2021-06-04,2021,2,Q2,6,June,Jun,Jun 2021,202106,4,Friday,Fri,5,155,22,2021,2021-W22,202122,2021,3,9,FY21,0,0,0,-5,-62,-272,-1903,0,0,0,0
20210605,2021-06-05,2021,2,Q2,6,June,Jun,Jun 2021,202106,5,Saturday,Sat,6,156,22,2021,2021-W22,202122,2021,3,9,FY21,1,0,0,-5,-62,-272,-1902,0,0,0,0
20210606,2021-06-06,2021,2,Q2,6,June,Jun,Jun 2021,202106,6,Sunday,Sun,7,157,22,2021,2021-W22,202122,2021,3,9,FY21,1,0,0,-5,-62,-272,-1901,0,0,0,0
20210607,2021-06-07,2021,2,Q2,6,June,Jun,Jun 2021,202106,7,Monday,Mon,1,158,23,2021,2021-W23,202123,2021,3,9,FY21,0,0,0,-5,-62,-271,-1900,0,0,0,0
20210608,2021-06-08,2021,2,Q2,6,June,Jun,Jun 2021,202106,8,Tuesday,Tue,2,159,23,2021,2021-W23,202123,2021,3,9,FY21,0,0,0,-5,-62,-271,-1899,0,0,0,0
20210609,2021-06-09,2021,2,Q2,6,June,Jun,Jun 2021,202106,9,Wednesday,Wed,3,160,23,2021,2021-W23,202123,2021,3,9,FY21,0,0,0,-5,-62,-271,-1898,0,0,0,0
20210610,2021-06-10,2021,2,Q2,6,June,Jun,Jun 2021,202106,10,Thursday,Thu,4,161,23,2021,2021-W23,202123,2021,3,9,FY21,0,0,0,-5,-62,-271,-1897,0,0,0,0
20210611,2021-06-11,2021,2,Q2,6,June,Jun,Jun 2021,202106,11,Friday,Fri,5,162,23,2021,2021-W23,202123,2021,3,9,FY21,0,0,0,-5,-62,-271,-1896,0,0,0,0
20210612,2021-06-12,2021,2,Q2,6,June,Jun,Jun 2021,202106,12,Saturday,Sat,6,163,23,2021,2021-W23,202123,2021,3,9,FY21,1,0,0,-5,-62,-271,-1895,0,0,0,0
20210613,2021-06-13,2021,2,Q2,6,June,Jun,Jun 2021,202106,13,Sunday,Sun,7,164,23,2021,2021-W23,202123,2021,3,9,FY21,1,0,0,-5,-62,-271,-1894,0,0,0,0
20210614,2021-06-14,2021,2,Q2,6,June,Jun,Jun 2021,202106,14,Monday,Mon,1,165,24,2021,2021-W24,202124,2021,3,9,FY21,0,0,0,-5,-62,-270,-1893,0,0,0,0
20210615,2021-06-15,2021,2,Q2,6,June,Jun,Jun 2021,202106,15,Tuesday,Tue,2,166,24,2021,2021-W24,202124,2021,3,9,FY21,0,0,0,-5,-62,-270,-1892,0,0,0,0
20210616,2021-06-16,2021,2,Q2,6,June,Jun,Jun 2021,202106,16,Wednesday,Wed,3,167,24,2021,2021-W24,202124,2021,3,9,FY21,0,0,0,-5,-62,-270,-1891,0,0,0,0
20210617,2021-06-17,2021,2,Q2,6,June,Jun,Jun 2021,202106,17,Thursday,Thu,4,168,24,2021,2021-W24,202124,2021,3,9,FY21,0,0,0,-5,-62,-270,-1890,0,0,0,0
20210618,2021-06-18,2021,2,Q2,6,June,Jun,Jun 2021,202106,18,Friday,Fri,5,169,24,2021,2021-W24,202124,2021,3,9,FY21,0,0,0,-5,-62,-270,-1889,0,0,0,0
20210619,2021-06-19,2021,2,Q2,6,June,Jun,Jun 2021,202106,19,Saturday,Sat,6,170,24,2021,2021-W24,202124,2021,3,9,FY21,1,0,0,-5,-62,-270,-1888,0,0,0,0
20210620,2021-06-20,2021,2,Q2,6,June,Jun,Jun 2021,202106,20,Sunday,Sun,7,171,24,2021,2021-W24,202124,2021,3,9,FY21,1,0,0,-5,-62,-270,-1887,0,0,0,0
20210621,2021-06-21,2021,2,Q2,6,June,Jun,Jun 2021,202106,21,Monday,Mon,1,172,25,2021,2021-W25,202125,2021,3,9,FY21,0,0,0,-5,-62,-269,-1886,0,0,0,0
20210622,2021-06-22,2021,2,Q2,6,June,Jun,Jun 2021,202106,22,Tuesday,Tue,2,173,25,2021,2021-W25,202125,2021,3,9,FY21,0,0,0,-5,-62,-269,-1885,0,0,0,0
20210623,2021-06-23,2021,2,Q2,6,June,Jun,Jun 2021,202106,23,Wednesday,Wed,3,174,25,2021,2021-W25,202125,2021,3,9,FY21,0,0,0,-5,-62,-269,-1884,0,0,0,0
20210624,2021-06-24,2021,2,Q2,6,June,Jun,Jun 2021,202106,24,Thursday,Thu,4,175,25,2021,2021-W25,202125,2021,3,9,FY21,0,0,0,-5,-62,-269,-1883,0,0,0,0
20210625,2021-06-25,2021,2,Q2,6,June,Jun,Jun 2021,202106,25,Friday,Fri,5,176,25,2021,2021-W25,202125,2021,3,9,FY21,0,0,0,-5,-62,-269,-1882,0,0,0,0
20210626,2021-06-26,2021,2,Q2,6,June,Jun,Jun 2021,202106,26,Saturday,Sat,6,177,25,2021,2021-W25,202125,2021,3,9,FY21,1,0,0,-5,-62,-269,-1881,0,0,0,0
20210627,2021-06-27,2021,2,Q2,6,June,Jun,Jun 2021,202106,27,Sunday,Sun,7,178,25,2021,2021-W25,202125,2021,3,9,FY21,1,0,0,-5,-62,-269,-1880,0,0,0,0
20210628,2021-06-28,2021,2,Q2,6,June,Jun,Jun 2021,202106,28,Monday,Mon,1,179,26,2021,2021-W26,202126,2021,3,9,FY21,0,0,0,-5,-62,-268,-1879,0,0,0,0
20210629,2021-06-29,2021,2,Q2,6,June,Jun,Jun 2021,202106,29,Tuesday,Tue,2,180,26,2021,2021-W26,202126,2021,3,9,FY21,0,0,0,-5,-62,-268,-1878,0,0,0,0
20210630,2021-06-30,2021,2,Q2,6,June,Jun,Jun 2021,202106,30,Wednesday,Wed,3,181,26,2021,2021-W26,202126,2021,3,9,FY21,0,1,1,-5,-62,-268,-1877,0,0,0,0
20210701,2021-07-01,2021,3,Q3,7,July,Jul,Jul 2021,202107,1,Thursday,Thu,4,182,26,2021,2021-W26,202126,2021,4,10,FY21,0,0,0,-5,-61,-268,-1876,0,0,0,0
20210702,2021-07-02,2021,3,Q3,7,July,Jul,Jul 2021,202107,2,Friday,Fri,5,183,26,2021,2021-W26,202126,2021,4,10,FY21,0,0,0,-5,-61,-268,-1875,0,0,0,0
20210703,2021-07-03,2021,3,Q3,7,July,Jul,Jul 2021,202107,3,Saturday,Sat,6,184,26,2021,2021-W26,202126,2021,4,10,FY21,1,0,0,-5,-61,-268,-1874,0,0,0,0
20210704,2021-07-04,2021,3,Q3,7,July,Jul,Jul 2021,202107,4,Sunday,Sun,7,185,26,2021,2021-W26,202126,2021,4,10,FY21,1,0,0,-5,-61,-268,-1873,0,0,0,0
20210705,2021-07-05,2021,3,Q3,7,July,Jul,Jul 2021,202107,5,Monday,Mon,1,186,27,2021,2021-W27,202127,2021,4,10,FY21,0,0,0,-5,-61,-267,-1872,0,0,0,0
20210706,2021-07-06,2021,3,Q3,7,July,Jul,Jul 2021,202107,6,Tuesday,Tue,2,187,27,2021,2021-W27,202127,2021,4,10,FY21,0,0,0,-5,-61,-267,-1871,0,0,0,0
20210707,2021-07-07,2021,3,Q3,7,July,Jul,Jul 2021,202107,7,Wednesday,Wed,3,188,27,2021,2021-W27,202127,2021,4,10,FY21,0,0,0,-5,-61,-267,-1870,0,0,0,0
20210708,2021-07-08,2021,3,Q3,7,July,Jul,Jul 2021,202107,8,Thursday,Thu,4,189,27,2021,2021-W27,202127,2021,4,10,FY21,0,0,0,-5,-61,-267,-1869,0,0,0,0
20210709,2021-07-09,2021,3,Q3,7,July,Jul,Jul 2021,202107,9,Friday,Fri,5,190,27,2021,2021-W27,202127,2021,4,10,FY21,0,0,0,-5,-61,-267,-1868,0,0,0,0
20210710,2021-07-10,2021,3,Q3,7,July,Jul,Jul 2021,202107,10,Saturday,Sat,6,191,27,2021,2021-W27,202127,2021,4,10,FY21,1,0,0,-5,-61,-267,-1867,0,0,0,0
20210711,2021-07-11,2021,3,Q3,7,July,Jul,Jul 2021,202107,11,Sunday,Sun,7,192,27,2021,2021-W27,202127,2021,4,10,FY21,1,0,0,-5,-61,-267,-1866,0,0,0,0
20210712,2021-07-12,2021,3,Q3,7,July,Jul,Jul 2021,202107,12,Monday,Mon,1,193,28,2021,2021-W28,202128,2021,4,10,FY21,0,0,0,-5,-61,-266,-1865,0,0,0,0
20210713,2021-07-13,2021,3,Q3,7,July,Jul,Jul 2021,202107,13,Tuesday,Tue,2,194,28,2021,2021-W28,202128,2021,4,10,FY21,0,0,0,-5,-61,-266,-1864,0,0,0,0
20210714,2021-07-14,2021,3,Q3,7,July,Jul,Jul 2021,202107,14,Wednesday,Wed,3,195,28,2021,2021-W28,202128,2021,4,10,FY21,0,0,0,-5,-61,-266,-1863,0,0,0,0
20210715,2021-07-15,2021,3,Q3,7,July,Jul,Jul 2021,202107,15,Thursday,Thu,4,196,28,2021,2021-W28,202128,2021,4,10,FY21,0,0,0,-5,-61,-266,-1862,0,0,0,0
20210716,2021-07-16,2021,3,Q3,7,July,Jul,Jul 2021,202107,16,Friday,Fri,5,197,28,2021,2021-W28,202128,2021,4,10,FY21,0,0,0,-5,-61,-266,-1861,0,0,0,0
20210717,2021-07-17,2021,3,Q3,7,July,Jul,Jul 2021,202107,17,Saturday,Sat,6,198,28,2021,2021-W28,202128,2021,4,10,FY21,1,0,0,-5,-61,-266,-1860,0,0,0,0
20210718,2021-07-18,2021,3,Q3,7,July,Jul,Jul 2021,202107,18,Sunday,Sun,7,199,28,2021,2021-W28,202128,2021,4,10,FY21,1,0,0,-5,-61,-266,-1859,0,0,0,0
20210719,2021-07-19,2021,3,Q3,7,July,Jul,Jul 2021,202107,19,Monday,Mon,1,200,29,2021,2021-W29,202129,2021,4,10,FY21,0,0,0,-5,-61,-265,-1858,0,0,0,0
20210720,2021-07-20,2021,3,Q3,7,July,Jul,Jul 2021,202107,20,Tuesday,Tue,2,201,29,2021,2021-W29,202129,2021,4,10,FY21,0,0,0,-5,-61,-265,-1857,0,0,0,0
20210721,2021-07-21,2021,3,Q3,7,July,Jul,Jul 2021,202107,21,Wednesday,Wed,3,202,29,2021,2021-W29,202129,2021,4,10,FY21,0,0,0,-5,-61,-265,-1856,0,0,0,0
20210722,2021-07-22,2021,3,Q3,7,July,Jul,Jul 2021,202107,22,Thursday,Thu,4,203,29,2021,2021-W29,202129,2021,4,10,FY21,0,0,0,-5,-61,-265,-1855,0,0,0,0
20210723,2021-07-23,2021,3,Q3,7,July,Jul,Jul 2021,202107,23,Friday,Fri,5,204,29,2021,2021-W29,202129,2021,4,10,FY21,0,0,0,-5,-61,-265,-1854,0,0,0,0
20210724,2021-07-24,2021,3,Q3,7,July,Jul,Jul 2021,202107,24,Saturday,Sat,6,205,29,2021,2021-W29,202129,2021,4,10,FY21,1,0,0,-5,-61,-265,-1853,0,0,0,0
20210725,2021-07-25,2021,3,Q3,7,July,Jul,Jul 2021,202107,25,Sunday,Sun,7,206,29,2021,2021-W29,202129,2021,4,10,FY21,1,0,0,-5,-61,-265,-1852,0,0,0,0
20210726,2021-07-26,2021,3,Q3,7,July,Jul,Jul 2021,202107,26,Monday,Mon,1,207,30,2021,2021-W30,202130,2021,4,10,FY21,0,0,0,-5,-61,-264,-1851,0,0,0,0
20210727,2021-07-27,2021,3,Q3,7,July,Jul,Jul 2021,202107,27,Tuesday,Tue,2,208,30,2021,2021-W30,202130,2021,4,10,FY21,0,0,0,-5,-61,-264,-1850,0,0,0,0
20210728,2021-07-28,2021,3,Q3,7,July,Jul,Jul 2021,202107,28,Wednesday,Wed,3,209,30,2021,2021-W30,202130,2021,4,10,FY21,0,0,0,-5,-61,-264,-1849,0,0,0,0
20210729,2021-07-29,2021,3,Q3,7,July,Jul,Jul 2021,202107,29,Thursday,Thu,4,210,30,2021,2021-W30,202130,2021,4,10,FY21,0,0,0,-5,-61,-264,-1848,0,0,0,0
20210730,2021-07-30,2021,3,Q3,7,July,Jul,Jul 2021,202107,30,Friday,Fri,5,211,30,2021,2021-W30,202130,2021,4,10,FY21,0,0,0,-5,-61,-264,-1847,0,0,0,0
20210731,2021-07-31,2021,3,Q3,7,July,Jul,Jul 2021,202107,31,Saturday,Sat,6,212,30,2021,2021-W30,202130,2021,4,10,FY21,1,1,0,-5,-61,-264,-1846,0,0,0,0
20210801,2021-08-01,2021,3,Q3,8,August,Aug,Aug 2021,202108,1,Sunday,Sun,7,213,30,2021,2021-W30,202130,2021,4,11,FY21,1,0,0,-5,-60,-264,-1845,0,0,0,1
20210802,2021-08-02,2021,3,Q3,8,August,Aug,Aug 2021,202108,2,Monday,Mon,1,214,31,2021,2021-W31,202131,2021,4,11,FY21,0,0,0,-5,-60,-263,-1844,0,0,0,1
20210803,2021-08-03,2021,3,Q3,8,August,Aug,Aug 2021,202108,3,Tuesday,Tue,2,215,31,2021,2021-W31,202131,2021,4,11,FY21,0,0,0,-5,-60,-263,-1843,0,0,0,1
20210804,2021-08-04,2021,3,Q3,8,August,Aug,Aug 2021,202108,4,Wednesday,Wed,3,216,31,2021,2021-W31,202131,2021,4,11,FY21,0,0,0,-5,-60,-263,-1842,0,0,0,1
20210805,2021-08-05,2021,3,Q3,8,August,Aug,Aug 2021,202108,5,Thursday,Thu,4,217,31,2021,2021-W31,202131,2021,4,11,FY21,0,0,0,-5,-60,-263,-1841,0,0,0,1
20210806,2021-08-06,2021,3,Q3,8,August,Aug,Aug 2021,202108,6,Friday,Fri,5,218,31,2021,2021-W31,202131,2021,4,11,FY21,0,0,0,-5,-60,-263,-1840,0,0,0,1
20210807,2021-08-07,2021,3,Q3,8,August,Aug,Aug 2021,202108,7,Saturday,Sat,6,219,31,2021,2021-W31,202131,2021,4,11,FY21,1,0,0,-5,-60,-263,-1839,0,0,0,1
20210808,2021-08-08,2021,3,Q3,8,August,Aug,Aug 2021,202108,8,Sunday,Sun,7,220,31,2021,2021-W31,202131,2021,4,11,FY21,1,0,0,-5,-60,-263,-1838,0,0,0,1
20210809,2021-08-09,2021,3,Q3,8,August,Aug,Aug 2021,202108,9,Monday,Mon,1,221,32,2021,2021-W32,202132,2021,4,11,FY21,0,0,0,-5,-60,-262,-1837,0,0,0,1
20210810,2021-08-10,2021,3,Q3,8,August,Aug,Aug 2021,202108,10,Tuesday,Tue,2,222,32,2021,2021-W32,202132,2021,4,11,FY21,0,0,0,-5,-60,-262,-1836,0,0,0,1
20210811,2021-08-11,2021,3,Q3,8,August,Aug,Aug 2021,202108,11,Wednesday,Wed,3,223,32,2021,2021-W32,202132,2021,4,11,FY21,0,0,0,-5,-60,-262,-1835,0,0,0,1
20210812,2021-08-12,2021,3,Q3,8,August,Aug,Aug 2021,202108,12,Thursday,Thu,4,224,32,2021,2021-W32,202132,2021,4,11,FY21,0,0,0,-5,-60,-262,-1834,0,0,0,1
20210813,2021-08-13,2021,3,Q3,8,August,Aug,Aug 2021,202108,13,Friday,Fri,5,225,32,2021,2021-W32,202132,2021,4,11,FY21,0,0,0,-5,-60,-262,-1833,0,0,0,1
20210814,2021-08-14,2021,3,Q3,8,August,Aug,Aug 2021,202108,14,Saturday,Sat,6,226,32,2021,2021-W32,202132,2021,4,11,FY21,1,0,0,-5,-60,-262,-1832,0,0,0,1
20210815,2021-08-15,2021,3,Q3,8,August,Aug,Aug 2021,202108,15,Sunday,Sun,7,227,32,2021,2021-W32,202132,2021,4,11,FY21,1,0,0,-5,-60,-262,-1831,0,0,0,1
20210816,2021-08-16,2021,3,Q3,8,August,Aug,Aug 2021,202108,16,Monday,Mon,1,228,33,2021,2021-W33,202133,2021,4,11,FY21,0,0,0,-5,-60,-261,-1830,0,0,0,1
20210817,2021-08-17,2021,3,Q3,8,August,Aug,Aug 2021,202108,17,Tuesday,Tue,2,229,33,2021,2021-W33,202133,2021,4,11,FY21,0,0,0,-5,-60,-261,-1829,0,0,0,1
20210818,2021-08-18,2021,3,Q3,8,August,Aug,Aug 2021,202108,18,Wednesday,Wed,3,230,33,2021,2021-W33,202133,2021,4,11,FY21,0,0,0,-5,-60,-261,-1828,0,0,0,1
20210819,2021-08-19,2021,3,Q3,8,August,Aug,Aug 2021,202108,19,Thursday,Thu,4,231,33,2021,2021-W33,202133,2021,4,11,FY21,0,0,0,-5,-60,-261,-1827,0,0,0,1
20210820,2021-08-20,2021,3,Q3,8,August,Aug,Aug 2021,202108,20,Friday,Fri,5,232,33,2021,2021-W33,202133,2021,4,11,FY21,0,0,0,-5,-60,-261,-1826,0,0,0,1
20210821,2021-08-21,2021,3,Q3,8,August,Aug,Aug 2021,202108,21,Saturday,Sat,6,233,33,2021,2021-W33,202133,2021,4,11,FY21,1,0,0,-5,-60,-261,-1825,0,0,0,1
20210822,2021-08-22,2021,3,Q3,8,August,Aug,Aug 2021,202108,22,Sunday,Sun,7,234,33,2021,2021-W33,202133,2021,4,11,FY21,1,0,0,-5,-60,-261,-1824,0,0,0,1
20210823,2021-08-23,2021,3,Q3,8,August,Aug,Aug 2021,202108,23,Monday,Mon,1,235,34,2021,2021-W34,202134,2021,4,11,FY21,0,0,0,-5,-60,-260,-1823,0,0,0,1
20210824,2021-08-24,2021,3,Q3,8,August,Aug,Aug 2021,202108,24,Tuesday,Tue,2,236,34,2021,2021-W34,202134,2021,4,11,FY21,0,0,0,-5,-60,-260,-1822,0,0,0,1
20210825,2021-08-25,2021,3,Q3,8,August,Aug,Aug 2021,202108,25,Wednesday,Wed,3,237,34,2021,2021-W34,202134,2021,4,11,FY21,0,0,0,-5,-60,-260,-1821,0,0,0,1
20210826,2021-08-26,2021,3,Q3,8,August,Aug,Aug 2021,202108,26,Thursday,Thu,4,238,34,2021,2021-W34,202134,2021,4,11,FY21,0,0,0,-5,-60,-260,-1820,0,0,0,1
20210827,2021-08-27,2021,3,Q3,8,August,Aug,Aug 2021,202108,27,Friday,Fri,5,239,34,2021,2021-W34,202134,2021,4,11,FY21,0,0,0,-5,-60,-260,-1819,0,0,0,1
20210828,2021-08-28,2021,3,Q3,8,August,Aug,Aug 2021,202108,28,Saturday,Sat,6,240,34,2021,2021-W34,202134,2021,4,11,FY21,1,0,0,-5,-60,-260,-1818,0,0,0,1
20210829,2021-08-29,2021,3,Q3,8,August,Aug,Aug 2021,202108,29,Sunday,Sun,7,241,34,2021,2021-W34,202134,2021,4,11,FY21,1,0,0,-5,-60,-260,-1817,0,0,0,1
20210830,2021-08-30,2021,3,Q3,8,August,Aug,Aug 2021,202108,30,Monday,Mon,1,242,35,2021,2021-W35,202135,2021,4,11,FY21,0,0,0,-5,-60,-259,-1816,0,0,0,1
20210831,2021-08-31,2021,3,Q3,8,August,Aug,Aug 2021,202108,31,Tuesday,Tue,2,243,35,2021,2021-W35,202135,2021,4,11,FY21,0,1,0,-5,-60,-259,-1815,0,0,0,1
20210901,2021-09-01,2021,3,Q3,9,September,Sep,Sep 2021,202109,1,Wednesday,Wed,3,244,35,2021,2021-W35,202135,2021,4,12,FY21,0,0,0,-5,-59,-259,-1814,0,0,0,1
20210902,2021-09-02,2021,3,Q3,9,September,Sep,Sep 2021,202109,2,Thursday,Thu,4,245,35,2021,2021-W35,202135,2021,4,12,FY21,0,0,0,-5,-59,-259,-1813,0,0,0,1
20210903,2021-09-03,2021,3,Q3,9,September,Sep,Sep 2021,202109,3,Friday,Fri,5,246,35,2021,2021-W35,202135,2021,4,12,FY21,0,0,0,-5,-59,-259,-1812,0,0,0,1
20210904,2021-09-04,2021,3,Q3,9,September,Sep,Sep 2021,202109,4,Saturday,Sat,6,247,35,2021,2021-W35,202135,2021,4,12,FY21,1,0,0,-5,-59,-259,-1811,0,0,0,1
20210905,2021-09-05,2021,3,Q3,9,September,Sep,Sep 2021,202109,5,Sunday,Sun,7,248,35,2021,2021-W35,202135,2021,4,12,FY21,1,0,0,-5,-59,-259,-1810,0,0,0,1
20210906,2021-09-06,2021,3,Q3,9,September,Sep,Sep 2021,202109,6,Monday,Mon,1,249,36,2021,2021-W36,202136,2021,4,12,FY21,0,0,0,-5,-59,-258,-1809,0,0,0,1
20210907,2021-09-07,2021,3,Q3,9,September,Sep,Sep 2021,202109,7,Tuesday,Tue,2,250,36,2021,2021-W36,202136,2021,4,12,FY21,0,0,0,-5,-59,-258,-1808,0,0,0,1
20210908,2021-09-08,2021,3,Q3,9,September,Sep,Sep 2021,202109,8,Wednesday,Wed,3,251,36,2021,2021-W36,202136,2021,4,12,FY21,0,0,0,-5,-59,-258,-1807,0,0,0,1
20210909,2021-09-09,2021,3,Q3,9,September,Sep,Sep 2021,202109,9,Thursday,Thu,4,252,36,2021,2021-W36,202136,2021,4,12,FY21,0,0,0,-5,-59,-258,-1806,0,0,0,1
20210910,2021-09-10,2021,3,Q3,9,September,Sep,Sep 2021,202109,10,Friday,Fri,5,253,36,2021,2021-W36,202136,2021,4,12,FY21,0,0,0,-5,-59,-258,-1805,0,0,0,1
20210911,2021-09-11,2021,3,Q3,9,September,Sep,Sep 2021,202109,11,Saturday,Sat,6,254,36,2021,2021-W36,202136,2021,4,12,FY21,1,0,0,-5,-59,-258,-1804,0,0,0,1
20210912,2021-09-12,2021,3,Q3,9,September,Sep,Sep 2021,202109,12,Sunday,Sun,7,255,36,2021,2021-W36,202136,2021,4,12,FY21,1,0,0,-5,-59,-258,-1803,0,0,0,1
20210913,2021-09-13,2021,3,Q3,9,September,Sep,Sep 2021,202109,13,Monday,Mon,1,256,37,2021,2021-W37,202137,2021,4,12,FY21,0,0,0,-5,-59,-257,-1802,0,0,0,1
20210914,2021-09-14,2021,3,Q3,9,September,Sep,Sep 2021,202109,14,Tuesday,Tue,2,257,37,2021,2021-W37,202137,2021,4,12,FY21,0,0,0,-5,-59,-257,-1801,0,0,0,1
20210915,2021-09-15,2021,3,Q3,9,September,Sep,Sep 2021,202109,15,Wednesday,Wed,3,258,37,2021,2021-W37,202137,2021,4,12,FY21,0,0,0,-5,-59,-257,-1800,0,0,0,1
20210916,2021-09-16,2021,3,Q3,9,September,Sep,Sep 2021,202109,16,Thursday,Thu,4,259,37,2021,2021-W37,202137,2021,4,12,FY21,0,0,0,-5,-59,-257,-1799,0,0,0,1
20210917,2021-09-17,2021,3,Q3,9,September,Sep,Sep 2021,202109,17,Friday,Fri,5,260,37,2021,2021-W37,202137,2021,4,12,FY21,0,0,0,-5,-59,-257,-1798,0,0,0,1
20210918,2021-09-18,2021,3,Q3,9,September,Sep,Sep 2021,202109,18,Saturday,Sat,6,261,37,2021,2021-W37,202137,2021,4,12,FY21,1,0,0,-5,-59,-257,-1797,0,0,0,1
20210919,2021-09-19,2021,3,Q3,9,September,Sep,Sep 2021,202109,19,Sunday,Sun,7,262,37,2021,2021-W37,202137,2021,4,12,FY21,1,0,0,-5,-59,-257,-1796,0,0,0,1
20210920,2021-09-20,2021,3,Q3,9,September,Sep,Sep 2021,202109,20,Monday,Mon,1,263,38,2021,2021-W38,202138,2021,4,12,FY21,0,0,0,-5,-59,-256,-1795,0,0,0,1
20210921,2021-09-21,2021,3,Q3,9,September,Sep,Sep 2021,202109,21,Tuesday,Tue,2,264,38,2021,2021-W38,202138,2021,4,12,FY21,0,0,0,-5,-59,-256,-1794,0,0,0,1
20210922,2021-09-22,2021,3,Q3,9,September,Sep,Sep 2021,202109,22,Wednesday,Wed,3,265,38,2021,2021-W38,202138,2021,4,12,FY21,0,0,0,-5,-59,-256,-1793,0,0,0,1
20210923,2021-09-23,2021,3,Q3,9,September,Sep,Sep 2021,202109,23,Thursday,Thu,4,266,38,2021,2021-W38,202138,2021,4,12,FY21,0,0,0,-5,-59,-256,-1792,0,0,0,1
20210924,2021-09-24,2021,3,Q3,9,September,Sep,Sep 2021,202109,24,Friday,Fri,5,267,38,2021,2021-W38,202138,2021,4,12,FY21,0,0,0,-5,-59,-256,-1791,0,0,0,1
20210925,2021-09-25,2021,3,Q3,9,September,Sep,Sep 2021,202109,25,Saturday,Sat,6,268,38,2021,2021-W38,202138,2021,4,12,FY21,1,0,0,-5,-59,-256,-1790,0,0,0,1
20210926,2021-09-26,2021,3,Q3,9,September,Sep,Sep 2021,202109,26,Sunday,Sun,7,269,38,2021,2021-W38,202138,2021,4,12,FY21,1,0,0,-5,-59,-256,-1789,0,0,0,1
20210927,2021-09-27,2021,3,Q3,9,September,Sep,Sep 2021,202109,27,Monday,Mon,1,270,39,2021,2021-W39,202139,2021,4,12,FY21,0,0,0,-5,-59,-255,-1788,0,0,0,1
20210928,2021-09-28,2021,3,Q3,9,September,Sep,Sep 2021,202109,28,Tuesday,Tue,2,271,39,2021,2021-W39,202139,2021,4,12,FY21,0,0,0,-5,-59,-255,-1787,0,0,0,1
20210929,2021-09-29,2021,3,Q3,9,September,Sep,Sep 2021,202109,29,Wednesday,Wed,3,272,39,2021,2021-W39,202139,2021,4,12,FY21,0,0,0,-5,-59,-255,-1786,0,0,0,1
20210930,2021-09-30,2021,3,Q3,9,September,Sep,Sep 2021,202109,30,Thursday,Thu,4,273,39,2021,2021-W39,202139,2021,4,12,FY21,0,1,1,-5,-59,-255,-1785,0,0,0,1
20211001,2021-10-01,2021,4,Q4,10,October,Oct,Oct 2021,202110,1,Friday,Fri,5,274,39,2021,2021-W39,202139,2022,1,1,FY22,0,0,0,-5,-58,-255,-1784,0,0,0,1
20211002,2021-10-02,2021,4,Q4,10,October,Oct,Oct 2021,202110,2,Saturday,Sat,6,275,39,2021,2021-W39,202139,2022,1,1,FY22,1,0,0,-5,-58,-255,-1783,0,0,0,1
20211003,2021-10-03,2021,4,Q4,10,October,Oct,Oct 2021,202110,3,Sunday,Sun,7,276,39,2021,2021-W39,202139,2022,1,1,FY22,1,0,0,-5,-58,-255,-1782,0,0,0,1
20211004,2021-10-04,2021,4,Q4,10,October,Oct,Oct 2021,202110,4,Monday,Mon,1,277,40,2021,2021-W40,202140,2022,1,1,FY22,0,0,0,-5,-58,-254,-1781,0,0,0,1
20211005,2021-10-05,2021,4,Q4,10,October,Oct,Oct 2021,202110,5,Tuesday,Tue,2,278,40,2021,2021-W40,202140,2022,1,1,FY22,0,0,0,-5,-58,-254,-1780,0,0,0,1
20211006,2021-10-06,2021,4,Q4,10,October,Oct,Oct 2021,202110,6,Wednesday,Wed,3,279,40,2021,2021-W40,202140,2022,1,1,FY22,0,0,0,-5,-58,-254,-1779,0,0,0,1
20211007,2021-10-07,2021,4,Q4,10,October,Oct,Oct 2021,202110,7,Thursday,Thu,4,280,40,2021,2021-W40,202140,2022,1,1,FY22,0,0,0,-5,-58,-254,-1778,0,0,0,1
20211008,2021-10-08,2021,4,Q4,10,October,Oct,Oct 2021,202110,8,Friday,Fri,5,281,40,2021,2021-W40,202140,2022,1,1,FY22,0,0,0,-5,-58,-254,-1777,0,0,0,1
20211009,2021-10-09,2021,4,Q4,10,October,Oct,Oct 2021,202110,9,Saturday,Sat,6,282,40,2021,2021-W40,202140,2022,1,1,FY22,1,0,0,-5,-58,-254,-1776,0,0,0,1
20211010,2021-10-10,2021,4,Q4,10,October,Oct,Oct 2021,202110,10,Sunday,Sun,7,283,40,2021,2021-W40,202140,2022,1,1,FY22,1,0,0,-5,-58,-254,-1775,0,0,0,1
20211011,2021-10-11,2021,4,Q4,10,October,Oct,Oct 2021,202110,11,Monday,Mon,1,284,41,2021,2021-W41,202141,2022,1,1,FY22,0,0,0,-5,-58,-253,-1774,0,0,0,1
20211012,2021-10-12,2021,4,Q4,10,October,Oct,Oct 2021,202110,12,Tuesday,Tue,2,285,41,2021,2021-W41,202141,2022,1,1,FY22,0,0,0,-5,-58,-253,-1773,0,0,0,1
20211013,2021-10-13,2021,4,Q4,10,October,Oct,Oct 2021,202110,13,Wednesday,Wed,3,286,41,2021,2021-W41,202141,2022,1,1,FY22,0,0,0,-5,-58,-253,-1772,0,0,0,1
20211014,2021-10-14,2021,4,Q4,10,October,Oct,Oct 2021,202110,14,Thursday,Thu,4,287,41,2021,2021-W41,202141,2022,1,1,FY22,0,0,0,-5,-58,-253,-1771,0,0,0,1
20211015,2021-10-15,2021,4,Q4,10,October,Oct,Oct 2021,202110,15,Friday,Fri,5,288,41,2021,2021-W41,202141,2022,1,1,FY22,0,0,0,-5,-58,-253,-1770,0,0,0,1
20211016,2021-10-16,2021,4,Q4,10,October,Oct,Oct 2021,202110,16,Saturday,Sat,6,289,41,2021,2021-W41,202141,2022,1,1,FY22,1,0,0,-5,-58,-253,-1769,0,0,0,1
20211017,2021-10-17,2021,4,Q4,10,October,Oct,Oct 2021,202110,17,Sunday,Sun,7,290,41,2021,2021-W41,202141,2022,1,1,FY22,1,0,0,-5,-58,-253,-1768,0,0,0,1
20211018,2021-10-18,2021,4,Q4,10,October,Oct,Oct 2021,202110,18,Monday,Mon,1,291,42,2021,2021-W42,202142,2022,1,1,FY22,0,0,0,-5,-58,-252,-1767,0,0,0,1
20211019,2021-10-19,2021,4,Q4,10,October,Oct,Oct 2021,202110,19,Tuesday,Tue,2,292,42,2021,2021-W42,202142,2022,1,1,FY22,0,0,0,-5,-58,-252,-1766,0,0,0,1
20211020,2021-10-20,2021,4,Q4,10,October,Oct,Oct 2021,202110,20,Wednesday,Wed,3,293,42,2021,2021-W42,202142,2022,1,1,FY22,0,0,0,-5,-58,-252,-1765,0,0,0,1
20211021,2021-10-21,2021,4,Q4,10,October,Oct,Oct 2021,202110,21,Thursday,Thu,4,294,42,2021,2021-W42,202142,2022,1,1,FY22,0,0,0,-5,-58,-252,-1764,0,0,0,1
20211022,2021-10-22,2021,4,Q4,10,October,Oct,Oct 2021,202110,22,Friday,Fri,5,295,42,2021,2021-W42,202142,2022,1,1,FY22,0,0,0,-5,-58,-252,-1763,0,0,0,1
20211023,2021-10-23,2021,4,Q4,10,October,Oct,Oct 2021,202110,23,Saturday,Sat,6,296,42,2021,2021-W42,202142,2022,1,1,FY22,1,0,0,-5,-58,-252,-1762,0,0,0,1
20211024,2021-10-24,2021,4,Q4,10,October,Oct,Oct 2021,202110,24,Sunday,Sun,7,297,42,2021,2021-W42,202142,2022,1,1,FY22,1,0,0,-5,-58,-252,-1761,0,0,0,1
20211025,2021-10-25,2021,4,Q4,10,October,Oct,Oct 2021,202110,25,Monday,Mon,1,298,43,2021,2021-W43,202143,2022,1,1,FY22,0,0,0,-5,-58,-251,-1760,0,0,0,1
20211026,2021-10-26,2021,4,Q4,10,October,Oct,Oct 2021,202110,26,Tuesday,Tue,2,299,43,2021,2021-W43,202143,2022,1,1,FY22,0,0,0,-5,-58,-251,-1759,0,0,0,1
20211027,2021-10-27,2021,4,Q4,10,October,Oct,Oct 2021,202110,27,Wednesday,Wed,3,300,43,2021,2021-W43,202143,2022,1,1,FY22,0,0,0,-5,-58,-251,-1758,0,0,0,1
20211028,2021-10-28,2021,4,Q4,10,October,Oct,Oct 2021,202110,28,Thursday,Thu,4,301,43,2021,2021-W43,202143,2022,1,1,FY22,0,0,0,-5,-58,-251,-1757,0,0,0,1
20211029,2021-10-29,2021,4,Q4,10,October,Oct,Oct 2021,202110,29,Friday,Fri,5,302,43,2021,2021-W43,202143,2022,1,1,FY22,0,0,0,-5,-58,-251,-1756,0,0,0,1
20211030,2021-10-30,2021,4,Q4,10,October,Oct,Oct 2021,202110,30,Saturday,Sat,6,303,43,2021,2021-W43,202143,2022,1,1,FY22,1,0,0,-5,-58,-251,-1755,0,0,0,1
20211031,2021-10-31,2021,4,Q4,10,October,Oct,Oct 2021,202110,31,Sunday,Sun,7,304,43,2021,2021-W43,202143,2022,1,1,FY22,1,1,0,-5,-58,-251,-1754,0,0,0,1
20211101,2021-11-01,2021,4,Q4,11,November,Nov,Nov 2021,202111,1,Monday,Mon,1,305,44,2021,2021-W44,202144,2022,1,2,FY22,0,0,0,-5,-57,-250,-1753,0,0,0,0
20211102,2021-11-02,2021,4,Q4,11,November,Nov,Nov 2021,202111,2,Tuesday,Tue,2,306,44,2021,2021-W44,202144,2022,1,2,FY22,0,0,0,-5,-57,-250,-1752,0,0,0,0
20211103,2021-11-03,2021,4,Q4,11,November,Nov,Nov 2021,202111,3,Wednesday,Wed,3,307,44,2021,2021-W44,202144,2022,1,2,FY22,0,0,0,-5,-57,-250,-1751,0,0,0,0
20211104,2021-11-04,2021,4,Q4,11,November,Nov,Nov 2021,202111,4,Thursday,Thu,4,308,44,2021,2021-W44,202144,2022,1,2,FY22,0,0,0,-5,-57,-250,-1750,0,0,0,0
20211105,2021-11-05,2021,4,Q4,11,November,Nov,Nov 2021,202111,5,Friday,Fri,5,309,44,2021,2021-W44,202144,2022,1,2,FY22,0,0,0,-5,-57,-250,-1749,0,0,0,0
20211106,2021-11-06,2021,4,Q4,11,November,Nov,Nov 2021,202111,6,Saturday,Sat,6,310,44,2021,2021-W44,202144,2022,1,2,FY22,1,0,0,-5,-57,-250,-1748,0,0,0,0
20211107,2021-11-07,2021,4,Q4,11,November,Nov,Nov 2021,202111,7,Sunday,Sun,7,311,44,2021,2021-W44,202144,2022,1,2,FY22,1,0,0,-5,-57,-250,-1747,0,0,0,0
20211108,2021-11-08,2021,4,Q4,11,November,Nov,Nov 2021,202111,8,Monday,Mon,1,312,45,2021,2021-W45,202145,2022,1,2,FY22,0,0,0,-5,-57,-249,-1746,0,0,0,0
20211109,2021-11-09,2021,4,Q4,11,November,Nov,Nov 2021,202111,9,Tuesday,Tue,2,313,45,2021,2021-W45,202145,2022,1,2,FY22,0,0,0,-5,-57,-249,-1745,0,0,0,0
20211110,2021-11-10,2021,4,Q4,11,November,Nov,Nov 2021,202111,10,Wednesday,Wed,3,314,45,2021,2021-W45,202145,2022,1,2,FY22,0,0,0,-5,-57,-249,-1744,0,0,0,0
20211111,2021-11-11,2021,4,Q4,11,November,Nov,Nov 2021,202111,11,Thursday,Thu,4,315,45,2021,2021-W45,202145,2022,1,2,FY22,0,0,0,-5,-57,-249,-1743,0,0,0,0
20211112,2021-11-12,2021,4,Q4,11,November,Nov,Nov 2021,202111,12,Friday,Fri,5,316,45,2021,2021-W45,202145,2022,1,2,FY22,0,0,0,-5,-57,-249,-1742,0,0,0,0
20211113,2021-11-13,2021,4,Q4,11,November,Nov,Nov 2021,202111,13,Saturday,Sat,6,317,45,2021,2021-W45,202145,2022,1,2,FY22,1,0,0,-5,-57,-249,-1741,0,0,0,0
20211114,2021-11-14,2021,4,Q4,11,November,Nov,Nov 2021,202111,14,Sunday,Sun,7,318,45,2021,2021-W45,202145,2022,1,2,FY22,1,0,0,-5,-57,-249,-1740,0,0,0,0
20211115,2021-11-15,2021,4,Q4,11,November,Nov,Nov 2021,202111,15,Monday,Mon,1,319,46,2021,2021-W46,202146,2022,1,2,FY22,0,0,0,-5,-57,-248,-1739,0,0,0,0
20211116,2021-11-16,2021,4,Q4,11,November,Nov,Nov 2021,202111,16,Tuesday,Tue,2,320,46,2021,2021-W46,202146,2022,1,2,FY22,0,0,0,-5,-57,-248,-1738,0,0,0,0
20211117,2021-11-17,2021,4,Q4,11,November,Nov,Nov 2021,202111,17,Wednesday,Wed,3,321,46,2021,2021-W46,202146,2022,1,2,FY22,0,0,0,-5,-57,-248,-1737,0,0,0,0
20211118,2021-11-18,2021,4,Q4,11,November,Nov,Nov 2021,202111,18,Thursday,Thu,4,322,46,2021,2021-W46,202146,2022,1,2,FY22,0,0,0,-5,-57,-248,-1736,0,0,0,0
20211119,2021-11-19,2021,4,Q4,11,November,Nov,Nov 2021,202111,19,Friday,Fri,5,323,46,2021,2021-W46,202146,2022,1,2,FY22,0,0,0,-5,-57,-248,-1735,0,0,0,0
20211120,2021-11-20,2021,4,Q4,11,November,Nov,Nov 2021,202111,20,Saturday,Sat,6,324,46,2021,2021-W46,202146,2022,1,2,FY22,1,0,0,-5,-57,-248,-1734,0,0,0,0
20211121,2021-11-21,2021,4,Q4,11,November,Nov,Nov 2021,202111,21,Sunday,Sun,7,325,46,2021,2021-W46,202146,2022,1,2,FY22,1,0,0,-5,-57,-248,-1733,0,0,0,0
20211122,2021-11-22,2021,4,Q4,11,November,Nov,Nov 2021,202111,22,Monday,Mon,1,326,47,2021,2021-W47,202147,2022,1,2,FY22,0,0,0,-5,-57,-247,-1732,0,0,0,0
20211123,2021-11-23,2021,4,Q4,11,November,Nov,Nov 2021,202111,23,Tuesday,Tue,2,327,47,2021,2021-W47,202147,2022,1,2,FY22,0,0,0,-5,-57,-247,-1731,0,0,0,0
20211124,2021-11-24,2021,4,Q4,11,November,Nov,Nov 2021,202111,24,Wednesday,Wed,3,328,47,2021,2021-W47,202147,2022,1,2,FY22,0,0,0,-5,-57,-247,-1730,0,0,0,0
20211125,2021-11-25,2021,4,Q4,11,November,Nov,Nov 2021,202111,25,Thursday,Thu,4,329,47,2021,2021-W47,202147,2022,1,2,FY22,0,0,0,-5,-57,-247,-1729,0,0,0,0
20211126,2021-11-26,2021,4,Q4,11,November,Nov,Nov 2021,202111,26,Friday,Fri,5,330,47,2021,2021-W47,202147,2022,1,2,FY22,0,0,0,-5,-57,-247,-1728,0,0,0,0
20211127,2021-11-27,2021,4,Q4,11,November,Nov,Nov 2021,202111,27,Saturday,Sat,6,331,47,2021,2021-W47,202147,2022,1,2,FY22,1,0,0,-5,-57,-247,-1727,0,0,0,0
20211128,2021-11-28,2021,4,Q4,11,November,Nov,Nov 2021,202111,28,Sunday,Sun,7,332,47,2021,2021-W47,202147,2022,1,2,FY22,1,0,0,-5,-57,-247,-1726,0,0,0,0
20211129,2021-11-29,2021,4,Q4,11,November,Nov,Nov 2021,202111,29,Monday,Mon,1,333,48,2021,2021-W48,202148,2022,1,2,FY22,0,0,0,-5,-57,-246,-1725,0,0,0,0
20211130,2021-11-30,2021,4,Q4,11,November,Nov,Nov 2021,202111,30,Tuesday,Tue,2,334,48,2021,2021-W48,202148,2022,1,2,FY22,0,1,0,-5,-57,-246,-1724,0,0,0,0
20211201,2021-12-01,2021,4,Q4,12,December,Dec,Dec 2021,202112,1,Wednesday,Wed,3,335,48,2021,2021-W48,202148,2022,1,3,FY22,0,0,0,-5,-56,-246,-1723,0,0,0,0
20211202,2021-12-02,2021,4,Q4,12,December,Dec,Dec 2021,202112,2,Thursday,Thu,4,336,48,2021,2021-W48,202148,2022,1,3,FY22,0,0,0,-5,-56,-246,-1722,0,0,0,0
20211203,2021-12-03,2021,4,Q4,12,December,Dec,Dec 2021,202112,3,Friday,Fri,5,337,48,2021,2021-W48,202148,2022,1,3,FY22,0,0,0,-5,-56,-246,-1721,0,0,0,0
20211204,2021-12-04,2021,4,Q4,12,December,Dec,Dec 2021,202112,4,Saturday,Sat,6,338,48,2021,2021-W48,202148,2022,1,3,FY22,1,0,0,-5,-56,-246,-1720,0,0,0,0
20211205,2021-12-05,2021,4,Q4,12,December,Dec,Dec 2021,202112,5,Sunday,Sun,7,339,48,2021,2021-W48,202148,2022,1,3,FY22,1,0,0,-5,-56,-246,-1719,0,0,0,0
20211206,2021-12-06,2021,4,Q4,12,December,Dec,Dec 2021,202112,6,Monday,Mon,1,340,49,2021,2021-W49,202149,2022,1,3,FY22,0,0,0,-5,-56,-245,-1718,0,0,0,0
20211207,2021-12-07,2021,4,Q4,12,December,Dec,Dec 2021,202112,7,Tuesday,Tue,2,341,49,2021,2021-W49,202149,2022,1,3,FY22,0,0,0,-5,-56,-245,-1717,0,0,0,0
20211208,2021-12-08,2021,4,Q4,12,December,Dec,Dec 2021,202112,8,Wednesday,Wed,3,342,49,2021,2021-W49,202149,2022,1,3,FY22,0,0,0,-5,-56,-245,-1716,0,0,0,0
20211209,2021-12-09,2021,4,Q4,12,December,Dec,Dec 2021,202112,9,Thursday,Thu,4,343,49,2021,2021-W49,202149,2022,1,3,FY22,0,0,0,-5,-56,-245,-1715,0,0,0,0
20211210,2021-12-10,2021,4,Q4,12,December,Dec,Dec 2021,202112,10,Friday,Fri,5,344,49,2021,2021-W49,202149,2022,1,3,FY22,0,0,0,-5,-56,-245,-1714,0,0,0,0
20211211,2021-12-11,2021,4,Q4,12,December,Dec,Dec 2021,202112,11,Saturday,Sat,6,345,49,2021,2021-W49,202149,2022,1,3,FY22,1,0,0,-5,-56,-245,-1713,0,0,0,0
20211212,2021-12-12,2021,4,Q4,12,December,Dec,Dec 2021,202112,12,Sunday,Sun,7,346,49,2021,2021-W49,202149,2022,1,3,FY22,1,0,0,-5,-56,-245,-1712,0,0,0,0
20211213,2021-12-13,2021,4,Q4,12,December,Dec,Dec 2021,202112,13,Monday,Mon,1,347,50,2021,2021-W50,202150,2022,1,3,FY22,0,0,0,-5,-56,-244,-1711,0,0,0,0
20211214,2021-12-14,2021,4,Q4,12,December,Dec,Dec 2021,202112,14,Tuesday,Tue,2,348,50,2021,2021-W50,202150,2022,1,3,FY22,0,0,0,-5,-56,-244,-1710,0,0,0,0
20211215,2021-12-15,2021,4,Q4,12,December,Dec,Dec 2021,202112,15,Wednesday,Wed,3,349,50,2021,2021-W50,202150,2022,1,3,FY22,0,0,0,-5,-56,-244,-1709,0,0,0,0
20211216,2021-12-16,2021,4,Q4,12,December,Dec,Dec 2021,202112,16,Thursday,Thu,4,350,50,2021,2021-W50,202150,2022,1,3,FY22,0,0,0,-5,-56,-244,-1708,0,0,0,0
20211217,2021-12-17,2021,4,Q4,12,December,Dec,Dec 2021,202112,17,Friday,Fri,5,351,50,2021,2021-W50,202150,2022,1,3,FY22,0,0,0,-5,-56,-244,-1707,0,0,0,0
20211218,2021-12-18,2021,4,Q4,12,December,Dec,Dec 2021,202112,18,Saturday,Sat,6,352,50,2021,2021-W50,202150,2022,1,3,FY22,1,0,0,-5,-56,-244,-1706,0,0,0,0
20211219,2021-12-19,2021,4,Q4,12,December,Dec,Dec 2021,202112,19,Sunday,Sun,7,353,50,2021,2021-W50,202150,2022,1,3,FY22,1,0,0,-5,-56,-244,-1705,0,0,0,0
20211220,2021-12-20,2021,4,Q4,12,December,Dec,Dec 2021,202112,20,Monday,Mon,1,354,51,2021,2021-W51,202151,2022,1,3,FY22,0,0,0,-5,-56,-243,-1704,0,0,0,0
20211221,2021-12-21,2021,4,Q4,12,December,Dec,Dec 2021,202112,21,Tuesday,Tue,2,355,51,2021,2021-W51,202151,2022,1,3,FY22,0,0,0,-5,-56,-243,-1703,0,0,0,0
20211222,2021-12-22,2021,4,Q4,12,December,Dec,Dec 2021,202112,22,Wednesday,Wed,3,356,51,2021,2021-W51,202151,2022,1,3,FY22,0,0,0,-5,-56,-243,-1702,0,0,0,0
20211223,2021-12-23,2021,4,Q4,12,December,Dec,Dec 2021,202112,23,Thursday,Thu,4,357,51,2021,2021-W51,202151,2022,1,3,FY22,0,0,0,-5,-56,-243,-1701,0,0,0,0
20211224,2021-12-24,2021,4,Q4,12,December,Dec,Dec 2021,202112,24,Friday,Fri,5,358,51,2021,2021-W51,202151,2022,1,3,FY22,0,0,0,-5,-56,-243,-1700,0,0,0,0
20211225,2021-12-25,2021,4,Q4,12,December,Dec,Dec 2021,202112,25,Saturday,Sat,6,359,51,2021,2021-W51,202151,2022,1,3,FY22,1,0,0,-5,-56,-243,-1699,0,0,0,0
20211226,2021-12-26,2021,4,Q4,12,December,Dec,Dec 2021,202112,26,Sunday,Sun,7,360,51,2021,2021-W51,202151,2022,1,3,FY22,1,0,0,-5,-56,-243,-1698,0,0,0,0
20211227,2021-12-27,2021,4,Q4,12,December,Dec,Dec 2021,202112,27,Monday,Mon,1,361,52,2021,2021-W52,202152,2022,1,3,FY22,0,0,0,-5,-56,-242,-1697,0,0,0,0
20211228,2021-12-28,2021,4,Q4,12,December,Dec,Dec 2021,202112,28,Tuesday,Tue,2,362,52,2021,2021-W52,202152,2022,1,3,FY22,0,0,0,-5,-56,-242,-1696,0,0,0,0
20211229,2021-12-29,2021,4,Q4,12,December,Dec,Dec 2021,202112,29,Wednesday,Wed,3,363,52,2021,2021-W52,202152,2022,1,3,FY22,0,0,0,-5,-56,-242,-1695,0,0,0,0
20211230,2021-12-30,2021,4,Q4,12,December,Dec,Dec 2021,202112,30,Thursday,Thu,4,364,52,2021,2021-W52,202152,2022,1,3,FY22,0,0,0,-5,-56,-242,-1694,0,0,0,0
20211231,2021-12-31,2021,4,Q4,12,December,Dec,Dec 2021,202112,31,Friday,Fri,5,365,52,2021,2021-W52,202152,2022,1,3,FY22,0,1,1,-5,-56,-242,-1693,0,0,0,0
20220101,2022-01-01,2022,1,Q1,1,January,Jan,Jan 2022,202201,1,Saturday,Sat,6,1,52,2021,2021-W52,202152,2022,2,4,FY22,1,0,0,-4,-55,-242,-1692,0,0,0,0
20220102,2022-01-02,2022,1,Q1,1,January,Jan,Jan 2022,202201,2,Sunday,Sun,7,2,52,2021,2021-W52,202152,2022,2,4,FY22,1,0,0,-4,-55,-242,-1691,0,0,0,0
20220103,2022-01-03,2022,1,Q1,1,January,Jan,Jan 2022,202201,3,Monday,Mon,1,3,1,2022,2022-W01,202201,2022,2,4,FY22,0,0,0,-4,-55,-241,-1690,0,0,0,0
20220104,2022-01-04,2022,1,Q1,1,January,Jan,Jan 2022,202201,4,Tuesday,Tue,2,4,1,2022,2022-W01,202201,2022,2,4,FY22,0,0,0,-4,-55,-241,-1689,0,0,0,0
20220105,2022-01-05,2022,1,Q1,1,January,Jan,Jan 2022,202201,5,Wednesday,Wed,3,5,1,2022,2022-W01,202201,2022,2,4,FY22,0,0,0,-4,-55,-241,-1688,0,0,0,0
20220106,2022-01-06,2022,1,Q1,1,January,Jan,Jan 2022,202201,6,Thursday,Thu,4,6,1,2022,2022-W01,202201,2022,2,4,FY22,0,0,0,-4,-55,-241,-1687,0,0,0,0
20220107,2022-01-07,2022,1,Q1,1,January,Jan,Jan 2022,202201,7,Friday,Fri,5,7,1,2022,2022-W01,202201,2022,2,4,FY22,0,0,0,-4,-55,-241,-1686,0,0,0,0
20220108,2022-01-08,2022,1,Q1,1,January,Jan,Jan 2022,202201,8,Saturday,Sat,6,8,1,2022,2022-W01,202201,2022,2,4,FY22,1,0,0,-4,-55,-241,-1685,0,0,0,0
20220109,2022-01-09,2022,1,Q1,1,January,Jan,Jan 2022,202201,9,Sunday,Sun,7,9,1,2022,2022-W01,202201,2022,2,4,FY22,1,0,0,-4,-55,-241,-1684,0,0,0,0
20220110,2022-01-10,2022,1,Q1,1,January,Jan,Jan 2022,202201,10,Monday,Mon,1,10,2,2022,2022-W02,202202,2022,2,4,FY22,0,0,0,-4,-55,-240,-1683,0,0,0,0
20220111,2022-01-11,2022,1,Q1,1,January,Jan,Jan 2022,202201,11,Tuesday,Tue,2,11,2,2022,2022-W02,202202,2022,2,4,FY22,0,0,0,-4,-55,-240,-1682,0,0,0,0
20220112,2022-01-12,2022,1,Q1,1,January,Jan,Jan 2022,202201,12,Wednesday,Wed,3,12,2,2022,2022-W02,202202,2022,2,4,FY22,0,0,0,-4,-55,-240,-1681,0,0,0,0
20220113,2022-01-13,2022,1,Q1,1,January,Jan,Jan 2022,202201,13,Thursday,Thu,4,13,2,2022,2022-W02,202202,2022,2,4,FY22,0,0,0,-4,-55,-240,-1680,0,0,0,0
20220114,2022-01-14,2022,1,Q1,1,January,Jan,Jan 2022,202201,14,Friday,Fri,5,14,2,2022,2022-W02,202202,2022,2,4,FY22,0,0,0,-4,-55,-240,-1679,0,0,0,0
20220115,2022-01-15,2022,1,Q1,1,January,Jan,Jan 2022,202201,15,Saturday,Sat,6,15,2,2022,2022-W02,202202,2022,2,4,FY22,1,0,0,-4,-55,-240,-1678,0,0,0,0
20220116,2022-01-16,2022,1,Q1,1,January,Jan,Jan 2022,202201,16,Sunday,Sun,7,16,2,2022,2022-W02,202202,2022,2,4,FY22,1,0,0,-4,-55,-240,-1677,0,0,0,0
20220117,2022-01-17,2022,1,Q1,1,January,Jan,Jan 2022,202201,17,Monday,Mon,1,17,3,2022,2022-W03,202203,2022,2,4,FY22,0,0,0,-4,-55,-239,-1676,0,0,0,0
20220118,2022-01-18,2022,1,Q1,1,January,Jan,Jan 2022,202201,18,Tuesday,Tue,2,18,3,2022,2022-W03,202203,2022,2,4,FY22,0,0,0,-4,-55,-239,-1675,0,0,0,0
20220119,2022-01-19,2022,1,Q1,1,January,Jan,Jan 2022,202201,19,Wednesday,Wed,3,19,3,2022,2022-W03,202203,2022,2,4,FY22,0,0,0,-4,-55,-239,-1674,0,0,0,0
20220120,2022-01-20,2022,1,Q1,1,January,Jan,Jan 2022,202201,20,Thursday,Thu,4,20,3,2022,2022-W03,202203,2022,2,4,FY22,0,0,0,-4,-55,-239,-1673,0,0,0,0
20220121,2022-01-21,2022,1,Q1,1,January,Jan,Jan 2022,202201,21,Friday,Fri,5,21,3,2022,2022-W03,202203,2022,2,4,FY22,0,0,0,-4,-55,-239,-1672,0,0,0,0
20220122,2022-01-22,2022,1,Q1,1,January,Jan,Jan 2022,202201,22,Saturday,Sat,6,22,3,2022,2022-W03,202203,2022,2,4,FY22,1,0,0,-4,-55,-239,-1671,0,0,0,0
20220123,2022-01-23,2022,1,Q1,1,January,Jan,Jan 2022,202201,23,Sunday,Sun,7,23,3,2022,2022-W03,202203,2022,2,4,FY22,1,0,0,-4,-55,-239,-1670,0,0,0,0
20220124,2022-01-24,2022,1,Q1,1,January,Jan,Jan 2022,202201,24,Monday,Mon,1,24,4,2022,2022-W04,202204,2022,2,4,FY22,0,0,0,-4,-55,-238,-1669,0,0,0,0
20220125,2022-01-25,2022,1,Q1,1,January,Jan,Jan 2022,202201,25,Tuesday,Tue,2,25,4,2022,2022-W04,202204,2022,2,4,FY22,0,0,0,-4,-55,-238,-1668,0,0,0,0
20220126,2022-01-26,2022,1,Q1,1,January,Jan,Jan 2022,202201,26,Wednesday,Wed,3,26,4,2022,2022-W04,202204,2022,2,4,FY22,0,0,0,-4,-55,-238,-1667,0,0,0,0
20220127,2022-01-27,2022,1,Q1,1,January,Jan,Jan 2022,202201,27,Thursday,Thu,4,27,4,2022,2022-W04,202204,2022,2,4,FY22,0,0,0,-4,-55,-238,-1666,0,0,0,0
20220128,2022-01-28,2022,1,Q1,1,January,Jan,Jan 2022,202201,28,Friday,Fri,5,28,4,2022,2022-W04,202204,2022,2,4,FY22,0,0,0,-4,-55,-238,-1665,0,0,0,0
20220129,2022-01-29,2022,1,Q1,1,January,Jan,Jan 2022,202201,29,Saturday,Sat,6,29,4,2022,2022-W04,202204,2022,2,4,FY22,1,0,0,-4,-55,-238,-1664,0,0,0,0
20220130,2022-01-30,2022,1,Q1,1,January,Jan,Jan 2022,202201,30,Sunday,Sun,7,30,4,2022,2022-W04,202204,2022,2,4,FY22,1,0,0,-4,-55,-238,-1663,0,0,0,0
20220131,2022-01-31,2022,1,Q1,1,January,Jan,Jan 2022,202201,31,Monday,Mon,1,31,5,2022,2022-W05,202205,2022,2,4,FY22,0,1,0,-4,-55,-237,-1662,0,0,1,0
20220201,2022-02-01,2022,1,Q1,2,February,Feb,Feb 2022,202202,1,Tuesday,Tue,2,32,5,2022,2022-W05,202205,2022,2,5,FY22,0,0,0,-4,-54,-237,-1661,0,0,1,0
20220202,2022-02-02,2022,1,Q1,2,February,Feb,Feb 2022,202202,2,Wednesday,Wed,3,33,5,2022,2022-W05,202205,2022,2,5,FY22,0,0,0,-4,-54,-237,-1660,0,0,1,0
20220203,2022-02-03,2022,1,Q1,2,February,Feb,Feb 2022,202202,3,Thursday,Thu,4,34,5,2022,2022-W05,202205,2022,2,5,FY22,0,0,0,-4,-54,-237,-1659,0,0,1,0
20220204,2022-02-04,2022,1,Q1,2,February,Feb,Feb 2022,202202,4,Friday,Fri,5,35,5,2022,2022-W05,202205,2022,2,5,FY22,0,0,0,-4,-54,-237,-1658,0,0,1,0
20220205,2022-02-05,2022,1,Q1,2,February,Feb,Feb 2022,202202,5,Saturday,Sat,6,36,5,2022,2022-W05,202205,2022,2,5,FY22,1,0,0,-4,-54,-237,-1657,0,0,1,0
20220206,2022-02-06,2022,1,Q1,2,February,Feb,Feb 2022,202202,6,Sunday,Sun,7,37,5,2022,2022-W05,202205,2022,2,5,FY22,1,0,0,-4,-54,-237,-1656,0,0,1,0
20220207,2022-02-07,2022,1,Q1,2,February,Feb,Feb 2022,202202,7,Monday,Mon,1,38,6,2022,2022-W06,202206,2022,2,5,FY22,0,0,0,-4,-54,-236,-1655,0,0,1,0
20220208,2022-02-08,2022,1,Q1,2,February,Feb,Feb 2022,202202,8,Tuesday,Tue,2,39,6,2022,2022-W06,202206,2022,2,5,FY22,0,0,0,-4,-54,-236,-1654,0,0,1,0
20220209,2022-02-09,2022,1,Q1,2,February,Feb,Feb 2022,202202,9,Wednesday,Wed,3,40,6,2022,2022-W06,202206,2022,2,5,FY22,0,0,0,-4,-54,-236,-1653,0,0,1,0
20220210,2022-02-10,2022,1,Q1,2,February,Feb,Feb 2022,202202,10,Thursday,Thu,4,41,6,2022,2022-W06,202206,2022,2,5,FY22,0,0,0,-4,-54,-236,-1652,0,0,1,0
20220211,2022-02-11,2022,1,Q1,2,February,Feb,Feb 2022,202202,11,Friday,Fri,5,42,6,2022,2022-W06,202206,2022,2,5,FY22,0,0,0,-4,-54,-236,-1651,0,0,1,0
20220212,2022-02-12,2022,1,Q1,2,February,Feb,Feb 2022,202202,12,Saturday,Sat,6,43,6,2022,2022-W06,202206,2022,2,5,FY22,1,0,0,-4,-54,-236,-1650,0,0,1,0
20220213,2022-02-13,2022,1,Q1,2,February,Feb,Feb 2022,202202,13,Sunday,Sun,7,44,6,2022,2022-W06,202206,2022,2,5,FY22,1,0,0,-4,-54,-236,-1649,0,0,1,0
20220214,2022-02-14,2022,1,Q1,2,February,Feb,Feb 2022,202202,14,Monday,Mon,1,45,7,2022,2022-W07,202207,2022,2,5,FY22,0,0,0,-4,-54,-235,-1648,0,0,1,0
20220215,2022-02-15,2022,1,Q1,2,February,Feb,Feb 2022,202202,15,Tuesday,Tue,2,46,7,2022,2022-W07,202207,2022,2,5,FY22,0,0,0,-4,-54,-235,-1647,0,0,1,0
20220216,2022-02-16,2022,1,Q1,2,February,Feb,Feb 2022,202202,16,Wednesday,Wed,3,47,7,2022,2022-W07,202207,2022,2,5,FY22,0,0,0,-4,-54,-235,-1646,0,0,1,0
20220217,2022-02-17,2022,1,Q1,2,February,Feb,Feb 2022,202202,17,Thursday,Thu,4,48,7,2022,2022-W07,202207,2022,2,5,FY22,0,0,0,-4,-54,-235,-1645,0,0,1,0
20220218,2022-02-18,2022,1,Q1,2,February,Feb,Feb 2022,202202,18,Friday,Fri,5,49,7,2022,2022-W07,202207,2022,2,5,FY22,0,0,0,-4,-54,-235,-1644,0,0,1,0
20220219,2022-02-19,2022,1,Q1,2,February,Feb,Feb 2022,202202,19,Saturday,Sat,6,50,7,2022,2022-W07,202207,2022,2,5,FY22,1,0,0,-4,-54,-235,-1643,0,0,1,0
20220220,2022-02-20,2022,1,Q1,2,February,Feb,Feb 2022,202202,20,Sunday,Sun,7,51,7,2022,2022-W07,202207,2022,2,5,FY22,1,0,0,-4,-54,-235,-1642,0,0,1,0
20220221,2022-02-21,2022,1,Q1,2,February,Feb,Feb 2022,202202,21,Monday,Mon,1,52,8,2022,2022-W08,202208,2022,2,5,FY22,0,0,0,-4,-54,-234,-1641,0,0,1,0
20220222,2022-02-22,2022,1,Q1,2,February,Feb,Feb 2022,202202,22,Tuesday,Tue,2,53,8,2022,2022-W08,202208,2022,2,5,FY22,0,0,0,-4,-54,-234,-1640,0,0,1,0
20220223,2022-02-23,2022,1,Q1,2,February,Feb,Feb 2022,202202,23,Wednesday,Wed,3,54,8,2022,2022-W08,202208,2022,2,5,FY22,0,0,0,-4,-54,-234,-1639,0,0,1,0
20220224,2022-02-24,2022,1,Q1,2,February,Feb,Feb 2022,202202,24,Thursday,Thu,4,55,8,2022,2022-W08,202208,2022,2,5,FY22,0,0,0,-4,-54,-234,-1638,0,0,1,0
20220225,2022-02-25,2022,1,Q1,2,February,Feb,Feb 2022,202202,25,Friday,Fri,5,56,8,2022,2022-W08,202208,2022,2,5,FY22,0,0,0,-4,-54,-234,-1637,0,0,1,0
20220226,2022-02-26,2022,1,Q1,2,February,Feb,Feb 2022,202202,26,Saturday,Sat,6,57,8,2022,2022-W08,202208,2022,2,5,FY22,1,0,0,-4,-54,-234,-1636,0,0,1,0
20220227,2022-02-27,2022,1,Q1,2,February,Feb,Feb 2022,202202,27,Sunday,Sun,7,58,8,2022,2022-W08,202208,2022,2,5,FY22,1,0,0,-4,-54,-234,-1635,0,0,1,0
20220228,2022-02-28,2022,1,Q1,2,February,Feb,Feb 2022,202202,28,Monday,Mon,1,59,9,2022,2022-W09,202209,2022,2,5,FY22,0,1,0,-4,-54,-233,-1634,0,0,0,0
20220301,2022-03-01,2022,1,Q1,3,March,Mar,Mar 2022,202203,1,Tuesday,Tue,2,60,9,2022,2022-W09,202209,2022,2,6,FY22,0,0,0,-4,-53,-233,-1633,0,0,0,0
20220302,2022-03-02,2022,1,Q1,3,March,Mar,Mar 2022,202203,2,Wednesday,Wed,3,61,9,2022,2022-W09,202209,2022,2,6,FY22,0,0,0,-4,-53,-233,-1632,0,0,0,0
20220303,2022-03-03,2022,1,Q1,3,March,Mar,Mar 2022,202203,3,Thursday,Thu,4,62,9,2022,2022-W09,202209,2022,2,6,FY22,0,0,0,-4,-53,-233,-1631,0,0,0,0
20220304,2022-03-04,2022,1,Q1,3,March,Mar,Mar 2022,202203,4,Friday,Fri,5,63,9,2022,2022-W09,202209,2022,2,6,FY22,0,0,0,-4,-53,-233,-1630,0,0,0,0
20220305,2022-03-05,2022,1,Q1,3,March,Mar,Mar 2022,202203,5,Saturday,Sat,6,64,9,2022,2022-W09,202209,2022,2,6,FY22,1,0,0,-4,-53,-233,-1629,0,0,0,0
20220306,2022-03-06,2022,1,Q1,3,March,Mar,Mar 2022,202203,6,Sunday,Sun,7,65,9,2022,2022-W09,202209,2022,2,6,FY22,1,0,0,-4,-53,-233,-1628,0,0,0,0
20220307,2022-03-07,2022,1,Q1,3,March,Mar,Mar 2022,202203,7,Monday,Mon,1,66,10,2022,2022-W10,202210,2022,2,6,FY22,0,0,0,-4,-53,-232,-1627,0,0,0,0
20220308,2022-03-08,2022,1,Q1,3,March,Mar,Mar 2022,202203,8,Tuesday,Tue,2,67,10,2022,2022-W10,202210,2022,2,6,FY22,0,0,0,-4,-53,-232,-1626,0,0,0,0
20220309,2022-03-09,2022,1,Q1,3,March,Mar,Mar 2022,202203,9,Wednesday,Wed,3,68,10,2022,2022-W10,202210,2022,2,6,FY22,0,0,0,-4,-53,-232,-1625,0,0,0,0
20220310,2022-03-10,2022,1,Q1,3,March,Mar,Mar 2022,202203,10,Thursday,Thu,4,69,10,2022,2022-W10,202210,2022,2,6,FY22,0,0,0,-4,-53,-232,-1624,0,0,0,0
20220311,2022-03-11,2022,1,Q1,3,March,Mar,Mar 2022,202203,11,Friday,Fri,5,70,10,2022,2022-W10,202210,2022,2,6,FY22,0,0,0,-4,-53,-232,-1623,0,0,0,0
20220312,2022-03-12,2022,1,Q1,3,March,Mar,Mar 2022,202203,12,Saturday,Sat,6,71,10,2022,2022-W10,202210,2022,2,6,FY22,1,0,0,-4,-53,-232,-1622,0,0,0,0
20220313,2022-03-13,2022,1,Q1,3,March,Mar,Mar 2022,202203,13,Sunday,Sun,7,72,10,2022,2022-W10,202210,2022,2,6,FY22,1,0,0,-4,-53,-232,-1621,0,0,0,0
20220314,2022-03-14,2022,1,Q1,3,March,Mar,Mar 2022,202203,14,Monday,Mon,1,73,11,2022,2022-W11,202211,2022,2,6,FY22,0,0,0,-4,-53,-231,-1620,0,0,0,0
20220315,2022-03-15,2022,1,Q1,3,March,Mar,Mar 2022,202203,15,Tuesday,Tue,2,74,11,2022,2022-W11,202211,2022,2,6,FY22,0,0,0,-4,-53,-231,-1619,0,0,0,0
20220316,2022-03-16,2022,1,Q1,3,March,Mar,Mar 2022,202203,16,Wednesday,Wed,3,75,11,2022,2022-W11,202211,2022,2,6,FY22,0,0,0,-4,-53,-231,-1618,0,0,0,0
20220317,2022-03-17,2022,1,Q1,3,March,Mar,Mar 2022,202203,17,Thursday,Thu,4,76,11,2022,2022-W11,202211,2022,2,6,FY22,0,0,0,-4,-53,-231,-1617,0,0,0,0
20220318,2022-03-18,2022,1,Q1,3,March,Mar,Mar 2022,202203,18,Friday,Fri,5,77,11,2022,2022-W11,202211,2022,2,6,FY22,0,0,0,-4,-53,-231,-1616,0,0,0,0
20220319,2022-03-19,2022,1,Q1,3,March,Mar,Mar 2022,202203,19,Saturday,Sat,6,78,11,2022,2022-W11,202211,2022,2,6,FY22,1,0,0,-4,-53,-231,-1615,0,0,0,0
20220320,2022-03-20,2022,1,Q1,3,March,Mar,Mar 2022,202203,20,Sunday,Sun,7,79,11,2022,2022-W11,202211,2022,2,6,FY22,1,0,0,-4,-53,-231,-1614,0,0,0,0
20220321,2022-03-21,2022,1,Q1,3,March,Mar,Mar 2022,202203,21,Monday,Mon,1,80,12,2022,2022-W12,202212,2022,2,6,FY22,0,0,0,-4,-53,-230,-1613,0,0,0,0
20220322,2022-03-22,2022,1,Q1,3,March,Mar,Mar 2022,202203,22,Tuesday,Tue,2,81,12,2022,2022-W12,202212,2022,2,6,FY22,0,0,0,-4,-53,-230,-1612,0,0,0,0
20220323,2022-03-23,2022,1,Q1,3,March,Mar,Mar 2022,202203,23,Wednesday,Wed,3,82,12,2022,2022-W12,202212,2022,2,6,FY22,0,0,0,-4,-53,-230,-1611,0,0,0,0
20220324,2022-03-24,2022,1,Q1,3,March,Mar,Mar 2022,202203,24,Thursday,Thu,4,83,12,2022,2022-W12,202212,2022,2,6,FY22,0,0,0,-4,-53,-230,-1610,0,0,0,0
20220325,2022-03-25,2022,1,Q1,3,March,Mar,Mar 2022,202203,25,Friday,Fri,5,84,12,2022,2022-W12,202212,2022,2,6,FY22,0,0,0,-4,-53,-230,-1609,0,0,0,0
20220326,2022-03-26,2022,1,Q1,3,March,Mar,Mar 2022,202203,26,Saturday,Sat,6,85,12,2022,2022-W12,202212,2022,2,6,FY22,1,0,0,-4,-53,-230,-1608,0,0,0,0
20220327,2022-03-27,2022,1,Q1,3,March,Mar,Mar 2022,202203,27,Sunday,Sun,7,86,12,2022,2022-W12,202212,2022,2,6,FY22,1,0,0,-4,-53,-230,-1607,0,0,0,0
20220328,2022-03-28,2022,1,Q1,3,March,Mar,Mar 2022,202203,28,Monday,Mon,1,87,13,2022,2022-W13,202213,2022,2,6,FY22,0,0,0,-4,-53,-229,-1606,0,0,0,0
20220329,2022-03-29,2022,1,Q1,3,March,Mar,Mar 2022,202203,29,Tuesday,Tue,2,88,13,2022,2022-W13,202213,2022,2,6,FY22,0,0,0,-4,-53,-229,-1605,0,0,0,0
20220330,2022-03-30,2022,1,Q1,3,March,Mar,Mar 2022,202203,30,Wednesday,Wed,3,89,13,2022,2022-W13,202213,2022,2,6,FY22,0,0,0,-4,-53,-229,-1604,0,0,0,0
20220331,2022-03-31,2022,1,Q1,3,March,Mar,Mar 2022,202203,31,Thursday,Thu,4,90,13,2022,2022-W13,202213,2022,2,6,FY22,0,1,1,-4,-53,-229,-1603,0,0,0,0
20220401,2022-04-01,2022,2,Q2,4,April,Apr,Apr 2022,202204,1,Friday,Fri,5,91,13,2022,2022-W13,202213,2022,3,7,FY22,0,0,0,-4,-52,-229,-1602,0,0,0,0
20220402,2022-04-02,2022,2,Q2,4,April,Apr,Apr 2022,202204,2,Saturday,Sat,6,92,13,2022,2022-W13,202213,2022,3,7,FY22,1,0,0,-4,-52,-229,-1601,0,0,0,0
20220403,2022-04-03,2022,2,Q2,4,April,Apr,Apr 2022,202204,3,Sunday,Sun,7,93,13,2022,2022-W13,202213,2022,3,7,FY22,1,0,0,-4,-52,-229,-1600,0,0,0,0
20220404,2022-04-04,2022,2,Q2,4,April,Apr,Apr 2022,202204,4,Monday,Mon,1,94,14,2022,2022-W14,202214,2022,3,7,FY22,0,0,0,-4,-52,-228,-1599,0,0,0,0
20220405,2022-04-05,2022,2,Q2,4,April,Apr,Apr 2022,202204,5,Tuesday,Tue,2,95,14,2022,2022-W14,202214,2022,3,7,FY22,0,0,0,-4,-52,-228,-1598,0,0,0,0
20220406,2022-04-06,2022,2,Q2,4,April,Apr,Apr 2022,202204,6,Wednesday,Wed,3,96,14,2022,2022-W14,202214,2022,3,7,FY22,0,0,0,-4,-52,-228,-1597,0,0,0,0
20220407,2022-04-07,2022,2,Q2,4,April,Apr,Apr 2022,202204,7,Thursday,Thu,4,97,14,2022,2022-W14,202214,2022,3,7,FY22,0,0,0,-4,-52,-228,-1596,0,0,0,0
20220408,2022-04-08,2022,2,Q2,4,April,Apr,Apr 2022,202204,8,Friday,Fri,5,98,14,2022,2022-W14,202214,2022,3,7,FY22,0,0,0,-4,-52,-228,-1595,0,0,0,0
20220409,2022-04-09,2022,2,Q2,4,April,Apr,Apr 2022,202204,9,Saturday,Sat,6,99,14,2022,2022-W14,202214,2022,3,7,FY22,1,0,0,-4,-52,-228,-1594,0,0,0,0
20220410,2022-04-10,2022,2,Q2,4,April,Apr,Apr 2022,202204,10,Sunday,Sun,7,100,14,2022,2022-W14,202214,2022,3,7,FY22,1,0,0,-4,-52,-228,-1593,0,0,0,0
20220411,2022-04-11,2022,2,Q2,4,April,Apr,Apr 2022,202204,11,Monday,Mon,1,101,15,2022,2022-W15,202215,2022,3,7,FY22,0,0,0,-4,-52,-227,-1592,0,0,0,0
20220412,2022-04-12,2022,2,Q2,4,April,Apr,Apr 2022,202204,12,Tuesday,Tue,2,102,15,2022,2022-W15,202215,2022,3,7,FY22,0,0,0,-4,-52,-227,-1591,0,0,0,0
20220413,2022-04-13,2022,2,Q2,4,April,Apr,Apr 2022,202204,13,Wednesday,Wed,3,103,15,2022,2022-W15,202215,2022,3,7,FY22,0,0,0,-4,-52,-227,-1590,0,0,0,0
20220414,2022-04-14,2022,2,Q2,4,April,Apr,Apr 2022,202204,14,Thursday,Thu,4,104,15,2022,2022-W15,202215,2022,3,7,FY22,0,0,0,-4,-52,-227,-1589,0,0,0,0
20220415,2022-04-15,2022,2,Q2,4,April,Apr,Apr 2022,202204,15,Friday,Fri,5,105,15,2022,2022-W15,202215,2022,3,7,FY22,0,0,0,-4,-52,-227,-1588,0,0,0,0
20220416,2022-04-16,2022,2,Q2,4,April,Apr,Apr 2022,202204,16,Saturday,Sat,6,106,15,2022,2022-W15,202215,2022,3,7,FY22,1,0,0,-4,-52,-227,-1587,0,0,0,0
20220417,2022-04-17,2022,2,Q2,4,April,Apr,Apr 2022,202204,17,Sunday,Sun,7,107,15,2022,2022-W15,202215,2022,3,7,FY22,1,0,0,-4,-52,-227,-1586,0,0,0,0
20220418,2022-04-18,2022,2,Q2,4,April,Apr,Apr 2022,202204,18,Monday,Mon,1,108,16,2022,2022-W16,202216,2022,3,7,FY22,0,0,0,-4,-52,-226,-1585,0,0,0,0
20220419,2022-04-19,2022,2,Q2,4,April,Apr,Apr 2022,202204,19,Tuesday,Tue,2,109,16,2022,2022-W16,202216,2022,3,7,FY22,0,0,0,-4,-52,-226,-1584,0,0,0,0
20220420,2022-04-20,2022,2,Q2,4,April,Apr,Apr 2022,202204,20,Wednesday,Wed,3,110,16,2022,2022-W16,202216,2022,3,7,FY22,0,0,0,-4,-52,-226,-1583,0,0,0,0
20220421,2022-04-21,2022,2,Q2,4,April,Apr,Apr 2022,202204,21,Thursday,Thu,4,111,16,2022,2022-W16,202216,2022,3,7,FY22,0,0,0,-4,-52,-226,-1582,0,0,0,0
20220422,2022-04-22,2022,2,Q2,4,April,Apr,Apr 2022,202204,22,Friday,Fri,5,112,16,2022,2022-W16,202216,2022,3,7,FY22,0,0,0,-4,-52,-226,-1581,0,0,0,0
20220423,2022-04-23,2022,2,Q2,4,April,Apr,Apr 2022,202204,23,Saturday,Sat,6,113,16,2022,2022-W16,202216,2022,3,7,FY22,1,0,0,-4,-52,-226,-1580,0,0,0,0
20220424,2022-04-24,2022,2,Q2,4,April,Apr,Apr 2022,202204,24,Sunday,Sun,7,114,16,2022,2022-W16,202216,2022,3,7,FY22,1,0,0,-4,-52,-226,-1579,0,0,0,0
20220425,2022-04-25,2022,2,Q2,4,April,Apr,Apr 2022,202204,25,Monday,Mon,1,115,17,2022,2022-W17,202217,2022,3,7,FY22,0,0,0,-4,-52,-225,-1578,0,0,0,0
20220426,2022-04-26,2022,2,Q2,4,April,Apr,Apr 2022,202204,26,Tuesday,Tue,2,116,17,2022,2022-W17,202217,2022,3,7,FY22,0,0,0,-4,-52,-225,-1577,0,0,0,0
20220427,2022-04-27,2022,2,Q2,4,April,Apr,Apr 2022,202204,27,Wednesday,Wed,3,117,17,2022,2022-W17,202217,2022,3,7,FY22,0,0,0,-4,-52,-225,-1576,0,0,0,0
20220428,2022-04-28,2022,2,Q2,4,April,Apr,Apr 2022,202204,28,Thursday,Thu,4,118,17,2022,2022-W17,202217,2022,3,7,FY22,0,0,0,-4,-52,-225,-1575,0,0,0,0
20220429,2022-04-29,2022,2,Q2,4,April,Apr,Apr 2022,202204,29,Friday,Fri,5,119,17,2022,2022-W17,202217,2022,3,7,FY22,0,0,0,-4,-52,-225,-1574,0,0,0,0
20220430,2022-04-30,2022,2,Q2,4,April,Apr,Apr 2022,202204,30,Saturday,Sat,6,120,17,2022,2022-W17,202217,2022,3,7,FY22,1,1,0,-4,-52,-225,-1573,0,0,0,0
20220501,2022-05-01,2022,2,Q2,5,May,May,May 2022,202205,1,Sunday,Sun,7,121,17,2022,2022-W17,202217,2022,3,8,FY22,1,0,0,-4,-51,-225,-1572,0,0,0,0
20220502,2022-05-02,2022,2,Q2,5,May,May,May 2022,202205,2,Monday,Mon,1,122,18,2022,2022-W18,202218,2022,3,8,FY22,0,0,0,-4,-51,-224,-1571,0,0,0,0
20220503,2022-05-03,2022,2,Q2,5,May,May,May 2022,202205,3,Tuesday,Tue,2,123,18,2022,2022-W18,202218,2022,3,8,FY22,0,0,0,-4,-51,-224,-1570,0,0,0,0
20220504,2022-05-04,2022,2,Q2,5,May,May,May 2022,202205,4,Wednesday,Wed,3,124,18,2022,2022-W18,202218,2022,3,8,FY22,0,0,0,-4,-51,-224,-1569,0,0,0,0
20220505,2022-05-05,2022,2,Q2,5,May,May,May 2022,202205,5,Thursday,Thu,4,125,18,2022,2022-W18,202218,2022,3,8,FY22,0,0,0,-4,-51,-224,-1568,0,0,0,0
20220506,2022-05-06,2022,2,Q2,5,May,May,May 2022,202205,6,Friday,Fri,5,126,18,2022,2022-W18,202218,2022,3,8,FY22,0,0,0,-4,-51,-224,-1567,0,0,0,0
20220507,2022-05-07,2022,2,Q2,5,May,May,May 2022,202205,7,Saturday,Sat,6,127,18,2022,2022-W18,202218,2022,3,8,FY22,1,0,0,-4,-51,-224,-1566,0,0,0,0
20220508,2022-05-08,2022,2,Q2,5,May,May,May 2022,202205,8,Sunday,Sun,7,128,18,2022,2022-W18,202218,2022,3,8,FY22,1,0,0,-4,-51,-224,-1565,0,0,0,0
20220509,2022-05-09,2022,2,Q2,5,May,May,May 2022,202205,9,Monday,Mon,1,129,19,2022,2022-W19,202219,2022,3,8,FY22,0,0,0,-4,-51,-223,-1564,0,0,0,0
20220510,2022-05-10,2022,2,Q2,5,May,May,May 2022,202205,10,Tuesday,Tue,2,130,19,2022,2022-W19,202219,2022,3,8,FY22,0,0,0,-4,-51,-223,-1563,0,0,0,0
20220511,2022-05-11,2022,2,Q2,5,May,May,May 2022,202205,11,Wednesday,Wed,3,131,19,2022,2022-W19,202219,2022,3,8,FY22,0,0,0,-4,-51,-223,-1562,0,0,0,0
20220512,2022-05-12,2022,2,Q2,5,May,May,May 2022,202205,12,Thursday,Thu,4,132,19,2022,2022-W19,202219,2022,3,8,FY22,0,0,0,-4,-51,-223,-1561,0,0,0,0
20220513,2022-05-13,2022,2,Q2,5,May,May,May 2022,202205,13,Friday,Fri,5,133,19,2022,2022-W19,202219,2022,3,8,FY22,0,0,0,-4,-51,-223,-1560,0,0,0,0
20220514,2022-05-14,2022,2,Q2,5,May,May,May 2022,202205,14,Saturday,Sat,6,134,19,2022,2022-W19,202219,2022,3,8,FY22,1,0,0,-4,-51,-223,-1559,0,0,0,0
20220515,2022-05-15,2022,2,Q2,5,May,May,May 2022,202205,15,Sunday,Sun,7,135,19,2022,2022-W19,202219,2022,3,8,FY22,1,0,0,-4,-51,-223,-1558,0,0,0,0
20220516,2022-05-16,2022,2,Q2,5,May,May,May 2022,202205,16,Monday,Mon,1,136,20,2022,2022-W20,202220,2022,3,8,FY22,0,0,0,-4,-51,-222,-1557,0,0,0,0
20220517,2022-05-17,2022,2,Q2,5,May,May,May 2022,202205,17,Tuesday,Tue,2,137,20,2022,2022-W20,202220,2022,3,8,FY22,0,0,0,-4,-51,-222,-1556,0,0,0,0
20220518,2022-05-18,2022,2,Q2,5,May,May,May 2022,202205,18,Wednesday,Wed,3,138,20,2022,2022-W20,202220,2022,3,8,FY22,0,0,0,-4,-51,-222,-1555,0,0,0,0
20220519,2022-05-19,2022,2,Q2,5,May,May,May 2022,202205,19,Thursday,Thu,4,139,20,2022,2022-W20,202220,2022,3,8,FY22,0,0,0,-4,-51,-222,-1554,0,0,0,0
20220520,2022-05-20,2022,2,Q2,5,May,May,May 2022,202205,20,Friday,Fri,5,140,20,2022,2022-W20,202220,2022,3,8,FY22,0,0,0,-4,-51,-222,-1553,0,0,0,0
20220521,2022-05-21,2022,2,Q2,5,May,May,May 2022,202205,21,Saturday,Sat,6,141,20,2022,2022-W20,202220,2022,3,8,FY22,1,0,0,-4,-51,-222,-1552,0,0,0,0
20220522,2022-05-22,2022,2,Q2,5,May,May,May 2022,202205,22,Sunday,Sun,7,142,20,2022,2022-W20,202220,2022,3,8,FY22,1,0,0,-4,-51,-222,-1551,0,0,0,0
20220523,2022-05-23,2022,2,Q2,5,May,May,May 2022,202205,23,Monday,Mon,1,143,21,2022,2022-W21,202221,2022,3,8,FY22,0,0,0,-4,-51,-221,-1550,0,0,0,0
20220524,2022-05-24,2022,2,Q2,5,May,May,May 2022,202205,24,Tuesday,Tue,2,144,21,2022,2022-W21,202221,2022,3,8,FY22,0,0,0,-4,-51,-221,-1549,0,0,0,0
20220525,2022-05-25,2022,2,Q2,5,May,May,May 2022,202205,25,Wednesday,Wed,3,145,21,2022,2022-W21,202221,2022,3,8,FY22,0,0,0,-4,-51,-221,-1548,0,0,0,0
20220526,2022-05-26,2022,2,Q2,5,May,May,May 2022,202205,26,Thursday,Thu,4,146,21,2022,2022-W21,202221,2022,3,8,FY22,0,0,0,-4,-51,-221,-1547,0,0,0,0
20220527,2022-05-27,2022,2,Q2,5,May,May,May 2022,202205,27,Friday,Fri,5,147,21,2022,2022-W21,202221,2022,3,8,FY22,0,0,0,-4,-51,-221,-1546,0,0,0,0
20220528,2022-05-28,2022,2,Q2,5,May,May,May 2022,202205,28,Saturday,Sat,6,148,21,2022,2022-W21,202221,2022,3,8,FY22,1,0,0,-4,-51,-221,-1545,0,0,0,0
20220529,2022-05-29,2022,2,Q2,5,May,May,May 2022,202205,29,Sunday,Sun,7,149,21,2022,2022-W21,202221,2022,3,8,FY22,1,0,0,-4,-51,-221,-1544,0,0,0,0
20220530,2022-05-30,2022,2,Q2,5,May,May,May 2022,202205,30,Monday,Mon,1,150,22,2022,2022-W22,202222,2022,3,8,FY22,0,0,0,-4,-51,-220,-1543,0,0,0,0
20220531,2022-05-31,2022,2,Q2,5,May,May,May 2022,202205,31,Tuesday,Tue,2,151,22,2022,2022-W22,202222,2022,3,8,FY22,0,1,0,-4,-51,-220,-1542,0,0,0,0
20220601,2022-06-01,2022,2,Q2,6,June,Jun,Jun 2022,202206,1,Wednesday,Wed,3,152,22,2022,2022-W22,202222,2022,3,9,FY22,0,0,0,-4,-50,-220,-1541,0,0,0,0
20220602,2022-06-02,2022,2,Q2,6,June,Jun,Jun 2022,202206,2,Thursday,Thu,4,153,22,2022,2022-W22,202222,2022,3,9,FY22,0,0,0,-4,-50,-220,-1540,0,0,0,0
20220603,2022-06-03,2022,2,Q2,6,June,Jun,Jun 2022,202206,3,Friday,Fri,5,154,22,2022,2022-W22,202222,2022,3,9,FY22,0,0,0,-4,-50,-220,-1539,0,0,0,0
20220604,2022-06-04,2022,2,Q2,6,June,Jun,Jun 2022,202206,4,Saturday,Sat,6,155,22,2022,2022-W22,202222,2022,3,9,FY22,1,0,0,-4,-50,-220,-1538,0,0,0,0
20220605,2022-06-05,2022,2,Q2,6,June,Jun,Jun 2022,202206,5,Sunday,Sun,7,156,22,2022,2022-W22,202222,2022,3,9,FY22,1,0,0,-4,-50,-220,-1537,0,0,0,0
20220606,2022-06-06,2022,2,Q2,6,June,Jun,Jun 2022,202206,6,Monday,Mon,1,157,23,2022,2022-W23,202223,2022,3,9,FY22,0,0,0,-4,-50,-219,-1536,0,0,0,0
20220607,2022-06-07,2022,2,Q2,6,June,Jun,Jun 2022,202206,7,Tuesday,Tue,2,158,23,2022,2022-W23,202223,2022,3,9,FY22,0,0,0,-4,-50,-219,-1535,0,0,0,0
20220608,2022-06-08,2022,2,Q2,6,June,Jun,Jun 2022,202206,8,Wednesday,Wed,3,159,23,2022,2022-W23,202223,2022,3,9,FY22,0,0,0,-4,-50,-219,-1534,0,0,0,0
20220609,2022-06-09,2022,2,Q2,6,June,Jun,Jun 2022,202206,9,Thursday,Thu,4,160,23,2022,2022-W23,202223,2022,3,9,FY22,0,0,0,-4,-50,-219,-1533,0,0,0,0
20220610,2022-06-10,2022,2,Q2,6,June,Jun,Jun 2022,202206,10,Friday,Fri,5,161,23,2022,2022-W23,202223,2022,3,9,FY22,0,0,0,-4,-50,-219,-1532,0,0,0,0
20220611,2022-06-11,2022,2,Q2,6,June,Jun,Jun 2022,202206,11,Saturday,Sat,6,162,23,2022,2022-W23,202223,2022,3,9,FY22,1,0,0,-4,-50,-219,-1531,0,0,0,0
20220612,2022-06-12,2022,2,Q2,6,June,Jun,Jun 2022,202206,12,Sunday,Sun,7,163,23,2022,2022-W23,202223,2022,3,9,FY22,1,0,0,-4,-50,-219,-1530,0,0,0,0
20220613,2022-06-13,2022,2,Q2,6,June,Jun,Jun 2022,202206,13,Monday,Mon,1,164,24,2022,2022-W24,202224,2022,3,9,FY22,0,0,0,-4,-50,-218,-1529,0,0,0,0
20220614,2022-06-14,2022,2,Q2,6,June,Jun,Jun 2022,202206,14,Tuesday,Tue,2,165,24,2022,2022-W24,202224,2022,3,9,FY22,0,0,0,-4,-50,-218,-1528,0,0,0,0
20220615,2022-06-15,2022,2,Q2,6,June,Jun,Jun 2022,202206,15,Wednesday,Wed,3,166,24,2022,2022-W24,202224,2022,3,9,FY22,0,0,0,-4,-50,-218,-1527,0,0,0,0
20220616,2022-06-16,2022,2,Q2,6,June,Jun,Jun 2022,202206,16,Thursday,Thu,4,167,24,2022,2022-W24,202224,2022,3,9,FY22,0,0,0,-4,-50,-218,-1526,0,0,0,0
20220617,2022-06-17,2022,2,Q2,6,June,Jun,Jun 2022,202206,17,Friday,Fri,5,168,24,2022,2022-W24,202224,2022,3,9,FY22,0,0,0,-4,-50,-218,-1525,0,0,0,0
20220618,2022-06-18,2022,2,Q2,6,June,Jun,Jun 2022,202206,18,Saturday,Sat,6,169,24,2022,2022-W24,202224,2022,3,9,FY22,1,0,0,-4,-50,-218,-1524,0,0,0,0
20220619,2022-06-19,2022,2,Q2,6,June,Jun,Jun 2022,202206,19,Sunday,Sun,7,170,24,2022,2022-W24,202224,2022,3,9,FY22,1,0,0,-4,-50,-218,-1523,0,0,0,0
20220620,2022-06-20,2022,2,Q2,6,June,Jun,Jun 2022,202206,20,Monday,Mon,1,171,25,2022,2022-W25,202225,2022,3,9,FY22,0,0,0,-4,-50,-217,-1522,0,0,0,0
20220621,2022-06-21,2022,2,Q2,6,June,Jun,Jun 2022,202206,21,Tuesday,Tue,2,172,25,2022,2022-W25,202225,2022,3,9,FY22,0,0,0,-4,-50,-217,-1521,0,0,0,0
20220622,2022-06-22,2022,2,Q2,6,June,Jun,Jun 2022,202206,22,Wednesday,Wed,3,173,25,2022,2022-W25,202225,2022,3,9,FY22,0,0,0,-4,-50,-217,-1520,0,0,0,0
20220623,2022-06-23,2022,2,Q2,6,June,Jun,Jun 2022,202206,23,Thursday,Thu,4,174,25,2022,2022-W25,202225,2022,3,9,FY22,0,0,0,-4,-50,-217,-1519,0,0,0,0
20220624,2022-06-24,2022,2,Q2,6,June,Jun,Jun 2022,202206,24,Friday,Fri,5,175,25,2022,2022-W25,202225,2022,3,9,FY22,0,0,0,-4,-50,-217,-1518,0,0,0,0
20220625,2022-06-25,2022,2,Q2,6,June,Jun,Jun 2022,202206,25,Saturday,Sat,6,176,25,2022,2022-W25,202225,2022,3,9,FY22,1,0,0,-4,-50,-217,-1517,0,0,0,0
20220626,2022-06-26,2022,2,Q2,6,June,Jun,Jun 2022,202206,26,Sunday,Sun,7,177,25,2022,2022-W25,202225,2022,3,9,FY22,1,0,0,-4,-50,-217,-1516,0,0,0,0
20220627,2022-06-27,2022,2,Q2,6,June,Jun,Jun 2022,202206,27,Monday,Mon,1,178,26,2022,2022-W26,202226,2022,3,9,FY22,0,0,0,-4,-50,-216,-1515,0,0,0,0
20220628,2022-06-28,2022,2,Q2,6,June,Jun,Jun 2022,202206,28,Tuesday,Tue,2,179,26,2022,2022-W26,202226,2022,3,9,FY22,0,0,0,-4,-50,-216,-1514,0,0,0,0
20220629,2022-06-29,2022,2,Q2,6,June,Jun,Jun 2022,202206,29,Wednesday,Wed,3,180,26,2022,2022-W26,202226,2022,3,9,FY22,0,0,0,-4,-50,-216,-1513,0,0,0,0
20220630,2022-06-30,2022,2,Q2,6,June,Jun,Jun 2022,202206,30,Thursday,Thu,4,181,26,2022,2022-W26,202226,2022,3,9,FY22,0,1,1,-4,-50,-216,-1512,0,0,0,0
20220701,2022-07-01,2022,3,Q3,7,July,Jul,Jul 2022,202207,1,Friday,Fri,5,182,26,2022,2022-W26,202226,2022,4,10,FY22,0,0,0,-4,-49,-216,-1511,0,0,0,0
20220702,2022-07-02,2022,3,Q3,7,July,Jul,Jul 2022,202207,2,Saturday,Sat,6,183,26,2022,2022-W26,202226,2022,4,10,FY22,1,0,0,-4,-49,-216,-1510,0,0,0,0
20220703,2022-07-03,2022,3,Q3,7,July,Jul,Jul 2022,202207,3,Sunday,Sun,7,184,26,2022,2022-W26,202226,2022,4,10,FY22,1,0,0,-4,-49,-216,-1509,0,0,0,0
20220704,2022-07-04,2022,3,Q3,7,July,Jul,Jul 2022,202207,4,Monday,Mon,1,185,27,2022,2022-W27,202227,2022,4,10,FY22,0,0,0,-4,-49,-215,-1508,0,0,0,0
20220705,2022-07-05,2022,3,Q3,7,July,Jul,Jul 2022,202207,5,Tuesday,Tue,2,186,27,2022,2022-W27,202227,2022,4,10,FY22,0,0,0,-4,-49,-215,-1507,0,0,0,0
20220706,2022-07-06,2022,3,Q3,7,July,Jul,Jul 2022,202207,6,Wednesday,Wed,3,187,27,2022,2022-W27,202227,2022,4,10,FY22,0,0,0,-4,-49,-215,-1506,0,0,0,0
20220707,2022-07-07,2022,3,Q3,7,July,Jul,Jul 2022,202207,7,Thursday,Thu,4,188,27,2022,2022-W27,202227,2022,4,10,FY22,0,0,0,-4,-49,-215,-1505,0,0,0,0
20220708,2022-07-08,2022,3,Q3,7,July,Jul,Jul 2022,202207,8,Friday,Fri,5,189,27,2022,2022-W27,202227,2022,4,10,FY22,0,0,0,-4,-49,-215,-1504,0,0,0,0
20220709,2022-07-09,2022,3,Q3,7,July,Jul,Jul 2022,202207,9,Saturday,Sat,6,190,27,2022,2022-W27,202227,2022,4,10,FY22,1,0,0,-4,-49,-215,-1503,0,0,0,0
20220710,2022-07-10,2022,3,Q3,7,July,Jul,Jul 2022,202207,10,Sunday,Sun,7,191,27,2022,2022-W27,202227,2022,4,10,FY22,1,0,0,-4,-49,-215,-1502,0,0,0,0
20220711,2022-07-11,2022,3,Q3,7,July,Jul,Jul 2022,202207,11,Monday,Mon,1,192,28,2022,2022-W28,202228,2022,4,10,FY22,0,0,0,-4,-49,-214,-1501,0,0,0,0
20220712,2022-07-12,2022,3,Q3,7,July,Jul,Jul 2022,202207,12,Tuesday,Tue,2,193,28,2022,2022-W28,202228,2022,4,10,FY22,0,0,0,-4,-49,-214,-1500,0,0,0,0
20220713,2022-07-13,2022,3,Q3,7,July,Jul,Jul 2022,202207,13,Wednesday,Wed,3,194,28,2022,2022-W28,202228,2022,4,10,FY22,0,0,0,-4,-49,-214,-1499,0,0,0,0
20220714,2022-07-14,2022,3,Q3,7,July,Jul,Jul 2022,202207,14,Thursday,Thu,4,195,28,2022,2022-W28,202228,2022,4,10,FY22,0,0,0,-4,-49,-214,-1498,0,0,0,0
20220715,2022-07-15,2022,3,Q3,7,July,Jul,Jul 2022,202207,15,Friday,Fri,5,196,28,2022,2022-W28,202228,2022,4,10,FY22,0,0,0,-4,-49,-214,-1497,0,0,0,0
20220716,2022-07-16,2022,3,Q3,7,July,Jul,Jul 2022,202207,16,Saturday,Sat,6,197,28,2022,2022-W28,202228,2022,4,10,FY22,1,0,0,-4,-49,-214,-1496,0,0,0,0
20220717,2022-07-17,2022,3,Q3,7,July,Jul,Jul 2022,202207,17,Sunday,Sun,7,198,28,2022,2022-W28,202228,2022,4,10,FY22,1,0,0,-4,-49,-214,-1495,0,0,0,0
20220718,2022-07-18,2022,3,Q3,7,July,Jul,Jul 2022,202207,18,Monday,Mon,1,199,29,2022,2022-W29,202229,2022,4,10,FY22,0,0,0,-4,-49,-213,-1494,0,0,0,0
20220719,2022-07-19,2022,3,Q3,7,July,Jul,Jul 2022,202207,19,Tuesday,Tue,2,200,29,2022,2022-W29,202229,2022,4,10,FY22,0,0,0,-4,-49,-213,-1493,0,0,0,0
20220720,2022-07-20,2022,3,Q3,7,July,Jul,Jul 2022,202207,20,Wednesday,Wed,3,201,29,2022,2022-W29,202229,2022,4,10,FY22,0,0,0,-4,-49,-213,-1492,0,0,0,0
20220721,2022-07-21,2022,3,Q3,7,July,Jul,Jul 2022,202207,21,Thursday,Thu,4,202,29,2022,2022-W29,202229,2022,4,10,FY22,0,0,0,-4,-49,-213,-1491,0,0,0,0
20220722,2022-07-22,2022,3,Q3,7,July,Jul,Jul 2022,202207,22,Friday,Fri,5,203,29,2022,2022-W29,202229,2022,4,10,FY22,0,0,0,-4,-49,-213,-1490,0,0,0,0
20220723,2022-07-23,2022,3,Q3,7,July,Jul,Jul 2022,202207,23,Saturday,Sat,6,204,29,2022,2022-W29,202229,2022,4,10,FY22,1,0,0,-4,-49,-213,-1489,0,0,0,0
20220724,2022-07-24,2022,3,Q3,7,July,Jul,Jul 2022,202207,24,Sunday,Sun,7,205,29,2022,2022-W29,202229,2022,4,10,FY22,1,0,0,-4,-49,-213,-1488,0,0,0,0
20220725,2022-07-25,2022,3,Q3,7,July,Jul,Jul 2022,202207,25,Monday,Mon,1,206,30,2022,2022-W30,202230,2022,4,10,FY22,0,0,0,-4,-49,-212,-1487,0,0,0,0
20220726,2022-07-26,2022,3,Q3,7,July,Jul,Jul 2022,202207,26,Tuesday,Tue,2,207,30,2022,2022-W30,202230,2022,4,10,FY22,0,0,0,-4,-49,-212,-1486,0,0,0,0
20220727,2022-07-27,2022,3,Q3,7,July,Jul,Jul 2022,202207,27,Wednesday,Wed,3,208,30,2022,2022-W30,202230,2022,4,10,FY22,0,0,0,-4,-49,-212,-1485,0,0,0,0
20220728,2022-07-28,2022,3,Q3,7,July,Jul,Jul 2022,202207,28,Thursday,Thu,4,209,30,2022,2022-W30,202230,2022,4,10,FY22,0,0,0,-4,-49,-212,-1484,0,0,0,0
20220729,2022-07-29,2022,3,Q3,7,July,Jul,Jul 2022,202207,29,Friday,Fri,5,210,30,2022,2022-W30,202230,2022,4,10,FY22,0,0,0,-4,-49,-212,-1483,0,0,0,0
20220730,2022-07-30,2022,3,Q3,7,July,Jul,Jul 2022,202207,30,Saturday,Sat,6,211,30,2022,2022-W30,202230,2022,4,10,FY22,1,0,0,-4,-49,-212,-1482,0,0,0,0
20220731,2022-07-31,2022,3,Q3,7,July,Jul,Jul 2022,202207,31,Sunday,Sun,7,212,30,2022,2022-W30,202230,2022,4,10,FY22,1,1,0,-4,-49,-212,-1481,0,0,0,0
20220801,2022-08-01,2022,3,Q3,8,August,Aug,Aug 2022,202208,1,Monday,Mon,1,213,31,2022,2022-W31,202231,2022,4,11,FY22,0,0,0,-4,-48,-211,-1480,0,0,0,1
20220802,2022-08-02,2022,3,Q3,8,August,Aug,Aug 2022,202208,2,Tuesday,Tue,2,214,31,2022,2022-W31,202231,2022,4,11,FY22,0,0,0,-4,-48,-211,-1479,0,0,0,1
20220803,2022-08-03,2022,3,Q3,8,August,Aug,Aug 2022,202208,3,Wednesday,Wed,3,215,31,2022,2022-W31,202231,2022,4,11,FY22,0,0,0,-4,-48,-211,-1478,0,0,0,1
20220804,2022-08-04,2022,3,Q3,8,August,Aug,Aug 2022,202208,4,Thursday,Thu,4,216,31,2022,2022-W31,202231,2022,4,11,FY22,0,0,0,-4,-48,-211,-1477,0,0,0,1
20220805,2022-08-05,2022,3,Q3,8,August,Aug,Aug 2022,202208,5,Friday,Fri,5,217,31,2022,2022-W31,202231,2022,4,11,FY22,0,0,0,-4,-48,-211,-1476,0,0,0,1
20220806,2022-08-06,2022,3,Q3,8,August,Aug,Aug 2022,202208,6,Saturday,Sat,6,218,31,2022,2022-W31,202231,2022,4,11,FY22,1,0,0,-4,-48,-211,-1475,0,0,0,1
20220807,2022-08-07,2022,3,Q3,8,August,Aug,Aug 2022,202208,7,Sunday,Sun,7,219,31,2022,2022-W31,202231,2022,4,11,FY22,1,0,0,-4,-48,-211,-1474,0,0,0,1
20220808,2022-08-08,2022,3,Q3,8,August,Aug,Aug 2022,202208,8,Monday,Mon,1,220,32,2022,2022-W32,202232,2022,4,11,FY22,0,0,0,-4,-48,-210,-1473,0,0,0,1
20220809,2022-08-09,2022,3,Q3,8,August,Aug,Aug 2022,202208,9,Tuesday,Tue,2,221,32,2022,2022-W32,202232,2022,4,11,FY22,0,0,0,-4,-48,-210,-1472,0,0,0,1
20220810,2022-08-10,2022,3,Q3,8,August,Aug,Aug 2022,202208,10,Wednesday,Wed,3,222,32,2022,2022-W32,202232,2022,4,11,FY22,0,0,0,-4,-48,-210,-1471,0,0,0,1
20220811,2022-08-11,2022,3,Q3,8,August,Aug,Aug 2022,202208,11,Thursday,Thu,4,223,32,2022,2022-W32,202232,2022,4,11,FY22,0,0,0,-4,-48,-210,-1470,0,0,0,1
20220812,2022-08-12,2022,3,Q3,8,August,Aug,Aug 2022,202208,12,Friday,Fri,5,224,32,2022,2022-W32,202232,2022,4,11,FY22,0,0,0,-4,-48,-210,-1469,0,0,0,1
20220813,2022-08-13,2022,3,Q3,8,August,Aug,Aug 2022,202208,13,Saturday,Sat,6,225,32,2022,2022-W32,202232,2022,4,11,FY22,1,0,0,-4,-48,-210,-1468,0,0,0,1
20220814,2022-08-14,2022,3,Q3,8,August,Aug,Aug 2022,202208,14,Sunday,Sun,7,226,32,2022,2022-W32,202232,2022,4,11,FY22,1,0,0,-4,-48,-210,-1467,0,0,0,1
20220815,2022-08-15,2022,3,Q3,8,August,Aug,Aug 2022,202208,15,Monday,Mon,1,227,33,2022,2022-W33,202233,2022,4,11,FY22,0,0,0,-4,-48,-209,-1466,0,0,0,1
20220816,2022-08-16,2022,3,Q3,8,August,Aug,Aug 2022,202208,16,Tuesday,Tue,2,228,33,2022,2022-W33,202233,2022,4,11,FY22,0,0,0,-4,-48,-209,-1465,0,0,0,1
20220817,2022-08-17,2022,3,Q3,8,August,Aug,Aug 2022,202208,17,Wednesday,Wed,3,229,33,2022,2022-W33,202233,2022,4,11,FY22,0,0,0,-4,-48,-209,-1464,0,0,0,1
20220818,2022-08-18,2022,3,Q3,8,August,Aug,Aug 2022,202208,18,Thursday,Thu,4,230,33,2022,2022-W33,202233,2022,4,11,FY22,0,0,0,-4,-48,-209,-1463,0,0,0,1
20220819,2022-08-19,2022,3,Q3,8,August,Aug,Aug 2022,202208,19,Friday,Fri,5,231,33,2022,2022-W33,202233,2022,4,11,FY22,0,0,0,-4,-48,-209,-1462,0,0,0,1
20220820,2022-08-20,2022,3,Q3,8,August,Aug,Aug 2022,202208,20,Saturday,Sat,6,232,33,2022,2022-W33,202233,2022,4,11,FY22,1,0,0,-4,-48,-209,-1461,0,0,0,1
20220821,2022-08-21,2022,3,Q3,8,August,Aug,Aug 2022,202208,21,Sunday,Sun,7,233,33,2022,2022-W33,202233,2022,4,11,FY22,1,0,0,-4,-48,-209,-1460,0,0,0,1
20220822,2022-08-22,2022,3,Q3,8,August,Aug,Aug 2022,202208,22,Monday,Mon,1,234,34,2022,2022-W34,202234,2022,4,11,FY22,0,0,0,-4,-48,-208,-1459,0,0,0,1
20220823,2022-08-23,2022,3,Q3,8,August,Aug,Aug 2022,202208,23,Tuesday,Tue,2,235,34,2022,2022-W34,202234,2022,4,11,FY22,0,0,0,-4,-48,-208,-1458,0,0,0,1
20220824,2022-08-24,2022,3,Q3,8,August,Aug,Aug 2022,202208,24,Wednesday,Wed,3,236,34,2022,2022-W34,202234,2022,4,11,FY22,0,0,0,-4,-48,-208,-1457,0,0,0,1
20220825,2022-08-25,2022,3,Q3,8,August,Aug,Aug 2022,202208,25,Thursday,Thu,4,237,34,2022,2022-W34,202234,2022,4,11,FY22,0,0,0,-4,-48,-208,-1456,0,0,0,1
20220826,2022-08-26,2022,3,Q3,8,August,Aug,Aug 2022,202208,26,Friday,Fri,5,238,34,2022,2022-W34,202234,2022,4,11,FY22,0,0,0,-4,-48,-208,-1455,0,0,0,1
20220827,2022-08-27,2022,3,Q3,8,August,Aug,Aug 2022,202208,27,Saturday,Sat,6,239,34,2022,2022-W34,202234,2022,4,11,FY22,1,0,0,-4,-48,-208,-1454,0,0,0,1
20220828,2022-08-28,2022,3,Q3,8,August,Aug,Aug 2022,202208,28,Sunday,Sun,7,240,34,2022,2022-W34,202234,2022,4,11,FY22,1,0,0,-4,-48,-208,-1453,0,0,0,1
20220829,2022-08-29,2022,3,Q3,8,August,Aug,Aug 2022,202208,29,Monday,Mon,1,241,35,2022,2022-W35,202235,2022,4,11,FY22,0,0,0,-4,-48,-207,-1452,0,0,0,1
20220830,2022-08-30,2022,3,Q3,8,August,Aug,Aug 2022,202208,30,Tuesday,Tue,2,242,35,2022,2022-W35,202235,2022,4,11,FY22,0,0,0,-4,-48,-207,-1451,0,0,0,1
20220831,2022-08-31,2022,3,Q3,8,August,Aug,Aug 2022,202208,31,Wednesday,Wed,3,243,35,2022,2022-W35,202235,2022,4,11,FY22,0,1,0,-4,-48,-207,-1450,0,0,0,1
20220901,2022-09-01,2022,3,Q3,9,September,Sep,Sep 2022,202209,1,Thursday,Thu,4,244,35,2022,2022-W35,202235,2022,4,12,FY22,0,0,0,-4,-47,-207,-1449,0,0,0,1
20220902,2022-09-02,2022,3,Q3,9,September,Sep,Sep 2022,202209,2,Friday,Fri,5,245,35,2022,2022-W35,202235,2022,4,12,FY22,0,0,0,-4,-47,-207,-1448,0,0,0,1
20220903,2022-09-03,2022,3,Q3,9,September,Sep,Sep 2022,202209,3,Saturday,Sat,6,246,35,2022,2022-W35,202235,2022,4,12,FY22,1,0,0,-4,-47,-207,-1447,0,0,0,1
20220904,2022-09-04,2022,3,Q3,9,September,Sep,Sep 2022,202209,4,Sunday,Sun,7,247,35,2022,2022-W35,202235,2022,4,12,FY22,1,0,0,-4,-47,-207,-1446,0,0,0,1
20220905,2022-09-05,2022,3,Q3,9,September,Sep,Sep 2022,202209,5,Monday,Mon,1,248,36,2022,2022-W36,202236,2022,4,12,FY22,0,0,0,-4,-47,-206,-1445,0,0,0,1
20220906,2022-09-06,2022,3,Q3,9,September,Sep,Sep 2022,202209,6,Tuesday,Tue,2,249,36,2022,2022-W36,202236,2022,4,12,FY22,0,0,0,-4,-47,-206,-1444,0,0,0,1
20220907,2022-09-07,2022,3,Q3,9,September,Sep,Sep 2022,202209,7,Wednesday,Wed,3,250,36,2022,2022-W36,202236,2022,4,12,FY22,0,0,0,-4,-47,-206,-1443,0,0,0,1
20220908,2022-09-08,2022,3,Q3,9,September,Sep,Sep 2022,202209,8,Thursday,Thu,4,251,36,2022,2022-W36,202236,2022,4,12,FY22,0,0,0,-4,-47,-206,-1442,0,0,0,1
20220909,2022-09-09,2022,3,Q3,9,September,Sep,Sep 2022,202209,9,Friday,Fri,5,252,36,2022,2022-W36,202236,2022,4,12,FY22,0,0,0,-4,-47,-206,-1441,0,0,0,1
20220910,2022-09-10,2022,3,Q3,9,September,Sep,Sep 2022,202209,10,Saturday,Sat,6,253,36,2022,2022-W36,202236,2022,4,12,FY22,1,0,0,-4,-47,-206,-1440,0,0,0,1
20220911,2022-09-11,2022,3,Q3,9,September,Sep,Sep 2022,202209,11,Sunday,Sun,7,254,36,2022,2022-W36,202236,2022,4,12,FY22,1,0,0,-4,-47,-206,-1439,0,0,0,1
20220912,2022-09-12,2022,3,Q3,9,September,Sep,Sep 2022,202209,12,Monday,Mon,1,255,37,2022,2022-W37,202237,2022,4,12,FY22,0,0,0,-4,-47,-205,-1438,0,0,0,1
20220913,2022-09-13,2022,3,Q3,9,September,Sep,Sep 2022,202209,13,Tuesday,Tue,2,256,37,2022,2022-W37,202237,2022,4,12,FY22,0,0,0,-4,-47,-205,-1437,0,0,0,1
20220914,2022-09-14,2022,3,Q3,9,September,Sep,Sep 2022,202209,14,Wednesday,Wed,3,257,37,2022,2022-W37,202237,2022,4,12,FY22,0,0,0,-4,-47,-205,-1436,0,0,0,1
20220915,2022-09-15,2022,3,Q3,9,September,Sep,Sep 2022,202209,15,Thursday,Thu,4,258,37,2022,2022-W37,202237,2022,4,12,FY22,0,0,0,-4,-47,-205,-1435,0,0,0,1
20220916,2022-09-16,2022,3,Q3,9,September,Sep,Sep 2022,202209,16,Friday,Fri,5,259,37,2022,2022-W37,202237,2022,4,12,FY22,0,0,0,-4,-47,-205,-1434,0,0,0,1
20220917,2022-09-17,2022,3,Q3,9,September,Sep,Sep 2022,202209,17,Saturday,Sat,6,260,37,2022,2022-W37,202237,2022,4,12,FY22,1,0,0,-4,-47,-205,-1433,0,0,0,1
20220918,2022-09-18,2022,3,Q3,9,September,Sep,Sep 2022,202209,18,Sunday,Sun,7,261,37,2022,2022-W37,202237,2022,4,12,FY22,1,0,0,-4,-47,-205,-1432,0,0,0,1
20220919,2022-09-19,2022,3,Q3,9,September,Sep,Sep 2022,202209,19,Monday,Mon,1,262,38,2022,2022-W38,202238,2022,4,12,FY22,0,0,0,-4,-47,-204,-1431,0,0,0,1
20220920,2022-09-20,2022,3,Q3,9,September,Sep,Sep 2022,202209,20,Tuesday,Tue,2,263,38,2022,2022-W38,202238,2022,4,12,FY22,0,0,0,-4,-47,-204,-1430,0,0,0,1
20220921,2022-09-21,2022,3,Q3,9,September,Sep,Sep 2022,202209,21,Wednesday,Wed,3,264,38,2022,2022-W38,202238,2022,4,12,FY22,0,0,0,-4,-47,-204,-1429,0,0,0,1
20220922,2022-09-22,2022,3,Q3,9,September,Sep,Sep 2022,202209,22,Thursday,Thu,4,265,38,2022,2022-W38,202238,2022,4,12,FY22,0,0,0,-4,-47,-204,-1428,0,0,0,1
20220923,2022-09-23,2022,3,Q3,9,September,Sep,Sep 2022,202209,23,Friday,Fri,5,266,38,2022,2022-W38,202238,2022,4,12,FY22,0,0,0,-4,-47,-204,-1427,0,0,0,1
20220924,2022-09-24,2022,3,Q3,9,September,Sep,Sep 2022,202209,24,Saturday,Sat,6,267,38,2022,2022-W38,202238,2022,4,12,FY22,1,0,0,-4,-47,-204,-1426,0,0,0,1
20220925,2022-09-25,2022,3,Q3,9,September,Sep,Sep 2022,202209,25,Sunday,Sun,7,268,38,2022,2022-W38,202238,2022,4,12,FY22,1,0,0,-4,-47,-204,-1425,0,0,0,1
20220926,2022-09-26,2022,3,Q3,9,September,Sep,Sep 2022,202209,26,Monday,Mon,1,269,39,2022,2022-W39,202239,2022,4,12,FY22,0,0,0,-4,-47,-203,-1424,0,0,0,1
20220927,2022-09-27,2022,3,Q3,9,September,Sep,Sep 2022,202209,27,Tuesday,Tue,2,270,39,2022,2022-W39,202239,2022,4,12,FY22,0,0,0,-4,-47,-203,-1423,0,0,0,1
20220928,2022-09-28,2022,3,Q3,9,September,Sep,Sep 2022,202209,28,Wednesday,Wed,3,271,39,2022,2022-W39,202239,2022,4,12,FY22,0,0,0,-4,-47,-203,-1422,0,0,0,1
20220929,2022-09-29,2022,3,Q3,9,September,Sep,Sep 2022,202209,29,Thursday,Thu,4,272,39,2022,2022-W39,202239,2022,4,12,FY22,0,0,0,-4,-47,-203,-1421,0,0,0,1
20220930,2022-09-30,2022,3,Q3,9,September,Sep,Sep 2022,202209,30,Friday,Fri,5,273,39,2022,2022-W39,202239,2022,4,12,FY22,0,1,1,-4,-47,-203,-1420,0,0,0,1
20221001,2022-10-01,2022,4,Q4,10,October,Oct,Oct 2022,202210,1,Saturday,Sat,6,274,39,2022,2022-W39,202239,2023,1,1,FY23,1,0,0,-4,-46,-203,-1419,0,0,0,1
20221002,2022-10-02,2022,4,Q4,10,October,Oct,Oct 2022,202210,2,Sunday,Sun,7,275,39,2022,2022-W39,202239,2023,1,1,FY23,1,0,0,-4,-46,-203,-1418,0,0,0,1
20221003,2022-10-03,2022,4,Q4,10,October,Oct,Oct 2022,202210,3,Monday,Mon,1,276,40,2022,2022-W40,202240,2023,1,1,FY23,0,0,0,-4,-46,-202,-1417,0,0,0,1
20221004,2022-10-04,2022,4,Q4,10,October,Oct,Oct 2022,202210,4,Tuesday,Tue,2,277,40,2022,2022-W40,202240,2023,1,1,FY23,0,0,0,-4,-46,-202,-1416,0,0,0,1
20221005,2022-10-05,2022,4,Q4,10,October,Oct,Oct 2022,202210,5,Wednesday,Wed,3,278,40,2022,2022-W40,202240,2023,1,1,FY23,0,0,0,-4,-46,-202,-1415,0,0,0,1
20221006,2022-10-06,2022,4,Q4,10,October,Oct,Oct 2022,202210,6,Thursday,Thu,4,279,40,2022,2022-W40,202240,2023,1,1,FY23,0,0,0,-4,-46,-202,-1414,0,0,0,1
20221007,2022-10-07,2022,4,Q4,10,October,Oct,Oct 2022,202210,7,Friday,Fri,5,280,40,2022,2022-W40,202240,2023,1,1,FY23,0,0,0,-4,-46,-202,-1413,0,0,0,1
20221008,2022-10-08,2022,4,Q4,10,October,Oct,Oct 2022,202210,8,Saturday,Sat,6,281,40,2022,2022-W40,202240,2023,1,1,FY23,1,0,0,-4,-46,-202,-1412,0,0,0,1
20221009,2022-10-09,2022,4,Q4,10,October,Oct,Oct 2022,202210,9,Sunday,Sun,7,282,40,2022,2022-W40,202240,2023,1,1,FY23,1,0,0,-4,-46,-202,-1411,0,0,0,1
20221010,2022-10-10,2022,4,Q4,10,October,Oct,Oct 2022,202210,10,Monday,Mon,1,283,41,2022,2022-W41,202241,2023,1,1,FY23,0,0,0,-4,-46,-201,-1410,0,0,0,1
20221011,2022-10-11,2022,4,Q4,10,October,Oct,Oct 2022,202210,11,Tuesday,Tue,2,284,41,2022,2022-W41,202241,2023,1,1,FY23,0,0,0,-4,-46,-201,-1409,0,0,0,1
20221012,2022-10-12,2022,4,Q4,10,October,Oct,Oct 2022,202210,12,Wednesday,Wed,3,285,41,2022,2022-W41,202241,2023,1,1,FY23,0,0,0,-4,-46,-201,-1408,0,0,0,1
20221013,2022-10-13,2022,4,Q4,10,October,Oct,Oct 2022,202210,13,Thursday,Thu,4,286,41,2022,2022-W41,202241,2023,1,1,FY23,0,0,0,-4,-46,-201,-1407,0,0,0,1
20221014,2022-10-14,2022,4,Q4,10,October,Oct,Oct 2022,202210,14,Friday,Fri,5,287,41,2022,2022-W41,202241,2023,1,1,FY23,0,0,0,-4,-46,-201,-1406,0,0,0,1
20221015,2022-10-15,2022,4,Q4,10,October,Oct,Oct 2022,202210,15,Saturday,Sat,6,288,41,2022,2022-W41,202241,2023,1,1,FY23,1,0,0,-4,-46,-201,-1405,0,0,0,1
20221016,2022-10-16,2022,4,Q4,10,October,Oct,Oct 2022,202210,16,Sunday,Sun,7,289,41,2022,2022-W41,202241,2023,1,1,FY23,1,0,0,-4,-46,-201,-1404,0,0,0,1
20221017,2022-10-17,2022,4,Q4,10,October,Oct,Oct 2022,202210,17,Monday,Mon,1,290,42,2022,2022-W42,202242,2023,1,1,FY23,0,0,0,-4,-46,-200,-1403,0,0,0,1
20221018,2022-10-18,2022,4,Q4,10,October,Oct,Oct 2022,202210,18,Tuesday,Tue,2,291,42,2022,2022-W42,202242,2023,1,1,FY23,0,0,0,-4,-46,-200,-1402,0,0,0,1
20221019,2022-10-19,2022,4,Q4,10,October,Oct,Oct 2022,202210,19,Wednesday,Wed,3,292,42,2022,2022-W42,202242,2023,1,1,FY23,0,0,0,-4,-46,-200,-1401,0,0,0,1
20221020,2022-10-20,2022,4,Q4,10,October,Oct,Oct 2022,202210,20,Thursday,Thu,4,293,42,2022,2022-W42,202242,2023,1,1,FY23,0,0,0,-4,-46,-200,-1400,0,0,0,1
20221021,2022-10-21,2022,4,Q4,10,October,Oct,Oct 2022,202210,21,Friday,Fri,5,294,42,2022,2022-W42,202242,2023,1,1,FY23,0,0,0,-4,-46,-200,-1399,0,0,0,1
20221022,2022-10-22,2022,4,Q4,10,October,Oct,Oct 2022,202210,22,Saturday,Sat,6,295,42,2022,2022-W42,202242,2023,1,1,FY23,1,0,0,-4,-46,-200,-1398,0,0,0,1
20221023,2022-10-23,2022,4,Q4,10,October,Oct,Oct 2022,202210,23,Sunday,Sun,7,296,42,2022,2022-W42,202242,2023,1,1,FY23,1,0,0,-4,-46,-200,-1397,0,0,0,1
20221024,2022-10-24,2022,4,Q4,10,October,Oct,Oct 2022,202210,24,Monday,Mon,1,297,43,2022,2022-W43,202243,2023,1,1,FY23,0,0,0,-4,-46,-199,-1396,0,0,0,1
20221025,2022-10-25,2022,4,Q4,10,October,Oct,Oct 2022,202210,25,Tuesday,Tue,2,298,43,2022,2022-W43,202243,2023,1,1,FY23,0,0,0,-4,-46,-199,-1395,0,0,0,1
20221026,2022-10-26,2022,4,Q4,10,October,Oct,Oct 2022,202210,26,Wednesday,Wed,3,299,43,2022,2022-W43,202243,2023,1,1,FY23,0,0,0,-4,-46,-199,-1394,0,0,0,1
20221027,2022-10-27,2022,4,Q4,10,October,Oct,Oct 2022,202210,27,Thursday,Thu,4,300,43,2022,2022-W43,202243,2023,1,1,FY23,0,0,0,-4,-46,-199,-1393,0,0,0,1
20221028,2022-10-28,2022,4,Q4,10,October,Oct,Oct 2022,202210,28,Friday,Fri,5,301,43,2022,2022-W43,202243,2023,1,1,FY23,0,0,0,-4,-46,-199,-1392,0,0,0,1
20221029,2022-10-29,2022,4,Q4,10,October,Oct,Oct 2022,202210,29,Saturday,Sat,6,302,43,2022,2022-W43,202243,2023,1,1,FY23,1,0,0,-4,-46,-199,-1391,0,0,0,1
20221030,2022-10-30,2022,4,Q4,10,October,Oct,Oct 2022,202210,30,Sunday,Sun,7,303,43,2022,2022-W43,202243,2023,1,1,FY23,1,0,0,-4,-46,-199,-1390,0,0,0,1
20221031,2022-10-31,2022,4,Q4,10,October,Oct,Oct 2022,202210,31,Monday,Mon,1,304,44,2022,2022-W44,202244,2023,1,1,FY23,0,1,0,-4,-46,-198,-1389,0,0,0,1
20221101,2022-11-01,2022,4,Q4,11,November,Nov,Nov 2022,202211,1,Tuesday,Tue,2,305,44,2022,2022-W44,202244,2023,1,2,FY23,0,0,0,-4,-45,-198,-1388,0,0,0,0
20221102,2022-11-02,2022,4,Q4,11,November,Nov,Nov 2022,202211,2,Wednesday,Wed,3,306,44,2022,2022-W44,202244,2023,1,2,FY23,0,0,0,-4,-45,-198,-1387,0,0,0,0
20221103,2022-11-03,2022,4,Q4,11,November,Nov,Nov 2022,202211,3,Thursday,Thu,4,307,44,2022,2022-W44,202244,2023,1,2,FY23,0,0,0,-4,-45,-198,-1386,0,0,0,0
20221104,2022-11-04,2022,4,Q4,11,November,Nov,Nov 2022,202211,4,Friday,Fri,5,308,44,2022,2022-W44,202244,2023,1,2,FY23,0,0,0,-4,-45,-198,-1385,0,0,0,0
20221105,2022-11-05,2022,4,Q4,11,November,Nov,Nov 2022,202211,5,Saturday,Sat,6,309,44,2022,2022-W44,202244,2023,1,2,FY23,1,0,0,-4,-45,-198,-1384,0,0,0,0
20221106,2022-11-06,2022,4,Q4,11,November,Nov,Nov 2022,202211,6,Sunday,Sun,7,310,44,2022,2022-W44,202244,2023,1,2,FY23,1,0,0,-4,-45,-198,-1383,0,0,0,0
20221107,2022-11-07,2022,4,Q4,11,November,Nov,Nov 2022,202211,7,Monday,Mon,1,311,45,2022,2022-W45,202245,2023,1,2,FY23,0,0,0,-4,-45,-197,-1382,0,0,0,0
20221108,2022-11-08,2022,4,Q4,11,November,Nov,Nov 2022,202211,8,Tuesday,Tue,2,312,45,2022,2022-W45,202245,2023,1,2,FY23,0,0,0,-4,-45,-197,-1381,0,0,0,0
20221109,2022-11-09,2022,4,Q4,11,November,Nov,Nov 2022,202211,9,Wednesday,Wed,3,313,45,2022,2022-W45,202245,2023,1,2,FY23,0,0,0,-4,-45,-197,-1380,0,0,0,0
20221110,2022-11-10,2022,4,Q4,11,November,Nov,Nov 2022,202211,10,Thursday,Thu,4,314,45,2022,2022-W45,202245,2023,1,2,FY23,0,0,0,-4,-45,-197,-1379,0,0,0,0
20221111,2022-11-11,2022,4,Q4,11,November,Nov,Nov 2022,202211,11,Friday,Fri,5,315,45,2022,2022-W45,202245,2023,1,2,FY23,0,0,0,-4,-45,-197,-1378,0,0,0,0
20221112,2022-11-12,2022,4,Q4,11,November,Nov,Nov 2022,202211,12,Saturday,Sat,6,316,45,2022,2022-W45,202245,2023,1,2,FY23,1,0,0,-4,-45,-197,-1377,0,0,0,0
20221113,2022-11-13,2022,4,Q4,11,November,Nov,Nov 2022,202211,13,Sunday,Sun,7,317,45,2022,2022-W45,202245,2023,1,2,FY23,1,0,0,-4,-45,-197,-1376,0,0,0,0
20221114,2022-11-14,2022,4,Q4,11,November,Nov,Nov 2022,202211,14,Monday,Mon,1,318,46,2022,2022-W46,202246,2023,1,2,FY23,0,0,0,-4,-45,-196,-1375,0,0,0,0
20221115,2022-11-15,2022,4,Q4,11,November,Nov,Nov 2022,202211,15,Tuesday,Tue,2,319,46,2022,2022-W46,202246,2023,1,2,FY23,0,0,0,-4,-45,-196,-1374,0,0,0,0
20221116,2022-11-16,2022,4,Q4,11,November,Nov,Nov 2022,202211,16,Wednesday,Wed,3,320,46,2022,2022-W46,202246,2023,1,2,FY23,0,0,0,-4,-45,-196,-1373,0,0,0,0
20221117,2022-11-17,2022,4,Q4,11,November,Nov,Nov 2022,202211,17,Thursday,Thu,4,321,46,2022,2022-W46,202246,2023,1,2,FY23,0,0,0,-4,-45,-196,-1372,0,0,0,0
20221118,2022-11-18,2022,4,Q4,11,November,Nov,Nov 2022,202211,18,Friday,Fri,5,322,46,2022,2022-W46,202246,2023,1,2,FY23,0,0,0,-4,-45,-196,-1371,0,0,0,0
20221119,2022-11-19,2022,4,Q4,11,November,Nov,Nov 2022,202211,19,Saturday,Sat,6,323,46,2022,2022-W46,202246,2023,1,2,FY23,1,0,0,-4,-45,-196,-1370,0,0,0,0
20221120,2022-11-20,2022,4,Q4,11,November,Nov,Nov 2022,202211,20,Sunday,Sun,7,324,46,2022,2022-W46,202246,2023,1,2,FY23,1,0,0,-4,-45,-196,-1369,0,0,0,0
20221121,2022-11-21,2022,4,Q4,11,November,Nov,Nov 2022,202211,21,Monday,Mon,1,325,47,2022,2022-W47,202247,2023,1,2,FY23,0,0,0,-4,-45,-195,-1368,0,0,0,0
20221122,2022-11-22,2022,4,Q4,11,November,Nov,Nov 2022,202211,22,Tuesday,Tue,2,326,47,2022,2022-W47,202247,2023,1,2,FY23,0,0,0,-4,-45,-195,-1367,0,0,0,0
20221123,2022-11-23,2022,4,Q4,11,November,Nov,Nov 2022,202211,23,Wednesday,Wed,3,327,47,2022,2022-W47,202247,2023,1,2,FY23,0,0,0,-4,-45,-195,-1366,0,0,0,0
20221124,2022-11-24,2022,4,Q4,11,November,Nov,Nov 2022,202211,24,Thursday,Thu,4,328,47,2022,2022-W47,202247,2023,1,2,FY23,0,0,0,-4,-45,-195,-1365,0,0,0,0
20221125,2022-11-25,2022,4,Q4,11,November,Nov,Nov 2022,202211,25,Friday,Fri,5,329,47,2022,2022-W47,202247,2023,1,2,FY23,0,0,0,-4,-45,-195,-1364,0,0,0,0
20221126,2022-11-26,2022,4,Q4,11,November,Nov,Nov 2022,202211,26,Saturday,Sat,6,330,47,2022,2022-W47,202247,2023,1,2,FY23,1,0,0,-4,-45,-195,-1363,0,0,0,0
20221127,2022-11-27,2022,4,Q4,11,November,Nov,Nov 2022,202211,27,Sunday,Sun,7,331,47,2022,2022-W47,202247,2023,1,2,FY23,1,0,0,-4,-45,-195,-1362,0,0,0,0
20221128,2022-11-28,2022,4,Q4,11,November,Nov,Nov 2022,202211,28,Monday,Mon,1,332,48,2022,2022-W48,202248,2023,1,2,FY23,0,0,0,-4,-45,-194,-1361,0,0,0,0
20221129,2022-11-29,2022,4,Q4,11,November,Nov,Nov 2022,202211,29,Tuesday,Tue,2,333,48,2022,2022-W48,202248,2023,1,2,FY23,0,0,0,-4,-45,-194,-1360,0,0,0,0
20221130,2022-11-30,2022,4,Q4,11,November,Nov,Nov 2022,202211,30,Wednesday,Wed,3,334,48,2022,2022-W48,202248,2023,1,2,FY23,0,1,0,-4,-45,-194,-1359,0,0,0,0
20221201,2022-12-01,2022,4,Q4,12,December,Dec,Dec 2022,202212,1,Thursday,Thu,4,335,48,2022,2022-W48,202248,2023,1,3,FY23,0,0,0,-4,-44,-194,-1358,0,0,0,0
20221202,2022-12-02,2022,4,Q4,12,December,Dec,Dec 2022,202212,2,Friday,Fri,5,336,48,2022,2022-W48,202248,2023,1,3,FY23,0,0,0,-4,-44,-194,-1357,0,0,0,0
20221203,2022-12-03,2022,4,Q4,12,December,Dec,Dec 2022,202212,3,Saturday,Sat,6,337,48,2022,2022-W48,202248,2023,1,3,FY23,1,0,0,-4,-44,-194,-1356,0,0,0,0
20221204,2022-12-04,2022,4,Q4,12,December,Dec,Dec 2022,202212,4,Sunday,Sun,7,338,48,2022,2022-W48,202248,2023,1,3,FY23,1,0,0,-4,-44,-194,-1355,0,0,0,0
20221205,2022-12-05,2022,4,Q4,12,December,Dec,Dec 2022,202212,5,Monday,Mon,1,339,49,2022,2022-W49,202249,2023,1,3,FY23,0,0,0,-4,-44,-193,-1354,0,0,0,0
20221206,2022-12-06,2022,4,Q4,12,December,Dec,Dec 2022,202212,6,Tuesday,Tue,2,340,49,2022,2022-W49,202249,2023,1,3,FY23,0,0,0,-4,-44,-193,-1353,0,0,0,0
20221207,2022-12-07,2022,4,Q4,12,December,Dec,Dec 2022,202212,7,Wednesday,Wed,3,341,49,2022,2022-W49,202249,2023,1,3,FY23,0,0,0,-4,-44,-193,-1352,0,0,0,0
20221208,2022-12-08,2022,4,Q4,12,December,Dec,Dec 2022,202212,8,Thursday,Thu,4,342,49,2022,2022-W49,202249,2023,1,3,FY23,0,0,0,-4,-44,-193,-1351,0,0,0,0
20221209,2022-12-09,2022,4,Q4,12,December,Dec,Dec 2022,202212,9,Friday,Fri,5,343,49,2022,2022-W49,202249,2023,1,3,FY23,0,0,0,-4,-44,-193,-1350,0,0,0,0
20221210,2022-12-10,2022,4,Q4,12,December,Dec,Dec 2022,202212,10,Saturday,Sat,6,344,49,2022,2022-W49,202249,2023,1,3,FY23,1,0,0,-4,-44,-193,-1349,0,0,0,0
20221211,2022-12-11,2022,4,Q4,12,December,Dec,Dec 2022,202212,11,Sunday,Sun,7,345,49,2022,2022-W49,202249,2023,1,3,FY23,1,0,0,-4,-44,-193,-1348,0,0,0,0
20221212,2022-12-12,2022,4,Q4,12,December,Dec,Dec 2022,202212,12,Monday,Mon,1,346,50,2022,2022-W50,202250,2023,1,3,FY23,0,0,0,-4,-44,-192,-1347,0,0,0,0
20221213,2022-12-13,2022,4,Q4,12,December,Dec,Dec 2022,202212,13,Tuesday,Tue,2,347,50,2022,2022-W50,202250,2023,1,3,FY23,0,0,0,-4,-44,-192,-1346,0,0,0,0
20221214,2022-12-14,2022,4,Q4,12,December,Dec,Dec 2022,202212,14,Wednesday,Wed,3,348,50,2022,2022-W50,202250,2023,1,3,FY23,0,0,0,-4,-44,-192,-1345,0,0,0,0
20221215,2022-12-15,2022,4,Q4,12,December,Dec,Dec 2022,202212,15,Thursday,Thu,4,349,50,2022,2022-W50,202250,2023,1,3,FY23,0,0,0,-4,-44,-192,-1344,0,0,0,0
20221216,2022-12-16,2022,4,Q4,12,December,Dec,Dec 2022,202212,16,Friday,Fri,5,350,50,2022,2022-W50,202250,2023,1,3,FY23,0,0,0,-4,-44,-192,-1343,0,0,0,0
20221217,2022-12-17,2022,4,Q4,12,December,Dec,Dec 2022,202212,17,Saturday,Sat,6,351,50,2022,2022-W50,202250,2023,1,3,FY23,1,0,0,-4,-44,-192,-1342,0,0,0,0
20221218,2022-12-18,2022,4,Q4,12,December,Dec,Dec 2022,202212,18,Sunday,Sun,7,352,50,2022,2022-W50,202250,2023,1,3,FY23,1,0,0,-4,-44,-192,-1341,0,0,0,0
20221219,2022-12-19,2022,4,Q4,12,December,Dec,Dec 2022,202212,19,Monday,Mon,1,353,51,2022,2022-W51,202251,2023,1,3,FY23,0,0,0,-4,-44,-191,-1340,0,0,0,0
20221220,2022-12-20,2022,4,Q4,12,December,Dec,Dec 2022,202212,20,Tuesday,Tue,2,354,51,2022,2022-W51,202251,2023,1,3,FY23,0,0,0,-4,-44,-191,-1339,0,0,0,0
20221221,2022-12-21,2022,4,Q4,12,December,Dec,Dec 2022,202212,21,Wednesday,Wed,3,355,51,2022,2022-W51,202251,2023,1,3,FY23,0,0,0,-4,-44,-191,-1338,0,0,0,0
20221222,2022-12-22,2022,4,Q4,12,December,Dec,Dec 2022,202212,22,Thursday,Thu,4,356,51,2022,2022-W51,202251,2023,1,3,FY23,0,0,0,-4,-44,-191,-1337,0,0,0,0
20221223,2022-12-23,2022,4,Q4,12,December,Dec,Dec 2022,202212,23,Friday,Fri,5,357,51,2022,2022-W51,202251,2023,1,3,FY23,0,0,0,-4,-44,-191,-1336,0,0,0,0
20221224,2022-12-24,2022,4,Q4,12,December,Dec,Dec 2022,202212,24,Saturday,Sat,6,358,51,2022,2022-W51,202251,2023,1,3,FY23,1,0,0,-4,-44,-191,-1335,0,0,0,0
20221225,2022-12-25,2022,4,Q4,12,December,Dec,Dec 2022,202212,25,Sunday,Sun,7,359,51,2022,2022-W51,202251,2023,1,3,FY23,1,0,0,-4,-44,-191,-1334,0,0,0,0
20221226,2022-12-26,2022,4,Q4,12,December,Dec,Dec 2022,202212,26,Monday,Mon,1,360,52,2022,2022-W52,202252,2023,1,3,FY23,0,0,0,-4,-44,-190,-1333,0,0,0,0
20221227,2022-12-27,2022,4,Q4,12,December,Dec,Dec 2022,202212,27,Tuesday,Tue,2,361,52,2022,2022-W52,202252,2023,1,3,FY23,0,0,0,-4,-44,-190,-1332,0,0,0,0
20221228,2022-12-28,2022,4,Q4,12,December,Dec,Dec 2022,202212,28,Wednesday,Wed,3,362,52,2022,2022-W52,202252,2023,1,3,FY23,0,0,0,-4,-44,-190,-1331,0,0,0,0
20221229,2022-12-29,2022,4,Q4,12,December,Dec,Dec 2022,202212,29,Thursday,Thu,4,363,52,2022,2022-W52,202252,2023,1,3,FY23,0,0,0,-4,-44,-190,-1330,0,0,0,0
20221230,2022-12-30,2022,4,Q4,12,December,Dec,Dec 2022,202212,30,Friday,Fri,5,364,52,2022,2022-W52,202252,2023,1,3,FY23,0,0,0,-4,-44,-190,-1329,0,0,0,0
20221231,2022-12-31,2022,4,Q4,12,December,Dec,Dec 2022,202212,31,Saturday,Sat,6,365,52,2022,2022-W52,202252,2023,1,3,FY23,1,1,1,-4,-44,-190,-1328,0,0,0,0
20230101,2023-01-01,2023,1,Q1,1,January,Jan,Jan 2023,202301,1,Sunday,Sun,7,1,52,2022,2022-W52,202252,2023,2,4,FY23,1,0,0,-3,-43,-190,-1327,0,0,0,0
20230102,2023-01-02,2023,1,Q1,1,January,Jan,Jan 2023,202301,2,Monday,Mon,1,2,1,2023,2023-W01,202301,2023,2,4,FY23,0,0,0,-3,-43,-189,-1326,0,0,0,0
20230103,2023-01-03,2023,1,Q1,1,January,Jan,Jan 2023,202301,3,Tuesday,Tue,2,3,1,2023,2023-W01,202301,2023,2,4,FY23,0,0,0,-3,-43,-189,-1325,0,0,0,0
20230104,2023-01-04,2023,1,Q1,1,January,Jan,Jan 2023,202301,4,Wednesday,Wed,3,4,1,2023,2023-W01,202301,2023,2,4,FY23,0,0,0,-3,-43,-189,-1324,0,0,0,0
20230105,2023-01-05,2023,1,Q1,1,January,Jan,Jan 2023,202301,5,Thursday,Thu,4,5,1,2023,2023-W01,202301,2023,2,4,FY23,0,0,0,-3,-43,-189,-1323,0,0,0,0
20230106,2023-01-06,2023,1,Q1,1,January,Jan,Jan 2023,202301,6,Friday,Fri,5,6,1,2023,2023-W01,202301,2023,2,4,FY23,0,0,0,-3,-43,-189,-1322,0,0,0,0
20230107,2023-01-07,2023,1,Q1,1,January,Jan,Jan 2023,202301,7,Saturday,Sat,6,7,1,2023,2023-W01,202301,2023,2,4,FY23,1,0,0,-3,-43,-189,-1321,0,0,0,0
20230108,2023-01-08,2023,1,Q1,1,January,Jan,Jan 2023,202301,8,Sunday,Sun,7,8,1,2023,2023-W01,202301,2023,2,4,FY23,1,0,0,-3,-43,-189,-1320,0,0,0,0
20230109,2023-01-09,2023,1,Q1,1,January,Jan,Jan 2023,202301,9,Monday,Mon,1,9,2,2023,2023-W02,202302,2023,2,4,FY23,0,0,0,-3,-43,-188,-1319,0,0,0,0
20230110,2023-01-10,2023,1,Q1,1,January,Jan,Jan 2023,202301,10,Tuesday,Tue,2,10,2,2023,2023-W02,202302,2023,2,4,FY23,0,0,0,-3,-43,-188,-1318,0,0,0,0
20230111,2023-01-11,2023,1,Q1,1,January,Jan,Jan 2023,202301,11,Wednesday,Wed,3,11,2,2023,2023-W02,202302,2023,2,4,FY23,0,0,0,-3,-43,-188,-1317,0,0,0,0
20230112,2023-01-12,2023,1,Q1,1,January,Jan,Jan 2023,202301,12,Thursday,Thu,4,12,2,2023,2023-W02,202302,2023,2,4,FY23,0,0,0,-3,-43,-188,-1316,0,0,0,0
20230113,2023-01-13,2023,1,Q1,1,January,Jan,Jan 2023,202301,13,Friday,Fri,5,13,2,2023,2023-W02,202302,2023,2,4,FY23,0,0,0,-3,-43,-188,-1315,0,0,0,0
20230114,2023-01-14,2023,1,Q1,1,January,Jan,Jan 2023,202301,14,Saturday,Sat,6,14,2,2023,2023-W02,202302,2023,2,4,FY23,1,0,0,-3,-43,-188,-1314,0,0,0,0
20230115,2023-01-15,2023,1,Q1,1,January,Jan,Jan 2023,202301,15,Sunday,Sun,7,15,2,2023,2023-W02,202302,2023,2,4,FY23,1,0,0,-3,-43,-188,-1313,0,0,0,0
20230116,2023-01-16,2023,1,Q1,1,January,Jan,Jan 2023,202301,16,Monday,Mon,1,16,3,2023,2023-W03,202303,2023,2,4,FY23,0,0,0,-3,-43,-187,-1312,0,0,1,0
20230117,2023-01-17,2023,1,Q1,1,January,Jan,Jan 2023,202301,17,Tuesday,Tue,2,17,3,2023,2023-W03,202303,2023,2,4,FY23,0,0,0,-3,-43,-187,-1311,0,0,1,0
20230118,2023-01-18,2023,1,Q1,1,January,Jan,Jan 2023,202301,18,Wednesday,Wed,3,18,3,2023,2023-W03,202303,2023,2,4,FY23,0,0,0,-3,-43,-187,-1310,0,0,1,0
20230119,2023-01-19,2023,1,Q1,1,January,Jan,Jan 2023,202301,19,Thursday,Thu,4,19,3,2023,2023-W03,202303,2023,2,4,FY23,0,0,0,-3,-43,-187,-1309,0,0,1,0
20230120,2023-01-20,2023,1,Q1,1,January,Jan,Jan 2023,202301,20,Friday,Fri,5,20,3,2023,2023-W03,202303,2023,2,4,FY23,0,0,0,-3,-43,-187,-1308,0,0,1,0
20230121,2023-01-21,2023,1,Q1,1,January,Jan,Jan 2023,202301,21,Saturday,Sat,6,21,3,2023,2023-W03,202303,2023,2,4,FY23,1,0,0,-3,-43,-187,-1307,0,0,1,0
20230122,2023-01-22,2023,1,Q1,1,January,Jan,Jan 2023,202301,22,Sunday,Sun,7,22,3,2023,2023-W03,202303,2023,2,4,FY23,1,0,0,-3,-43,-187,-1306,0,0,1,0
20230123,2023-01-23,2023,1,Q1,1,January,Jan,Jan 2023,202301,23,Monday,Mon,1,23,4,2023,2023-W04,202304,2023,2,4,FY23,0,0,0,-3,-43,-186,-1305,0,0,1,0
20230124,2023-01-24,2023,1,Q1,1,January,Jan,Jan 2023,202301,24,Tuesday,Tue,2,24,4,2023,2023-W04,202304,2023,2,4,FY23,0,0,0,-3,-43,-186,-1304,0,0,1,0
20230125,2023-01-25,2023,1,Q1,1,January,Jan,Jan 2023,202301,25,Wednesday,Wed,3,25,4,2023,2023-W04,202304,2023,2,4,FY23,0,0,0,-3,-43,-186,-1303,0,0,1,0
20230126,2023-01-26,2023,1,Q1,1,January,Jan,Jan 2023,202301,26,Thursday,Thu,4,26,4,2023,2023-W04,202304,2023,2,4,FY23,0,0,0,-3,-43,-186,-1302,0,0,1,0
20230127,2023-01-27,2023,1,Q1,1,January,Jan,Jan 2023,202301,27,Friday,Fri,5,27,4,2023,2023-W04,202304,2023,2,4,FY23,0,0,0,-3,-43,-186,-1301,0,0,1,0
20230128,2023-01-28,2023,1,Q1,1,January,Jan,Jan 2023,202301,28,Saturday,Sat,6,28,4,2023,2023-W04,202304,2023,2,4,FY23,1,0,0,-3,-43,-186,-1300,0,0,1,0
20230129,2023-01-29,2023,1,Q1,1,January,Jan,Jan 2023,202301,29,Sunday,Sun,7,29,4,2023,2023-W04,202304,2023,2,4,FY23,1,0,0,-3,-43,-186,-1299,0,0,1,0
20230130,2023-01-30,2023,1,Q1,1,January,Jan,Jan 2023,202301,30,Monday,Mon,1,30,5,2023,2023-W05,202305,2023,2,4,FY23,0,0,0,-3,-43,-185,-1298,0,0,1,0
20230131,2023-01-31,2023,1,Q1,1,January,Jan,Jan 2023,202301,31,Tuesday,Tue,2,31,5,2023,2023-W05,202305,2023,2,4,FY23,0,1,0,-3,-43,-185,-1297,0,0,1,0
20230201,2023-02-01,2023,1,Q1,2,February,Feb,Feb 2023,202302,1,Wednesday,Wed,3,32,5,2023,2023-W05,202305,2023,2,5,FY23,0,0,0,-3,-42,-185,-1296,0,0,1,0
20230202,2023-02-02,2023,1,Q1,2,February,Feb,Feb 2023,202302,2,Thursday,Thu,4,33,5,2023,2023-W05,202305,2023,2,5,FY23,0,0,0,-3,-42,-185,-1295,0,0,1,0
20230203,2023-02-03,2023,1,Q1,2,February,Feb,Feb 2023,202302,3,Friday,Fri,5,34,5,2023,2023-W05,202305,2023,2,5,FY23,0,0,0,-3,-42,-185,-1294,0,0,1,0
20230204,2023-02-04,2023,1,Q1,2,February,Feb,Feb 2023,202302,4,Saturday,Sat,6,35,5,2023,2023-W05,202305,2023,2,5,FY23,1,0,0,-3,-42,-185,-1293,0,0,1,0
20230205,2023-02-05,2023,1,Q1,2,February,Feb,Feb 2023,202302,5,Sunday,Sun,7,36,5,2023,2023-W05,202305,2023,2,5,FY23,1,0,0,-3,-42,-185,-1292,0,0,1,0
20230206,2023-02-06,2023,1,Q1,2,February,Feb,Feb 2023,202302,6,Monday,Mon,1,37,6,2023,2023-W06,202306,2023,2,5,FY23,0,0,0,-3,-42,-184,-1291,0,0,1,0
20230207,2023-02-07,2023,1,Q1,2,February,Feb,Feb 2023,202302,7,Tuesday,Tue,2,38,6,2023,2023-W06,202306,2023,2,5,FY23,0,0,0,-3,-42,-184,-1290,0,0,1,0
20230208,2023-02-08,2023,1,Q1,2,February,Feb,Feb 2023,202302,8,Wednesday,Wed,3,39,6,2023,2023-W06,202306,2023,2,5,FY23,0,0,0,-3,-42,-184,-1289,0,0,1,0
20230209,2023-02-09,2023,1,Q1,2,February,Feb,Feb 2023,202302,9,Thursday,Thu,4,40,6,2023,2023-W06,202306,2023,2,5,FY23,0,0,0,-3,-42,-184,-1288,0,0,1,0
20230210,2023-02-10,2023,1,Q1,2,February,Feb,Feb 2023,202302,10,Friday,Fri,5,41,6,2023,2023-W06,202306,2023,2,5,FY23,0,0,0,-3,-42,-184,-1287,0,0,1,0
20230211,2023-02-11,2023,1,Q1,2,February,Feb,Feb 2023,202302,11,Saturday,Sat,6,42,6,2023,2023-W06,202306,2023,2,5,FY23,1,0,0,-3,-42,-184,-1286,0,0,1,0
20230212,2023-02-12,2023,1,Q1,2,February,Feb,Feb 2023,202302,12,Sunday,Sun,7,43,6,2023,2023-W06,202306,2023,2,5,FY23,1,0,0,-3,-42,-184,-1285,0,0,1,0
20230213,2023-02-13,2023,1,Q1,2,February,Feb,Feb 2023,202302,13,Monday,Mon,1,44,7,2023,2023-W07,202307,2023,2,5,FY23,0,0,0,-3,-42,-183,-1284,0,0,0,0
20230214,2023-02-14,2023,1,Q1,2,February,Feb,Feb 2023,202302,14,Tuesday,Tue,2,45,7,2023,2023-W07,202307,2023,2,5,FY23,0,0,0,-3,-42,-183,-1283,0,0,0,0
20230215,2023-02-15,2023,1,Q1,2,February,Feb,Feb 2023,202302,15,Wednesday,Wed,3,46,7,2023,2023-W07,202307,2023,2,5,FY23,0,0,0,-3,-42,-183,-1282,0,0,0,0
20230216,2023-02-16,2023,1,Q1,2,February,Feb,Feb 2023,202302,16,Thursday,Thu,4,47,7,2023,2023-W07,202307,2023,2,5,FY23,0,0,0,-3,-42,-183,-1281,0,0,0,0
20230217,2023-02-17,2023,1,Q1,2,February,Feb,Feb 2023,202302,17,Friday,Fri,5,48,7,2023,2023-W07,202307,2023,2,5,FY23,0,0,0,-3,-42,-183,-1280,0,0,0,0
20230218,2023-02-18,2023,1,Q1,2,February,Feb,Feb 2023,202302,18,Saturday,Sat,6,49,7,2023,2023-W07,202307,2023,2,5,FY23,1,0,0,-3,-42,-183,-1279,0,0,0,0
20230219,2023-02-19,2023,1,Q1,2,February,Feb,Feb 2023,202302,19,Sunday,Sun,7,50,7,2023,2023-W07,202307,2023,2,5,FY23,1,0,0,-3,-42,-183,-1278,0,0,0,0
20230220,2023-02-20,2023,1,Q1,2,February,Feb,Feb 2023,202302,20,Monday,Mon,1,51,8,2023,2023-W08,202308,2023,2,5,FY23,0,0,0,-3,-42,-182,-1277,0,0,0,0
20230221,2023-02-21,2023,1,Q1,2,February,Feb,Feb 2023,202302,21,Tuesday,Tue,2,52,8,2023,2023-W08,202308,2023,2,5,FY23,0,0,0,-3,-42,-182,-1276,0,0,0,0
20230222,2023-02-22,2023,1,Q1,2,February,Feb,Feb 2023,202302,22,Wednesday,Wed,3,53,8,2023,2023-W08,202308,2023,2,5,FY23,0,0,0,-3,-42,-182,-1275,0,0,0,0
20230223,2023-02-23,2023,1,Q1,2,February,Feb,Feb 2023,202302,23,Thursday,Thu,4,54,8,2023,2023-W08,202308,2023,2,5,FY23,0,0,0,-3,-42,-182,-1274,0,0,0,0
20230224,2023-02-24,2023,1,Q1,2,February,Feb,Feb 2023,202302,24,Friday,Fri,5,55,8,2023,2023-W08,202308,2023,2,5,FY23,0,0,0,-3,-42,-182,-1273,0,0,0,0
20230225,2023-02-25,2023,1,Q1,2,February,Feb,Feb 2023,202302,25,Saturday,Sat,6,56,8,2023,2023-W08,202308,2023,2,5,FY23,1,0,0,-3,-42,-182,-1272,0,0,0,0
20230226,2023-02-26,2023,1,Q1,2,February,Feb,Feb 2023,202302,26,Sunday,Sun,7,57,8,2023,2023-W08,202308,2023,2,5,FY23,1,0,0,-3,-42,-182,-1271,0,0,0,0
20230227,2023-02-27,2023,1,Q1,2,February,Feb,Feb 2023,202302,27,Monday,Mon,1,58,9,2023,2023-W09,202309,2023,2,5,FY23,0,0,0,-3,-42,-181,-1270,0,0,0,0
20230228,2023-02-28,2023,1,Q1,2,February,Feb,Feb 2023,202302,28,Tuesday,Tue,2,59,9,2023,2023-W09,202309,2023,2,5,FY23,0,1,0,-3,-42,-181,-1269,0,0,0,0
20230301,2023-03-01,2023,1,Q1,3,March,Mar,Mar 2023,202303,1,Wednesday,Wed,3,60,9,2023,2023-W09,202309,2023,2,6,FY23,0,0,0,-3,-41,-181,-1268,0,0,0,0
20230302,2023-03-02,2023,1,Q1,3,March,Mar,Mar 2023,202303,2,Thursday,Thu,4,61,9,2023,2023-W09,202309,2023,2,6,FY23,0,0,0,-3,-41,-181,-1267,0,0,0,0
20230303,2023-03-03,2023,1,Q1,3,March,Mar,Mar 2023,202303,3,Friday,Fri,5,62,9,2023,2023-W09,202309,2023,2,6,FY23,0,0,0,-3,-41,-181,-1266,0,0,0,0
20230304,2023-03-04,2023,1,Q1,3,March,Mar,Mar 2023,202303,4,Saturday,Sat,6,63,9,2023,2023-W09,202309,2023,2,6,FY23,1,0,0,-3,-41,-181,-1265,0,0,0,0
20230305,2023-03-05,2023,1,Q1,3,March,Mar,Mar 2023,202303,5,Sunday,Sun,7,64,9,2023,2023-W09,202309,2023,2,6,FY23,1,0,0,-3,-41,-181,-1264,0,0,0,0
20230306,2023-03-06,2023,1,Q1,3,March,Mar,Mar 2023,202303,6,Monday,Mon,1,65,10,2023,2023-W10,202310,2023,2,6,FY23,0,0,0,-3,-41,-180,-1263,0,0,0,0
20230307,2023-03-07,2023,1,Q1,3,March,Mar,Mar 2023,202303,7,Tuesday,Tue,2,66,10,2023,2023-W10,202310,2023,2,6,FY23,0,0,0,-3,-41,-180,-1262,0,0,0,0
20230308,2023-03-08,2023,1,Q1,3,March,Mar,Mar 2023,202303,8,Wednesday,Wed,3,67,10,2023,2023-W10,202310,2023,2,6,FY23,0,0,0,-3,-41,-180,-1261,0,0,0,0
20230309,2023-03-09,2023,1,Q1,3,March,Mar,Mar 2023,202303,9,Thursday,Thu,4,68,10,2023,2023-W10,202310,2023,2,6,FY23,0,0,0,-3,-41,-180,-1260,0,0,0,0
20230310,2023-03-10,2023,1,Q1,3,March,Mar,Mar 2023,202303,10,Friday,Fri,5,69,10,2023,2023-W10,202310,2023,2,6,FY23,0,0,0,-3,-41,-180,-1259,0,0,0,0
20230311,2023-03-11,2023,1,Q1,3,March,Mar,Mar 2023,202303,11,Saturday,Sat,6,70,10,2023,2023-W10,202310,2023,2,6,FY23,1,0,0,-3,-41,-180,-1258,0,0,0,0
20230312,2023-03-12,2023,1,Q1,3,March,Mar,Mar 2023,202303,12,Sunday,Sun,7,71,10,2023,2023-W10,202310,2023,2,6,FY23,1,0,0,-3,-41,-180,-1257,0,0,0,0
20230313,2023-03-13,2023,1,Q1,3,March,Mar,Mar 2023,202303,13,Monday,Mon,1,72,11,2023,2023-W11,202311,2023,2,6,FY23,0,0,0,-3,-41,-179,-1256,0,0,0,0
20230314,2023-03-14,2023,1,Q1,3,March,Mar,Mar 2023,202303,14,Tuesday,Tue,2,73,11,2023,2023-W11,202311,2023,2,6,FY23,0,0,0,-3,-41,-179,-1255,0,0,0,0
20230315,2023-03-15,2023,1,Q1,3,March,Mar,Mar 2023,202303,15,Wednesday,Wed,3,74,11,2023,2023-W11,202311,2023,2,6,FY23,0,0,0,-3,-41,-179,-1254,0,0,0,0
20230316,2023-03-16,2023,1,Q1,3,March,Mar,Mar 2023,202303,16,Thursday,Thu,4,75,11,2023,2023-W11,202311,2023,2,6,FY23,0,0,0,-3,-41,-179,-1253,0,0,0,0
20230317,2023-03-17,2023,1,Q1,3,March,Mar,Mar 2023,202303,17,Friday,Fri,5,76,11,2023,2023-W11,202311,2023,2,6,FY23,0,0,0,-3,-41,-179,-1252,0,0,0,0
20230318,2023-03-18,2023,1,Q1,3,March,Mar,Mar 2023,202303,18,Saturday,Sat,6,77,11,2023,2023-W11,202311,2023,2,6,FY23,1,0,0,-3,-41,-179,-1251,0,0,0,0
20230319,2023-03-19,2023,1,Q1,3,March,Mar,Mar 2023,202303,19,Sunday,Sun,7,78,11,2023,2023-W11,202311,2023,2,6,FY23,1,0,0,-3,-41,-179,-1250,0,0,0,0
20230320,2023-03-20,2023,1,Q1,3,March,Mar,Mar 2023,202303,20,Monday,Mon,1,79,12,2023,2023-W12,202312,2023,2,6,FY23,0,0,0,-3,-41,-178,-1249,0,0,0,0
20230321,2023-03-21,2023,1,Q1,3,March,Mar,Mar 2023,202303,21,Tuesday,Tue,2,80,12,2023,2023-W12,202312,2023,2,6,FY23,0,0,0,-3,-41,-178,-1248,0,0,0,0
20230322,2023-03-22,2023,1,Q1,3,March,Mar,Mar 2023,202303,22,Wednesday,Wed,3,81,12,2023,2023-W12,202312,2023,2,6,FY23,0,0,0,-3,-41,-178,-1247,0,0,0,0
20230323,2023-03-23,2023,1,Q1,3,March,Mar,Mar 2023,202303,23,Thursday,Thu,4,82,12,2023,2023-W12,202312,2023,2,6,FY23,0,0,0,-3,-41,-178,-1246,0,0,0,0
20230324,2023-03-24,2023,1,Q1,3,March,Mar,Mar 2023,202303,24,Friday,Fri,5,83,12,2023,2023-W12,202312,2023,2,6,FY23,0,0,0,-3,-41,-178,-1245,0,0,0,0
20230325,2023-03-25,2023,1,Q1,3,March,Mar,Mar 2023,202303,25,Saturday,Sat,6,84,12,2023,2023-W12,202312,2023,2,6,FY23,1,0,0,-3,-41,-178,-1244,0,0,0,0
20230326,2023-03-26,2023,1,Q1,3,March,Mar,Mar 2023,202303,26,Sunday,Sun,7,85,12,2023,2023-W12,202312,2023,2,6,FY23,1,0,0,-3,-41,-178,-1243,0,0,0,0
20230327,2023-03-27,2023,1,Q1,3,March,Mar,Mar 2023,202303,27,Monday,Mon,1,86,13,2023,2023-W13,202313,2023,2,6,FY23,0,0,0,-3,-41,-177,-1242,0,0,0,0
20230328,2023-03-28,2023,1,Q1,3,March,Mar,Mar 2023,202303,28,Tuesday,Tue,2,87,13,2023,2023-W13,202313,2023,2,6,FY23,0,0,0,-3,-41,-177,-1241,0,0,0,0
20230329,2023-03-29,2023,1,Q1,3,March,Mar,Mar 2023,202303,29,Wednesday,Wed,3,88,13,2023,2023-W13,202313,2023,2,6,FY23,0,0,0,-3,-41,-177,-1240,0,0,0,0
20230330,2023-03-30,2023,1,Q1,3,March,Mar,Mar 2023,202303,30,Thursday,Thu,4,89,13,2023,2023-W13,202313,2023,2,6,FY23,0,0,0,-3,-41,-177,-1239,0,0,0,0
20230331,2023-03-31,2023,1,Q1,3,March,Mar,Mar 2023,202303,31,Friday,Fri,5,90,13,2023,2023-W13,202313,2023,2,6,FY23,0,1,1,-3,-41,-177,-1238,0,0,0,0
20230401,2023-04-01,2023,2,Q2,4,April,Apr,Apr 2023,202304,1,Saturday,Sat,6,91,13,2023,2023-W13,202313,2023,3,7,FY23,1,0,0,-3,-40,-177,-1237,0,0,0,0
20230402,2023-04-02,2023,2,Q2,4,April,Apr,Apr 2023,202304,2,Sunday,Sun,7,92,13,2023,2023-W13,202313,2023,3,7,FY23,1,0,0,-3,-40,-177,-1236,0,0,0,0
20230403,2023-04-03,2023,2,Q2,4,April,Apr,Apr 2023,202304,3,Monday,Mon,1,93,14,2023,2023-W14,202314,2023,3,7,FY23,0,0,0,-3,-40,-176,-1235,0,0,0,0
20230404,2023-04-04,2023,2,Q2,4,April,Apr,Apr 2023,202304,4,Tuesday,Tue,2,94,14,2023,2023-W14,202314,2023,3,7,FY23,0,0,0,-3,-40,-176,-1234,0,0,0,0
20230405,2023-04-05,2023,2,Q2,4,April,Apr,Apr 2023,202304,5,Wednesday,Wed,3,95,14,2023,2023-W14,202314,2023,3,7,FY23,0,0,0,-3,-40,-176,-1233,0,0,0,0
20230406,2023-04-06,2023,2,Q2,4,April,Apr,Apr 2023,202304,6,Thursday,Thu,4,96,14,2023,2023-W14,202314,2023,3,7,FY23,0,0,0,-3,-40,-176,-1232,0,0,0,0
20230407,2023-04-07,2023,2,Q2,4,April,Apr,Apr 2023,202304,7,Friday,Fri,5,97,14,2023,2023-W14,202314,2023,3,7,FY23,0,0,0,-3,-40,-176,-1231,0,0,0,0
20230408,2023-04-08,2023,2,Q2,4,April,Apr,Apr 2023,202304,8,Saturday,Sat,6,98,14,2023,2023-W14,202314,2023,3,7,FY23,1,0,0,-3,-40,-176,-1230,0,0,0,0
20230409,2023-04-09,2023,2,Q2,4,April,Apr,Apr 2023,202304,9,Sunday,Sun,7,99,14,2023,2023-W14,202314,2023,3,7,FY23,1,0,0,-3,-40,-176,-1229,0,0,0,0
20230410,2023-04-10,2023,2,Q2,4,April,Apr,Apr 2023,202304,10,Monday,Mon,1,100,15,2023,2023-W15,202315,2023,3,7,FY23,0,0,0,-3,-40,-175,-1228,0,0,0,0
20230411,2023-04-11,2023,2,Q2,4,April,Apr,Apr 2023,202304,11,Tuesday,Tue,2,101,15,2023,2023-W15,202315,2023,3,7,FY23,0,0,0,-3,-40,-175,-1227,0,0,0,0
20230412,2023-04-12,2023,2,Q2,4,April,Apr,Apr 2023,202304,12,Wednesday,Wed,3,102,15,2023,2023-W15,202315,2023,3,7,FY23,0,0,0,-3,-40,-175,-1226,0,0,0,0
20230413,2023-04-13,2023,2,Q2,4,April,Apr,Apr 2023,202304,13,Thursday,Thu,4,103,15,2023,2023-W15,202315,2023,3,7,FY23,0,0,0,-3,-40,-175,-1225,0,0,0,0
20230414,2023-04-14,2023,2,Q2,4,April,Apr,Apr 2023,202304,14,Friday,Fri,5,104,15,2023,2023-W15,202315,2023,3,7,FY23,0,0,0,-3,-40,-175,-1224,0,0,0,0
20230415,2023-04-15,2023,2,Q2,4,April,Apr,Apr 2023,202304,15,Saturday,Sat,6,105,15,2023,2023-W15,202315,2023,3,7,FY23,1,0,0,-3,-40,-175,-1223,0,0,0,0
20230416,2023-04-16,2023,2,Q2,4,April,Apr,Apr 2023,202304,16,Sunday,Sun,7,106,15,2023,2023-W15,202315,2023,3,7,FY23,1,0,0,-3,-40,-175,-1222,0,0,0,0
20230417,2023-04-17,2023,2,Q2,4,April,Apr,Apr 2023,202304,17,Monday,Mon,1,107,16,2023,2023-W16,202316,2023,3,7,FY23,0,0,0,-3,-40,-174,-1221,0,0,0,0
20230418,2023-04-18,2023,2,Q2,4,April,Apr,Apr 2023,202304,18,Tuesday,Tue,2,108,16,2023,2023-W16,202316,2023,3,7,FY23,0,0,0,-3,-40,-174,-1220,0,0,0,0
20230419,2023-04-19,2023,2,Q2,4,April,Apr,Apr 2023,202304,19,Wednesday,Wed,3,109,16,2023,2023-W16,202316,2023,3,7,FY23,0,0,0,-3,-40,-174,-1219,0,0,0,0
20230420,2023-04-20,2023,2,Q2,4,April,Apr,Apr 2023,202304,20,Thursday,Thu,4,110,16,2023,2023-W16,202316,2023,3,7,FY23,0,0,0,-3,-40,-174,-1218,0,0,0,0
20230421,2023-04-21,2023,2,Q2,4,April,Apr,Apr 2023,202304,21,Friday,Fri,5,111,16,2023,2023-W16,202316,2023,3,7,FY23,0,0,0,-3,-40,-174,-1217,0,0,0,0
20230422,2023-04-22,2023,2,Q2,4,April,Apr,Apr 2023,202304,22,Saturday,Sat,6,112,16,2023,2023-W16,202316,2023,3,7,FY23,1,0,0,-3,-40,-174,-1216,0,0,0,0
20230423,2023-04-23,2023,2,Q2,4,April,Apr,Apr 2023,202304,23,Sunday,Sun,7,113,16,2023,2023-W16,202316,2023,3,7,FY23,1,0,0,-3,-40,-174,-1215,0,0,0,0
20230424,2023-04-24,2023,2,Q2,4,April,Apr,Apr 2023,202304,24,Monday,Mon,1,114,17,2023,2023-W17,202317,2023,3,7,FY23,0,0,0,-3,-40,-173,-1214,0,0,0,0
20230425,2023-04-25,2023,2,Q2,4,April,Apr,Apr 2023,202304,25,Tuesday,Tue,2,115,17,2023,2023-W17,202317,2023,3,7,FY23,0,0,0,-3,-40,-173,-1213,0,0,0,0
20230426,2023-04-26,2023,2,Q2,4,April,Apr,Apr 2023,202304,26,Wednesday,Wed,3,116,17,2023,2023-W17,202317,2023,3,7,FY23,0,0,0,-3,-40,-173,-1212,0,0,0,0
20230427,2023-04-27,2023,2,Q2,4,April,Apr,Apr 2023,202304,27,Thursday,Thu,4,117,17,2023,2023-W17,202317,2023,3,7,FY23,0,0,0,-3,-40,-173,-1211,0,0,0,0
20230428,2023-04-28,2023,2,Q2,4,April,Apr,Apr 2023,202304,28,Friday,Fri,5,118,17,2023,2023-W17,202317,2023,3,7,FY23,0,0,0,-3,-40,-173,-1210,0,0,0,0
20230429,2023-04-29,2023,2,Q2,4,April,Apr,Apr 2023,202304,29,Saturday,Sat,6,119,17,2023,2023-W17,202317,2023,3,7,FY23,1,0,0,-3,-40,-173,-1209,0,0,0,0
20230430,2023-04-30,2023,2,Q2,4,April,Apr,Apr 2023,202304,30,Sunday,Sun,7,120,17,2023,2023-W17,202317,2023,3,7,FY23,1,1,0,-3,-40,-173,-1208,0,0,0,0
20230501,2023-05-01,2023,2,Q2,5,May,May,May 2023,202305,1,Monday,Mon,1,121,18,2023,2023-W18,202318,2023,3,8,FY23,0,0,0,-3,-39,-172,-1207,0,0,0,0
20230502,2023-05-02,2023,2,Q2,5,May,May,May 2023,202305,2,Tuesday,Tue,2,122,18,2023,2023-W18,202318,2023,3,8,FY23,0,0,0,-3,-39,-172,-1206,0,0,0,0
20230503,2023-05-03,2023,2,Q2,5,May,May,May 2023,202305,3,Wednesday,Wed,3,123,18,2023,2023-W18,202318,2023,3,8,FY23,0,0,0,-3,-39,-172,-1205,0,0,0,0
20230504,2023-05-04,2023,2,Q2,5,May,May,May 2023,202305,4,Thursday,Thu,4,124,18,2023,2023-W18,202318,2023,3,8,FY23,0,0,0,-3,-39,-172,-1204,0,0,0,0
20230505,2023-05-05,2023,2,Q2,5,May,May,May 2023,202305,5,Friday,Fri,5,125,18,2023,2023-W18,202318,2023,3,8,FY23,0,0,0,-3,-39,-172,-1203,0,0,0,0
20230506,2023-05-06,2023,2,Q2,5,May,May,May 2023,202305,6,Saturday,Sat,6,126,18,2023,2023-W18,202318,2023,3,8,FY23,1,0,0,-3,-39,-172,-1202,0,0,0,0
20230507,2023-05-07,2023,2,Q2,5,May,May,May 2023,202305,7,Sunday,Sun,7,127,18,2023,2023-W18,202318,2023,3,8,FY23,1,0,0,-3,-39,-172,-1201,0,0,0,0
20230508,2023-05-08,2023,2,Q2,5,May,May,May 2023,202305,8,Monday,Mon,1,128,19,2023,2023-W19,202319,2023,3,8,FY23,0,0,0,-3,-39,-171,-1200,0,0,0,0
20230509,2023-05-09,2023,2,Q2,5,May,May,May 2023,202305,9,Tuesday,Tue,2,129,19,2023,2023-W19,202319,2023,3,8,FY23,0,0,0,-3,-39,-171,-1199,0,0,0,0
20230510,2023-05-10,2023,2,Q2,5,May,May,May 2023,202305,10,Wednesday,Wed,3,130,19,2023,2023-W19,202319,2023,3,8,FY23,0,0,0,-3,-39,-171,-1198,0,0,0,0
20230511,2023-05-11,2023,2,Q2,5,May,May,May 2023,202305,11,Thursday,Thu,4,131,19,2023,2023-W19,202319,2023,3,8,FY23,0,0,0,-3,-39,-171,-1197,0,0,0,0
20230512,2023-05-12,2023,2,Q2,5,May,May,May 2023,202305,12,Friday,Fri,5,132,19,2023,2023-W19,202319,2023,3,8,FY23,0,0,0,-3,-39,-171,-1196,0,0,0,0
20230513,2023-05-13,2023,2,Q2,5,May,May,May 2023,202305,13,Saturday,Sat,6,133,19,2023,2023-W19,202319,2023,3,8,FY23,1,0,0,-3,-39,-171,-1195,0,0,0,0
20230514,2023-05-14,2023,2,Q2,5,May,May,May 2023,202305,14,Sunday,Sun,7,134,19,2023,2023-W19,202319,2023,3,8,FY23,1,0,0,-3,-39,-171,-1194,0,0,0,0
20230515,2023-05-15,2023,2,Q2,5,May,May,May 2023,202305,15,Monday,Mon,1,135,20,2023,2023-W20,202320,2023,3,8,FY23,0,0,0,-3,-39,-170,-1193,0,0,0,0
20230516,2023-05-16,2023,2,Q2,5,May,May,May 2023,202305,16,Tuesday,Tue,2,136,20,2023,2023-W20,202320,2023,3,8,FY23,0,0,0,-3,-39,-170,-1192,0,0,0,0
20230517,2023-05-17,2023,2,Q2,5,May,May,May 2023,202305,17,Wednesday,Wed,3,137,20,2023,2023-W20,202320,2023,3,8,FY23,0,0,0,-3,-39,-170,-1191,0,0,0,0
20230518,2023-05-18,2023,2,Q2,5,May,May,May 2023,202305,18,Thursday,Thu,4,138,20,2023,2023-W20,202320,2023,3,8,FY23,0,0,0,-3,-39,-170,-1190,0,0,0,0
20230519,2023-05-19,2023,2,Q2,5,May,May,May 2023,202305,19,Friday,Fri,5,139,20,2023,2023-W20,202320,2023,3,8,FY23,0,0,0,-3,-39,-170,-1189,0,0,0,0
20230520,2023-05-20,2023,2,Q2,5,May,May,May 2023,202305,20,Saturday,Sat,6,140,20,2023,2023-W20,202320,2023,3,8,FY23,1,0,0,-3,-39,-170,-1188,0,0,0,0
20230521,2023-05-21,2023,2,Q2,5,May,May,May 2023,202305,21,Sunday,Sun,7,141,20,2023,2023-W20,202320,2023,3,8,FY23,1,0,0,-3,-39,-170,-1187,0,0,0,0
20230522,2023-05-22,2023,2,Q2,5,May,May,May 2023,202305,22,Monday,Mon,1,142,21,2023,2023-W21,202321,2023,3,8,FY23,0,0,0,-3,-39,-169,-1186,0,0,0,0
20230523,2023-05-23,2023,2,Q2,5,May,May,May 2023,202305,23,Tuesday,Tue,2,143,21,2023,2023-W21,202321,2023,3,8,FY23,0,0,0,-3,-39,-169,-1185,0,0,0,0
20230524,2023-05-24,2023,2,Q2,5,May,May,May 2023,202305,24,Wednesday,Wed,3,144,21,2023,2023-W21,202321,2023,3,8,FY23,0,0,0,-3,-39,-169,-1184,0,0,0,0
20230525,2023-05-25,2023,2,Q2,5,May,May,May 2023,202305,25,Thursday,Thu,4,145,21,2023,2023-W21,202321,2023,3,8,FY23,0,0,0,-3,-39,-169,-1183,0,0,0,0
20230526,2023-05-26,2023,2,Q2,5,May,May,May 2023,202305,26,Friday,Fri,5,146,21,2023,2023-W21,202321,2023,3,8,FY23,0,0,0,-3,-39,-169,-1182,0,0,0,0
20230527,2023-05-27,2023,2,Q2,5,May,May,May 2023,202305,27,Saturday,Sat,6,147,21,2023,2023-W21,202321,2023,3,8,FY23,1,0,0,-3,-39,-169,-1181,0,0,0,0
20230528,2023-05-28,2023,2,Q2,5,May,May,May 2023,202305,28,Sunday,Sun,7,148,21,2023,2023-W21,202321,2023,3,8,FY23,1,0,0,-3,-39,-169,-1180,0,0,0,0
20230529,2023-05-29,2023,2,Q2,5,May,May,May 2023,202305,29,Monday,Mon,1,149,22,2023,2023-W22,202322,2023,3,8,FY23,0,0,0,-3,-39,-168,-1179,0,0,0,0
20230530,2023-05-30,2023,2,Q2,5,May,May,May 2023,202305,30,Tuesday,Tue,2,150,22,2023,2023-W22,202322,2023,3,8,FY23,0,0,0,-3,-39,-168,-1178,0,0,0,0
20230531,2023-05-31,2023,2,Q2,5,May,May,May 2023,202305,31,Wednesday,Wed,3,151,22,2023,2023-W22,202322,2023,3,8,FY23,0,1,0,-3,-39,-168,-1177,0,0,0,0
20230601,2023-06-01,2023,2,Q2,6,June,Jun,Jun 2023,202306,1,Thursday,Thu,4,152,22,2023,2023-W22,202322,2023,3,9,FY23,0,0,0,-3,-38,-168,-1176,0,0,0,0
20230602,2023-06-02,2023,2,Q2,6,June,Jun,Jun 2023,202306,2,Friday,Fri,5,153,22,2023,2023-W22,202322,2023,3,9,FY23,0,0,0,-3,-38,-168,-1175,0,0,0,0
20230603,2023-06-03,2023,2,Q2,6,June,Jun,Jun 2023,202306,3,Saturday,Sat,6,154,22,2023,2023-W22,202322,2023,3,9,FY23,1,0,0,-3,-38,-168,-1174,0,0,0,0
20230604,2023-06-04,2023,2,Q2,6,June,Jun,Jun 2023,202306,4,Sunday,Sun,7,155,22,2023,2023-W22,202322,2023,3,9,FY23,1,0,0,-3,-38,-168,-1173,0,0,0,0
20230605,2023-06-05,2023,2,Q2,6,June,Jun,Jun 2023,202306,5,Monday,Mon,1,156,23,2023,2023-W23,202323,2023,3,9,FY23,0,0,0,-3,-38,-167,-1172,0,0,0,0
20230606,2023-06-06,2023,2,Q2,6,June,Jun,Jun 2023,202306,6,Tuesday,Tue,2,157,23,2023,2023-W23,202323,2023,3,9,FY23,0,0,0,-3,-38,-167,-1171,0,0,0,0
20230607,2023-06-07,2023,2,Q2,6,June,Jun,Jun 2023,202306,7,Wednesday,Wed,3,158,23,2023,2023-W23,202323,2023,3,9,FY23,0,0,0,-3,-38,-167,-1170,0,0,0,0
20230608,2023-06-08,2023,2,Q2,6,June,Jun,Jun 2023,202306,8,Thursday,Thu,4,159,23,2023,2023-W23,202323,2023,3,9,FY23,0,0,0,-3,-38,-167,-1169,0,0,0,0
20230609,2023-06-09,2023,2,Q2,6,June,Jun,Jun 2023,202306,9,Friday,Fri,5,160,23,2023,2023-W23,202323,2023,3,9,FY23,0,0,0,-3,-38,-167,-1168,0,0,0,0
20230610,2023-06-10,2023,2,Q2,6,June,Jun,Jun 2023,202306,10,Saturday,Sat,6,161,23,2023,2023-W23,202323,2023,3,9,FY23,1,0,0,-3,-38,-167,-1167,0,0,0,0
20230611,2023-06-11,2023,2,Q2,6,June,Jun,Jun 2023,202306,11,Sunday,Sun,7,162,23,2023,2023-W23,202323,2023,3,9,FY23,1,0,0,-3,-38,-167,-1166,0,0,0,0
20230612,2023-06-12,2023,2,Q2,6,June,Jun,Jun 2023,202306,12,Monday,Mon,1,163,24,2023,2023-W24,202324,2023,3,9,FY23,0,0,0,-3,-38,-166,-1165,0,0,0,0
20230613,2023-06-13,2023,2,Q2,6,June,Jun,Jun 2023,202306,13,Tuesday,Tue,2,164,24,2023,2023-W24,202324,2023,3,9,FY23,0,0,0,-3,-38,-166,-1164,0,0,0,0
20230614,2023-06-14,2023,2,Q2,6,June,Jun,Jun 2023,202306,14,Wednesday,Wed,3,165,24,2023,2023-W24,202324,2023,3,9,FY23,0,0,0,-3,-38,-166,-1163,0,0,0,0
20230615,2023-06-15,2023,2,Q2,6,June,Jun,Jun 2023,202306,15,Thursday,Thu,4,166,24,2023,2023-W24,202324,2023,3,9,FY23,0,0,0,-3,-38,-166,-1162,0,0,0,0
20230616,2023-06-16,2023,2,Q2,6,June,Jun,Jun 2023,202306,16,Friday,Fri,5,167,24,2023,2023-W24,202324,2023,3,9,FY23,0,0,0,-3,-38,-166,-1161,0,0,0,0
20230617,2023-06-17,2023,2,Q2,6,June,Jun,Jun 2023,202306,17,Saturday,Sat,6,168,24,2023,2023-W24,202324,2023,3,9,FY23,1,0,0,-3,-38,-166,-1160,0,0,0,0
20230618,2023-06-18,2023,2,Q2,6,June,Jun,Jun 2023,202306,18,Sunday,Sun,7,169,24,2023,2023-W24,202324,2023,3,9,FY23,1,0,0,-3,-38,-166,-1159,0,0,0,0
20230619,2023-06-19,2023,2,Q2,6,June,Jun,Jun 2023,202306,19,Monday,Mon,1,170,25,2023,2023-W25,202325,2023,3,9,FY23,0,0,0,-3,-38,-165,-1158,0,0,0,0
20230620,2023-06-20,2023,2,Q2,6,June,Jun,Jun 2023,202306,20,Tuesday,Tue,2,171,25,2023,2023-W25,202325,2023,3,9,FY23,0,0,0,-3,-38,-165,-1157,0,0,0,0
20230621,2023-06-21,2023,2,Q2,6,June,Jun,Jun 2023,202306,21,Wednesday,Wed,3,172,25,2023,2023-W25,202325,2023,3,9,FY23,0,0,0,-3,-38,-165,-1156,0,0,0,0
20230622,2023-06-22,2023,2,Q2,6,June,Jun,Jun 2023,202306,22,Thursday,Thu,4,173,25,2023,2023-W25,202325,2023,3,9,FY23,0,0,0,-3,-38,-165,-1155,0,0,0,0
20230623,2023-06-23,2023,2,Q2,6,June,Jun,Jun 2023,202306,23,Friday,Fri,5,174,25,2023,2023-W25,202325,2023,3,9,FY23,0,0,0,-3,-38,-165,-1154,0,0,0,0
20230624,2023-06-24,2023,2,Q2,6,June,Jun,Jun 2023,202306,24,Saturday,Sat,6,175,25,2023,2023-W25,202325,2023,3,9,FY23,1,0,0,-3,-38,-165,-1153,0,0,0,0
20230625,2023-06-25,2023,2,Q2,6,June,Jun,Jun 2023,202306,25,Sunday,Sun,7,176,25,2023,2023-W25,202325,2023,3,9,FY23,1,0,0,-3,-38,-165,-1152,0,0,0,0
20230626,2023-06-26,2023,2,Q2,6,June,Jun,Jun 2023,202306,26,Monday,Mon,1,177,26,2023,2023-W26,202326,2023,3,9,FY23,0,0,0,-3,-38,-164,-1151,0,0,0,0
20230627,2023-06-27,2023,2,Q2,6,June,Jun,Jun 2023,202306,27,Tuesday,Tue,2,178,26,2023,2023-W26,202326,2023,3,9,FY23,0,0,0,-3,-38,-164,-1150,0,0,0,0
20230628,2023-06-28,2023,2,Q2,6,June,Jun,Jun 2023,202306,28,Wednesday,Wed,3,179,26,2023,2023-W26,202326,2023,3,9,FY23,0,0,0,-3,-38,-164,-1149,0,0,0,0
20230629,2023-06-29,2023,2,Q2,6,June,Jun,Jun 2023,202306,29,Thursday,Thu,4,180,26,2023,2023-W26,202326,2023,3,9,FY23,0,0,0,-3,-38,-164,-1148,0,0,0,0
20230630,2023-06-30,2023,2,Q2,6,June,Jun,Jun 2023,202306,30,Friday,Fri,5,181,26,2023,2023-W26,202326,2023,3,9,FY23,0,1,1,-3,-38,-164,-1147,0,0,0,0
20230701,2023-07-01,2023,3,Q3,7,July,Jul,Jul 2023,202307,1,Saturday,Sat,6,182,26,2023,2023-W26,202326,2023,4,10,FY23,1,0,0,-3,-37,-164,-1146,0,0,0,0
20230702,2023-07-02,2023,3,Q3,7,July,Jul,Jul 2023,202307,2,Sunday,Sun,7,183,26,2023,2023-W26,202326,2023,4,10,FY23,1,0,0,-3,-37,-164,-1145,0,0,0,0
20230703,2023-07-03,2023,3,Q3,7,July,Jul,Jul 2023,202307,3,Monday,Mon,1,184,27,2023,2023-W27,202327,2023,4,10,FY23,0,0,0,-3,-37,-163,-1144,0,0,0,0
20230704,2023-07-04,2023,3,Q3,7,July,Jul,Jul 2023,202307,4,Tuesday,Tue,2,185,27,2023,2023-W27,202327,2023,4,10,FY23,0,0,0,-3,-37,-163,-1143,0,0,0,0
20230705,2023-07-05,2023,3,Q3,7,July,Jul,Jul 2023,202307,5,Wednesday,Wed,3,186,27,2023,2023-W27,202327,2023,4,10,FY23,0,0,0,-3,-37,-163,-1142,0,0,0,0
20230706,2023-07-06,2023,3,Q3,7,July,Jul,Jul 2023,202307,6,Thursday,Thu,4,187,27,2023,2023-W27,202327,2023,4,10,FY23,0,0,0,-3,-37,-163,-1141,0,0,0,0
20230707,2023-07-07,2023,3,Q3,7,July,Jul,Jul 2023,202307,7,Friday,Fri,5,188,27,2023,2023-W27,202327,2023,4,10,FY23,0,0,0,-3,-37,-163,-1140,0,0,0,0
20230708,2023-07-08,2023,3,Q3,7,July,Jul,Jul 2023,202307,8,Saturday,Sat,6,189,27,2023,2023-W27,202327,2023,4,10,FY23,1,0,0,-3,-37,-163,-1139,0,0,0,0
20230709,2023-07-09,2023,3,Q3,7,July,Jul,Jul 2023,202307,9,Sunday,Sun,7,190,27,2023,2023-W27,202327,2023,4,10,FY23,1,0,0,-3,-37,-163,-1138,0,0,0,0
20230710,2023-07-10,2023,3,Q3,7,July,Jul,Jul 2023,202307,10,Monday,Mon,1,191,28,2023,2023-W28,202328,2023,4,10,FY23,0,0,0,-3,-37,-162,-1137,0,0,0,0
20230711,2023-07-11,2023,3,Q3,7,July,Jul,Jul 2023,202307,11,Tuesday,Tue,2,192,28,2023,2023-W28,202328,2023,4,10,FY23,0,0,0,-3,-37,-162,-1136,0,0,0,0
20230712,2023-07-12,2023,3,Q3,7,July,Jul,Jul 2023,202307,12,Wednesday,Wed,3,193,28,2023,2023-W28,202328,2023,4,10,FY23,0,0,0,-3,-37,-162,-1135,0,0,0,0
20230713,2023-07-13,2023,3,Q3,7,July,Jul,Jul 2023,202307,13,Thursday,Thu,4,194,28,2023,2023-W28,202328,2023,4,10,FY23,0,0,0,-3,-37,-162,-1134,0,0,0,0
20230714,2023-07-14,2023,3,Q3,7,July,Jul,Jul 2023,202307,14,Friday,Fri,5,195,28,2023,2023-W28,202328,2023,4,10,FY23,0,0,0,-3,-37,-162,-1133,0,0,0,0
20230715,2023-07-15,2023,3,Q3,7,July,Jul,Jul 2023,202307,15,Saturday,Sat,6,196,28,2023,2023-W28,202328,2023,4,10,FY23,1,0,0,-3,-37,-162,-1132,0,0,0,0
20230716,2023-07-16,2023,3,Q3,7,July,Jul,Jul 2023,202307,16,Sunday,Sun,7,197,28,2023,2023-W28,202328,2023,4,10,FY23,1,0,0,-3,-37,-162,-1131,0,0,0,0
20230717,2023-07-17,2023,3,Q3,7,July,Jul,Jul 2023,202307,17,Monday,Mon,1,198,29,2023,2023-W29,202329,2023,4,10,FY23,0,0,0,-3,-37,-161,-1130,0,0,0,0
20230718,2023-07-18,2023,3,Q3,7,July,Jul,Jul 2023,202307,18,Tuesday,Tue,2,199,29,2023,2023-W29,202329,2023,4,10,FY23,0,0,0,-3,-37,-161,-1129,0,0,0,0
20230719,2023-07-19,2023,3,Q3,7,July,Jul,Jul 2023,202307,19,Wednesday,Wed,3,200,29,2023,2023-W29,202329,2023,4,10,FY23,0,0,0,-3,-37,-161,-1128,0,0,0,0
20230720,2023-07-20,2023,3,Q3,7,July,Jul,Jul 2023,202307,20,Thursday,Thu,4,201,29,2023,2023-W29,202329,2023,4,10,FY23,0,0,0,-3,-37,-161,-1127,0,0,0,0
20230721,2023-07-21,2023,3,Q3,7,July,Jul,Jul 2023,202307,21,Friday,Fri,5,202,29,2023,2023-W29,202329,2023,4,10,FY23,0,0,0,-3,-37,-161,-1126,0,0,0,0
20230722,2023-07-22,2023,3,Q3,7,July,Jul,Jul 2023,202307,22,Saturday,Sat,6,203,29,2023,2023-W29,202329,2023,4,10,FY23,1,0,0,-3,-37,-161,-1125,0,0,0,0
20230723,2023-07-23,2023,3,Q3,7,July,Jul,Jul 2023,202307,23,Sunday,Sun,7,204,29,2023,2023-W29,202329,2023,4,10,FY23,1,0,0,-3,-37,-161,-1124,0,0,0,0
20230724,2023-07-24,2023,3,Q3,7,July,Jul,Jul 2023,202307,24,Monday,Mon,1,205,30,2023,2023-W30,202330,2023,4,10,FY23,0,0,0,-3,-37,-160,-1123,0,0,0,0
20230725,2023-07-25,2023,3,Q3,7,July,Jul,Jul 2023,202307,25,Tuesday,Tue,2,206,30,2023,2023-W30,202330,2023,4,10,FY23,0,0,0,-3,-37,-160,-1122,0,0,0,0
20230726,2023-07-26,2023,3,Q3,7,July,Jul,Jul 2023,202307,26,Wednesday,Wed,3,207,30,2023,2023-W30,202330,2023,4,10,FY23,0,0,0,-3,-37,-160,-1121,0,0,0,0
20230727,2023-07-27,2023,3,Q3,7,July,Jul,Jul 2023,202307,27,Thursday,Thu,4,208,30,2023,2023-W30,202330,2023,4,10,FY23,0,0,0,-3,-37,-160,-1120,0,0,0,0
20230728,2023-07-28,2023,3,Q3,7,July,Jul,Jul 2023,202307,28,Friday,Fri,5,209,30,2023,2023-W30,202330,2023,4,10,FY23,0,0,0,-3,-37,-160,-1119,0,0,0,0
20230729,2023-07-29,2023,3,Q3,7,July,Jul,Jul 2023,202307,29,Saturday,Sat,6,210,30,2023,2023-W30,202330,2023,4,10,FY23,1,0,0,-3,-37,-160,-1118,0,0,0,0
20230730,2023-07-30,2023,3,Q3,7,July,Jul,Jul 2023,202307,30,Sunday,Sun,7,211,30,2023,2023-W30,202330,2023,4,10,FY23,1,0,0,-3,-37,-160,-1117,0,0,0,0
20230731,2023-07-31,2023,3,Q3,7,July,Jul,Jul 2023,202307,31,Monday,Mon,1,212,31,2023,2023-W31,202331,2023,4,10,FY23,0,1,0,-3,-37,-159,-1116,0,0,0,0
20230801,2023-08-01,2023,3,Q3,8,August,Aug,Aug 2023,202308,1,Tuesday,Tue,2,213,31,2023,2023-W31,202331,2023,4,11,FY23,0,0,0,-3,-36,-159,-1115,0,0,0,1
20230802,2023-08-02,2023,3,Q3,8,August,Aug,Aug 2023,202308,2,Wednesday,Wed,3,214,31,2023,2023-W31,202331,2023,4,11,FY23,0,0,0,-3,-36,-159,-1114,0,0,0,1
20230803,2023-08-03,2023,3,Q3,8,August,Aug,Aug 2023,202308,3,Thursday,Thu,4,215,31,2023,2023-W31,202331,2023,4,11,FY23,0,0,0,-3,-36,-159,-1113,0,0,0,1
20230804,2023-08-04,2023,3,Q3,8,August,Aug,Aug 2023,202308,4,Friday,Fri,5,216,31,2023,2023-W31,202331,2023,4,11,FY23,0,0,0,-3,-36,-159,-1112,0,0,0,1
20230805,2023-08-05,2023,3,Q3,8,August,Aug,Aug 2023,202308,5,Saturday,Sat,6,217,31,2023,2023-W31,202331,2023,4,11,FY23,1,0,0,-3,-36,-159,-1111,0,0,0,1
20230806,2023-08-06,2023,3,Q3,8,August,Aug,Aug 2023,202308,6,Sunday,Sun,7,218,31,2023,2023-W31,202331,2023,4,11,FY23,1,0,0,-3,-36,-159,-1110,0,0,0,1
20230807,2023-08-07,2023,3,Q3,8,August,Aug,Aug 2023,202308,7,Monday,Mon,1,219,32,2023,2023-W32,202332,2023,4,11,FY23,0,0,0,-3,-36,-158,-1109,0,0,0,1
20230808,2023-08-08,2023,3,Q3,8,August,Aug,Aug 2023,202308,8,Tuesday,Tue,2,220,32,2023,2023-W32,202332,2023,4,11,FY23,0,0,0,-3,-36,-158,-1108,0,0,0,1
20230809,2023-08-09,2023,3,Q3,8,August,Aug,Aug 2023,202308,9,Wednesday,Wed,3,221,32,2023,2023-W32,202332,2023,4,11,FY23,0,0,0,-3,-36,-158,-1107,0,0,0,1
20230810,2023-08-10,2023,3,Q3,8,August,Aug,Aug 2023,202308,10,Thursday,Thu,4,222,32,2023,2023-W32,202332,2023,4,11,FY23,0,0,0,-3,-36,-158,-1106,0,0,0,1
20230811,2023-08-11,2023,3,Q3,8,August,Aug,Aug 2023,202308,11,Friday,Fri,5,223,32,2023,2023-W32,202332,2023,4,11,FY23,0,0,0,-3,-36,-158,-1105,0,0,0,1
20230812,2023-08-12,2023,3,Q3,8,August,Aug,Aug 2023,202308,12,Saturday,Sat,6,224,32,2023,2023-W32,202332,2023,4,11,FY23,1,0,0,-3,-36,-158,-1104,0,0,0,1
20230813,2023-08-13,2023,3,Q3,8,August,Aug,Aug 2023,202308,13,Sunday,Sun,7,225,32,2023,2023-W32,202332,2023,4,11,FY23,1,0,0,-3,-36,-158,-1103,0,0,0,1
20230814,2023-08-14,2023,3,Q3,8,August,Aug,Aug 2023,202308,14,Monday,Mon,1,226,33,2023,2023-W33,202333,2023,4,11,FY23,0,0,0,-3,-36,-157,-1102,0,0,0,1
20230815,2023-08-15,2023,3,Q3,8,August,Aug,Aug 2023,202308,15,Tuesday,Tue,2,227,33,2023,2023-W33,202333,2023,4,11,FY23,0,0,0,-3,-36,-157,-1101,0,0,0,1
20230816,2023-08-16,2023,3,Q3,8,August,Aug,Aug 2023,202308,16,Wednesday,Wed,3,228,33,2023,2023-W33,202333,2023,4,11,FY23,0,0,0,-3,-36,-157,-1100,0,0,0,1
20230817,2023-08-17,2023,3,Q3,8,August,Aug,Aug 2023,202308,17,Thursday,Thu,4,229,33,2023,2023-W33,202333,2023,4,11,FY23,0,0,0,-3,-36,-157,-1099,0,0,0,1
20230818,2023-08-18,2023,3,Q3,8,August,Aug,Aug 2023,202308,18,Friday,Fri,5,230,33,2023,2023-W33,202333,2023,4,11,FY23,0,0,0,-3,-36,-157,-1098,0,0,0,1
20230819,2023-08-19,2023,3,Q3,8,August,Aug,Aug 2023,202308,19,Saturday,Sat,6,231,33,2023,2023-W33,202333,2023,4,11,FY23,1,0,0,-3,-36,-157,-1097,0,0,0,1
20230820,2023-08-20,2023,3,Q3,8,August,Aug,Aug 2023,202308,20,Sunday,Sun,7,232,33,2023,2023-W33,202333,2023,4,11,FY23,1,0,0,-3,-36,-157,-1096,0,0,0,1
20230821,2023-08-21,2023,3,Q3,8,August,Aug,Aug 2023,202308,21,Monday,Mon,1,233,34,2023,2023-W34,202334,2023,4,11,FY23,0,0,0,-3,-36,-156,-1095,0,0,0,1
20230822,2023-08-22,2023,3,Q3,8,August,Aug,Aug 2023,202308,22,Tuesday,Tue,2,234,34,2023,2023-W34,202334,2023,4,11,FY23,0,0,0,-3,-36,-156,-1094,0,0,0,1
20230823,2023-08-23,2023,3,Q3,8,August,Aug,Aug 2023,202308,23,Wednesday,Wed,3,235,34,2023,2023-W34,202334,2023,4,11,FY23,0,0,0,-3,-36,-156,-1093,0,0,0,1
20230824,2023-08-24,2023,3,Q3,8,August,Aug,Aug 2023,202308,24,Thursday,Thu,4,236,34,2023,2023-W34,202334,2023,4,11,FY23,0,0,0,-3,-36,-156,-1092,0,0,0,1
20230825,2023-08-25,2023,3,Q3,8,August,Aug,Aug 2023,202308,25,Friday,Fri,5,237,34,2023,2023-W34,202334,2023,4,11,FY23,0,0,0,-3,-36,-156,-1091,0,0,0,1
20230826,2023-08-26,2023,3,Q3,8,August,Aug,Aug 2023,202308,26,Saturday,Sat,6,238,34,2023,2023-W34,202334,2023,4,11,FY23,1,0,0,-3,-36,-156,-1090,0,0,0,1
20230827,2023-08-27,2023,3,Q3,8,August,Aug,Aug 2023,202308,27,Sunday,Sun,7,239,34,2023,2023-W34,202334,2023,4,11,FY23,1,0,0,-3,-36,-156,-1089,0,0,0,1
20230828,2023-08-28,2023,3,Q3,8,August,Aug,Aug 2023,202308,28,Monday,Mon,1,240,35,2023,2023-W35,202335,2023,4,11,FY23,0,0,0,-3,-36,-155,-1088,0,0,0,1
20230829,2023-08-29,2023,3,Q3,8,August,Aug,Aug 2023,202308,29,Tuesday,Tue,2,241,35,2023,2023-W35,202335,2023,4,11,FY23,0,0,0,-3,-36,-155,-1087,0,0,0,1
20230830,2023-08-30,2023,3,Q3,8,August,Aug,Aug 2023,202308,30,Wednesday,Wed,3,242,35,2023,2023-W35,202335,2023,4,11,FY23,0,0,0,-3,-36,-155,-1086,0,0,0,1
20230831,2023-08-31,2023,3,Q3,8,August,Aug,Aug 2023,202308,31,Thursday,Thu,4,243,35,2023,2023-W35,202335,2023,4,11,FY23,0,1,0,-3,-36,-155,-1085,0,0,0,1
20230901,2023-09-01,2023,3,Q3,9,September,Sep,Sep 2023,202309,1,Friday,Fri,5,244,35,2023,2023-W35,202335,2023,4,12,FY23,0,0,0,-3,-35,-155,-1084,0,0,0,1
20230902,2023-09-02,2023,3,Q3,9,September,Sep,Sep 2023,202309,2,Saturday,Sat,6,245,35,2023,2023-W35,202335,2023,4,12,FY23,1,0,0,-3,-35,-155,-1083,0,0,0,1
20230903,2023-09-03,2023,3,Q3,9,September,Sep,Sep 2023,202309,3,Sunday,Sun,7,246,35,2023,2023-W35,202335,2023,4,12,FY23,1,0,0,-3,-35,-155,-1082,0,0,0,1
20230904,2023-09-04,2023,3,Q3,9,September,Sep,Sep 2023,202309,4,Monday,Mon,1,247,36,2023,2023-W36,202336,2023,4,12,FY23,0,0,0,-3,-35,-154,-1081,0,0,0,1
20230905,2023-09-05,2023,3,Q3,9,September,Sep,Sep 2023,202309,5,Tuesday,Tue,2,248,36,2023,2023-W36,202336,2023,4,12,FY23,0,0,0,-3,-35,-154,-1080,0,0,0,1
20230906,2023-09-06,2023,3,Q3,9,September,Sep,Sep 2023,202309,6,Wednesday,Wed,3,249,36,2023,2023-W36,202336,2023,4,12,FY23,0,0,0,-3,-35,-154,-1079,0,0,0,1
20230907,2023-09-07,2023,3,Q3,9,September,Sep,Sep 2023,202309,7,Thursday,Thu,4,250,36,2023,2023-W36,202336,2023,4,12,FY23,0,0,0,-3,-35,-154,-1078,0,0,0,1
20230908,2023-09-08,2023,3,Q3,9,September,Sep,Sep 2023,202309,8,Friday,Fri,5,251,36,2023,2023-W36,202336,2023,4,12,FY23,0,0,0,-3,-35,-154,-1077,0,0,0,1
20230909,2023-09-09,2023,3,Q3,9,September,Sep,Sep 2023,202309,9,Saturday,Sat,6,252,36,2023,2023-W36,202336,2023,4,12,FY23,1,0,0,-3,-35,-154,-1076,0,0,0,1
20230910,2023-09-10,2023,3,Q3,9,September,Sep,Sep 2023,202309,10,Sunday,Sun,7,253,36,2023,2023-W36,202336,2023,4,12,FY23,1,0,0,-3,-35,-154,-1075,0,0,0,1
20230911,2023-09-11,2023,3,Q3,9,September,Sep,Sep 2023,202309,11,Monday,Mon,1,254,37,2023,2023-W37,202337,2023,4,12,FY23,0,0,0,-3,-35,-153,-1074,0,0,0,1
20230912,2023-09-12,2023,3,Q3,9,September,Sep,Sep 2023,202309,12,Tuesday,Tue,2,255,37,2023,2023-W37,202337,2023,4,12,FY23,0,0,0,-3,-35,-153,-1073,0,0,0,1
20230913,2023-09-13,2023,3,Q3,9,September,Sep,Sep 2023,202309,13,Wednesday,Wed,3,256,37,2023,2023-W37,202337,2023,4,12,FY23,0,0,0,-3,-35,-153,-1072,0,0,0,1
20230914,2023-09-14,2023,3,Q3,9,September,Sep,Sep 2023,202309,14,Thursday,Thu,4,257,37,2023,2023-W37,202337,2023,4,12,FY23,0,0,0,-3,-35,-153,-1071,0,0,0,1
20230915,2023-09-15,2023,3,Q3,9,September,Sep,Sep 2023,202309,15,Friday,Fri,5,258,37,2023,2023-W37,202337,2023,4,12,FY23,0,0,0,-3,-35,-153,-1070,0,0,0,1
20230916,2023-09-16,2023,3,Q3,9,September,Sep,Sep 2023,202309,16,Saturday,Sat,6,259,37,2023,2023-W37,202337,2023,4,12,FY23,1,0,0,-3,-35,-153,-1069,0,0,0,1
20230917,2023-09-17,2023,3,Q3,9,September,Sep,Sep 2023,202309,17,Sunday,Sun,7,260,37,2023,2023-W37,202337,2023,4,12,FY23,1,0,0,-3,-35,-153,-1068,0,0,0,1
20230918,2023-09-18,2023,3,Q3,9,September,Sep,Sep 2023,202309,18,Monday,Mon,1,261,38,2023,2023-W38,202338,2023,4,12,FY23,0,0,0,-3,-35,-152,-1067,0,0,0,1
20230919,2023-09-19,2023,3,Q3,9,September,Sep,Sep 2023,202309,19,Tuesday,Tue,2,262,38,2023,2023-W38,202338,2023,4,12,FY23,0,0,0,-3,-35,-152,-1066,0,0,0,1
20230920,2023-09-20,2023,3,Q3,9,September,Sep,Sep 2023,202309,20,Wednesday,Wed,3,263,38,2023,2023-W38,202338,2023,4,12,FY23,0,0,0,-3,-35,-152,-1065,0,0,0,1
20230921,2023-09-21,2023,3,Q3,9,September,Sep,Sep 2023,202309,21,Thursday,Thu,4,264,38,2023,2023-W38,202338,2023,4,12,FY23,0,0,0,-3,-35,-152,-1064,0,0,0,1
20230922,2023-09-22,2023,3,Q3,9,September,Sep,Sep 2023,202309,22,Friday,Fri,5,265,38,2023,2023-W38,202338,2023,4,12,FY23,0,0,0,-3,-35,-152,-1063,0,0,0,1
20230923,2023-09-23,2023,3,Q3,9,September,Sep,Sep 2023,202309,23,Saturday,Sat,6,266,38,2023,2023-W38,202338,2023,4,12,FY23,1,0,0,-3,-35,-152,-1062,0,0,0,1
20230924,2023-09-24,2023,3,Q3,9,September,Sep,Sep 2023,202309,24,Sunday,Sun,7,267,38,2023,2023-W38,202338,2023,4,12,FY23,1,0,0,-3,-35,-152,-1061,0,0,0,1
20230925,2023-09-25,2023,3,Q3,9,September,Sep,Sep 2023,202309,25,Monday,Mon,1,268,39,2023,2023-W39,202339,2023,4,12,FY23,0,0,0,-3,-35,-151,-1060,0,0,0,1
20230926,2023-09-26,2023,3,Q3,9,September,Sep,Sep 2023,202309,26,Tuesday,Tue,2,269,39,2023,2023-W39,202339,2023,4,12,FY23,0,0,0,-3,-35,-151,-1059,0,0,0,1
20230927,2023-09-27,2023,3,Q3,9,September,Sep,Sep 2023,202309,27,Wednesday,Wed,3,270,39,2023,2023-W39,202339,2023,4,12,FY23,0,0,0,-3,-35,-151,-1058,0,0,0,1
20230928,2023-09-28,2023,3,Q3,9,September,Sep,Sep 2023,202309,28,Thursday,Thu,4,271,39,2023,2023-W39,202339,2023,4,12,FY23,0,0,0,-3,-35,-151,-1057,0,0,0,1
20230929,2023-09-29,2023,3,Q3,9,September,Sep,Sep 2023,202309,29,Friday,Fri,5,272,39,2023,2023-W39,202339,2023,4,12,FY23,0,0,0,-3,-35,-151,-1056,0,0,0,1
20230930,2023-09-30,2023,3,Q3,9,September,Sep,Sep 2023,202309,30,Saturday,Sat,6,273,39,2023,2023-W39,202339,2023,4,12,FY23,1,1,1,-3,-35,-151,-1055,0,0,0,1
20231001,2023-10-01,2023,4,Q4,10,October,Oct,Oct 2023,202310,1,Sunday,Sun,7,274,39,2023,2023-W39,202339,2024,1,1,FY24,1,0,0,-3,-34,-151,-1054,0,0,0,1
20231002,2023-10-02,2023,4,Q4,10,October,Oct,Oct 2023,202310,2,Monday,Mon,1,275,40,2023,2023-W40,202340,2024,1,1,FY24,0,0,0,-3,-34,-150,-1053,0,0,0,1
20231003,2023-10-03,2023,4,Q4,10,October,Oct,Oct 2023,202310,3,Tuesday,Tue,2,276,40,2023,2023-W40,202340,2024,1,1,FY24,0,0,0,-3,-34,-150,-1052,0,0,0,1
20231004,2023-10-04,2023,4,Q4,10,October,Oct,Oct 2023,202310,4,Wednesday,Wed,3,277,40,2023,2023-W40,202340,2024,1,1,FY24,0,0,0,-3,-34,-150,-1051,0,0,0,1
20231005,2023-10-05,2023,4,Q4,10,October,Oct,Oct 2023,202310,5,Thursday,Thu,4,278,40,2023,2023-W40,202340,2024,1,1,FY24,0,0,0,-3,-34,-150,-1050,0,0,0,1
20231006,2023-10-06,2023,4,Q4,10,October,Oct,Oct 2023,202310,6,Friday,Fri,5,279,40,2023,2023-W40,202340,2024,1,1,FY24,0,0,0,-3,-34,-150,-1049,0,0,0,1
20231007,2023-10-07,2023,4,Q4,10,October,Oct,Oct 2023,202310,7,Saturday,Sat,6,280,40,2023,2023-W40,202340,2024,1,1,FY24,1,0,0,-3,-34,-150,-1048,0,0,0,1
20231008,2023-10-08,2023,4,Q4,10,October,Oct,Oct 2023,202310,8,Sunday,Sun,7,281,40,2023,2023-W40,202340,2024,1,1,FY24,1,0,0,-3,-34,-150,-1047,0,0,0,1
20231009,2023-10-09,2023,4,Q4,10,October,Oct,Oct 2023,202310,9,Monday,Mon,1,282,41,2023,2023-W41,202341,2024,1,1,FY24,0,0,0,-3,-34,-149,-1046,0,0,0,1
20231010,2023-10-10,2023,4,Q4,10,October,Oct,Oct 2023,202310,10,Tuesday,Tue,2,283,41,2023,2023-W41,202341,2024,1,1,FY24,0,0,0,-3,-34,-149,-1045,0,0,0,1
20231011,2023-10-11,2023,4,Q4,10,October,Oct,Oct 2023,202310,11,Wednesday,Wed,3,284,41,2023,2023-W41,202341,2024,1,1,FY24,0,0,0,-3,-34,-149,-1044,0,0,0,1
20231012,2023-10-12,2023,4,Q4,10,October,Oct,Oct 2023,202310,12,Thursday,Thu,4,285,41,2023,2023-W41,202341,2024,1,1,FY24,0,0,0,-3,-34,-149,-1043,0,0,0,1
20231013,2023-10-13,2023,4,Q4,10,October,Oct,Oct 2023,202310,13,Friday,Fri,5,286,41,2023,2023-W41,202341,2024,1,1,FY24,0,0,0,-3,-34,-149,-1042,0,0,0,1
20231014,2023-10-14,2023,4,Q4,10,October,Oct,Oct 2023,202310,14,Saturday,Sat,6,287,41,2023,2023-W41,202341,2024,1,1,FY24,1,0,0,-3,-34,-149,-1041,0,0,0,1
20231015,2023-10-15,2023,4,Q4,10,October,Oct,Oct 2023,202310,15,Sunday,Sun,7,288,41,2023,2023-W41,202341,2024,1,1,FY24,1,0,0,-3,-34,-149,-1040,0,0,0,1
20231016,2023-10-16,2023,4,Q4,10,October,Oct,Oct 2023,202310,16,Monday,Mon,1,289,42,2023,2023-W42,202342,2024,1,1,FY24,0,0,0,-3,-34,-148,-1039,0,0,0,1
20231017,2023-10-17,2023,4,Q4,10,October,Oct,Oct 2023,202310,17,Tuesday,Tue,2,290,42,2023,2023-W42,202342,2024,1,1,FY24,0,0,0,-3,-34,-148,-1038,0,0,0,1
20231018,2023-10-18,2023,4,Q4,10,October,Oct,Oct 2023,202310,18,Wednesday,Wed,3,291,42,2023,2023-W42,202342,2024,1,1,FY24,0,0,0,-3,-34,-148,-1037,0,0,0,1
20231019,2023-10-19,2023,4,Q4,10,October,Oct,Oct 2023,202310,19,Thursday,Thu,4,292,42,2023,2023-W42,202342,2024,1,1,FY24,0,0,0,-3,-34,-148,-1036,0,0,0,1
20231020,2023-10-20,2023,4,Q4,10,October,Oct,Oct 2023,202310,20,Friday,Fri,5,293,42,2023,2023-W42,202342,2024,1,1,FY24,0,0,0,-3,-34,-148,-1035,0,0,0,1
20231021,2023-10-21,2023,4,Q4,10,October,Oct,Oct 2023,202310,21,Saturday,Sat,6,294,42,2023,2023-W42,202342,2024,1,1,FY24,1,0,0,-3,-34,-148,-1034,0,0,0,1
20231022,2023-10-22,2023,4,Q4,10,October,Oct,Oct 2023,202310,22,Sunday,Sun,7,295,42,2023,2023-W42,202342,2024,1,1,FY24,1,0,0,-3,-34,-148,-1033,0,0,0,1
20231023,2023-10-23,2023,4,Q4,10,October,Oct,Oct 2023,202310,23,Monday,Mon,1,296,43,2023,2023-W43,202343,2024,1,1,FY24,0,0,0,-3,-34,-147,-1032,0,0,0,1
20231024,2023-10-24,2023,4,Q4,10,October,Oct,Oct 2023,202310,24,Tuesday,Tue,2,297,43,2023,2023-W43,202343,2024,1,1,FY24,0,0,0,-3,-34,-147,-1031,0,0,0,1
20231025,2023-10-25,2023,4,Q4,10,October,Oct,Oct 2023,202310,25,Wednesday,Wed,3,298,43,2023,2023-W43,202343,2024,1,1,FY24,0,0,0,-3,-34,-147,-1030,0,0,0,1
20231026,2023-10-26,2023,4,Q4,10,October,Oct,Oct 2023,202310,26,Thursday,Thu,4,299,43,2023,2023-W43,202343,2024,1,1,FY24,0,0,0,-3,-34,-147,-1029,0,0,0,1
20231027,2023-10-27,2023,4,Q4,10,October,Oct,Oct 2023,202310,27,Friday,Fri,5,300,43,2023,2023-W43,202343,2024,1,1,FY24,0,0,0,-3,-34,-147,-1028,0,0,0,1
20231028,2023-10-28,2023,4,Q4,10,October,Oct,Oct 2023,202310,28,Saturday,Sat,6,301,43,2023,2023-W43,202343,2024,1,1,FY24,1,0,0,-3,-34,-147,-1027,0,0,0,1
20231029,2023-10-29,2023,4,Q4,10,October,Oct,Oct 2023,202310,29,Sunday,Sun,7,302,43,2023,2023-W43,202343,2024,1,1,FY24,1,0,0,-3,-34,-147,-1026,0,0,0,1
20231030,2023-10-30,2023,4,Q4,10,October,Oct,Oct 2023,202310,30,Monday,Mon,1,303,44,2023,2023-W44,202344,2024,1,1,FY24,0,0,0,-3,-34,-146,-1025,0,0,0,1
20231031,2023-10-31,2023,4,Q4,10,October,Oct,Oct 2023,202310,31,Tuesday,Tue,2,304,44,2023,2023-W44,202344,2024,1,1,FY24,0,1,0,-3,-34,-146,-1024,0,0,0,1
20231101,2023-11-01,2023,4,Q4,11,November,Nov,Nov 2023,202311,1,Wednesday,Wed,3,305,44,2023,2023-W44,202344,2024,1,2,FY24,0,0,0,-3,-33,-146,-1023,0,0,0,0
20231102,2023-11-02,2023,4,Q4,11,November,Nov,Nov 2023,202311,2,Thursday,Thu,4,306,44,2023,2023-W44,202344,2024,1,2,FY24,0,0,0,-3,-33,-146,-1022,0,0,0,0
20231103,2023-11-03,2023,4,Q4,11,November,Nov,Nov 2023,202311,3,Friday,Fri,5,307,44,2023,2023-W44,202344,2024,1,2,FY24,0,0,0,-3,-33,-146,-1021,0,0,0,0
20231104,2023-11-04,2023,4,Q4,11,November,Nov,Nov 2023,202311,4,Saturday,Sat,6,308,44,2023,2023-W44,202344,2024,1,2,FY24,1,0,0,-3,-33,-146,-1020,0,0,0,0
20231105,2023-11-05,2023,4,Q4,11,November,Nov,Nov 2023,202311,5,Sunday,Sun,7,309,44,2023,2023-W44,202344,2024,1,2,FY24,1,0,0,-3,-33,-146,-1019,0,0,0,0
20231106,2023-11-06,2023,4,Q4,11,November,Nov,Nov 2023,202311,6,Monday,Mon,1,310,45,2023,2023-W45,202345,2024,1,2,FY24,0,0,0,-3,-33,-145,-1018,0,0,0,0
20231107,2023-11-07,2023,4,Q4,11,November,Nov,Nov 2023,202311,7,Tuesday,Tue,2,311,45,2023,2023-W45,202345,2024,1,2,FY24,0,0,0,-3,-33,-145,-1017,0,0,0,0
20231108,2023-11-08,2023,4,Q4,11,November,Nov,Nov 2023,202311,8,Wednesday,Wed,3,312,45,2023,2023-W45,202345,2024,1,2,FY24,0,0,0,-3,-33,-145,-1016,0,0,0,0
20231109,2023-11-09,2023,4,Q4,11,November,Nov,Nov 2023,202311,9,Thursday,Thu,4,313,45,2023,2023-W45,202345,2024,1,2,FY24,0,0,0,-3,-33,-145,-1015,0,0,0,0
20231110,2023-11-10,2023,4,Q4,11,November,Nov,Nov 2023,202311,10,Friday,Fri,5,314,45,2023,2023-W45,202345,2024,1,2,FY24,0,0,0,-3,-33,-145,-1014,0,0,0,0
20231111,2023-11-11,2023,4,Q4,11,November,Nov,Nov 2023,202311,11,Saturday,Sat,6,315,45,2023,2023-W45,202345,2024,1,2,FY24,1,0,0,-3,-33,-145,-1013,0,0,0,0
20231112,2023-11-12,2023,4,Q4,11,November,Nov,Nov 2023,202311,12,Sunday,Sun,7,316,45,2023,2023-W45,202345,2024,1,2,FY24,1,0,0,-3,-33,-145,-1012,0,0,0,0
20231113,2023-11-13,2023,4,Q4,11,November,Nov,Nov 2023,202311,13,Monday,Mon,1,317,46,2023,2023-W46,202346,2024,1,2,FY24,0,0,0,-3,-33,-144,-1011,0,0,0,0
20231114,2023-11-14,2023,4,Q4,11,November,Nov,Nov 2023,202311,14,Tuesday,Tue,2,318,46,2023,2023-W46,202346,2024,1,2,FY24,0,0,0,-3,-33,-144,-1010,0,0,0,0
20231115,2023-11-15,2023,4,Q4,11,November,Nov,Nov 2023,202311,15,Wednesday,Wed,3,319,46,2023,2023-W46,202346,2024,1,2,FY24,0,0,0,-3,-33,-144,-1009,0,0,0,0
20231116,2023-11-16,2023,4,Q4,11,November,Nov,Nov 2023,202311,16,Thursday,Thu,4,320,46,2023,2023-W46,202346,2024,1,2,FY24,0,0,0,-3,-33,-144,-1008,0,0,0,0
20231117,2023-11-17,2023,4,Q4,11,November,Nov,Nov 2023,202311,17,Friday,Fri,5,321,46,2023,2023-W46,202346,2024,1,2,FY24,0,0,0,-3,-33,-144,-1007,0,0,0,0
20231118,2023-11-18,2023,4,Q4,11,November,Nov,Nov 2023,202311,18,Saturday,Sat,6,322,46,2023,2023-W46,202346,2024,1,2,FY24,1,0,0,-3,-33,-144,-1006,0,0,0,0
20231119,2023-11-19,2023,4,Q4,11,November,Nov,Nov 2023,202311,19,Sunday,Sun,7,323,46,2023,2023-W46,202346,2024,1,2,FY24,1,0,0,-3,-33,-144,-1005,0,0,0,0
20231120,2023-11-20,2023,4,Q4,11,November,Nov,Nov 2023,202311,20,Monday,Mon,1,324,47,2023,2023-W47,202347,2024,1,2,FY24,0,0,0,-3,-33,-143,-1004,0,0,0,0
20231121,2023-11-21,2023,4,Q4,11,November,Nov,Nov 2023,202311,21,Tuesday,Tue,2,325,47,2023,2023-W47,202347,2024,1,2,FY24,0,0,0,-3,-33,-143,-1003,0,0,0,0
20231122,2023-11-22,2023,4,Q4,11,November,Nov,Nov 2023,202311,22,Wednesday,Wed,3,326,47,2023,2023-W47,202347,2024,1,2,FY24,0,0,0,-3,-33,-143,-1002,0,0,0,0
20231123,2023-11-23,2023,4,Q4,11,November,Nov,Nov 2023,202311,23,Thursday,Thu,4,327,47,2023,2023-W47,202347,2024,1,2,FY24,0,0,0,-3,-33,-143,-1001,0,0,0,0
20231124,2023-11-24,2023,4,Q4,11,November,Nov,Nov 2023,202311,24,Friday,Fri,5,328,47,2023,2023-W47,202347,2024,1,2,FY24,0,0,0,-3,-33,-143,-1000,0,0,0,0
20231125,2023-11-25,2023,4,Q4,11,November,Nov,Nov 2023,202311,25,Saturday,Sat,6,329,47,2023,2023-W47,202347,2024,1,2,FY24,1,0,0,-3,-33,-143,-999,0,0,0,0
20231126,2023-11-26,2023,4,Q4,11,November,Nov,Nov 2023,202311,26,Sunday,Sun,7,330,47,2023,2023-W47,202347,2024,1,2,FY24,1,0,0,-3,-33,-143,-998,0,0,0,0
20231127,2023-11-27,2023,4,Q4,11,November,Nov,Nov 2023,202311,27,Monday,Mon,1,331,48,2023,2023-W48,202348,2024,1,2,FY24,0,0,0,-3,-33,-142,-997,0,0,0,0
20231128,2023-11-28,2023,4,Q4,11,November,Nov,Nov 2023,202311,28,Tuesday,Tue,2,332,48,2023,2023-W48,202348,2024,1,2,FY24,0,0,0,-3,-33,-142,-996,0,0,0,0
20231129,2023-11-29,2023,4,Q4,11,November,Nov,Nov 2023,202311,29,Wednesday,Wed,3,333,48,2023,2023-W48,202348,2024,1,2,FY24,0,0,0,-3,-33,-142,-995,0,0,0,0
20231130,2023-11-30,2023,4,Q4,11,November,Nov,Nov 2023,202311,30,Thursday,Thu,4,334,48,2023,2023-W48,202348,2024,1,2,FY24,0,1,0,-3,-33,-142,-994,0,0,0,0
20231201,2023-12-01,2023,4,Q4,12,December,Dec,Dec 2023,202312,1,Friday,Fri,5,335,48,2023,2023-W48,202348,2024,1,3,FY24,0,0,0,-3,-32,-142,-993,0,0,0,0
20231202,2023-12-02,2023,4,Q4,12,December,Dec,Dec 2023,202312,2,Saturday,Sat,6,336,48,2023,2023-W48,202348,2024,1,3,FY24,1,0,0,-3,-32,-142,-992,0,0,0,0
20231203,2023-12-03,2023,4,Q4,12,December,Dec,Dec 2023,202312,3,Sunday,Sun,7,337,48,2023,2023-W48,202348,2024,1,3,FY24,1,0,0,-3,-32,-142,-991,0,0,0,0
20231204,2023-12-04,2023,4,Q4,12,December,Dec,Dec 2023,202312,4,Monday,Mon,1,338,49,2023,2023-W49,202349,2024,1,3,FY24,0,0,0,-3,-32,-141,-990,0,0,0,0
20231205,2023-12-05,2023,4,Q4,12,December,Dec,Dec 2023,202312,5,Tuesday,Tue,2,339,49,2023,2023-W49,202349,2024,1,3,FY24,0,0,0,-3,-32,-141,-989,0,0,0,0
20231206,2023-12-06,2023,4,Q4,12,December,Dec,Dec 2023,202312,6,Wednesday,Wed,3,340,49,2023,2023-W49,202349,2024,1,3,FY24,0,0,0,-3,-32,-141,-988,0,0,0,0
20231207,2023-12-07,2023,4,Q4,12,December,Dec,Dec 2023,202312,7,Thursday,Thu,4,341,49,2023,2023-W49,202349,2024,1,3,FY24,0,0,0,-3,-32,-141,-987,0,0,0,0
20231208,2023-12-08,2023,4,Q4,12,December,Dec,Dec 2023,202312,8,Friday,Fri,5,342,49,2023,2023-W49,202349,2024,1,3,FY24,0,0,0,-3,-32,-141,-986,0,0,0,0
20231209,2023-12-09,2023,4,Q4,12,December,Dec,Dec 2023,202312,9,Saturday,Sat,6,343,49,2023,2023-W49,202349,2024,1,3,FY24,1,0,0,-3,-32,-141,-985,0,0,0,0
20231210,2023-12-10,2023,4,Q4,12,December,Dec,Dec 2023,202312,10,Sunday,Sun,7,344,49,2023,2023-W49,202349,2024,1,3,FY24,1,0,0,-3,-32,-141,-984,0,0,0,0
20231211,2023-12-11,2023,4,Q4,12,December,Dec,Dec 2023,202312,11,Monday,Mon,1,345,50,2023,2023-W50,202350,2024,1,3,FY24,0,0,0,-3,-32,-140,-983,0,0,0,0
20231212,2023-12-12,2023,4,Q4,12,December,Dec,Dec 2023,202312,12,Tuesday,Tue,2,346,50,2023,2023-W50,202350,2024,1,3,FY24,0,0,0,-3,-32,-140,-982,0,0,0,0
20231213,2023-12-13,2023,4,Q4,12,December,Dec,Dec 2023,202312,13,Wednesday,Wed,3,347,50,2023,2023-W50,202350,2024,1,3,FY24,0,0,0,-3,-32,-140,-981,0,0,0,0
20231214,2023-12-14,2023,4,Q4,12,December,Dec,Dec 2023,202312,14,Thursday,Thu,4,348,50,2023,2023-W50,202350,2024,1,3,FY24,0,0,0,-3,-32,-140,-980,0,0,0,0
20231215,2023-12-15,2023,4,Q4,12,December,Dec,Dec 2023,202312,15,Friday,Fri,5,349,50,2023,2023-W50,202350,2024,1,3,FY24,0,0,0,-3,-32,-140,-979,0,0,0,0
20231216,2023-12-16,2023,4,Q4,12,December,Dec,Dec 2023,202312,16,Saturday,Sat,6,350,50,2023,2023-W50,202350,2024,1,3,FY24,1,0,0,-3,-32,-140,-978,0,0,0,0
20231217,2023-12-17,2023,4,Q4,12,December,Dec,Dec 2023,202312,17,Sunday,Sun,7,351,50,2023,2023-W50,202350,2024,1,3,FY24,1,0,0,-3,-32,-140,-977,0,0,0,0
20231218,2023-12-18,2023,4,Q4,12,December,Dec,Dec 2023,202312,18,Monday,Mon,1,352,51,2023,2023-W51,202351,2024,1,3,FY24,0,0,0,-3,-32,-139,-976,0,0,0,0
20231219,2023-12-19,2023,4,Q4,12,December,Dec,Dec 2023,202312,19,Tuesday,Tue,2,353,51,2023,2023-W51,202351,2024,1,3,FY24,0,0,0,-3,-32,-139,-975,0,0,0,0
20231220,2023-12-20,2023,4,Q4,12,December,Dec,Dec 2023,202312,20,Wednesday,Wed,3,354,51,2023,2023-W51,202351,2024,1,3,FY24,0,0,0,-3,-32,-139,-974,0,0,0,0
20231221,2023-12-21,2023,4,Q4,12,December,Dec,Dec 2023,202312,21,Thursday,Thu,4,355,51,2023,2023-W51,202351,2024,1,3,FY24,0,0,0,-3,-32,-139,-973,0,0,0,0
20231222,2023-12-22,2023,4,Q4,12,December,Dec,Dec 2023,202312,22,Friday,Fri,5,356,51,2023,2023-W51,202351,2024,1,3,FY24,0,0,0,-3,-32,-139,-972,0,0,0,0
20231223,2023-12-23,2023,4,Q4,12,December,Dec,Dec 2023,202312,23,Saturday,Sat,6,357,51,2023,2023-W51,202351,2024,1,3,FY24,1,0,0,-3,-32,-139,-971,0,0,0,0
20231224,2023-12-24,2023,4,Q4,12,December,Dec,Dec 2023,202312,24,Sunday,Sun,7,358,51,2023,2023-W51,202351,2024,1,3,FY24,1,0,0,-3,-32,-139,-970,0,0,0,0
20231225,2023-12-25,2023,4,Q4,12,December,Dec,Dec 2023,202312,25,Monday,Mon,1,359,52,2023,2023-W52,202352,2024,1,3,FY24,0,0,0,-3,-32,-138,-969,0,0,0,0
20231226,2023-12-26,2023,4,Q4,12,December,Dec,Dec 2023,202312,26,Tuesday,Tue,2,360,52,2023,2023-W52,202352,2024,1,3,FY24,0,0,0,-3,-32,-138,-968,0,0,0,0
20231227,2023-12-27,2023,4,Q4,12,December,Dec,Dec 2023,202312,27,Wednesday,Wed,3,361,52,2023,2023-W52,202352,2024,1,3,FY24,0,0,0,-3,-32,-138,-967,0,0,0,0
20231228,2023-12-28,2023,4,Q4,12,December,Dec,Dec 2023,202312,28,Thursday,Thu,4,362,52,2023,2023-W52,202352,2024,1,3,FY24,0,0,0,-3,-32,-138,-966,0,0,0,0
20231229,2023-12-29,2023,4,Q4,12,December,Dec,Dec 2023,202312,29,Friday,Fri,5,363,52,2023,2023-W52,202352,2024,1,3,FY24,0,0,0,-3,-32,-138,-965,0,0,0,0
20231230,2023-12-30,2023,4,Q4,12,December,Dec,Dec 2023,202312,30,Saturday,Sat,6,364,52,2023,2023-W52,202352,2024,1,3,FY24,1,0,0,-3,-32,-138,-964,0,0,0,0
20231231,2023-12-31,2023,4,Q4,12,December,Dec,Dec 2023,202312,31,Sunday,Sun,7,365,52,2023,2023-W52,202352,2024,1,3,FY24,1,1,1,-3,-32,-138,-963,0,0,0,0
20240101,2024-01-01,2024,1,Q1,1,January,Jan,Jan 2024,202401,1,Monday,Mon,1,1,1,2024,2024-W01,202401,2024,2,4,FY24,0,0,0,-2,-31,-137,-962,0,0,0,0
20240102,2024-01-02,2024,1,Q1,1,January,Jan,Jan 2024,202401,2,Tuesday,Tue,2,2,1,2024,2024-W01,202401,2024,2,4,FY24,0,0,0,-2,-31,-137,-961,0,0,0,0
20240103,2024-01-03,2024,1,Q1,1,January,Jan,Jan 2024,202401,3,Wednesday,Wed,3,3,1,2024,2024-W01,202401,2024,2,4,FY24,0,0,0,-2,-31,-137,-960,0,0,0,0
20240104,2024-01-04,2024,1,Q1,1,January,Jan,Jan 2024,202401,4,Thursday,Thu,4,4,1,2024,2024-W01,202401,2024,2,4,FY24,0,0,0,-2,-31,-137,-959,0,0,0,0
20240105,2024-01-05,2024,1,Q1,1,January,Jan,Jan 2024,202401,5,Friday,Fri,5,5,1,2024,2024-W01,202401,2024,2,4,FY24,0,0,0,-2,-31,-137,-958,0,0,0,0
20240106,2024-01-06,2024,1,Q1,1,January,Jan,Jan 2024,202401,6,Saturday,Sat,6,6,1,2024,2024-W01,202401,2024,2,4,FY24,1,0,0,-2,-31,-137,-957,0,0,0,0
20240107,2024-01-07,2024,1,Q1,1,January,Jan,Jan 2024,202401,7,Sunday,Sun,7,7,1,2024,2024-W01,202401,2024,2,4,FY24,1,0,0,-2,-31,-137,-956,0,0,0,0
20240108,2024-01-08,2024,1,Q1,1,January,Jan,Jan 2024,202401,8,Monday,Mon,1,8,2,2024,2024-W02,202402,2024,2,4,FY24,0,0,0,-2,-31,-136,-955,0,0,0,0
20240109,2024-01-09,2024,1,Q1,1,January,Jan,Jan 2024,202401,9,Tuesday,Tue,2,9,2,2024,2024-W02,202402,2024,2,4,FY24,0,0,0,-2,-31,-136,-954,0,0,0,0
20240110,2024-01-10,2024,1,Q1,1,January,Jan,Jan 2024,202401,10,Wednesday,Wed,3,10,2,2024,2024-W02,202402,2024,2,4,FY24,0,0,0,-2,-31,-136,-953,0,0,0,0
20240111,2024-01-11,2024,1,Q1,1,January,Jan,Jan 2024,202401,11,Thursday,Thu,4,11,2,2024,2024-W02,202402,2024,2,4,FY24,0,0,0,-2,-31,-136,-952,0,0,0,0
20240112,2024-01-12,2024,1,Q1,1,January,Jan,Jan 2024,202401,12,Friday,Fri,5,12,2,2024,2024-W02,202402,2024,2,4,FY24,0,0,0,-2,-31,-136,-951,0,0,0,0
20240113,2024-01-13,2024,1,Q1,1,January,Jan,Jan 2024,202401,13,Saturday,Sat,6,13,2,2024,2024-W02,202402,2024,2,4,FY24,1,0,0,-2,-31,-136,-950,0,0,0,0
20240114,2024-01-14,2024,1,Q1,1,January,Jan,Jan 2024,202401,14,Sunday,Sun,7,14,2,2024,2024-W02,202402,2024,2,4,FY24,1,0,0,-2,-31,-136,-949,0,0,0,0
20240115,2024-01-15,2024,1,Q1,1,January,Jan,Jan 2024,202401,15,Monday,Mon,1,15,3,2024,2024-W03,202403,2024,2,4,FY24,0,0,0,-2,-31,-135,-948,0,0,0,0
20240116,2024-01-16,2024,1,Q1,1,January,Jan,Jan 2024,202401,16,Tuesday,Tue,2,16,3,2024,2024-W03,202403,2024,2,4,FY24,0,0,0,-2,-31,-135,-947,0,0,0,0
20240117,2024-01-17,2024,1,Q1,1,January,Jan,Jan 2024,202401,17,Wednesday,Wed,3,17,3,2024,2024-W03,202403,2024,2,4,FY24,0,0,0,-2,-31,-135,-946,0,0,0,0
20240118,2024-01-18,2024,1,Q1,1,January,Jan,Jan 2024,202401,18,Thursday,Thu,4,18,3,2024,2024-W03,202403,2024,2,4,FY24,0,0,0,-2,-31,-135,-945,0,0,0,0
20240119,2024-01-19,2024,1,Q1,1,January,Jan,Jan 2024,202401,19,Friday,Fri,5,19,3,2024,2024-W03,202403,2024,2,4,FY24,0,0,0,-2,-31,-135,-944,0,0,0,0
20240120,2024-01-20,2024,1,Q1,1,January,Jan,Jan 2024,202401,20,Saturday,Sat,6,20,3,2024,2024-W03,202403,2024,2,4,FY24,1,0,0,-2,-31,-135,-943,0,0,0,0
20240121,2024-01-21,2024,1,Q1,1,January,Jan,Jan 2024,202401,21,Sunday,Sun,7,21,3,2024,2024-W03,202403,2024,2,4,FY24,1,0,0,-2,-31,-135,-942,0,0,0,0
20240122,2024-01-22,2024,1,Q1,1,January,Jan,Jan 2024,202401,22,Monday,Mon,1,22,4,2024,2024-W04,202404,2024,2,4,FY24,0,0,0,-2,-31,-134,-941,0,0,0,0
20240123,2024-01-23,2024,1,Q1,1,January,Jan,Jan 2024,202401,23,Tuesday,Tue,2,23,4,2024,2024-W04,202404,2024,2,4,FY24,0,0,0,-2,-31,-134,-940,0,0,0,0
20240124,2024-01-24,2024,1,Q1,1,January,Jan,Jan 2024,202401,24,Wednesday,Wed,3,24,4,2024,2024-W04,202404,2024,2,4,FY24,0,0,0,-2,-31,-134,-939,0,0,0,0
20240125,2024-01-25,2024,1,Q1,1,January,Jan,Jan 2024,202401,25,Thursday,Thu,4,25,4,2024,2024-W04,202404,2024,2,4,FY24,0,0,0,-2,-31,-134,-938,0,0,0,0
20240126,2024-01-26,2024,1,Q1,1,January,Jan,Jan 2024,202401,26,Friday,Fri,5,26,4,2024,2024-W04,202404,2024,2,4,FY24,0,0,0,-2,-31,-134,-937,0,0,0,0
20240127,2024-01-27,2024,1,Q1,1,January,Jan,Jan 2024,202401,27,Saturday,Sat,6,27,4,2024,2024-W04,202404,2024,2,4,FY24,1,0,0,-2,-31,-134,-936,0,0,0,0
20240128,2024-01-28,2024,1,Q1,1,January,Jan,Jan 2024,202401,28,Sunday,Sun,7,28,4,2024,2024-W04,202404,2024,2,4,FY24,1,0,0,-2,-31,-134,-935,0,0,0,0
20240129,2024-01-29,2024,1,Q1,1,January,Jan,Jan 2024,202401,29,Monday,Mon,1,29,5,2024,2024-W05,202405,2024,2,4,FY24,0,0,0,-2,-31,-133,-934,0,0,0,0
20240130,2024-01-30,2024,1,Q1,1,January,Jan,Jan 2024,202401,30,Tuesday,Tue,2,30,5,2024,2024-W05,202405,2024,2,4,FY24,0,0,0,-2,-31,-133,-933,0,0,0,0
20240131,2024-01-31,2024,1,Q1,1,January,Jan,Jan 2024,202401,31,Wednesday,Wed,3,31,5,2024,2024-W05,202405,2024,2,4,FY24,0,1,0,-2,-31,-133,-932,0,0,0,0
20240201,2024-02-01,2024,1,Q1,2,February,Feb,Feb 2024,202402,1,Thursday,Thu,4,32,5,2024,2024-W05,202405,2024,2,5,FY24,0,0,0,-2,-30,-133,-931,0,0,0,0
20240202,2024-02-02,2024,1,Q1,2,February,Feb,Feb 2024,202402,2,Friday,Fri,5,33,5,2024,2024-W05,202405,2024,2,5,FY24,0,0,0,-2,-30,-133,-930,0,0,0,0
20240203,2024-02-03,2024,1,Q1,2,February,Feb,Feb 2024,202402,3,Saturday,Sat,6,34,5,2024,2024-W05,202405,2024,2,5,FY24,1,0,0,-2,-30,-133,-929,0,0,0,0
20240204,2024-02-04,2024,1,Q1,2,February,Feb,Feb 2024,202402,4,Sunday,Sun,7,35,5,2024,2024-W05,202405,2024,2,5,FY24,1,0,0,-2,-30,-133,-928,0,0,0,0
20240205,2024-02-05,2024,1,Q1,2,February,Feb,Feb 2024,202402,5,Monday,Mon,1,36,6,2024,2024-W06,202406,2024,2,5,FY24,0,0,0,-2,-30,-132,-927,0,0,1,0
20240206,2024-02-06,2024,1,Q1,2,February,Feb,Feb 2024,202402,6,Tuesday,Tue,2,37,6,2024,2024-W06,202406,2024,2,5,FY24,0,0,0,-2,-30,-132,-926,0,0,1,0
20240207,2024-02-07,2024,1,Q1,2,February,Feb,Feb 2024,202402,7,Wednesday,Wed,3,38,6,2024,2024-W06,202406,2024,2,5,FY24,0,0,0,-2,-30,-132,-925,0,0,1,0
20240208,2024-02-08,2024,1,Q1,2,February,Feb,Feb 2024,202402,8,Thursday,Thu,4,39,6,2024,2024-W06,202406,2024,2,5,FY24,0,0,0,-2,-30,-132,-924,0,0,1,0
20240209,2024-02-09,2024,1,Q1,2,February,Feb,Feb 2024,202402,9,Friday,Fri,5,40,6,2024,2024-W06,202406,2024,2,5,FY24,0,0,0,-2,-30,-132,-923,0,0,1,0
20240210,2024-02-10,2024,1,Q1,2,February,Feb,Feb 2024,202402,10,Saturday,Sat,6,41,6,2024,2024-W06,202406,2024,2,5,FY24,1,0,0,-2,-30,-132,-922,0,0,1,0
20240211,2024-02-11,2024,1,Q1,2,February,Feb,Feb 2024,202402,11,Sunday,Sun,7,42,6,2024,2024-W06,202406,2024,2,5,FY24,1,0,0,-2,-30,-132,-921,0,0,1,0
20240212,2024-02-12,2024,1,Q1,2,February,Feb,Feb 2024,202402,12,Monday,Mon,1,43,7,2024,2024-W07,202407,2024,2,5,FY24,0,0,0,-2,-30,-131,-920,0,0,1,0
20240213,2024-02-13,2024,1,Q1,2,February,Feb,Feb 2024,202402,13,Tuesday,Tue,2,44,7,2024,2024-W07,202407,2024,2,5,FY24,0,0,0,-2,-30,-131,-919,0,0,1,0
20240214,2024-02-14,2024,1,Q1,2,February,Feb,Feb 2024,202402,14,Wednesday,Wed,3,45,7,2024,2024-W07,202407,2024,2,5,FY24,0,0,0,-2,-30,-131,-918,0,0,1,0
20240215,2024-02-15,2024,1,Q1,2,February,Feb,Feb 2024,202402,15,Thursday,Thu,4,46,7,2024,2024-W07,202407,2024,2,5,FY24,0,0,0,-2,-30,-131,-917,0,0,1,0
20240216,2024-02-16,2024,1,Q1,2,February,Feb,Feb 2024,202402,16,Friday,Fri,5,47,7,2024,2024-W07,202407,2024,2,5,FY24,0,0,0,-2,-30,-131,-916,0,0,1,0
20240217,2024-02-17,2024,1,Q1,2,February,Feb,Feb 2024,202402,17,Saturday,Sat,6,48,7,2024,2024-W07,202407,2024,2,5,FY24,1,0,0,-2,-30,-131,-915,0,0,1,0
20240218,2024-02-18,2024,1,Q1,2,February,Feb,Feb 2024,202402,18,Sunday,Sun,7,49,7,2024,2024-W07,202407,2024,2,5,FY24,1,0,0,-2,-30,-131,-914,0,0,1,0
20240219,2024-02-19,2024,1,Q1,2,February,Feb,Feb 2024,202402,19,Monday,Mon,1,50,8,2024,2024-W08,202408,2024,2,5,FY24,0,0,0,-2,-30,-130,-913,0,0,1,0
20240220,2024-02-20,2024,1,Q1,2,February,Feb,Feb 2024,202402,20,Tuesday,Tue,2,51,8,2024,2024-W08,202408,2024,2,5,FY24,0,0,0,-2,-30,-130,-912,0,0,1,0
20240221,2024-02-21,2024,1,Q1,2,February,Feb,Feb 2024,202402,21,Wednesday,Wed,3,52,8,2024,2024-W08,202408,2024,2,5,FY24,0,0,0,-2,-30,-130,-911,0,0,1,0
20240222,2024-02-22,2024,1,Q1,2,February,Feb,Feb 2024,202402,22,Thursday,Thu,4,53,8,2024,2024-W08,202408,2024,2,5,FY24,0,0,0,-2,-30,-130,-910,0,0,1,0
20240223,2024-02-23,2024,1,Q1,2,February,Feb,Feb 2024,202402,23,Friday,Fri,5,54,8,2024,2024-W08,202408,2024,2,5,FY24,0,0,0,-2,-30,-130,-909,0,0,1,0
20240224,2024-02-24,2024,1,Q1,2,February,Feb,Feb 2024,202402,24,Saturday,Sat,6,55,8,2024,2024-W08,202408,2024,2,5,FY24,1,0,0,-2,-30,-130,-908,0,0,1,0
20240225,2024-02-25,2024,1,Q1,2,February,Feb,Feb 2024,202402,25,Sunday,Sun,7,56,8,2024,2024-W08,202408,2024,2,5,FY24,1,0,0,-2,-30,-130,-907,0,0,1,0
20240226,2024-02-26,2024,1,Q1,2,February,Feb,Feb 2024,202402,26,Monday,Mon,1,57,9,2024,2024-W09,202409,2024,2,5,FY24,0,0,0,-2,-30,-129,-906,0,0,1,0
20240227,2024-02-27,2024,1,Q1,2,February,Feb,Feb 2024,202402,27,Tuesday,Tue,2,58,9,2024,2024-W09,202409,2024,2,5,FY24,0,0,0,-2,-30,-129,-905,0,0,1,0
20240228,2024-02-28,2024,1,Q1,2,February,Feb,Feb 2024,202402,28,Wednesday,Wed,3,59,9,2024,2024-W09,202409,2024,2,5,FY24,0,0,0,-2,-30,-129,-904,0,0,1,0
20240229,2024-02-29,2024,1,Q1,2,February,Feb,Feb 2024,202402,29,Thursday,Thu,4,60,9,2024,2024-W09,202409,2024,2,5,FY24,0,1,0,-2,-30,-129,-903,0,0,1,0
20240301,2024-03-01,2024,1,Q1,3,March,Mar,Mar 2024,202403,1,Friday,Fri,5,61,9,2024,2024-W09,202409,2024,2,6,FY24,0,0,0,-2,-29,-129,-902,0,0,1,0
20240302,2024-03-02,2024,1,Q1,3,March,Mar,Mar 2024,202403,2,Saturday,Sat,6,62,9,2024,2024-W09,202409,2024,2,6,FY24,1,0,0,-2,-29,-129,-901,0,0,1,0
20240303,2024-03-03,2024,1,Q1,3,March,Mar,Mar 2024,202403,3,Sunday,Sun,7,63,9,2024,2024-W09,202409,2024,2,6,FY24,1,0,0,-2,-29,-129,-900,0,0,1,0
20240304,2024-03-04,2024,1,Q1,3,March,Mar,Mar 2024,202403,4,Monday,Mon,1,64,10,2024,2024-W10,202410,2024,2,6,FY24,0,0,0,-2,-29,-128,-899,0,0,0,0
20240305,2024-03-05,2024,1,Q1,3,March,Mar,Mar 2024,202403,5,Tuesday,Tue,2,65,10,2024,2024-W10,202410,2024,2,6,FY24,0,0,0,-2,-29,-128,-898,0,0,0,0
20240306,2024-03-06,2024,1,Q1,3,March,Mar,Mar 2024,202403,6,Wednesday,Wed,3,66,10,2024,2024-W10,202410,2024,2,6,FY24,0,0,0,-2,-29,-128,-897,0,0,0,0
20240307,2024-03-07,2024,1,Q1,3,March,Mar,Mar 2024,202403,7,Thursday,Thu,4,67,10,2024,2024-W10,202410,2024,2,6,FY24,0,0,0,-2,-29,-128,-896,0,0,0,0
20240308,2024-03-08,2024,1,Q1,3,March,Mar,Mar 2024,202403,8,Friday,Fri,5,68,10,2024,2024-W10,202410,2024,2,6,FY24,0,0,0,-2,-29,-128,-895,0,0,0,0
20240309,2024-03-09,2024,1,Q1,3,March,Mar,Mar 2024,202403,9,Saturday,Sat,6,69,10,2024,2024-W10,202410,2024,2,6,FY24,1,0,0,-2,-29,-128,-894,0,0,0,0
20240310,2024-03-10,2024,1,Q1,3,March,Mar,Mar 2024,202403,10,Sunday,Sun,7,70,10,2024,2024-W10,202410,2024,2,6,FY24,1,0,0,-2,-29,-128,-893,0,0,0,0
20240311,2024-03-11,2024,1,Q1,3,March,Mar,Mar 2024,202403,11,Monday,Mon,1,71,11,2024,2024-W11,202411,2024,2,6,FY24,0,0,0,-2,-29,-127,-892,0,0,0,0
20240312,2024-03-12,2024,1,Q1,3,March,Mar,Mar 2024,202403,12,Tuesday,Tue,2,72,11,2024,2024-W11,202411,2024,2,6,FY24,0,0,0,-2,-29,-127,-891,0,0,0,0
20240313,2024-03-13,2024,1,Q1,3,March,Mar,Mar 2024,202403,13,Wednesday,Wed,3,73,11,2024,2024-W11,202411,2024,2,6,FY24,0,0,0,-2,-29,-127,-890,0,0,0,0
20240314,2024-03-14,2024,1,Q1,3,March,Mar,Mar 2024,202403,14,Thursday,Thu,4,74,11,2024,2024-W11,202411,2024,2,6,FY24,0,0,0,-2,-29,-127,-889,0,0,0,0
20240315,2024-03-15,2024,1,Q1,3,March,Mar,Mar 2024,202403,15,Friday,Fri,5,75,11,2024,2024-W11,202411,2024,2,6,FY24,0,0,0,-2,-29,-127,-888,0,0,0,0
20240316,2024-03-16,2024,1,Q1,3,March,Mar,Mar 2024,202403,16,Saturday,Sat,6,76,11,2024,2024-W11,202411,2024,2,6,FY24,1,0,0,-2,-29,-127,-887,0,0,0,0
20240317,2024-03-17,2024,1,Q1,3,March,Mar,Mar 2024,202403,17,Sunday,Sun,7,77,11,2024,2024-W11,202411,2024,2,6,FY24,1,0,0,-2,-29,-127,-886,0,0,0,0
20240318,2024-03-18,2024,1,Q1,3,March,Mar,Mar 2024,202403,18,Monday,Mon,1,78,12,2024,2024-W12,202412,2024,2,6,FY24,0,0,0,-2,-29,-126,-885,0,0,0,0
20240319,2024-03-19,2024,1,Q1,3,March,Mar,Mar 2024,202403,19,Tuesday,Tue,2,79,12,2024,2024-W12,202412,2024,2,6,FY24,0,0,0,-2,-29,-126,-884,0,0,0,0
20240320,2024-03-20,2024,1,Q1,3,March,Mar,Mar 2024,202403,20,Wednesday,Wed,3,80,12,2024,2024-W12,202412,2024,2,6,FY24,0,0,0,-2,-29,-126,-883,0,0,0,0
20240321,2024-03-21,2024,1,Q1,3,March,Mar,Mar 2024,202403,21,Thursday,Thu,4,81,12,2024,2024-W12,202412,2024,2,6,FY24,0,0,0,-2,-29,-126,-882,0,0,0,0
20240322,2024-03-22,2024,1,Q1,3,March,Mar,Mar 2024,202403,22,Friday,Fri,5,82,12,2024,2024-W12,202412,2024,2,6,FY24,0,0,0,-2,-29,-126,-881,0,0,0,0
20240323,2024-03-23,2024,1,Q1,3,March,Mar,Mar 2024,202403,23,Saturday,Sat,6,83,12,2024,2024-W12,202412,2024,2,6,FY24,1,0,0,-2,-29,-126,-880,0,0,0,0
20240324,2024-03-24,2024,1,Q1,3,March,Mar,Mar 2024,202403,24,Sunday,Sun,7,84,12,2024,2024-W12,202412,2024,2,6,FY24,1,0,0,-2,-29,-126,-879,0,0,0,0
20240325,2024-03-25,2024,1,Q1,3,March,Mar,Mar 2024,202403,25,Monday,Mon,1,85,13,2024,2024-W13,202413,2024,2,6,FY24,0,0,0,-2,-29,-125,-878,0,0,0,0
20240326,2024-03-26,2024,1,Q1,3,March,Mar,Mar 2024,202403,26,Tuesday,Tue,2,86,13,2024,2024-W13,202413,2024,2,6,FY24,0,0,0,-2,-29,-125,-877,0,0,0,0
20240327,2024-03-27,2024,1,Q1,3,March,Mar,Mar 2024,202403,27,Wednesday,Wed,3,87,13,2024,2024-W13,202413,2024,2,6,FY24,0,0,0,-2,-29,-125,-876,0,0,0,0
20240328,2024-03-28,2024,1,Q1,3,March,Mar,Mar 2024,202403,28,Thursday,Thu,4,88,13,2024,2024-W13,202413,2024,2,6,FY24,0,0,0,-2,-29,-125,-875,0,0,0,0
20240329,2024-03-29,2024,1,Q1,3,March,Mar,Mar 2024,202403,29,Friday,Fri,5,89,13,2024,2024-W13,202413,2024,2,6,FY24,0,0,0,-2,-29,-125,-874,0,0,0,0
20240330,2024-03-30,2024,1,Q1,3,March,Mar,Mar 2024,202403,30,Saturday,Sat,6,90,13,2024,2024-W13,202413,2024,2,6,FY24,1,0,0,-2,-29,-125,-873,0,0,0,0
20240331,2024-03-31,2024,1,Q1,3,March,Mar,Mar 2024,202403,31,Sunday,Sun,7,91,13,2024,2024-W13,202413,2024,2,6,FY24,1,1,1,-2,-29,-125,-872,0,0,0,0
20240401,2024-04-01,2024,2,Q2,4,April,Apr,Apr 2024,202404,1,Monday,Mon,1,92,14,2024,2024-W14,202414,2024,3,7,FY24,0,0,0,-2,-28,-124,-871,0,0,0,0
20240402,2024-04-02,2024,2,Q2,4,April,Apr,Apr 2024,202404,2,Tuesday,Tue,2,93,14,2024,2024-W14,202414,2024,3,7,FY24,0,0,0,-2,-28,-124,-870,0,0,0,0
20240403,2024-04-03,2024,2,Q2,4,April,Apr,Apr 2024,202404,3,Wednesday,Wed,3,94,14,2024,2024-W14,202414,2024,3,7,FY24,0,0,0,-2,-28,-124,-869,0,0,0,0
20240404,2024-04-04,2024,2,Q2,4,April,Apr,Apr 2024,202404,4,Thursday,Thu,4,95,14,2024,2024-W14,202414,2024,3,7,FY24,0,0,0,-2,-28,-124,-868,0,0,0,0
20240405,2024-04-05,2024,2,Q2,4,April,Apr,Apr 2024,202404,5,Friday,Fri,5,96,14,2024,2024-W14,202414,2024,3,7,FY24,0,0,0,-2,-28,-124,-867,0,0,0,0
20240406,2024-04-06,2024,2,Q2,4,April,Apr,Apr 2024,202404,6,Saturday,Sat,6,97,14,2024,2024-W14,202414,2024,3,7,FY24,1,0,0,-2,-28,-124,-866,0,0,0,0
20240407,2024-04-07,2024,2,Q2,4,April,Apr,Apr 2024,202404,7,Sunday,Sun,7,98,14,2024,2024-W14,202414,2024,3,7,FY24,1,0,0,-2,-28,-124,-865,0,0,0,0
20240408,2024-04-08,2024,2,Q2,4,April,Apr,Apr 2024,202404,8,Monday,Mon,1,99,15,2024,2024-W15,202415,2024,3,7,FY24,0,0,0,-2,-28,-123,-864,0,0,0,0
20240409,2024-04-09,2024,2,Q2,4,April,Apr,Apr 2024,202404,9,Tuesday,Tue,2,100,15,2024,2024-W15,202415,2024,3,7,FY24,0,0,0,-2,-28,-123,-863,0,0,0,0
20240410,2024-04-10,2024,2,Q2,4,April,Apr,Apr 2024,202404,10,Wednesday,Wed,3,101,15,2024,2024-W15,202415,2024,3,7,FY24,0,0,0,-2,-28,-123,-862,0,0,0,0
20240411,2024-04-11,2024,2,Q2,4,April,Apr,Apr 2024,202404,11,Thursday,Thu,4,102,15,2024,2024-W15,202415,2024,3,7,FY24,0,0,0,-2,-28,-123,-861,0,0,0,0
20240412,2024-04-12,2024,2,Q2,4,April,Apr,Apr 2024,202404,12,Friday,Fri,5,103,15,2024,2024-W15,202415,2024,3,7,FY24,0,0,0,-2,-28,-123,-860,0,0,0,0
20240413,2024-04-13,2024,2,Q2,4,April,Apr,Apr 2024,202404,13,Saturday,Sat,6,104,15,2024,2024-W15,202415,2024,3,7,FY24,1,0,0,-2,-28,-123,-859,0,0,0,0
20240414,2024-04-14,2024,2,Q2,4,April,Apr,Apr 2024,202404,14,Sunday,Sun,7,105,15,2024,2024-W15,202415,2024,3,7,FY24,1,0,0,-2,-28,-123,-858,0,0,0,0
20240415,2024-04-15,2024,2,Q2,4,April,Apr,Apr 2024,202404,15,Monday,Mon,1,106,16,2024,2024-W16,202416,2024,3,7,FY24,0,0,0,-2,-28,-122,-857,0,0,0,0
20240416,2024-04-16,2024,2,Q2,4,April,Apr,Apr 2024,202404,16,Tuesday,Tue,2,107,16,2024,2024-W16,202416,2024,3,7,FY24,0,0,0,-2,-28,-122,-856,0,0,0,0
20240417,2024-04-17,2024,2,Q2,4,April,Apr,Apr 2024,202404,17,Wednesday,Wed,3,108,16,2024,2024-W16,202416,2024,3,7,FY24,0,0,0,-2,-28,-122,-855,0,0,0,0
20240418,2024-04-18,2024,2,Q2,4,April,Apr,Apr 2024,202404,18,Thursday,Thu,4,109,16,2024,2024-W16,202416,2024,3,7,FY24,0,0,0,-2,-28,-122,-854,0,0,0,0
20240419,2024-04-19,2024,2,Q2,4,April,Apr,Apr 2024,202404,19,Friday,Fri,5,110,16,2024,2024-W16,202416,2024,3,7,FY24,0,0,0,-2,-28,-122,-853,0,0,0,0
20240420,2024-04-20,2024,2,Q2,4,April,Apr,Apr 2024,202404,20,Saturday,Sat,6,111,16,2024,2024-W16,202416,2024,3,7,FY24,1,0,0,-2,-28,-122,-852,0,0,0,0
20240421,2024-04-21,2024,2,Q2,4,April,Apr,Apr 2024,202404,21,Sunday,Sun,7,112,16,2024,2024-W16,202416,2024,3,7,FY24,1,0,0,-2,-28,-122,-851,0,0,0,0
20240422,2024-04-22,2024,2,Q2,4,April,Apr,Apr 2024,202404,22,Monday,Mon,1,113,17,2024,2024-W17,202417,2024,3,7,FY24,0,0,0,-2,-28,-121,-850,0,0,0,0
20240423,2024-04-23,2024,2,Q2,4,April,Apr,Apr 2024,202404,23,Tuesday,Tue,2,114,17,2024,2024-W17,202417,2024,3,7,FY24,0,0,0,-2,-28,-121,-849,0,0,0,0
20240424,2024-04-24,2024,2,Q2,4,April,Apr,Apr 2024,202404,24,Wednesday,Wed,3,115,17,2024,2024-W17,202417,2024,3,7,FY24,0,0,0,-2,-28,-121,-848,0,0,0,0
20240425,2024-04-25,2024,2,Q2,4,April,Apr,Apr 2024,202404,25,Thursday,Thu,4,116,17,2024,2024-W17,202417,2024,3,7,FY24,0,0,0,-2,-28,-121,-847,0,0,0,0
20240426,2024-04-26,2024,2,Q2,4,April,Apr,Apr 2024,202404,26,Friday,Fri,5,117,17,2024,2024-W17,202417,2024,3,7,FY24,0,0,0,-2,-28,-121,-846,0,0,0,0
20240427,2024-04-27,2024,2,Q2,4,April,Apr,Apr 2024,202404,27,Saturday,Sat,6,118,17,2024,2024-W17,202417,2024,3,7,FY24,1,0,0,-2,-28,-121,-845,0,0,0,0
20240428,2024-04-28,2024,2,Q2,4,April,Apr,Apr 2024,202404,28,Sunday,Sun,7,119,17,2024,2024-W17,202417,2024,3,7,FY24,1,0,0,-2,-28,-121,-844,0,0,0,0
20240429,2024-04-29,2024,2,Q2,4,April,Apr,Apr 2024,202404,29,Monday,Mon,1,120,18,2024,2024-W18,202418,2024,3,7,FY24,0,0,0,-2,-28,-120,-843,0,0,0,0
20240430,2024-04-30,2024,2,Q2,4,April,Apr,Apr 2024,202404,30,Tuesday,Tue,2,121,18,2024,2024-W18,202418,2024,3,7,FY24,0,1,0,-2,-28,-120,-842,0,0,0,0
20240501,2024-05-01,2024,2,Q2,5,May,May,May 2024,202405,1,Wednesday,Wed,3,122,18,2024,2024-W18,202418,2024,3,8,FY24,0,0,0,-2,-27,-120,-841,0,0,0,0
20240502,2024-05-02,2024,2,Q2,5,May,May,May 2024,202405,2,Thursday,Thu,4,123,18,2024,2024-W18,202418,2024,3,8,FY24,0,0,0,-2,-27,-120,-840,0,0,0,0
20240503,2024-05-03,2024,2,Q2,5,May,May,May 2024,202405,3,Friday,Fri,5,124,18,2024,2024-W18,202418,2024,3,8,FY24,0,0,0,-2,-27,-120,-839,0,0,0,0
20240504,2024-05-04,2024,2,Q2,5,May,May,May 2024,202405,4,Saturday,Sat,6,125,18,2024,2024-W18,202418,2024,3,8,FY24,1,0,0,-2,-27,-120,-838,0,0,0,0
20240505,2024-05-05,2024,2,Q2,5,May,May,May 2024,202405,5,Sunday,Sun,7,126,18,2024,2024-W18,202418,2024,3,8,FY24,1,0,0,-2,-27,-120,-837,0,0,0,0
20240506,2024-05-06,2024,2,Q2,5,May,May,May 2024,202405,6,Monday,Mon,1,127,19,2024,2024-W19,202419,2024,3,8,FY24,0,0,0,-2,-27,-119,-836,0,0,0,0
20240507,2024-05-07,2024,2,Q2,5,May,May,May 2024,202405,7,Tuesday,Tue,2,128,19,2024,2024-W19,202419,2024,3,8,FY24,0,0,0,-2,-27,-119,-835,0,0,0,0
20240508,2024-05-08,2024,2,Q2,5,May,May,May 2024,202405,8,Wednesday,Wed,3,129,19,2024,2024-W19,202419,2024,3,8,FY24,0,0,0,-2,-27,-119,-834,0,0,0,0
20240509,2024-05-09,2024,2,Q2,5,May,May,May 2024,202405,9,Thursday,Thu,4,130,19,2024,2024-W19,202419,2024,3,8,FY24,0,0,0,-2,-27,-119,-833,0,0,0,0
20240510,2024-05-10,2024,2,Q2,5,May,May,May 2024,202405,10,Friday,Fri,5,131,19,2024,2024-W19,202419,2024,3,8,FY24,0,0,0,-2,-27,-119,-832,0,0,0,0
20240511,2024-05-11,2024,2,Q2,5,May,May,May 2024,202405,11,Saturday,Sat,6,132,19,2024,2024-W19,202419,2024,3,8,FY24,1,0,0,-2,-27,-119,-831,0,0,0,0
20240512,2024-05-12,2024,2,Q2,5,May,May,May 2024,202405,12,Sunday,Sun,7,133,19,2024,2024-W19,202419,2024,3,8,FY24,1,0,0,-2,-27,-119,-830,0,0,0,0
20240513,2024-05-13,2024,2,Q2,5,May,May,May 2024,202405,13,Monday,Mon,1,134,20,2024,2024-W20,202420,2024,3,8,FY24,0,0,0,-2,-27,-118,-829,0,0,0,0
20240514,2024-05-14,2024,2,Q2,5,May,May,May 2024,202405,14,Tuesday,Tue,2,135,20,2024,2024-W20,202420,2024,3,8,FY24,0,0,0,-2,-27,-118,-828,0,0,0,0
20240515,2024-05-15,2024,2,Q2,5,May,May,May 2024,202405,15,Wednesday,Wed,3,136,20,2024,2024-W20,202420,2024,3,8,FY24,0,0,0,-2,-27,-118,-827,0,0,0,0
20240516,2024-05-16,2024,2,Q2,5,May,May,May 2024,202405,16,Thursday,Thu,4,137,20,2024,2024-W20,202420,2024,3,8,FY24,0,0,0,-2,-27,-118,-826,0,0,0,0
20240517,2024-05-17,2024,2,Q2,5,May,May,May 2024,202405,17,Friday,Fri,5,138,20,2024,2024-W20,202420,2024,3,8,FY24,0,0,0,-2,-27,-118,-825,0,0,0,0
20240518,2024-05-18,2024,2,Q2,5,May,May,May 2024,202405,18,Saturday,Sat,6,139,20,2024,2024-W20,202420,2024,3,8,FY24,1,0,0,-2,-27,-118,-824,0,0,0,0
20240519,2024-05-19,2024,2,Q2,5,May,May,May 2024,202405,19,Sunday,Sun,7,140,20,2024,2024-W20,202420,2024,3,8,FY24,1,0,0,-2,-27,-118,-823,0,0,0,0
20240520,2024-05-20,2024,2,Q2,5,May,May,May 2024,202405,20,Monday,Mon,1,141,21,2024,2024-W21,202421,2024,3,8,FY24,0,0,0,-2,-27,-117,-822,0,0,0,0
20240521,2024-05-21,2024,2,Q2,5,May,May,May 2024,202405,21,Tuesday,Tue,2,142,21,2024,2024-W21,202421,2024,3,8,FY24,0,0,0,-2,-27,-117,-821,0,0,0,0
20240522,2024-05-22,2024,2,Q2,5,May,May,May 2024,202405,22,Wednesday,Wed,3,143,21,2024,2024-W21,202421,2024,3,8,FY24,0,0,0,-2,-27,-117,-820,0,0,0,0
20240523,2024-05-23,2024,2,Q2,5,May,May,May 2024,202405,23,Thursday,Thu,4,144,21,2024,2024-W21,202421,2024,3,8,FY24,0,0,0,-2,-27,-117,-819,0,0,0,0
20240524,2024-05-24,2024,2,Q2,5,May,May,May 2024,202405,24,Friday,Fri,5,145,21,2024,2024-W21,202421,2024,3,8,FY24,0,0,0,-2,-27,-117,-818,0,0,0,0
20240525,2024-05-25,2024,2,Q2,5,May,May,May 2024,202405,25,Saturday,Sat,6,146,21,2024,2024-W21,202421,2024,3,8,FY24,1,0,0,-2,-27,-117,-817,0,0,0,0
20240526,2024-05-26,2024,2,Q2,5,May,May,May 2024,202405,26,Sunday,Sun,7,147,21,2024,2024-W21,202421,2024,3,8,FY24,1,0,0,-2,-27,-117,-816,0,0,0,0
20240527,2024-05-27,2024,2,Q2,5,May,May,May 2024,202405,27,Monday,Mon,1,148,22,2024,2024-W22,202422,2024,3,8,FY24,0,0,0,-2,-27,-116,-815,0,0,0,0
20240528,2024-05-28,2024,2,Q2,5,May,May,May 2024,202405,28,Tuesday,Tue,2,149,22,2024,2024-W22,202422,2024,3,8,FY24,0,0,0,-2,-27,-116,-814,0,0,0,0
20240529,2024-05-29,2024,2,Q2,5,May,May,May 2024,202405,29,Wednesday,Wed,3,150,22,2024,2024-W22,202422,2024,3,8,FY24,0,0,0,-2,-27,-116,-813,0,0,0,0
20240530,2024-05-30,2024,2,Q2,5,May,May,May 2024,202405,30,Thursday,Thu,4,151,22,2024,2024-W22,202422,2024,3,8,FY24,0,0,0,-2,-27,-116,-812,0,0,0,0
20240531,2024-05-31,2024,2,Q2,5,May,May,May 2024,202405,31,Friday,Fri,5,152,22,2024,2024-W22,202422,2024,3,8,FY24,0,1,0,-2,-27,-116,-811,0,0,0,0
20240601,2024-06-01,2024,2,Q2,6,June,Jun,Jun 2024,202406,1,Saturday,Sat,6,153,22,2024,2024-W22,202422,2024,3,9,FY24,1,0,0,-2,-26,-116,-810,0,0,0,0
20240602,2024-06-02,2024,2,Q2,6,June,Jun,Jun 2024,202406,2,Sunday,Sun,7,154,22,2024,2024-W22,202422,2024,3,9,FY24,1,0,0,-2,-26,-116,-809,0,0,0,0
20240603,2024-06-03,2024,2,Q2,6,June,Jun,Jun 2024,202406,3,Monday,Mon,1,155,23,2024,2024-W23,202423,2024,3,9,FY24,0,0,0,-2,-26,-115,-808,0,0,0,0
20240604,2024-06-04,2024,2,Q2,6,June,Jun,Jun 2024,202406,4,Tuesday,Tue,2,156,23,2024,2024-W23,202423,2024,3,9,FY24,0,0,0,-2,-26,-115,-807,0,0,0,0
20240605,2024-06-05,2024,2,Q2,6,June,Jun,Jun 2024,202406,5,Wednesday,Wed,3,157,23,2024,2024-W23,202423,2024,3,9,FY24,0,0,0,-2,-26,-115,-806,0,0,0,0
20240606,2024-06-06,2024,2,Q2,6,June,Jun,Jun 2024,202406,6,Thursday,Thu,4,158,23,2024,2024-W23,202423,2024,3,9,FY24,0,0,0,-2,-26,-115,-805,0,0,0,0
20240607,2024-06-07,2024,2,Q2,6,June,Jun,Jun 2024,202406,7,Friday,Fri,5,159,23,2024,2024-W23,202423,2024,3,9,FY24,0,0,0,-2,-26,-115,-804,0,0,0,0
20240608,2024-06-08,2024,2,Q2,6,June,Jun,Jun 2024,202406,8,Saturday,Sat,6,160,23,2024,2024-W23,202423,2024,3,9,FY24,1,0,0,-2,-26,-115,-803,0,0,0,0
20240609,2024-06-09,2024,2,Q2,6,June,Jun,Jun 2024,202406,9,Sunday,Sun,7,161,23,2024,2024-W23,202423,2024,3,9,FY24,1,0,0,-2,-26,-115,-802,0,0,0,0
20240610,2024-06-10,2024,2,Q2,6,June,Jun,Jun 2024,202406,10,Monday,Mon,1,162,24,2024,2024-W24,202424,2024,3,9,FY24,0,0,0,-2,-26,-114,-801,0,0,0,0
20240611,2024-06-11,2024,2,Q2,6,June,Jun,Jun 2024,202406,11,Tuesday,Tue,2,163,24,2024,2024-W24,202424,2024,3,9,FY24,0,0,0,-2,-26,-114,-800,0,0,0,0
20240612,2024-06-12,2024,2,Q2,6,June,Jun,Jun 2024,202406,12,Wednesday,Wed,3,164,24,2024,2024-W24,202424,2024,3,9,FY24,0,0,0,-2,-26,-114,-799,0,0,0,0
20240613,2024-06-13,2024,2,Q2,6,June,Jun,Jun 2024,202406,13,Thursday,Thu,4,165,24,2024,2024-W24,202424,2024,3,9,FY24,0,0,0,-2,-26,-114,-798,0,0,0,0
20240614,2024-06-14,2024,2,Q2,6,June,Jun,Jun 2024,202406,14,Friday,Fri,5,166,24,2024,2024-W24,202424,2024,3,9,FY24,0,0,0,-2,-26,-114,-797,0,0,0,0
20240615,2024-06-15,2024,2,Q2,6,June,Jun,Jun 2024,202406,15,Saturday,Sat,6,167,24,2024,2024-W24,202424,2024,3,9,FY24,1,0,0,-2,-26,-114,-796,0,0,0,0
20240616,2024-06-16,2024,2,Q2,6,June,Jun,Jun 2024,202406,16,Sunday,Sun,7,168,24,2024,2024-W24,202424,2024,3,9,FY24,1,0,0,-2,-26,-114,-795,0,0,0,0
20240617,2024-06-17,2024,2,Q2,6,June,Jun,Jun 2024,202406,17,Monday,Mon,1,169,25,2024,2024-W25,202425,2024,3,9,FY24,0,0,0,-2,-26,-113,-794,0,0,0,0
20240618,2024-06-18,2024,2,Q2,6,June,Jun,Jun 2024,202406,18,Tuesday,Tue,2,170,25,2024,2024-W25,202425,2024,3,9,FY24,0,0,0,-2,-26,-113,-793,0,0,0,0
20240619,2024-06-19,2024,2,Q2,6,June,Jun,Jun 2024,202406,19,Wednesday,Wed,3,171,25,2024,2024-W25,202425,2024,3,9,FY24,0,0,0,-2,-26,-113,-792,0,0,0,0
20240620,2024-06-20,2024,2,Q2,6,June,Jun,Jun 2024,202406,20,Thursday,Thu,4,172,25,2024,2024-W25,202425,2024,3,9,FY24,0,0,0,-2,-26,-113,-791,0,0,0,0
20240621,2024-06-21,2024,2,Q2,6,June,Jun,Jun 2024,202406,21,Friday,Fri,5,173,25,2024,2024-W25,202425,2024,3,9,FY24,0,0,0,-2,-26,-113,-790,0,0,0,0
20240622,2024-06-22,2024,2,Q2,6,June,Jun,Jun 2024,202406,22,Saturday,Sat,6,174,25,2024,2024-W25,202425,2024,3,9,FY24,1,0,0,-2,-26,-113,-789,0,0,0,0
20240623,2024-06-23,2024,2,Q2,6,June,Jun,Jun 2024,202406,23,Sunday,Sun,7,175,25,2024,2024-W25,202425,2024,3,9,FY24,1,0,0,-2,-26,-113,-788,0,0,0,0
20240624,2024-06-24,2024,2,Q2,6,June,Jun,Jun 2024,202406,24,Monday,Mon,1,176,26,2024,2024-W26,202426,2024,3,9,FY24,0,0,0,-2,-26,-112,-787,0,0,0,0
20240625,2024-06-25,2024,2,Q2,6,June,Jun,Jun 2024,202406,25,Tuesday,Tue,2,177,26,2024,2024-W26,202426,2024,3,9,FY24,0,0,0,-2,-26,-112,-786,0,0,0,0
20240626,2024-06-26,2024,2,Q2,6,June,Jun,Jun 2024,202406,26,Wednesday,Wed,3,178,26,2024,2024-W26,202426,2024,3,9,FY24,0,0,0,-2,-26,-112,-785,0,0,0,0
20240627,2024-06-27,2024,2,Q2,6,June,Jun,Jun 2024,202406,27,Thursday,Thu,4,179,26,2024,2024-W26,202426,2024,3,9,FY24,0,0,0,-2,-26,-112,-784,0,0,0,0
20240628,2024-06-28,2024,2,Q2,6,June,Jun,Jun 2024,202406,28,Friday,Fri,5,180,26,2024,2024-W26,202426,2024,3,9,FY24,0,0,0,-2,-26,-112,-783,0,0,0,0
20240629,2024-06-29,2024,2,Q2,6,June,Jun,Jun 2024,202406,29,Saturday,Sat,6,181,26,2024,2024-W26,202426,2024,3,9,FY24,1,0,0,-2,-26,-112,-782,0,0,0,0
20240630,2024-06-30,2024,2,Q2,6,June,Jun,Jun 2024,202406,30,Sunday,Sun,7,182,26,2024,2024-W26,202426,2024,3,9,FY24,1,1,1,-2,-26,-112,-781,0,0,0,0
20240701,2024-07-01,2024,3,Q3,7,July,Jul,Jul 2024,202407,1,Monday,Mon,1,183,27,2024,2024-W27,202427,2024,4,10,FY24,0,0,0,-2,-25,-111,-780,0,0,0,0
20240702,2024-07-02,2024,3,Q3,7,July,Jul,Jul 2024,202407,2,Tuesday,Tue,2,184,27,2024,2024-W27,202427,2024,4,10,FY24,0,0,0,-2,-25,-111,-779,0,0,0,0
20240703,2024-07-03,2024,3,Q3,7,July,Jul,Jul 2024,202407,3,Wednesday,Wed,3,185,27,2024,2024-W27,202427,2024,4,10,FY24,0,0,0,-2,-25,-111,-778,0,0,0,0
20240704,2024-07-04,2024,3,Q3,7,July,Jul,Jul 2024,202407,4,Thursday,Thu,4,186,27,2024,2024-W27,202427,2024,4,10,FY24,0,0,0,-2,-25,-111,-777,0,0,0,0
20240705,2024-07-05,2024,3,Q3,7,July,Jul,Jul 2024,202407,5,Friday,Fri,5,187,27,2024,2024-W27,202427,2024,4,10,FY24,0,0,0,-2,-25,-111,-776,0,0,0,0
20240706,2024-07-06,2024,3,Q3,7,July,Jul,Jul 2024,202407,6,Saturday,Sat,6,188,27,2024,2024-W27,202427,2024,4,10,FY24,1,0,0,-2,-25,-111,-775,0,0,0,0
20240707,2024-07-07,2024,3,Q3,7,July,Jul,Jul 2024,202407,7,Sunday,Sun,7,189,27,2024,2024-W27,202427,2024,4,10,FY24,1,0,0,-2,-25,-111,-774,0,0,0,0
20240708,2024-07-08,2024,3,Q3,7,July,Jul,Jul 2024,202407,8,Monday,Mon,1,190,28,2024,2024-W28,202428,2024,4,10,FY24,0,0,0,-2,-25,-110,-773,0,0,0,0
20240709,2024-07-09,2024,3,Q3,7,July,Jul,Jul 2024,202407,9,Tuesday,Tue,2,191,28,2024,2024-W28,202428,2024,4,10,FY24,0,0,0,-2,-25,-110,-772,0,0,0,0
20240710,2024-07-10,2024,3,Q3,7,July,Jul,Jul 2024,202407,10,Wednesday,Wed,3,192,28,2024,2024-W28,202428,2024,4,10,FY24,0,0,0,-2,-25,-110,-771,0,0,0,0
20240711,2024-07-11,2024,3,Q3,7,July,Jul,Jul 2024,202407,11,Thursday,Thu,4,193,28,2024,2024-W28,202428,2024,4,10,FY24,0,0,0,-2,-25,-110,-770,0,0,0,0
20240712,2024-07-12,2024,3,Q3,7,July,Jul,Jul 2024,202407,12,Friday,Fri,5,194,28,2024,2024-W28,202428,2024,4,10,FY24,0,0,0,-2,-25,-110,-769,0,0,0,0
20240713,2024-07-13,2024,3,Q3,7,July,Jul,Jul 2024,202407,13,Saturday,Sat,6,195,28,2024,2024-W28,202428,2024,4,10,FY24,1,0,0,-2,-25,-110,-768,0,0,0,0
20240714,2024-07-14,2024,3,Q3,7,July,Jul,Jul 2024,202407,14,Sunday,Sun,7,196,28,2024,2024-W28,202428,2024,4,10,FY24,1,0,0,-2,-25,-110,-767,0,0,0,0
20240715,2024-07-15,2024,3,Q3,7,July,Jul,Jul 2024,202407,15,Monday,Mon,1,197,29,2024,2024-W29,202429,2024,4,10,FY24,0,0,0,-2,-25,-109,-766,0,0,0,0
20240716,2024-07-16,2024,3,Q3,7,July,Jul,Jul 2024,202407,16,Tuesday,Tue,2,198,29,2024,2024-W29,202429,2024,4,10,FY24,0,0,0,-2,-25,-109,-765,0,0,0,0
20240717,2024-07-17,2024,3,Q3,7,July,Jul,Jul 2024,202407,17,Wednesday,Wed,3,199,29,2024,2024-W29,202429,2024,4,10,FY24,0,0,0,-2,-25,-109,-764,0,0,0,0
20240718,2024-07-18,2024,3,Q3,7,July,Jul,Jul 2024,202407,18,Thursday,Thu,4,200,29,2024,2024-W29,202429,2024,4,10,FY24,0,0,0,-2,-25,-109,-763,0,0,0,0
20240719,2024-07-19,2024,3,Q3,7,July,Jul,Jul 2024,202407,19,Friday,Fri,5,201,29,2024,2024-W29,202429,2024,4,10,FY24,0,0,0,-2,-25,-109,-762,0,0,0,0
20240720,2024-07-20,2024,3,Q3,7,July,Jul,Jul 2024,202407,20,Saturday,Sat,6,202,29,2024,2024-W29,202429,2024,4,10,FY24,1,0,0,-2,-25,-109,-761,0,0,0,0
20240721,2024-07-21,2024,3,Q3,7,July,Jul,Jul 2024,202407,21,Sunday,Sun,7,203,29,2024,2024-W29,202429,2024,4,10,FY24,1,0,0,-2,-25,-109,-760,0,0,0,0
20240722,2024-07-22,2024,3,Q3,7,July,Jul,Jul 2024,202407,22,Monday,Mon,1,204,30,2024,2024-W30,202430,2024,4,10,FY24,0,0,0,-2,-25,-108,-759,0,0,0,0
20240723,2024-07-23,2024,3,Q3,7,July,Jul,Jul 2024,202407,23,Tuesday,Tue,2,205,30,2024,2024-W30,202430,2024,4,10,FY24,0,0,0,-2,-25,-108,-758,0,0,0,0
20240724,2024-07-24,2024,3,Q3,7,July,Jul,Jul 2024,202407,24,Wednesday,Wed,3,206,30,2024,2024-W30,202430,2024,4,10,FY24,0,0,0,-2,-25,-108,-757,0,0,0,0
20240725,2024-07-25,2024,3,Q3,7,July,Jul,Jul 2024,202407,25,Thursday,Thu,4,207,30,2024,2024-W30,202430,2024,4,10,FY24,0,0,0,-2,-25,-108,-756,0,0,0,0
20240726,2024-07-26,2024,3,Q3,7,July,Jul,Jul 2024,202407,26,Friday,Fri,5,208,30,2024,2024-W30,202430,2024,4,10,FY24,0,0,0,-2,-25,-108,-755,0,0,0,0
20240727,2024-07-27,2024,3,Q3,7,July,Jul,Jul 2024,202407,27,Saturday,Sat,6,209,30,2024,2024-W30,202430,2024,4,10,FY24,1,0,0,-2,-25,-108,-754,0,0,0,0
20240728,2024-07-28,2024,3,Q3,7,July,Jul,Jul 2024,202407,28,Sunday,Sun,7,210,30,2024,2024-W30,202430,2024,4,10,FY24,1,0,0,-2,-25,-108,-753,0,0,0,0
20240729,2024-07-29,2024,3,Q3,7,July,Jul,Jul 2024,202407,29,Monday,Mon,1,211,31,2024,2024-W31,202431,2024,4,10,FY24,0,0,0,-2,-25,-107,-752,0,0,0,0
20240730,2024-07-30,2024,3,Q3,7,July,Jul,Jul 2024,202407,30,Tuesday,Tue,2,212,31,2024,2024-W31,202431,2024,4,10,FY24,0,0,0,-2,-25,-107,-751,0,0,0,0
20240731,2024-07-31,2024,3,Q3,7,July,Jul,Jul 2024,202407,31,Wednesday,Wed,3,213,31,2024,2024-W31,202431,2024,4,10,FY24,0,1,0,-2,-25,-107,-750,0,0,0,0
20240801,2024-08-01,2024,3,Q3,8,August,Aug,Aug 2024,202408,1,Thursday,Thu,4,214,31,2024,2024-W31,202431,2024,4,11,FY24,0,0,0,-2,-24,-107,-749,0,0,0,1
20240802,2024-08-02,2024,3,Q3,8,August,Aug,Aug 2024,202408,2,Friday,Fri,5,215,31,2024,2024-W31,202431,2024,4,11,FY24,0,0,0,-2,-24,-107,-748,0,0,0,1
20240803,2024-08-03,2024,3,Q3,8,August,Aug,Aug 2024,202408,3,Saturday,Sat,6,216,31,2024,2024-W31,202431,2024,4,11,FY24,1,0,0,-2,-24,-107,-747,0,0,0,1
20240804,2024-08-04,2024,3,Q3,8,August,Aug,Aug 2024,202408,4,Sunday,Sun,7,217,31,2024,2024-W31,202431,2024,4,11,FY24,1,0,0,-2,-24,-107,-746,0,0,0,1
20240805,2024-08-05,2024,3,Q3,8,August,Aug,Aug 2024,202408,5,Monday,Mon,1,218,32,2024,2024-W32,202432,2024,4,11,FY24,0,0,0,-2,-24,-106,-745,0,0,0,1
20240806,2024-08-06,2024,3,Q3,8,August,Aug,Aug 2024,202408,6,Tuesday,Tue,2,219,32,2024,2024-W32,202432,2024,4,11,FY24,0,0,0,-2,-24,-106,-744,0,0,0,1
20240807,2024-08-07,2024,3,Q3,8,August,Aug,Aug 2024,202408,7,Wednesday,Wed,3,220,32,2024,2024-W32,202432,2024,4,11,FY24,0,0,0,-2,-24,-106,-743,0,0,0,1
20240808,2024-08-08,2024,3,Q3,8,August,Aug,Aug 2024,202408,8,Thursday,Thu,4,221,32,2024,2024-W32,202432,2024,4,11,FY24,0,0,0,-2,-24,-106,-742,0,0,0,1
20240809,2024-08-09,2024,3,Q3,8,August,Aug,Aug 2024,202408,9,Friday,Fri,5,222,32,2024,2024-W32,202432,2024,4,11,FY24,0,0,0,-2,-24,-106,-741,0,0,0,1
20240810,2024-08-10,2024,3,Q3,8,August,Aug,Aug 2024,202408,10,Saturday,Sat,6,223,32,2024,2024-W32,202432,2024,4,11,FY24,1,0,0,-2,-24,-106,-740,0,0,0,1
20240811,2024-08-11,2024,3,Q3,8,August,Aug,Aug 2024,202408,11,Sunday,Sun,7,224,32,2024,2024-W32,202432,2024,4,11,FY24,1,0,0,-2,-24,-106,-739,0,0,0,1
20240812,2024-08-12,2024,3,Q3,8,August,Aug,Aug 2024,202408,12,Monday,Mon,1,225,33,2024,2024-W33,202433,2024,4,11,FY24,0,0,0,-2,-24,-105,-738,0,0,0,1
20240813,2024-08-13,2024,3,Q3,8,August,Aug,Aug 2024,202408,13,Tuesday,Tue,2,226,33,2024,2024-W33,202433,2024,4,11,FY24,0,0,0,-2,-24,-105,-737,0,0,0,1
20240814,2024-08-14,2024,3,Q3,8,August,Aug,Aug 2024,202408,14,Wednesday,Wed,3,227,33,2024,2024-W33,202433,2024,4,11,FY24,0,0,0,-2,-24,-105,-736,0,0,0,1
20240815,2024-08-15,2024,3,Q3,8,August,Aug,Aug 2024,202408,15,Thursday,Thu,4,228,33,2024,2024-W33,202433,2024,4,11,FY24,0,0,0,-2,-24,-105,-735,0,0,0,1
20240816,2024-08-16,2024,3,Q3,8,August,Aug,Aug 2024,202408,16,Friday,Fri,5,229,33,2024,2024-W33,202433,2024,4,11,FY24,0,0,0,-2,-24,-105,-734,0,0,0,1
20240817,2024-08-17,2024,3,Q3,8,August,Aug,Aug 2024,202408,17,Saturday,Sat,6,230,33,2024,2024-W33,202433,2024,4,11,FY24,1,0,0,-2,-24,-105,-733,0,0,0,1
20240818,2024-08-18,2024,3,Q3,8,August,Aug,Aug 2024,202408,18,Sunday,Sun,7,231,33,2024,2024-W33,202433,2024,4,11,FY24,1,0,0,-2,-24,-105,-732,0,0,0,1
20240819,2024-08-19,2024,3,Q3,8,August,Aug,Aug 2024,202408,19,Monday,Mon,1,232,34,2024,2024-W34,202434,2024,4,11,FY24,0,0,0,-2,-24,-104,-731,0,0,0,1
20240820,2024-08-20,2024,3,Q3,8,August,Aug,Aug 2024,202408,20,Tuesday,Tue,2,233,34,2024,2024-W34,202434,2024,4,11,FY24,0,0,0,-2,-24,-104,-730,0,0,0,1
20240821,2024-08-21,2024,3,Q3,8,August,Aug,Aug 2024,202408,21,Wednesday,Wed,3,234,34,2024,2024-W34,202434,2024,4,11,FY24,0,0,0,-2,-24,-104,-729,0,0,0,1
20240822,2024-08-22,2024,3,Q3,8,August,Aug,Aug 2024,202408,22,Thursday,Thu,4,235,34,2024,2024-W34,202434,2024,4,11,FY24,0,0,0,-2,-24,-104,-728,0,0,0,1
20240823,2024-08-23,2024,3,Q3,8,August,Aug,Aug 2024,202408,23,Friday,Fri,5,236,34,2024,2024-W34,202434,2024,4,11,FY24,0,0,0,-2,-24,-104,-727,0,0,0,1
20240824,2024-08-24,2024,3,Q3,8,August,Aug,Aug 2024,202408,24,Saturday,Sat,6,237,34,2024,2024-W34,202434,2024,4,11,FY24,1,0,0,-2,-24,-104,-726,0,0,0,1
20240825,2024-08-25,2024,3,Q3,8,August,Aug,Aug 2024,202408,25,Sunday,Sun,7,238,34,2024,2024-W34,202434,2024,4,11,FY24,1,0,0,-2,-24,-104,-725,0,0,0,1
20240826,2024-08-26,2024,3,Q3,8,August,Aug,Aug 2024,202408,26,Monday,Mon,1,239,35,2024,2024-W35,202435,2024,4,11,FY24,0,0,0,-2,-24,-103,-724,0,0,0,1
20240827,2024-08-27,2024,3,Q3,8,August,Aug,Aug 2024,202408,27,Tuesday,Tue,2,240,35,2024,2024-W35,202435,2024,4,11,FY24,0,0,0,-2,-24,-103,-723,0,0,0,1
20240828,2024-08-28,2024,3,Q3,8,August,Aug,Aug 2024,202408,28,Wednesday,Wed,3,241,35,2024,2024-W35,202435,2024,4,11,FY24,0,0,0,-2,-24,-103,-722,0,0,0,1
20240829,2024-08-29,2024,3,Q3,8,August,Aug,Aug 2024,202408,29,Thursday,Thu,4,242,35,2024,2024-W35,202435,2024,4,11,FY24,0,0,0,-2,-24,-103,-721,0,0,0,1
20240830,2024-08-30,2024,3,Q3,8,August,Aug,Aug 2024,202408,30,Friday,Fri,5,243,35,2024,2024-W35,202435,2024,4,11,FY24,0,0,0,-2,-24,-103,-720,0,0,0,1
20240831,2024-08-31,2024,3,Q3,8,August,Aug,Aug 2024,202408,31,Saturday,Sat,6,244,35,2024,2024-W35,202435,2024,4,11,FY24,1,1,0,-2,-24,-103,-719,0,0,0,1
20240901,2024-09-01,2024,3,Q3,9,September,Sep,Sep 2024,202409,1,Sunday,Sun,7,245,35,2024,2024-W35,202435,2024,4,12,FY24,1,0,0,-2,-23,-103,-718,0,0,0,1
20240902,2024-09-02,2024,3,Q3,9,September,Sep,Sep 2024,202409,2,Monday,Mon,1,246,36,2024,2024-W36,202436,2024,4,12,FY24,0,0,0,-2,-23,-102,-717,0,0,0,1
20240903,2024-09-03,2024,3,Q3,9,September,Sep,Sep 2024,202409,3,Tuesday,Tue,2,247,36,2024,2024-W36,202436,2024,4,12,FY24,0,0,0,-2,-23,-102,-716,0,0,0,1
20240904,2024-09-04,2024,3,Q3,9,September,Sep,Sep 2024,202409,4,Wednesday,Wed,3,248,36,2024,2024-W36,202436,2024,4,12,FY24,0,0,0,-2,-23,-102,-715,0,0,0,1
20240905,2024-09-05,2024,3,Q3,9,September,Sep,Sep 2024,202409,5,Thursday,Thu,4,249,36,2024,2024-W36,202436,2024,4,12,FY24,0,0,0,-2,-23,-102,-714,0,0,0,1
20240906,2024-09-06,2024,3,Q3,9,September,Sep,Sep 2024,202409,6,Friday,Fri,5,250,36,2024,2024-W36,202436,2024,4,12,FY24,0,0,0,-2,-23,-102,-713,0,0,0,1
20240907,2024-09-07,2024,3,Q3,9,September,Sep,Sep 2024,202409,7,Saturday,Sat,6,251,36,2024,2024-W36,202436,2024,4,12,FY24,1,0,0,-2,-23,-102,-712,0,0,0,1
20240908,2024-09-08,2024,3,Q3,9,September,Sep,Sep 2024,202409,8,Sunday,Sun,7,252,36,2024,2024-W36,202436,2024,4,12,FY24,1,0,0,-2,-23,-102,-711,0,0,0,1
20240909,2024-09-09,2024,3,Q3,9,September,Sep,Sep 2024,202409,9,Monday,Mon,1,253,37,2024,2024-W37,202437,2024,4,12,FY24,0,0,0,-2,-23,-101,-710,0,0,0,1
20240910,2024-09-10,2024,3,Q3,9,September,Sep,Sep 2024,202409,10,Tuesday,Tue,2,254,37,2024,2024-W37,202437,2024,4,12,FY24,0,0,0,-2,-23,-101,-709,0,0,0,1
20240911,2024-09-11,2024,3,Q3,9,September,Sep,Sep 2024,202409,11,Wednesday,Wed,3,255,37,2024,2024-W37,202437,2024,4,12,FY24,0,0,0,-2,-23,-101,-708,0,0,0,1
20240912,2024-09-12,2024,3,Q3,9,September,Sep,Sep 2024,202409,12,Thursday,Thu,4,256,37,2024,2024-W37,202437,2024,4,12,FY24,0,0,0,-2,-23,-101,-707,0,0,0,1
20240913,2024-09-13,2024,3,Q3,9,September,Sep,Sep 2024,202409,13,Friday,Fri,5,257,37,2024,2024-W37,202437,2024,4,12,FY24,0,0,0,-2,-23,-101,-706,0,0,0,1
20240914,2024-09-14,2024,3,Q3,9,September,Sep,Sep 2024,202409,14,Saturday,Sat,6,258,37,2024,2024-W37,202437,2024,4,12,FY24,1,0,0,-2,-23,-101,-705,0,0,0,1
20240915,2024-09-15,2024,3,Q3,9,September,Sep,Sep 2024,202409,15,Sunday,Sun,7,259,37,2024,2024-W37,202437,2024,4,12,FY24,1,0,0,-2,-23,-101,-704,0,0,0,1
20240916,2024-09-16,2024,3,Q3,9,September,Sep,Sep 2024,202409,16,Monday,Mon,1,260,38,2024,2024-W38,202438,2024,4,12,FY24,0,0,0,-2,-23,-100,-703,0,0,0,1
20240917,2024-09-17,2024,3,Q3,9,September,Sep,Sep 2024,202409,17,Tuesday,Tue,2,261,38,2024,2024-W38,202438,2024,4,12,FY24,0,0,0,-2,-23,-100,-702,0,0,0,1
20240918,2024-09-18,2024,3,Q3,9,September,Sep,Sep 2024,202409,18,Wednesday,Wed,3,262,38,2024,2024-W38,202438,2024,4,12,FY24,0,0,0,-2,-23,-100,-701,0,0,0,1
20240919,2024-09-19,2024,3,Q3,9,September,Sep,Sep 2024,202409,19,Thursday,Thu,4,263,38,2024,2024-W38,202438,2024,4,12,FY24,0,0,0,-2,-23,-100,-700,0,0,0,1
20240920,2024-09-20,2024,3,Q3,9,September,Sep,Sep 2024,202409,20,Friday,Fri,5,264,38,2024,2024-W38,202438,2024,4,12,FY24,0,0,0,-2,-23,-100,-699,0,0,0,1
20240921,2024-09-21,2024,3,Q3,9,September,Sep,Sep 2024,202409,21,Saturday,Sat,6,265,38,2024,2024-W38,202438,2024,4,12,FY24,1,0,0,-2,-23,-100,-698,0,0,0,1
20240922,2024-09-22,2024,3,Q3,9,September,Sep,Sep 2024,202409,22,Sunday,Sun,7,266,38,2024,2024-W38,202438,2024,4,12,FY24,1,0,0,-2,-23,-100,-697,0,0,0,1
20240923,2024-09-23,2024,3,Q3,9,September,Sep,Sep 2024,202409,23,Monday,Mon,1,267,39,2024,2024-W39,202439,2024,4,12,FY24,0,0,0,-2,-23,-99,-696,0,0,0,1
20240924,2024-09-24,2024,3,Q3,9,September,Sep,Sep 2024,202409,24,Tuesday,Tue,2,268,39,2024,2024-W39,202439,2024,4,12,FY24,0,0,0,-2,-23,-99,-695,0,0,0,1
20240925,2024-09-25,2024,3,Q3,9,September,Sep,Sep 2024,202409,25,Wednesday,Wed,3,269,39,2024,2024-W39,202439,2024,4,12,FY24,0,0,0,-2,-23,-99,-694,0,0,0,1
20240926,2024-09-26,2024,3,Q3,9,September,Sep,Sep 2024,202409,26,Thursday,Thu,4,270,39,2024,2024-W39,202439,2024,4,12,FY24,0,0,0,-2,-23,-99,-693,0,0,0,1
20240927,2024-09-27,2024,3,Q3,9,September,Sep,Sep 2024,202409,27,Friday,Fri,5,271,39,2024,2024-W39,202439,2024,4,12,FY24,0,0,0,-2,-23,-99,-692,0,0,0,1
20240928,2024-09-28,2024,3,Q3,9,September,Sep,Sep 2024,202409,28,Saturday,Sat,6,272,39,2024,2024-W39,202439,2024,4,12,FY24,1,0,0,-2,-23,-99,-691,0,0,0,1
20240929,2024-09-29,2024,3,Q3,9,September,Sep,Sep 2024,202409,29,Sunday,Sun,7,273,39,2024,2024-W39,202439,2024,4,12,FY24,1,0,0,-2,-23,-99,-690,0,0,0,1
20240930,2024-09-30,2024,3,Q3,9,September,Sep,Sep 2024,202409,30,Monday,Mon,1,274,40,2024,2024-W40,202440,2024,4,12,FY24,0,1,1,-2,-23,-98,-689,0,0,0,1
20241001,2024-10-01,2024,4,Q4,10,October,Oct,Oct 2024,202410,1,Tuesday,Tue,2,275,40,2024,2024-W40,202440,2025,1,1,FY25,0,0,0,-2,-22,-98,-688,0,0,0,1
20241002,2024-10-02,2024,4,Q4,10,October,Oct,Oct 2024,202410,2,Wednesday,Wed,3,276,40,2024,2024-W40,202440,2025,1,1,FY25,0,0,0,-2,-22,-98,-687,0,0,0,1
20241003,2024-10-03,2024,4,Q4,10,October,Oct,Oct 2024,202410,3,Thursday,Thu,4,277,40,2024,2024-W40,202440,2025,1,1,FY25,0,0,0,-2,-22,-98,-686,0,0,0,1
20241004,2024-10-04,2024,4,Q4,10,October,Oct,Oct 2024,202410,4,Friday,Fri,5,278,40,2024,2024-W40,202440,2025,1,1,FY25,0,0,0,-2,-22,-98,-685,0,0,0,1
20241005,2024-10-05,2024,4,Q4,10,October,Oct,Oct 2024,202410,5,Saturday,Sat,6,279,40,2024,2024-W40,202440,2025,1,1,FY25,1,0,0,-2,-22,-98,-684,0,0,0,1
20241006,2024-10-06,2024,4,Q4,10,October,Oct,Oct 2024,202410,6,Sunday,Sun,7,280,40,2024,2024-W40,202440,2025,1,1,FY25,1,0,0,-2,-22,-98,-683,0,0,0,1
20241007,2024-10-07,2024,4,Q4,10,October,Oct,Oct 2024,202410,7,Monday,Mon,1,281,41,2024,2024-W41,202441,2025,1,1,FY25,0,0,0,-2,-22,-97,-682,0,0,0,1
20241008,2024-10-08,2024,4,Q4,10,October,Oct,Oct 2024,202410,8,Tuesday,Tue,2,282,41,2024,2024-W41,202441,2025,1,1,FY25,0,0,0,-2,-22,-97,-681,0,0,0,1
20241009,2024-10-09,2024,4,Q4,10,October,Oct,Oct 2024,202410,9,Wednesday,Wed,3,283,41,2024,2024-W41,202441,2025,1,1,FY25,0,0,0,-2,-22,-97,-680,0,0,0,1
20241010,2024-10-10,2024,4,Q4,10,October,Oct,Oct 2024,202410,10,Thursday,Thu,4,284,41,2024,2024-W41,202441,2025,1,1,FY25,0,0,0,-2,-22,-97,-679,0,0,0,1
20241011,2024-10-11,2024,4,Q4,10,October,Oct,Oct 2024,202410,11,Friday,Fri,5,285,41,2024,2024-W41,202441,2025,1,1,FY25,0,0,0,-2,-22,-97,-678,0,0,0,1
20241012,2024-10-12,2024,4,Q4,10,October,Oct,Oct 2024,202410,12,Saturday,Sat,6,286,41,2024,2024-W41,202441,2025,1,1,FY25,1,0,0,-2,-22,-97,-677,0,0,0,1
20241013,2024-10-13,2024,4,Q4,10,October,Oct,Oct 2024,202410,13,Sunday,Sun,7,287,41,2024,2024-W41,202441,2025,1,1,FY25,1,0,0,-2,-22,-97,-676,0,0,0,1
20241014,2024-10-14,2024,4,Q4,10,October,Oct,Oct 2024,202410,14,Monday,Mon,1,288,42,2024,2024-W42,202442,2025,1,1,FY25,0,0,0,-2,-22,-96,-675,0,0,0,1
20241015,2024-10-15,2024,4,Q4,10,October,Oct,Oct 2024,202410,15,Tuesday,Tue,2,289,42,2024,2024-W42,202442,2025,1,1,FY25,0,0,0,-2,-22,-96,-674,0,0,0,1
20241016,2024-10-16,2024,4,Q4,10,October,Oct,Oct 2024,202410,16,Wednesday,Wed,3,290,42,2024,2024-W42,202442,2025,1,1,FY25,0,0,0,-2,-22,-96,-673,0,0,0,1
20241017,2024-10-17,2024,4,Q4,10,October,Oct,Oct 2024,202410,17,Thursday,Thu,4,291,42,2024,2024-W42,202442,2025,1,1,FY25,0,0,0,-2,-22,-96,-672,0,0,0,1
20241018,2024-10-18,2024,4,Q4,10,October,Oct,Oct 2024,202410,18,Friday,Fri,5,292,42,2024,2024-W42,202442,2025,1,1,FY25,0,0,0,-2,-22,-96,-671,0,0,0,1
20241019,2024-10-19,2024,4,Q4,10,October,Oct,Oct 2024,202410,19,Saturday,Sat,6,293,42,2024,2024-W42,202442,2025,1,1,FY25,1,0,0,-2,-22,-96,-670,0,0,0,1
20241020,2024-10-20,2024,4,Q4,10,October,Oct,Oct 2024,202410,20,Sunday,Sun,7,294,42,2024,2024-W42,202442,2025,1,1,FY25,1,0,0,-2,-22,-96,-669,0,0,0,1
20241021,2024-10-21,2024,4,Q4,10,October,Oct,Oct 2024,202410,21,Monday,Mon,1,295,43,2024,2024-W43,202443,2025,1,1,FY25,0,0,0,-2,-22,-95,-668,0,0,0,1
20241022,2024-10-22,2024,4,Q4,10,October,Oct,Oct 2024,202410,22,Tuesday,Tue,2,296,43,2024,2024-W43,202443,2025,1,1,FY25,0,0,0,-2,-22,-95,-667,0,0,0,1
20241023,2024-10-23,2024,4,Q4,10,October,Oct,Oct 2024,202410,23,Wednesday,Wed,3,297,43,2024,2024-W43,202443,2025,1,1,FY25,0,0,0,-2,-22,-95,-666,0,0,0,1
20241024,2024-10-24,2024,4,Q4,10,October,Oct,Oct 2024,202410,24,Thursday,Thu,4,298,43,2024,2024-W43,202443,2025,1,1,FY25,0,0,0,-2,-22,-95,-665,0,0,0,1
20241025,2024-10-25,2024,4,Q4,10,October,Oct,Oct 2024,202410,25,Friday,Fri,5,299,43,2024,2024-W43,202443,2025,1,1,FY25,0,0,0,-2,-22,-95,-664,0,0,0,1
20241026,2024-10-26,2024,4,Q4,10,October,Oct,Oct 2024,202410,26,Saturday,Sat,6,300,43,2024,2024-W43,202443,2025,1,1,FY25,1,0,0,-2,-22,-95,-663,0,0,0,1
20241027,2024-10-27,2024,4,Q4,10,October,Oct,Oct 2024,202410,27,Sunday,Sun,7,301,43,2024,2024-W43,202443,2025,1,1,FY25,1,0,0,-2,-22,-95,-662,0,0,0,1
20241028,2024-10-28,2024,4,Q4,10,October,Oct,Oct 2024,202410,28,Monday,Mon,1,302,44,2024,2024-W44,202444,2025,1,1,FY25,0,0,0,-2,-22,-94,-661,0,0,0,1
20241029,2024-10-29,2024,4,Q4,10,October,Oct,Oct 2024,202410,29,Tuesday,Tue,2,303,44,2024,2024-W44,202444,2025,1,1,FY25,0,0,0,-2,-22,-94,-660,0,0,0,1
20241030,2024-10-30,2024,4,Q4,10,October,Oct,Oct 2024,202410,30,Wednesday,Wed,3,304,44,2024,2024-W44,202444,2025,1,1,FY25,0,0,0,-2,-22,-94,-659,0,0,0,1
20241031,2024-10-31,2024,4,Q4,10,October,Oct,Oct 2024,202410,31,Thursday,Thu,4,305,44,2024,2024-W44,202444,2025,1,1,FY25,0,1,0,-2,-22,-94,-658,0,0,0,1
20241101,2024-11-01,2024,4,Q4,11,November,Nov,Nov 2024,202411,1,Friday,Fri,5,306,44,2024,2024-W44,202444,2025,1,2,FY25,0,0,0,-2,-21,-94,-657,0,0,0,0
20241102,2024-11-02,2024,4,Q4,11,November,Nov,Nov 2024,202411,2,Saturday,Sat,6,307,44,2024,2024-W44,202444,2025,1,2,FY25,1,0,0,-2,-21,-94,-656,0,0,0,0
20241103,2024-11-03,2024,4,Q4,11,November,Nov,Nov 2024,202411,3,Sunday,Sun,7,308,44,2024,2024-W44,202444,2025,1,2,FY25,1,0,0,-2,-21,-94,-655,0,0,0,0
20241104,2024-11-04,2024,4,Q4,11,November,Nov,Nov 2024,202411,4,Monday,Mon,1,309,45,2024,2024-W45,202445,2025,1,2,FY25,0,0,0,-2,-21,-93,-654,0,0,0,0
20241105,2024-11-05,2024,4,Q4,11,November,Nov,Nov 2024,202411,5,Tuesday,Tue,2,310,45,2024,2024-W45,202445,2025,1,2,FY25,0,0,0,-2,-21,-93,-653,0,0,0,0
20241106,2024-11-06,2024,4,Q4,11,November,Nov,Nov 2024,202411,6,Wednesday,Wed,3,311,45,2024,2024-W45,202445,2025,1,2,FY25,0,0,0,-2,-21,-93,-652,0,0,0,0
20241107,2024-11-07,2024,4,Q4,11,November,Nov,Nov 2024,202411,7,Thursday,Thu,4,312,45,2024,2024-W45,202445,2025,1,2,FY25,0,0,0,-2,-21,-93,-651,0,0,0,0
20241108,2024-11-08,2024,4,Q4,11,November,Nov,Nov 2024,202411,8,Friday,Fri,5,313,45,2024,2024-W45,202445,2025,1,2,FY25,0,0,0,-2,-21,-93,-650,0,0,0,0
20241109,2024-11-09,2024,4,Q4,11,November,Nov,Nov 2024,202411,9,Saturday,Sat,6,314,45,2024,2024-W45,202445,2025,1,2,FY25,1,0,0,-2,-21,-93,-649,0,0,0,0
20241110,2024-11-10,2024,4,Q4,11,November,Nov,Nov 2024,202411,10,Sunday,Sun,7,315,45,2024,2024-W45,202445,2025,1,2,FY25,1,0,0,-2,-21,-93,-648,0,0,0,0
20241111,2024-11-11,2024,4,Q4,11,November,Nov,Nov 2024,202411,11,Monday,Mon,1,316,46,2024,2024-W46,202446,2025,1,2,FY25,0,0,0,-2,-21,-92,-647,0,0,0,0
20241112,2024-11-12,2024,4,Q4,11,November,Nov,Nov 2024,202411,12,Tuesday,Tue,2,317,46,2024,2024-W46,202446,2025,1,2,FY25,0,0,0,-2,-21,-92,-646,0,0,0,0
20241113,2024-11-13,2024,4,Q4,11,November,Nov,Nov 2024,202411,13,Wednesday,Wed,3,318,46,2024,2024-W46,202446,2025,1,2,FY25,0,0,0,-2,-21,-92,-645,0,0,0,0
20241114,2024-11-14,2024,4,Q4,11,November,Nov,Nov 2024,202411,14,Thursday,Thu,4,319,46,2024,2024-W46,202446,2025,1,2,FY25,0,0,0,-2,-21,-92,-644,0,0,0,0
20241115,2024-11-15,2024,4,Q4,11,November,Nov,Nov 2024,202411,15,Friday,Fri,5,320,46,2024,2024-W46,202446,2025,1,2,FY25,0,0,0,-2,-21,-92,-643,0,0,0,0
20241116,2024-11-16,2024,4,Q4,11,November,Nov,Nov 2024,202411,16,Saturday,Sat,6,321,46,2024,2024-W46,202446,2025,1,2,FY25,1,0,0,-2,-21,-92,-642,0,0,0,0
20241117,2024-11-17,2024,4,Q4,11,November,Nov,Nov 2024,202411,17,Sunday,Sun,7,322,46,2024,2024-W46,202446,2025,1,2,FY25,1,0,0,-2,-21,-92,-641,0,0,0,0
20241118,2024-11-18,2024,4,Q4,11,November,Nov,Nov 2024,202411,18,Monday,Mon,1,323,47,2024,2024-W47,202447,2025,1,2,FY25,0,0,0,-2,-21,-91,-640,0,0,0,0
20241119,2024-11-19,2024,4,Q4,11,November,Nov,Nov 2024,202411,19,Tuesday,Tue,2,324,47,2024,2024-W47,202447,2025,1,2,FY25,0,0,0,-2,-21,-91,-639,0,0,0,0
20241120,2024-11-20,2024,4,Q4,11,November,Nov,Nov 2024,202411,20,Wednesday,Wed,3,325,47,2024,2024-W47,202447,2025,1,2,FY25,0,0,0,-2,-21,-91,-638,0,0,0,0
20241121,2024-11-21,2024,4,Q4,11,November,Nov,Nov 2024,202411,21,Thursday,Thu,4,326,47,2024,2024-W47,202447,2025,1,2,FY25,0,0,0,-2,-21,-91,-637,0,0,0,0
20241122,2024-11-22,2024,4,Q4,11,November,Nov,Nov 2024,202411,22,Friday,Fri,5,327,47,2024,2024-W47,202447,2025,1,2,FY25,0,0,0,-2,-21,-91,-636,0,0,0,0
20241123,2024-11-23,2024,4,Q4,11,November,Nov,Nov 2024,202411,23,Saturday,Sat,6,328,47,2024,2024-W47,202447,2025,1,2,FY25,1,0,0,-2,-21,-91,-635,0,0,0,0
20241124,2024-11-24,2024,4,Q4,11,November,Nov,Nov 2024,202411,24,Sunday,Sun,7,329,47,2024,2024-W47,202447,2025,1,2,FY25,1,0,0,-2,-21,-91,-634,0,0,0,0
20241125,2024-11-25,2024,4,Q4,11,November,Nov,Nov 2024,202411,25,Monday,Mon,1,330,48,2024,2024-W48,202448,2025,1,2,FY25,0,0,0,-2,-21,-90,-633,0,0,0,0
20241126,2024-11-26,2024,4,Q4,11,November,Nov,Nov 2024,202411,26,Tuesday,Tue,2,331,48,2024,2024-W48,202448,2025,1,2,FY25,0,0,0,-2,-21,-90,-632,0,0,0,0
20241127,2024-11-27,2024,4,Q4,11,November,Nov,Nov 2024,202411,27,Wednesday,Wed,3,332,48,2024,2024-W48,202448,2025,1,2,FY25,0,0,0,-2,-21,-90,-631,0,0,0,0
20241128,2024-11-28,2024,4,Q4,11,November,Nov,Nov 2024,202411,28,Thursday,Thu,4,333,48,2024,2024-W48,202448,2025,1,2,FY25,0,0,0,-2,-21,-90,-630,0,0,0,0
20241129,2024-11-29,2024,4,Q4,11,November,Nov,Nov 2024,202411,29,Friday,Fri,5,334,48,2024,2024-W48,202448,2025,1,2,FY25,0,0,0,-2,-21,-90,-629,0,0,0,0
20241130,2024-11-30,2024,4,Q4,11,November,Nov,Nov 2024,202411,30,Saturday,Sat,6,335,48,2024,2024-W48,202448,2025,1,2,FY25,1,1,0,-2,-21,-90,-628,0,0,0,0
20241201,2024-12-01,2024,4,Q4,12,December,Dec,Dec 2024,202412,1,Sunday,Sun,7,336,48,2024,2024-W48,202448,2025,1,3,FY25,1,0,0,-2,-20,-90,-627,0,0,0,0
20241202,2024-12-02,2024,4,Q4,12,December,Dec,Dec 2024,202412,2,Monday,Mon,1,337,49,2024,2024-W49,202449,2025,1,3,FY25,0,0,0,-2,-20,-89,-626,0,0,0,0
20241203,2024-12-03,2024,4,Q4,12,December,Dec,Dec 2024,202412,3,Tuesday,Tue,2,338,49,2024,2024-W49,202449,2025,1,3,FY25,0,0,0,-2,-20,-89,-625,0,0,0,0
20241204,2024-12-04,2024,4,Q4,12,December,Dec,Dec 2024,202412,4,Wednesday,Wed,3,339,49,2024,2024-W49,202449,2025,1,3,FY25,0,0,0,-2,-20,-89,-624,0,0,0,0
20241205,2024-12-05,2024,4,Q4,12,December,Dec,Dec 2024,202412,5,Thursday,Thu,4,340,49,2024,2024-W49,202449,2025,1,3,FY25,0,0,0,-2,-20,-89,-623,0,0,0,0
20241206,2024-12-06,2024,4,Q4,12,December,Dec,Dec 2024,202412,6,Friday,Fri,5,341,49,2024,2024-W49,202449,2025,1,3,FY25,0,0,0,-2,-20,-89,-622,0,0,0,0
20241207,2024-12-07,2024,4,Q4,12,December,Dec,Dec 2024,202412,7,Saturday,Sat,6,342,49,2024,2024-W49,202449,2025,1,3,FY25,1,0,0,-2,-20,-89,-621,0,0,0,0
20241208,2024-12-08,2024,4,Q4,12,December,Dec,Dec 2024,202412,8,Sunday,Sun,7,343,49,2024,2024-W49,202449,2025,1,3,FY25,1,0,0,-2,-20,-89,-620,0,0,0,0
20241209,2024-12-09,2024,4,Q4,12,December,Dec,Dec 2024,202412,9,Monday,Mon,1,344,50,2024,2024-W50,202450,2025,1,3,FY25,0,0,0,-2,-20,-88,-619,0,0,0,0
20241210,2024-12-10,2024,4,Q4,12,December,Dec,Dec 2024,202412,10,Tuesday,Tue,2,345,50,2024,2024-W50,202450,2025,1,3,FY25,0,0,0,-2,-20,-88,-618,0,0,0,0
20241211,2024-12-11,2024,4,Q4,12,December,Dec,Dec 2024,202412,11,Wednesday,Wed,3,346,50,2024,2024-W50,202450,2025,1,3,FY25,0,0,0,-2,-20,-88,-617,0,0,0,0
20241212,2024-12-12,2024,4,Q4,12,December,Dec,Dec 2024,202412,12,Thursday,Thu,4,347,50,2024,2024-W50,202450,2025,1,3,FY25,0,0,0,-2,-20,-88,-616,0,0,0,0
20241213,2024-12-13,2024,4,Q4,12,December,Dec,Dec 2024,202412,13,Friday,Fri,5,348,50,2024,2024-W50,202450,2025,1,3,FY25,0,0,0,-2,-20,-88,-615,0,0,0,0
20241214,2024-12-14,2024,4,Q4,12,December,Dec,Dec 2024,202412,14,Saturday,Sat,6,349,50,2024,2024-W50,202450,2025,1,3,FY25,1,0,0,-2,-20,-88,-614,0,0,0,0
20241215,2024-12-15,2024,4,Q4,12,December,Dec,Dec 2024,202412,15,Sunday,Sun,7,350,50,2024,2024-W50,202450,2025,1,3,FY25,1,0,0,-2,-20,-88,-613,0,0,0,0
20241216,2024-12-16,2024,4,Q4,12,December,Dec,Dec 2024,202412,16,Monday,Mon,1,351,51,2024,2024-W51,202451,2025,1,3,FY25,0,0,0,-2,-20,-87,-612,0,0,0,0
20241217,2024-12-17,2024,4,Q4,12,December,Dec,Dec 2024,202412,17,Tuesday,Tue,2,352,51,2024,2024-W51,202451,2025,1,3,FY25,0,0,0,-2,-20,-87,-611,0,0,0,0
20241218,2024-12-18,2024,4,Q4,12,December,Dec,Dec 2024,202412,18,Wednesday,Wed,3,353,51,2024,2024-W51,202451,2025,1,3,FY25,0,0,0,-2,-20,-87,-610,0,0,0,0
20241219,2024-12-19,2024,4,Q4,12,December,Dec,Dec 2024,202412,19,Thursday,Thu,4,354,51,2024,2024-W51,202451,2025,1,3,FY25,0,0,0,-2,-20,-87,-609,0,0,0,0
20241220,2024-12-20,2024,4,Q4,12,December,Dec,Dec 2024,202412,20,Friday,Fri,5,355,51,2024,2024-W51,202451,2025,1,3,FY25,0,0,0,-2,-20,-87,-608,0,0,0,0
20241221,2024-12-21,2024,4,Q4,12,December,Dec,Dec 2024,202412,21,Saturday,Sat,6,356,51,2024,2024-W51,202451,2025,1,3,FY25,1,0,0,-2,-20,-87,-607,0,0,0,0
20241222,2024-12-22,2024,4,Q4,12,December,Dec,Dec 2024,202412,22,Sunday,Sun,7,357,51,2024,2024-W51,202451,2025,1,3,FY25,1,0,0,-2,-20,-87,-606,0,0,0,0
20241223,2024-12-23,2024,4,Q4,12,December,Dec,Dec 2024,202412,23,Monday,Mon,1,358,52,2024,2024-W52,202452,2025,1,3,FY25,0,0,0,-2,-20,-86,-605,0,0,0,0
20241224,2024-12-24,2024,4,Q4,12,December,Dec,Dec 2024,202412,24,Tuesday,Tue,2,359,52,2024,2024-W52,202452,2025,1,3,FY25,0,0,0,-2,-20,-86,-604,0,0,0,0
20241225,2024-12-25,2024,4,Q4,12,December,Dec,Dec 2024,202412,25,Wednesday,Wed,3,360,52,2024,2024-W52,202452,2025,1,3,FY25,0,0,0,-2,-20,-86,-603,0,0,0,0
20241226,2024-12-26,2024,4,Q4,12,December,Dec,Dec 2024,202412,26,Thursday,Thu,4,361,52,2024,2024-W52,202452,2025,1,3,FY25,0,0,0,-2,-20,-86,-602,0,0,0,0
20241227,2024-12-27,2024,4,Q4,12,December,Dec,Dec 2024,202412,27,Friday,Fri,5,362,52,2024,2024-W52,202452,2025,1,3,FY25,0,0,0,-2,-20,-86,-601,0,0,0,0
20241228,2024-12-28,2024,4,Q4,12,December,Dec,Dec 2024,202412,28,Saturday,Sat,6,363,52,2024,2024-W52,202452,2025,1,3,FY25,1,0,0,-2,-20,-86,-600,0,0,0,0
20241229,2024-12-29,2024,4,Q4,12,December,Dec,Dec 2024,202412,29,Sunday,Sun,7,364,52,2024,2024-W52,202452,2025,1,3,FY25,1,0,0,-2,-20,-86,-599,0,0,0,0
20241230,2024-12-30,2024,4,Q4,12,December,Dec,Dec 2024,202412,30,Monday,Mon,1,365,1,2025,2025-W01,202501,2025,1,3,FY25,0,0,0,-2,-20,-85,-598,0,0,0,0
20241231,2024-12-31,2024,4,Q4,12,December,Dec,Dec 2024,202412,31,Tuesday,Tue,2,366,1,2025,2025-W01,202501,2025,1,3,FY25,0,1,1,-2,-20,-85,-597,0,0,0,0
20250101,2025-01-01,2025,1,Q1,1,January,Jan,Jan 2025,202501,1,Wednesday,Wed,3,1,1,2025,2025-W01,202501,2025,2,4,FY25,0,0,0,-1,-19,-85,-596,0,0,0,0
20250102,2025-01-02,2025,1,Q1,1,January,Jan,Jan 2025,202501,2,Thursday,Thu,4,2,1,2025,2025-W01,202501,2025,2,4,FY25,0,0,0,-1,-19,-85,-595,0,0,0,0
20250103,2025-01-03,2025,1,Q1,1,January,Jan,Jan 2025,202501,3,Friday,Fri,5,3,1,2025,2025-W01,202501,2025,2,4,FY25,0,0,0,-1,-19,-85,-594,0,0,0,0
20250104,2025-01-04,2025,1,Q1,1,January,Jan,Jan 2025,202501,4,Saturday,Sat,6,4,1,2025,2025-W01,202501,2025,2,4,FY25,1,0,0,-1,-19,-85,-593,0,0,0,0
20250105,2025-01-05,2025,1,Q1,1,January,Jan,Jan 2025,202501,5,Sunday,Sun,7,5,1,2025,2025-W01,202501,2025,2,4,FY25,1,0,0,-1,-19,-85,-592,0,0,0,0
20250106,2025-01-06,2025,1,Q1,1,January,Jan,Jan 2025,202501,6,Monday,Mon,1,6,2,2025,2025-W02,202502,2025,2,4,FY25,0,0,0,-1,-19,-84,-591,0,0,0,0
20250107,2025-01-07,2025,1,Q1,1,January,Jan,Jan 2025,202501,7,Tuesday,Tue,2,7,2,2025,2025-W02,202502,2025,2,4,FY25,0,0,0,-1,-19,-84,-590,0,0,0,0
20250108,2025-01-08,2025,1,Q1,1,January,Jan,Jan 2025,202501,8,Wednesday,Wed,3,8,2,2025,2025-W02,202502,2025,2,4,FY25,0,0,0,-1,-19,-84,-589,0,0,0,0
20250109,2025-01-09,2025,1,Q1,1,January,Jan,Jan 2025,202501,9,Thursday,Thu,4,9,2,2025,2025-W02,202502,2025,2,4,FY25,0,0,0,-1,-19,-84,-588,0,0,0,0
20250110,2025-01-10,2025,1,Q1,1,January,Jan,Jan 2025,202501,10,Friday,Fri,5,10,2,2025,2025-W02,202502,2025,2,4,FY25,0,0,0,-1,-19,-84,-587,0,0,0,0
20250111,2025-01-11,2025,1,Q1,1,January,Jan,Jan 2025,202501,11,Saturday,Sat,6,11,2,2025,2025-W02,202502,2025,2,4,FY25,1,0,0,-1,-19,-84,-586,0,0,0,0
20250112,2025-01-12,2025,1,Q1,1,January,Jan,Jan 2025,202501,12,Sunday,Sun,7,12,2,2025,2025-W02,202502,2025,2,4,FY25,1,0,0,-1,-19,-84,-585,0,0,0,0
20250113,2025-01-13,2025,1,Q1,1,January,Jan,Jan 2025,202501,13,Monday,Mon,1,13,3,2025,2025-W03,202503,2025,2,4,FY25,0,0,0,-1,-19,-83,-584,0,0,0,0
20250114,2025-01-14,2025,1,Q1,1,January,Jan,Jan 2025,202501,14,Tuesday,Tue,2,14,3,2025,2025-W03,202503,2025,2,4,FY25,0,0,0,-1,-19,-83,-583,0,0,0,0
20250115,2025-01-15,2025,1,Q1,1,January,Jan,Jan 2025,202501,15,Wednesday,Wed,3,15,3,2025,2025-W03,202503,2025,2,4,FY25,0,0,0,-1,-19,-83,-582,0,0,0,0
20250116,2025-01-16,2025,1,Q1,1,January,Jan,Jan 2025,202501,16,Thursday,Thu,4,16,3,2025,2025-W03,202503,2025,2,4,FY25,0,0,0,-1,-19,-83,-581,0,0,0,0
20250117,2025-01-17,2025,1,Q1,1,January,Jan,Jan 2025,202501,17,Friday,Fri,5,17,3,2025,2025-W03,202503,2025,2,4,FY25,0,0,0,-1,-19,-83,-580,0,0,0,0
20250118,2025-01-18,2025,1,Q1,1,January,Jan,Jan 2025,202501,18,Saturday,Sat,6,18,3,2025,2025-W03,202503,2025,2,4,FY25,1,0,0,-1,-19,-83,-579,0,0,0,0
20250119,2025-01-19,2025,1,Q1,1,January,Jan,Jan 2025,202501,19,Sunday,Sun,7,19,3,2025,2025-W03,202503,2025,2,4,FY25,1,0,0,-1,-19,-83,-578,0,0,0,0
20250120,2025-01-20,2025,1,Q1,1,January,Jan,Jan 2025,202501,20,Monday,Mon,1,20,4,2025,2025-W04,202504,2025,2,4,FY25,0,0,0,-1,-19,-82,-577,0,0,0,0
20250121,2025-01-21,2025,1,Q1,1,January,Jan,Jan 2025,202501,21,Tuesday,Tue,2,21,4,2025,2025-W04,202504,2025,2,4,FY25,0,0,0,-1,-19,-82,-576,0,0,0,0
20250122,2025-01-22,2025,1,Q1,1,January,Jan,Jan 2025,202501,22,Wednesday,Wed,3,22,4,2025,2025-W04,202504,2025,2,4,FY25,0,0,0,-1,-19,-82,-575,0,0,0,0
20250123,2025-01-23,2025,1,Q1,1,January,Jan,Jan 2025,202501,23,Thursday,Thu,4,23,4,2025,2025-W04,202504,2025,2,4,FY25,0,0,0,-1,-19,-82,-574,0,0,0,0
20250124,2025-01-24,2025,1,Q1,1,January,Jan,Jan 2025,202501,24,Friday,Fri,5,24,4,2025,2025-W04,202504,2025,2,4,FY25,0,0,0,-1,-19,-82,-573,0,0,0,0
20250125,2025-01-25,2025,1,Q1,1,January,Jan,Jan 2025,202501,25,Saturday,Sat,6,25,4,2025,2025-W04,202504,2025,2,4,FY25,1,0,0,-1,-19,-82,-572,0,0,0,0
20250126,2025-01-26,2025,1,Q1,1,January,Jan,Jan 2025,202501,26,Sunday,Sun,7,26,4,2025,2025-W04,202504,2025,2,4,FY25,1,0,0,-1,-19,-82,-571,0,0,0,0
20250127,2025-01-27,2025,1,Q1,1,January,Jan,Jan 2025,202501,27,Monday,Mon,1,27,5,2025,2025-W05,202505,2025,2,4,FY25,0,0,0,-1,-19,-81,-570,0,0,1,0
20250128,2025-01-28,2025,1,Q1,1,January,Jan,Jan 2025,202501,28,Tuesday,Tue,2,28,5,2025,2025-W05,202505,2025,2,4,FY25,0,0,0,-1,-19,-81,-569,0,0,1,0
20250129,2025-01-29,2025,1,Q1,1,January,Jan,Jan 2025,202501,29,Wednesday,Wed,3,29,5,2025,2025-W05,202505,2025,2,4,FY25,0,0,0,-1,-19,-81,-568,0,0,1,0
20250130,2025-01-30,2025,1,Q1,1,January,Jan,Jan 2025,202501,30,Thursday,Thu,4,30,5,2025,2025-W05,202505,2025,2,4,FY25,0,0,0,-1,-19,-81,-567,0,0,1,0
20250131,2025-01-31,2025,1,Q1,1,January,Jan,Jan 2025,202501,31,Friday,Fri,5,31,5,2025,2025-W05,202505,2025,2,4,FY25,0,1,0,-1,-19,-81,-566,0,0,1,0
20250201,2025-02-01,2025,1,Q1,2,February,Feb,Feb 2025,202502,1,Saturday,Sat,6,32,5,2025,2025-W05,202505,2025,2,5,FY25,1,0,0,-1,-18,-81,-565,0,0,1,0
20250202,2025-02-02,2025,1,Q1,2,February,Feb,Feb 2025,202502,2,Sunday,Sun,7,33,5,2025,2025-W05,202505,2025,2,5,FY25,1,0,0,-1,-18,-81,-564,0,0,1,0
20250203,2025-02-03,2025,1,Q1,2,February,Feb,Feb 2025,202502,3,Monday,Mon,1,34,6,2025,2025-W06,202506,2025,2,5,FY25,0,0,0,-1,-18,-80,-563,0,0,1,0
20250204,2025-02-04,2025,1,Q1,2,February,Feb,Feb 2025,202502,4,Tuesday,Tue,2,35,6,2025,2025-W06,202506,2025,2,5,FY25,0,0,0,-1,-18,-80,-562,0,0,1,0
20250205,2025-02-05,2025,1,Q1,2,February,Feb,Feb 2025,202502,5,Wednesday,Wed,3,36,6,2025,2025-W06,202506,2025,2,5,FY25,0,0,0,-1,-18,-80,-561,0,0,1,0
20250206,2025-02-06,2025,1,Q1,2,February,Feb,Feb 2025,202502,6,Thursday,Thu,4,37,6,2025,2025-W06,202506,2025,2,5,FY25,0,0,0,-1,-18,-80,-560,0,0,1,0
20250207,2025-02-07,2025,1,Q1,2,February,Feb,Feb 2025,202502,7,Friday,Fri,5,38,6,2025,2025-W06,202506,2025,2,5,FY25,0,0,0,-1,-18,-80,-559,0,0,1,0
20250208,2025-02-08,2025,1,Q1,2,February,Feb,Feb 2025,202502,8,Saturday,Sat,6,39,6,2025,2025-W06,202506,2025,2,5,FY25,1,0,0,-1,-18,-80,-558,0,0,1,0
20250209,2025-02-09,2025,1,Q1,2,February,Feb,Feb 2025,202502,9,Sunday,Sun,7,40,6,2025,2025-W06,202506,2025,2,5,FY25,1,0,0,-1,-18,-80,-557,0,0,1,0
20250210,2025-02-10,2025,1,Q1,2,February,Feb,Feb 2025,202502,10,Monday,Mon,1,41,7,2025,2025-W07,202507,2025,2,5,FY25,0,0,0,-1,-18,-79,-556,0,0,1,0
20250211,2025-02-11,2025,1,Q1,2,February,Feb,Feb 2025,202502,11,Tuesday,Tue,2,42,7,2025,2025-W07,202507,2025,2,5,FY25,0,0,0,-1,-18,-79,-555,0,0,1,0
20250212,2025-02-12,2025,1,Q1,2,February,Feb,Feb 2025,202502,12,Wednesday,Wed,3,43,7,2025,2025-W07,202507,2025,2,5,FY25,0,0,0,-1,-18,-79,-554,0,0,1,0
20250213,2025-02-13,2025,1,Q1,2,February,Feb,Feb 2025,202502,13,Thursday,Thu,4,44,7,2025,2025-W07,202507,2025,2,5,FY25,0,0,0,-1,-18,-79,-553,0,0,1,0
20250214,2025-02-14,2025,1,Q1,2,February,Feb,Feb 2025,202502,14,Friday,Fri,5,45,7,2025,2025-W07,202507,2025,2,5,FY25,0,0,0,-1,-18,-79,-552,0,0,1,0
20250215,2025-02-15,2025,1,Q1,2,February,Feb,Feb 2025,202502,15,Saturday,Sat,6,46,7,2025,2025-W07,202507,2025,2,5,FY25,1,0,0,-1,-18,-79,-551,0,0,1,0
20250216,2025-02-16,2025,1,Q1,2,February,Feb,Feb 2025,202502,16,Sunday,Sun,7,47,7,2025,2025-W07,202507,2025,2,5,FY25,1,0,0,-1,-18,-79,-550,0,0,1,0
20250217,2025-02-17,2025,1,Q1,2,February,Feb,Feb 2025,202502,17,Monday,Mon,1,48,8,2025,2025-W08,202508,2025,2,5,FY25,0,0,0,-1,-18,-78,-549,0,0,1,0
20250218,2025-02-18,2025,1,Q1,2,February,Feb,Feb 2025,202502,18,Tuesday,Tue,2,49,8,2025,2025-W08,202508,2025,2,5,FY25,0,0,0,-1,-18,-78,-548,0,0,1,0
20250219,2025-02-19,2025,1,Q1,2,February,Feb,Feb 2025,202502,19,Wednesday,Wed,3,50,8,2025,2025-W08,202508,2025,2,5,FY25,0,0,0,-1,-18,-78,-547,0,0,1,0
20250220,2025-02-20,2025,1,Q1,2,February,Feb,Feb 2025,202502,20,Thursday,Thu,4,51,8,2025,2025-W08,202508,2025,2,5,FY25,0,0,0,-1,-18,-78,-546,0,0,1,0
20250221,2025-02-21,2025,1,Q1,2,February,Feb,Feb 2025,202502,21,Friday,Fri,5,52,8,2025,2025-W08,202508,2025,2,5,FY25,0,0,0,-1,-18,-78,-545,0,0,1,0
20250222,2025-02-22,2025,1,Q1,2,February,Feb,Feb 2025,202502,22,Saturday,Sat,6,53,8,2025,2025-W08,202508,2025,2,5,FY25,1,0,0,-1,-18,-78,-544,0,0,1,0
20250223,2025-02-23,2025,1,Q1,2,February,Feb,Feb 2025,202502,23,Sunday,Sun,7,54,8,2025,2025-W08,202508,2025,2,5,FY25,1,0,0,-1,-18,-78,-543,0,0,1,0
20250224,2025-02-24,2025,1,Q1,2,February,Feb,Feb 2025,202502,24,Monday,Mon,1,55,9,2025,2025-W09,202509,2025,2,5,FY25,0,0,0,-1,-18,-77,-542,0,0,0,0
20250225,2025-02-25,2025,1,Q1,2,February,Feb,Feb 2025,202502,25,Tuesday,Tue,2,56,9,2025,2025-W09,202509,2025,2,5,FY25,0,0,0,-1,-18,-77,-541,0,0,0,0
20250226,2025-02-26,2025,1,Q1,2,February,Feb,Feb 2025,202502,26,Wednesday,Wed,3,57,9,2025,2025-W09,202509,2025,2,5,FY25,0,0,0,-1,-18,-77,-540,0,0,0,0
20250227,2025-02-27,2025,1,Q1,2,February,Feb,Feb 2025,202502,27,Thursday,Thu,4,58,9,2025,2025-W09,202509,2025,2,5,FY25,0,0,0,-1,-18,-77,-539,0,0,0,0
20250228,2025-02-28,2025,1,Q1,2,February,Feb,Feb 2025,202502,28,Friday,Fri,5,59,9,2025,2025-W09,202509,2025,2,5,FY25,0,1,0,-1,-18,-77,-538,0,0,0,0
20250301,2025-03-01,2025,1,Q1,3,March,Mar,Mar 2025,202503,1,Saturday,Sat,6,60,9,2025,2025-W09,202509,2025,2,6,FY25,1,0,0,-1,-17,-77,-537,0,0,0,0
20250302,2025-03-02,2025,1,Q1,3,March,Mar,Mar 2025,202503,2,Sunday,Sun,7,61,9,2025,2025-W09,202509,2025,2,6,FY25,1,0,0,-1,-17,-77,-536,0,0,0,0
20250303,2025-03-03,2025,1,Q1,3,March,Mar,Mar 2025,202503,3,Monday,Mon,1,62,10,2025,2025-W10,202510,2025,2,6,FY25,0,0,0,-1,-17,-76,-535,0,0,0,0
20250304,2025-03-04,2025,1,Q1,3,March,Mar,Mar 2025,202503,4,Tuesday,Tue,2,63,10,2025,2025-W10,202510,2025,2,6,FY25,0,0,0,-1,-17,-76,-534,0,0,0,0
20250305,2025-03-05,2025,1,Q1,3,March,Mar,Mar 2025,202503,5,Wednesday,Wed,3,64,10,2025,2025-W10,202510,2025,2,6,FY25,0,0,0,-1,-17,-76,-533,0,0,0,0
20250306,2025-03-06,2025,1,Q1,3,March,Mar,Mar 2025,202503,6,Thursday,Thu,4,65,10,2025,2025-W10,202510,2025,2,6,FY25,0,0,0,-1,-17,-76,-532,0,0,0,0
20250307,2025-03-07,2025,1,Q1,3,March,Mar,Mar 2025,202503,7,Friday,Fri,5,66,10,2025,2025-W10,202510,2025,2,6,FY25,0,0,0,-1,-17,-76,-531,0,0,0,0
20250308,2025-03-08,2025,1,Q1,3,March,Mar,Mar 2025,202503,8,Saturday,Sat,6,67,10,2025,2025-W10,202510,2025,2,6,FY25,1,0,0,-1,-17,-76,-530,0,0,0,0
20250309,2025-03-09,2025,1,Q1,3,March,Mar,Mar 2025,202503,9,Sunday,Sun,7,68,10,2025,2025-W10,202510,2025,2,6,FY25,1,0,0,-1,-17,-76,-529,0,0,0,0
20250310,2025-03-10,2025,1,Q1,3,March,Mar,Mar 2025,202503,10,Monday,Mon,1,69,11,2025,2025-W11,202511,2025,2,6,FY25,0,0,0,-1,-17,-75,-528,0,0,0,0
20250311,2025-03-11,2025,1,Q1,3,March,Mar,Mar 2025,202503,11,Tuesday,Tue,2,70,11,2025,2025-W11,202511,2025,2,6,FY25,0,0,0,-1,-17,-75,-527,0,0,0,0
20250312,2025-03-12,2025,1,Q1,3,March,Mar,Mar 2025,202503,12,Wednesday,Wed,3,71,11,2025,2025-W11,202511,2025,2,6,FY25,0,0,0,-1,-17,-75,-526,0,0,0,0
20250313,2025-03-13,2025,1,Q1,3,March,Mar,Mar 2025,202503,13,Thursday,Thu,4,72,11,2025,2025-W11,202511,2025,2,6,FY25,0,0,0,-1,-17,-75,-525,0,0,0,0
20250314,2025-03-14,2025,1,Q1,3,March,Mar,Mar 2025,202503,14,Friday,Fri,5,73,11,2025,2025-W11,202511,2025,2,6,FY25,0,0,0,-1,-17,-75,-524,0,0,0,0
20250315,2025-03-15,2025,1,Q1,3,March,Mar,Mar 2025,202503,15,Saturday,Sat,6,74,11,2025,2025-W11,202511,2025,2,6,FY25,1,0,0,-1,-17,-75,-523,0,0,0,0
20250316,2025-03-16,2025,1,Q1,3,March,Mar,Mar 2025,202503,16,Sunday,Sun,7,75,11,2025,2025-W11,202511,2025,2,6,FY25,1,0,0,-1,-17,-75,-522,0,0,0,0
20250317,2025-03-17,2025,1,Q1,3,March,Mar,Mar 2025,202503,17,Monday,Mon,1,76,12,2025,2025-W12,202512,2025,2,6,FY25,0,0,0,-1,-17,-74,-521,0,0,0,0
20250318,2025-03-18,2025,1,Q1,3,March,Mar,Mar 2025,202503,18,Tuesday,Tue,2,77,12,2025,2025-W12,202512,2025,2,6,FY25,0,0,0,-1,-17,-74,-520,0,0,0,0
20250319,2025-03-19,2025,1,Q1,3,March,Mar,Mar 2025,202503,19,Wednesday,Wed,3,78,12,2025,2025-W12,202512,2025,2,6,FY25,0,0,0,-1,-17,-74,-519,0,0,0,0
20250320,2025-03-20,2025,1,Q1,3,March,Mar,Mar 2025,202503,20,Thursday,Thu,4,79,12,2025,2025-W12,202512,2025,2,6,FY25,0,0,0,-1,-17,-74,-518,0,0,0,0
20250321,2025-03-21,2025,1,Q1,3,March,Mar,Mar 2025,202503,21,Friday,Fri,5,80,12,2025,2025-W12,202512,2025,2,6,FY25,0,0,0,-1,-17,-74,-517,0,0,0,0
20250322,2025-03-22,2025,1,Q1,3,March,Mar,Mar 2025,202503,22,Saturday,Sat,6,81,12,2025,2025-W12,202512,2025,2,6,FY25,1,0,0,-1,-17,-74,-516,0,0,0,0
20250323,2025-03-23,2025,1,Q1,3,March,Mar,Mar 2025,202503,23,Sunday,Sun,7,82,12,2025,2025-W12,202512,2025,2,6,FY25,1,0,0,-1,-17,-74,-515,0,0,0,0
20250324,2025-03-24,2025,1,Q1,3,March,Mar,Mar 2025,202503,24,Monday,Mon,1,83,13,2025,2025-W13,202513,2025,2,6,FY25,0,0,0,-1,-17,-73,-514,0,0,0,0
20250325,2025-03-25,2025,1,Q1,3,March,Mar,Mar 2025,202503,25,Tuesday,Tue,2,84,13,2025,2025-W13,202513,2025,2,6,FY25,0,0,0,-1,-17,-73,-513,0,0,0,0
20250326,2025-03-26,2025,1,Q1,3,March,Mar,Mar 2025,202503,26,Wednesday,Wed,3,85,13,2025,2025-W13,202513,2025,2,6,FY25,0,0,0,-1,-17,-73,-512,0,0,0,0
20250327,2025-03-27,2025,1,Q1,3,March,Mar,Mar 2025,202503,27,Thursday,Thu,4,86,13,2025,2025-W13,202513,2025,2,6,FY25,0,0,0,-1,-17,-73,-511,0,0,0,0
20250328,2025-03-28,2025,1,Q1,3,March,Mar,Mar 2025,202503,28,Friday,Fri,5,87,13,2025,2025-W13,202513,2025,2,6,FY25,0,0,0,-1,-17,-73,-510,0,0,0,0
20250329,2025-03-29,2025,1,Q1,3,March,Mar,Mar 2025,202503,29,Saturday,Sat,6,88,13,2025,2025-W13,202513,2025,2,6,FY25,1,0,0,-1,-17,-73,-509,0,0,0,0
20250330,2025-03-30,2025,1,Q1,3,March,Mar,Mar 2025,202503,30,Sunday,Sun,7,89,13,2025,2025-W13,202513,2025,2,6,FY25,1,0,0,-1,-17,-73,-508,0,0,0,0
20250331,2025-03-31,2025,1,Q1,3,March,Mar,Mar 2025,202503,31,Monday,Mon,1,90,14,2025,2025-W14,202514,2025,2,6,FY25,0,1,1,-1,-17,-72,-507,0,0,0,0
20250401,2025-04-01,2025,2,Q2,4,April,Apr,Apr 2025,202504,1,Tuesday,Tue,2,91,14,2025,2025-W14,202514,2025,3,7,FY25,0,0,0,-1,-16,-72,-506,0,0,0,0
20250402,2025-04-02,2025,2,Q2,4,April,Apr,Apr 2025,202504,2,Wednesday,Wed,3,92,14,2025,2025-W14,202514,2025,3,7,FY25,0,0,0,-1,-16,-72,-505,0,0,0,0
20250403,2025-04-03,2025,2,Q2,4,April,Apr,Apr 2025,202504,3,Thursday,Thu,4,93,14,2025,2025-W14,202514,2025,3,7,FY25,0,0,0,-1,-16,-72,-504,0,0,0,0
20250404,2025-04-04,2025,2,Q2,4,April,Apr,Apr 2025,202504,4,Friday,Fri,5,94,14,2025,2025-W14,202514,2025,3,7,FY25,0,0,0,-1,-16,-72,-503,0,0,0,0
20250405,2025-04-05,2025,2,Q2,4,April,Apr,Apr 2025,202504,5,Saturday,Sat,6,95,14,2025,2025-W14,202514,2025,3,7,FY25,1,0,0,-1,-16,-72,-502,0,0,0,0
20250406,2025-04-06,2025,2,Q2,4,April,Apr,Apr 2025,202504,6,Sunday,Sun,7,96,14,2025,2025-W14,202514,2025,3,7,FY25,1,0,0,-1,-16,-72,-501,0,0,0,0
20250407,2025-04-07,2025,2,Q2,4,April,Apr,Apr 2025,202504,7,Monday,Mon,1,97,15,2025,2025-W15,202515,2025,3,7,FY25,0,0,0,-1,-16,-71,-500,0,0,0,0
20250408,2025-04-08,2025,2,Q2,4,April,Apr,Apr 2025,202504,8,Tuesday,Tue,2,98,15,2025,2025-W15,202515,2025,3,7,FY25,0,0,0,-1,-16,-71,-499,0,0,0,0
20250409,2025-04-09,2025,2,Q2,4,April,Apr,Apr 2025,202504,9,Wednesday,Wed,3,99,15,2025,2025-W15,202515,2025,3,7,FY25,0,0,0,-1,-16,-71,-498,0,0,0,0
20250410,2025-04-10,2025,2,Q2,4,April,Apr,Apr 2025,202504,10,Thursday,Thu,4,100,15,2025,2025-W15,202515,2025,3,7,FY25,0,0,0,-1,-16,-71,-497,0,0,0,0
20250411,2025-04-11,2025,2,Q2,4,April,Apr,Apr 2025,202504,11,Friday,Fri,5,101,15,2025,2025-W15,202515,2025,3,7,FY25,0,0,0,-1,-16,-71,-496,0,0,0,0
20250412,2025-04-12,2025,2,Q2,4,April,Apr,Apr 2025,202504,12,Saturday,Sat,6,102,15,2025,2025-W15,202515,2025,3,7,FY25,1,0,0,-1,-16,-71,-495,0,0,0,0
20250413,2025-04-13,2025,2,Q2,4,April,Apr,Apr 2025,202504,13,Sunday,Sun,7,103,15,2025,2025-W15,202515,2025,3,7,FY25,1,0,0,-1,-16,-71,-494,0,0,0,0
20250414,2025-04-14,2025,2,Q2,4,April,Apr,Apr 2025,202504,14,Monday,Mon,1,104,16,2025,2025-W16,202516,2025,3,7,FY25,0,0,0,-1,-16,-70,-493,0,0,0,0
20250415,2025-04-15,2025,2,Q2,4,April,Apr,Apr 2025,202504,15,Tuesday,Tue,2,105,16,2025,2025-W16,202516,2025,3,7,FY25,0,0,0,-1,-16,-70,-492,0,0,0,0
20250416,2025-04-16,2025,2,Q2,4,April,Apr,Apr 2025,202504,16,Wednesday,Wed,3,106,16,2025,2025-W16,202516,2025,3,7,FY25,0,0,0,-1,-16,-70,-491,0,0,0,0
20250417,2025-04-17,2025,2,Q2,4,April,Apr,Apr 2025,202504,17,Thursday,Thu,4,107,16,2025,2025-W16,202516,2025,3,7,FY25,0,0,0,-1,-16,-70,-490,0,0,0,0
20250418,2025-04-18,2025,2,Q2,4,April,Apr,Apr 2025,202504,18,Friday,Fri,5,108,16,2025,2025-W16,202516,2025,3,7,FY25,0,0,0,-1,-16,-70,-489,0,0,0,0
20250419,2025-04-19,2025,2,Q2,4,April,Apr,Apr 2025,202504,19,Saturday,Sat,6,109,16,2025,2025-W16,202516,2025,3,7,FY25,1,0,0,-1,-16,-70,-488,0,0,0,0
20250420,2025-04-20,2025,2,Q2,4,April,Apr,Apr 2025,202504,20,Sunday,Sun,7,110,16,2025,2025-W16,202516,2025,3,7,FY25,1,0,0,-1,-16,-70,-487,0,0,0,0
20250421,2025-04-21,2025,2,Q2,4,April,Apr,Apr 2025,202504,21,Monday,Mon,1,111,17,2025,2025-W17,202517,2025,3,7,FY25,0,0,0,-1,-16,-69,-486,0,0,0,0
20250422,2025-04-22,2025,2,Q2,4,April,Apr,Apr 2025,202504,22,Tuesday,Tue,2,112,17,2025,2025-W17,202517,2025,3,7,FY25,0,0,0,-1,-16,-69,-485,0,0,0,0
20250423,2025-04-23,2025,2,Q2,4,April,Apr,Apr 2025,202504,23,Wednesday,Wed,3,113,17,2025,2025-W17,202517,2025,3,7,FY25,0,0,0,-1,-16,-69,-484,0,0,0,0
20250424,2025-04-24,2025,2,Q2,4,April,Apr,Apr 2025,202504,24,Thursday,Thu,4,114,17,2025,2025-W17,202517,2025,3,7,FY25,0,0,0,-1,-16,-69,-483,0,0,0,0
20250425,2025-04-25,2025,2,Q2,4,April,Apr,Apr 2025,202504,25,Friday,Fri,5,115,17,2025,2025-W17,202517,2025,3,7,FY25,0,0,0,-1,-16,-69,-482,0,0,0,0
20250426,2025-04-26,2025,2,Q2,4,April,Apr,Apr 2025,202504,26,Saturday,Sat,6,116,17,2025,2025-W17,202517,2025,3,7,FY25,1,0,0,-1,-16,-69,-481,0,0,0,0
20250427,2025-04-27,2025,2,Q2,4,April,Apr,Apr 2025,202504,27,Sunday,Sun,7,117,17,2025,2025-W17,202517,2025,3,7,FY25,1,0,0,-1,-16,-69,-480,0,0,0,0
20250428,2025-04-28,2025,2,Q2,4,April,Apr,Apr 2025,202504,28,Monday,Mon,1,118,18,2025,2025-W18,202518,2025,3,7,FY25,0,0,0,-1,-16,-68,-479,0,0,0,0
20250429,2025-04-29,2025,2,Q2,4,April,Apr,Apr 2025,202504,29,Tuesday,Tue,2,119,18,2025,2025-W18,202518,2025,3,7,FY25,0,0,0,-1,-16,-68,-478,0,0,0,0
20250430,2025-04-30,2025,2,Q2,4,April,Apr,Apr 2025,202504,30,Wednesday,Wed,3,120,18,2025,2025-W18,202518,2025,3,7,FY25,0,1,0,-1,-16,-68,-477,0,0,0,0
20250501,2025-05-01,2025,2,Q2,5,May,May,May 2025,202505,1,Thursday,Thu,4,121,18,2025,2025-W18,202518,2025,3,8,FY25,0,0,0,-1,-15,-68,-476,0,0,0,0
20250502,2025-05-02,2025,2,Q2,5,May,May,May 2025,202505,2,Friday,Fri,5,122,18,2025,2025-W18,202518,2025,3,8,FY25,0,0,0,-1,-15,-68,-475,0,0,0,0
20250503,2025-05-03,2025,2,Q2,5,May,May,May 2025,202505,3,Saturday,Sat,6,123,18,2025,2025-W18,202518,2025,3,8,FY25,1,0,0,-1,-15,-68,-474,0,0,0,0
20250504,2025-05-04,2025,2,Q2,5,May,May,May 2025,202505,4,Sunday,Sun,7,124,18,2025,2025-W18,202518,2025,3,8,FY25,1,0,0,-1,-15,-68,-473,0,0,0,0
20250505,2025-05-05,2025,2,Q2,5,May,May,May 2025,202505,5,Monday,Mon,1,125,19,2025,2025-W19,202519,2025,3,8,FY25,0,0,0,-1,-15,-67,-472,0,0,0,0
20250506,2025-05-06,2025,2,Q2,5,May,May,May 2025,202505,6,Tuesday,Tue,2,126,19,2025,2025-W19,202519,2025,3,8,FY25,0,0,0,-1,-15,-67,-471,0,0,0,0
20250507,2025-05-07,2025,2,Q2,5,May,May,May 2025,202505,7,Wednesday,Wed,3,127,19,2025,2025-W19,202519,2025,3,8,FY25,0,0,0,-1,-15,-67,-470,0,0,0,0
20250508,2025-05-08,2025,2,Q2,5,May,May,May 2025,202505,8,Thursday,Thu,4,128,19,2025,2025-W19,202519,2025,3,8,FY25,0,0,0,-1,-15,-67,-469,0,0,0,0
20250509,2025-05-09,2025,2,Q2,5,May,May,May 2025,202505,9,Friday,Fri,5,129,19,2025,2025-W19,202519,2025,3,8,FY25,0,0,0,-1,-15,-67,-468,0,0,0,0
20250510,2025-05-10,2025,2,Q2,5,May,May,May 2025,202505,10,Saturday,Sat,6,130,19,2025,2025-W19,202519,2025,3,8,FY25,1,0,0,-1,-15,-67,-467,0,0,0,0
20250511,2025-05-11,2025,2,Q2,5,May,May,May 2025,202505,11,Sunday,Sun,7,131,19,2025,2025-W19,202519,2025,3,8,FY25,1,0,0,-1,-15,-67,-466,0,0,0,0
20250512,2025-05-12,2025,2,Q2,5,May,May,May 2025,202505,12,Monday,Mon,1,132,20,2025,2025-W20,202520,2025,3,8,FY25,0,0,0,-1,-15,-66,-465,0,0,0,0
20250513,2025-05-13,2025,2,Q2,5,May,May,May 2025,202505,13,Tuesday,Tue,2,133,20,2025,2025-W20,202520,2025,3,8,FY25,0,0,0,-1,-15,-66,-464,0,0,0,0
20250514,2025-05-14,2025,2,Q2,5,May,May,May 2025,202505,14,Wednesday,Wed,3,134,20,2025,2025-W20,202520,2025,3,8,FY25,0,0,0,-1,-15,-66,-463,0,0,0,0
20250515,2025-05-15,2025,2,Q2,5,May,May,May 2025,202505,15,Thursday,Thu,4,135,20,2025,2025-W20,202520,2025,3,8,FY25,0,0,0,-1,-15,-66,-462,0,0,0,0
20250516,2025-05-16,2025,2,Q2,5,May,May,May 2025,202505,16,Friday,Fri,5,136,20,2025,2025-W20,202520,2025,3,8,FY25,0,0,0,-1,-15,-66,-461,0,0,0,0
20250517,2025-05-17,2025,2,Q2,5,May,May,May 2025,202505,17,Saturday,Sat,6,137,20,2025,2025-W20,202520,2025,3,8,FY25,1,0,0,-1,-15,-66,-460,0,0,0,0
20250518,2025-05-18,2025,2,Q2,5,May,May,May 2025,202505,18,Sunday,Sun,7,138,20,2025,2025-W20,202520,2025,3,8,FY25,1,0,0,-1,-15,-66,-459,0,0,0,0
20250519,2025-05-19,2025,2,Q2,5,May,May,May 2025,202505,19,Monday,Mon,1,139,21,2025,2025-W21,202521,2025,3,8,FY25,0,0,0,-1,-15,-65,-458,0,0,0,0
20250520,2025-05-20,2025,2,Q2,5,May,May,May 2025,202505,20,Tuesday,Tue,2,140,21,2025,2025-W21,202521,2025,3,8,FY25,0,0,0,-1,-15,-65,-457,0,0,0,0
20250521,2025-05-21,2025,2,Q2,5,May,May,May 2025,202505,21,Wednesday,Wed,3,141,21,2025,2025-W21,202521,2025,3,8,FY25,0,0,0,-1,-15,-65,-456,0,0,0,0
20250522,2025-05-22,2025,2,Q2,5,May,May,May 2025,202505,22,Thursday,Thu,4,142,21,2025,2025-W21,202521,2025,3,8,FY25,0,0,0,-1,-15,-65,-455,0,0,0,0
20250523,2025-05-23,2025,2,Q2,5,May,May,May 2025,202505,23,Friday,Fri,5,143,21,2025,2025-W21,202521,2025,3,8,FY25,0,0,0,-1,-15,-65,-454,0,0,0,0
20250524,2025-05-24,2025,2,Q2,5,May,May,May 2025,202505,24,Saturday,Sat,6,144,21,2025,2025-W21,202521,2025,3,8,FY25,1,0,0,-1,-15,-65,-453,0,0,0,0
20250525,2025-05-25,2025,2,Q2,5,May,May,May 2025,202505,25,Sunday,Sun,7,145,21,2025,2025-W21,202521,2025,3,8,FY25,1,0,0,-1,-15,-65,-452,0,0,0,0
20250526,2025-05-26,2025,2,Q2,5,May,May,May 2025,202505,26,Monday,Mon,1,146,22,2025,2025-W22,202522,2025,3,8,FY25,0,0,0,-1,-15,-64,-451,0,0,0,0
20250527,2025-05-27,2025,2,Q2,5,May,May,May 2025,202505,27,Tuesday,Tue,2,147,22,2025,2025-W22,202522,2025,3,8,FY25,0,0,0,-1,-15,-64,-450,0,0,0,0
20250528,2025-05-28,2025,2,Q2,5,May,May,May 2025,202505,28,Wednesday,Wed,3,148,22,2025,2025-W22,202522,2025,3,8,FY25,0,0,0,-1,-15,-64,-449,0,0,0,0
20250529,2025-05-29,2025,2,Q2,5,May,May,May 2025,202505,29,Thursday,Thu,4,149,22,2025,2025-W22,202522,2025,3,8,FY25,0,0,0,-1,-15,-64,-448,0,0,0,0
20250530,2025-05-30,2025,2,Q2,5,May,May,May 2025,202505,30,Friday,Fri,5,150,22,2025,2025-W22,202522,2025,3,8,FY25,0,0,0,-1,-15,-64,-447,0,0,0,0
20250531,2025-05-31,2025,2,Q2,5,May,May,May 2025,202505,31,Saturday,Sat,6,151,22,2025,2025-W22,202522,2025,3,8,FY25,1,1,0,-1,-15,-64,-446,0,0,0,0
20250601,2025-06-01,2025,2,Q2,6,June,Jun,Jun 2025,202506,1,Sunday,Sun,7,152,22,2025,2025-W22,202522,2025,3,9,FY25,1,0,0,-1,-14,-64,-445,0,0,0,0
20250602,2025-06-02,2025,2,Q2,6,June,Jun,Jun 2025,202506,2,Monday,Mon,1,153,23,2025,2025-W23,202523,2025,3,9,FY25,0,0,0,-1,-14,-63,-444,0,0,0,0
20250603,2025-06-03,2025,2,Q2,6,June,Jun,Jun 2025,202506,3,Tuesday,Tue,2,154,23,2025,2025-W23,202523,2025,3,9,FY25,0,0,0,-1,-14,-63,-443,0,0,0,0
20250604,2025-06-04,2025,2,Q2,6,June,Jun,Jun 2025,202506,4,Wednesday,Wed,3,155,23,2025,2025-W23,202523,2025,3,9,FY25,0,0,0,-1,-14,-63,-442,0,0,0,0
20250605,2025-06-05,2025,2,Q2,6,June,Jun,Jun 2025,202506,5,Thursday,Thu,4,156,23,2025,2025-W23,202523,2025,3,9,FY25,0,0,0,-1,-14,-63,-441,0,0,0,0
20250606,2025-06-06,2025,2,Q2,6,June,Jun,Jun 2025,202506,6,Friday,Fri,5,157,23,2025,2025-W23,202523,2025,3,9,FY25,0,0,0,-1,-14,-63,-440,0,0,0,0
20250607,2025-06-07,2025,2,Q2,6,June,Jun,Jun 2025,202506,7,Saturday,Sat,6,158,23,2025,2025-W23,202523,2025,3,9,FY25,1,0,0,-1,-14,-63,-439,0,0,0,0
20250608,2025-06-08,2025,2,Q2,6,June,Jun,Jun 2025,202506,8,Sunday,Sun,7,159,23,2025,2025-W23,202523,2025,3,9,FY25,1,0,0,-1,-14,-63,-438,0,0,0,0
20250609,2025-06-09,2025,2,Q2,6,June,Jun,Jun 2025,202506,9,Monday,Mon,1,160,24,2025,2025-W24,202524,2025,3,9,FY25,0,0,0,-1,-14,-62,-437,0,0,0,0
20250610,2025-06-10,2025,2,Q2,6,June,Jun,Jun 2025,202506,10,Tuesday,Tue,2,161,24,2025,2025-W24,202524,2025,3,9,FY25,0,0,0,-1,-14,-62,-436,0,0,0,0
20250611,2025-06-11,2025,2,Q2,6,June,Jun,Jun 2025,202506,11,Wednesday,Wed,3,162,24,2025,2025-W24,202524,2025,3,9,FY25,0,0,0,-1,-14,-62,-435,0,0,0,0
20250612,2025-06-12,2025,2,Q2,6,June,Jun,Jun 2025,202506,12,Thursday,Thu,4,163,24,2025,2025-W24,202524,2025,3,9,FY25,0,0,0,-1,-14,-62,-434,0,0,0,0
20250613,2025-06-13,2025,2,Q2,6,June,Jun,Jun 2025,202506,13,Friday,Fri,5,164,24,2025,2025-W24,202524,2025,3,9,FY25,0,0,0,-1,-14,-62,-433,0,0,0,0
20250614,2025-06-14,2025,2,Q2,6,June,Jun,Jun 2025,202506,14,Saturday,Sat,6,165,24,2025,2025-W24,202524,2025,3,9,FY25,1,0,0,-1,-14,-62,-432,0,0,0,0
20250615,2025-06-15,2025,2,Q2,6,June,Jun,Jun 2025,202506,15,Sunday,Sun,7,166,24,2025,2025-W24,202524,2025,3,9,FY25,1,0,0,-1,-14,-62,-431,0,0,0,0
20250616,2025-06-16,2025,2,Q2,6,June,Jun,Jun 2025,202506,16,Monday,Mon,1,167,25,2025,2025-W25,202525,2025,3,9,FY25,0,0,0,-1,-14,-61,-430,0,0,0,0
20250617,2025-06-17,2025,2,Q2,6,June,Jun,Jun 2025,202506,17,Tuesday,Tue,2,168,25,2025,2025-W25,202525,2025,3,9,FY25,0,0,0,-1,-14,-61,-429,0,0,0,0
20250618,2025-06-18,2025,2,Q2,6,June,Jun,Jun 2025,202506,18,Wednesday,Wed,3,169,25,2025,2025-W25,202525,2025,3,9,FY25,0,0,0,-1,-14,-61,-428,0,0,0,0
20250619,2025-06-19,2025,2,Q2,6,June,Jun,Jun 2025,202506,19,Thursday,Thu,4,170,25,2025,2025-W25,202525,2025,3,9,FY25,0,0,0,-1,-14,-61,-427,0,0,0,0
20250620,2025-06-20,2025,2,Q2,6,June,Jun,Jun 2025,202506,20,Friday,Fri,5,171,25,2025,2025-W25,202525,2025,3,9,FY25,0,0,0,-1,-14,-61,-426,0,0,0,0
20250621,2025-06-21,2025,2,Q2,6,June,Jun,Jun 2025,202506,21,Saturday,Sat,6,172,25,2025,2025-W25,202525,2025,3,9,FY25,1,0,0,-1,-14,-61,-425,0,0,0,0
20250622,2025-06-22,2025,2,Q2,6,June,Jun,Jun 2025,202506,22,Sunday,Sun,7,173,25,2025,2025-W25,202525,2025,3,9,FY25,1,0,0,-1,-14,-61,-424,0,0,0,0
20250623,2025-06-23,2025,2,Q2,6,June,Jun,Jun 2025,202506,23,Monday,Mon,1,174,26,2025,2025-W26,202526,2025,3,9,FY25,0,0,0,-1,-14,-60,-423,0,0,0,0
20250624,2025-06-24,2025,2,Q2,6,June,Jun,Jun 2025,202506,24,Tuesday,Tue,2,175,26,2025,2025-W26,202526,2025,3,9,FY25,0,0,0,-1,-14,-60,-422,0,0,0,0
20250625,2025-06-25,2025,2,Q2,6,June,Jun,Jun 2025,202506,25,Wednesday,Wed,3,176,26,2025,2025-W26,202526,2025,3,9,FY25,0,0,0,-1,-14,-60,-421,0,0,0,0
20250626,2025-06-26,2025,2,Q2,6,June,Jun,Jun 2025,202506,26,Thursday,Thu,4,177,26,2025,2025-W26,202526,2025,3,9,FY25,0,0,0,-1,-14,-60,-420,0,0,0,0
20250627,2025-06-27,2025,2,Q2,6,June,Jun,Jun 2025,202506,27,Friday,Fri,5,178,26,2025,2025-W26,202526,2025,3,9,FY25,0,0,0,-1,-14,-60,-419,0,0,0,0
20250628,2025-06-28,2025,2,Q2,6,June,Jun,Jun 2025,202506,28,Saturday,Sat,6,179,26,2025,2025-W26,202526,2025,3,9,FY25,1,0,0,-1,-14,-60,-418,0,0,0,0
20250629,2025-06-29,2025,2,Q2,6,June,Jun,Jun 2025,202506,29,Sunday,Sun,7,180,26,2025,2025-W26,202526,2025,3,9,FY25,1,0,0,-1,-14,-60,-417,0,0,0,0
20250630,2025-06-30,2025,2,Q2,6,June,Jun,Jun 2025,202506,30,Monday,Mon,1,181,27,2025,2025-W27,202527,2025,3,9,FY25,0,1,1,-1,-14,-59,-416,0,0,0,0
20250701,2025-07-01,2025,3,Q3,7,July,Jul,Jul 2025,202507,1,Tuesday,Tue,2,182,27,2025,2025-W27,202527,2025,4,10,FY25,0,0,0,-1,-13,-59,-415,0,0,0,0
20250702,2025-07-02,2025,3,Q3,7,July,Jul,Jul 2025,202507,2,Wednesday,Wed,3,183,27,2025,2025-W27,202527,2025,4,10,FY25,0,0,0,-1,-13,-59,-414,0,0,0,0
20250703,2025-07-03,2025,3,Q3,7,July,Jul,Jul 2025,202507,3,Thursday,Thu,4,184,27,2025,2025-W27,202527,2025,4,10,FY25,0,0,0,-1,-13,-59,-413,0,0,0,0
20250704,2025-07-04,2025,3,Q3,7,July,Jul,Jul 2025,202507,4,Friday,Fri,5,185,27,2025,2025-W27,202527,2025,4,10,FY25,0,0,0,-1,-13,-59,-412,0,0,0,0
20250705,2025-07-05,2025,3,Q3,7,July,Jul,Jul 2025,202507,5,Saturday,Sat,6,186,27,2025,2025-W27,202527,2025,4,10,FY25,1,0,0,-1,-13,-59,-411,0,0,0,0
20250706,2025-07-06,2025,3,Q3,7,July,Jul,Jul 2025,202507,6,Sunday,Sun,7,187,27,2025,2025-W27,202527,2025,4,10,FY25,1,0,0,-1,-13,-59,-410,0,0,0,0
20250707,2025-07-07,2025,3,Q3,7,July,Jul,Jul 2025,202507,7,Monday,Mon,1,188,28,2025,2025-W28,202528,2025,4,10,FY25,0,0,0,-1,-13,-58,-409,0,0,0,0
20250708,2025-07-08,2025,3,Q3,7,July,Jul,Jul 2025,202507,8,Tuesday,Tue,2,189,28,2025,2025-W28,202528,2025,4,10,FY25,0,0,0,-1,-13,-58,-408,0,0,0,0
20250709,2025-07-09,2025,3,Q3,7,July,Jul,Jul 2025,202507,9,Wednesday,Wed,3,190,28,2025,2025-W28,202528,2025,4,10,FY25,0,0,0,-1,-13,-58,-407,0,0,0,0
20250710,2025-07-10,2025,3,Q3,7,July,Jul,Jul 2025,202507,10,Thursday,Thu,4,191,28,2025,2025-W28,202528,2025,4,10,FY25,0,0,0,-1,-13,-58,-406,0,0,0,0
20250711,2025-07-11,2025,3,Q3,7,July,Jul,Jul 2025,202507,11,Friday,Fri,5,192,28,2025,2025-W28,202528,2025,4,10,FY25,0,0,0,-1,-13,-58,-405,0,0,0,0
20250712,2025-07-12,2025,3,Q3,7,July,Jul,Jul 2025,202507,12,Saturday,Sat,6,193,28,2025,2025-W28,202528,2025,4,10,FY25,1,0,0,-1,-13,-58,-404,0,0,0,0
20250713,2025-07-13,2025,3,Q3,7,July,Jul,Jul 2025,202507,13,Sunday,Sun,7,194,28,2025,2025-W28,202528,2025,4,10,FY25,1,0,0,-1,-13,-58,-403,0,0,0,0
20250714,2025-07-14,2025,3,Q3,7,July,Jul,Jul 2025,202507,14,Monday,Mon,1,195,29,2025,2025-W29,202529,2025,4,10,FY25,0,0,0,-1,-13,-57,-402,0,0,0,0
20250715,2025-07-15,2025,3,Q3,7,July,Jul,Jul 2025,202507,15,Tuesday,Tue,2,196,29,2025,2025-W29,202529,2025,4,10,FY25,0,0,0,-1,-13,-57,-401,0,0,0,0
20250716,2025-07-16,2025,3,Q3,7,July,Jul,Jul 2025,202507,16,Wednesday,Wed,3,197,29,2025,2025-W29,202529,2025,4,10,FY25,0,0,0,-1,-13,-57,-400,0,0,0,0
20250717,2025-07-17,2025,3,Q3,7,July,Jul,Jul 2025,202507,17,Thursday,Thu,4,198,29,2025,2025-W29,202529,2025,4,10,FY25,0,0,0,-1,-13,-57,-399,0,0,0,0
20250718,2025-07-18,2025,3,Q3,7,July,Jul,Jul 2025,202507,18,Friday,Fri,5,199,29,2025,2025-W29,202529,2025,4,10,FY25,0,0,0,-1,-13,-57,-398,0,0,0,0
20250719,2025-07-19,2025,3,Q3,7,July,Jul,Jul 2025,202507,19,Saturday,Sat,6,200,29,2025,2025-W29,202529,2025,4,10,FY25,1,0,0,-1,-13,-57,-397,0,0,0,0
20250720,2025-07-20,2025,3,Q3,7,July,Jul,Jul 2025,202507,20,Sunday,Sun,7,201,29,2025,2025-W29,202529,2025,4,10,FY25,1,0,0,-1,-13,-57,-396,0,0,0,0
20250721,2025-07-21,2025,3,Q3,7,July,Jul,Jul 2025,202507,21,Monday,Mon,1,202,30,2025,2025-W30,202530,2025,4,10,FY25,0,0,0,-1,-13,-56,-395,0,0,0,0
20250722,2025-07-22,2025,3,Q3,7,July,Jul,Jul 2025,202507,22,Tuesday,Tue,2,203,30,2025,2025-W30,202530,2025,4,10,FY25,0,0,0,-1,-13,-56,-394,0,0,0,0
20250723,2025-07-23,2025,3,Q3,7,July,Jul,Jul 2025,202507,23,Wednesday,Wed,3,204,30,2025,2025-W30,202530,2025,4,10,FY25,0,0,0,-1,-13,-56,-393,0,0,0,0
20250724,2025-07-24,2025,3,Q3,7,July,Jul,Jul 2025,202507,24,Thursday,Thu,4,205,30,2025,2025-W30,202530,2025,4,10,FY25,0,0,0,-1,-13,-56,-392,0,0,0,0
20250725,2025-07-25,2025,3,Q3,7,July,Jul,Jul 2025,202507,25,Friday,Fri,5,206,30,2025,2025-W30,202530,2025,4,10,FY25,0,0,0,-1,-13,-56,-391,0,0,0,0
20250726,2025-07-26,2025,3,Q3,7,July,Jul,Jul 2025,202507,26,Saturday,Sat,6,207,30,2025,2025-W30,202530,2025,4,10,FY25,1,0,0,-1,-13,-56,-390,0,0,0,0
20250727,2025-07-27,2025,3,Q3,7,July,Jul,Jul 2025,202507,27,Sunday,Sun,7,208,30,2025,2025-W30,202530,2025,4,10,FY25,1,0,0,-1,-13,-56,-389,0,0,0,0
20250728,2025-07-28,2025,3,Q3,7,July,Jul,Jul 2025,202507,28,Monday,Mon,1,209,31,2025,2025-W31,202531,2025,4,10,FY25,0,0,0,-1,-13,-55,-388,0,0,0,0
20250729,2025-07-29,2025,3,Q3,7,July,Jul,Jul 2025,202507,29,Tuesday,Tue,2,210,31,2025,2025-W31,202531,2025,4,10,FY25,0,0,0,-1,-13,-55,-387,0,0,0,0
20250730,2025-07-30,2025,3,Q3,7,July,Jul,Jul 2025,202507,30,Wednesday,Wed,3,211,31,2025,2025-W31,202531,2025,4,10,FY25,0,0,0,-1,-13,-55,-386,0,0,0,0
20250731,2025-07-31,2025,3,Q3,7,July,Jul,Jul 2025,202507,31,Thursday,Thu,4,212,31,2025,2025-W31,202531,2025,4,10,FY25,0,1,0,-1,-13,-55,-385,0,0,0,0
20250801,2025-08-01,2025,3,Q3,8,August,Aug,Aug 2025,202508,1,Friday,Fri,5,213,31,2025,2025-W31,202531,2025,4,11,FY25,0,0,0,-1,-12,-55,-384,0,0,0,1
20250802,2025-08-02,2025,3,Q3,8,August,Aug,Aug 2025,202508,2,Saturday,Sat,6,214,31,2025,2025-W31,202531,2025,4,11,FY25,1,0,0,-1,-12,-55,-383,0,0,0,1
20250803,2025-08-03,2025,3,Q3,8,August,Aug,Aug 2025,202508,3,Sunday,Sun,7,215,31,2025,2025-W31,202531,2025,4,11,FY25,1,0,0,-1,-12,-55,-382,0,0,0,1
20250804,2025-08-04,2025,3,Q3,8,August,Aug,Aug 2025,202508,4,Monday,Mon,1,216,32,2025,2025-W32,202532,2025,4,11,FY25,0,0,0,-1,-12,-54,-381,0,0,0,1
20250805,2025-08-05,2025,3,Q3,8,August,Aug,Aug 2025,202508,5,Tuesday,Tue,2,217,32,2025,2025-W32,202532,2025,4,11,FY25,0,0,0,-1,-12,-54,-380,0,0,0,1
20250806,2025-08-06,2025,3,Q3,8,August,Aug,Aug 2025,202508,6,Wednesday,Wed,3,218,32,2025,2025-W32,202532,2025,4,11,FY25,0,0,0,-1,-12,-54,-379,0,0,0,1
20250807,2025-08-07,2025,3,Q3,8,August,Aug,Aug 2025,202508,7,Thursday,Thu,4,219,32,2025,2025-W32,202532,2025,4,11,FY25,0,0,0,-1,-12,-54,-378,0,0,0,1
20250808,2025-08-08,2025,3,Q3,8,August,Aug,Aug 2025,202508,8,Friday,Fri,5,220,32,2025,2025-W32,202532,2025,4,11,FY25,0,0,0,-1,-12,-54,-377,0,0,0,1
20250809,2025-08-09,2025,3,Q3,8,August,Aug,Aug 2025,202508,9,Saturday,Sat,6,221,32,2025,2025-W32,202532,2025,4,11,FY25,1,0,0,-1,-12,-54,-376,0,0,0,1
20250810,2025-08-10,2025,3,Q3,8,August,Aug,Aug 2025,202508,10,Sunday,Sun,7,222,32,2025,2025-W32,202532,2025,4,11,FY25,1,0,0,-1,-12,-54,-375,0,0,0,1
20250811,2025-08-11,2025,3,Q3,8,August,Aug,Aug 2025,202508,11,Monday,Mon,1,223,33,2025,2025-W33,202533,2025,4,11,FY25,0,0,0,-1,-12,-53,-374,0,0,0,1
20250812,2025-08-12,2025,3,Q3,8,August,Aug,Aug 2025,202508,12,Tuesday,Tue,2,224,33,2025,2025-W33,202533,2025,4,11,FY25,0,0,0,-1,-12,-53,-373,0,0,0,1
20250813,2025-08-13,2025,3,Q3,8,August,Aug,Aug 2025,202508,13,Wednesday,Wed,3,225,33,2025,2025-W33,202533,2025,4,11,FY25,0,0,0,-1,-12,-53,-372,0,0,0,1
20250814,2025-08-14,2025,3,Q3,8,August,Aug,Aug 2025,202508,14,Thursday,Thu,4,226,33,2025,2025-W33,202533,2025,4,11,FY25,0,0,0,-1,-12,-53,-371,0,0,0,1
20250815,2025-08-15,2025,3,Q3,8,August,Aug,Aug 2025,202508,15,Friday,Fri,5,227,33,2025,2025-W33,202533,2025,4,11,FY25,0,0,0,-1,-12,-53,-370,0,0,0,1
20250816,2025-08-16,2025,3,Q3,8,August,Aug,Aug 2025,202508,16,Saturday,Sat,6,228,33,2025,2025-W33,202533,2025,4,11,FY25,1,0,0,-1,-12,-53,-369,0,0,0,1
20250817,2025-08-17,2025,3,Q3,8,August,Aug,Aug 2025,202508,17,Sunday,Sun,7,229,33,2025,2025-W33,202533,2025,4,11,FY25,1,0,0,-1,-12,-53,-368,0,0,0,1
20250818,2025-08-18,2025,3,Q3,8,August,Aug,Aug 2025,202508,18,Monday,Mon,1,230,34,2025,2025-W34,202534,2025,4,11,FY25,0,0,0,-1,-12,-52,-367,0,0,0,1
20250819,2025-08-19,2025,3,Q3,8,August,Aug,Aug 2025,202508,19,Tuesday,Tue,2,231,34,2025,2025-W34,202534,2025,4,11,FY25,0,0,0,-1,-12,-52,-366,0,0,0,1
20250820,2025-08-20,2025,3,Q3,8,August,Aug,Aug 2025,202508,20,Wednesday,Wed,3,232,34,2025,2025-W34,202534,2025,4,11,FY25,0,0,0,-1,-12,-52,-365,0,0,0,1
20250821,2025-08-21,2025,3,Q3,8,August,Aug,Aug 2025,202508,21,Thursday,Thu,4,233,34,2025,2025-W34,202534,2025,4,11,FY25,0,0,0,-1,-12,-52,-364,0,0,0,1
20250822,2025-08-22,2025,3,Q3,8,August,Aug,Aug 2025,202508,22,Friday,Fri,5,234,34,2025,2025-W34,202534,2025,4,11,FY25,0,0,0,-1,-12,-52,-363,0,0,0,1
20250823,2025-08-23,2025,3,Q3,8,August,Aug,Aug 2025,202508,23,Saturday,Sat,6,235,34,2025,2025-W34,202534,2025,4,11,FY25,1,0,0,-1,-12,-52,-362,0,0,0,1
20250824,2025-08-24,2025,3,Q3,8,August,Aug,Aug 2025,202508,24,Sunday,Sun,7,236,34,2025,2025-W34,202534,2025,4,11,FY25,1,0,0,-1,-12,-52,-361,0,0,0,1
20250825,2025-08-25,2025,3,Q3,8,August,Aug,Aug 2025,202508,25,Monday,Mon,1,237,35,2025,2025-W35,202535,2025,4,11,FY25,0,0,0,-1,-12,-51,-360,0,0,0,1
20250826,2025-08-26,2025,3,Q3,8,August,Aug,Aug 2025,202508,26,Tuesday,Tue,2,238,35,2025,2025-W35,202535,2025,4,11,FY25,0,0,0,-1,-12,-51,-359,0,0,0,1
20250827,2025-08-27,2025,3,Q3,8,August,Aug,Aug 2025,202508,27,Wednesday,Wed,3,239,35,2025,2025-W35,202535,2025,4,11,FY25,0,0,0,-1,-12,-51,-358,0,0,0,1
20250828,2025-08-28,2025,3,Q3,8,August,Aug,Aug 2025,202508,28,Thursday,Thu,4,240,35,2025,2025-W35,202535,2025,4,11,FY25,0,0,0,-1,-12,-51,-357,0,0,0,1
20250829,2025-08-29,2025,3,Q3,8,August,Aug,Aug 2025,202508,29,Friday,Fri,5,241,35,2025,2025-W35,202535,2025,4,11,FY25,0,0,0,-1,-12,-51,-356,0,0,0,1
20250830,2025-08-30,2025,3,Q3,8,August,Aug,Aug 2025,202508,30,Saturday,Sat,6,242,35,2025,2025-W35,202535,2025,4,11,FY25,1,0,0,-1,-12,-51,-355,0,0,0,1
20250831,2025-08-31,2025,3,Q3,8,August,Aug,Aug 2025,202508,31,Sunday,Sun,7,243,35,2025,2025-W35,202535,2025,4,11,FY25,1,1,0,-1,-12,-51,-354,0,0,0,1
20250901,2025-09-01,2025,3,Q3,9,September,Sep,Sep 2025,202509,1,Monday,Mon,1,244,36,2025,2025-W36,202536,2025,4,12,FY25,0,0,0,-1,-11,-50,-353,0,0,0,1
20250902,2025-09-02,2025,3,Q3,9,September,Sep,Sep 2025,202509,2,Tuesday,Tue,2,245,36,2025,2025-W36,202536,2025,4,12,FY25,0,0,0,-1,-11,-50,-352,0,0,0,1
20250903,2025-09-03,2025,3,Q3,9,September,Sep,Sep 2025,202509,3,Wednesday,Wed,3,246,36,2025,2025-W36,202536,2025,4,12,FY25,0,0,0,-1,-11,-50,-351,0,0,0,1
20250904,2025-09-04,2025,3,Q3,9,September,Sep,Sep 2025,202509,4,Thursday,Thu,4,247,36,2025,2025-W36,202536,2025,4,12,FY25,0,0,0,-1,-11,-50,-350,0,0,0,1
20250905,2025-09-05,2025,3,Q3,9,September,Sep,Sep 2025,202509,5,Friday,Fri,5,248,36,2025,2025-W36,202536,2025,4,12,FY25,0,0,0,-1,-11,-50,-349,0,0,0,1
20250906,2025-09-06,2025,3,Q3,9,September,Sep,Sep 2025,202509,6,Saturday,Sat,6,249,36,2025,2025-W36,202536,2025,4,12,FY25,1,0,0,-1,-11,-50,-348,0,0,0,1
20250907,2025-09-07,2025,3,Q3,9,September,Sep,Sep 2025,202509,7,Sunday,Sun,7,250,36,2025,2025-W36,202536,2025,4,12,FY25,1,0,0,-1,-11,-50,-347,0,0,0,1
20250908,2025-09-08,2025,3,Q3,9,September,Sep,Sep 2025,202509,8,Monday,Mon,1,251,37,2025,2025-W37,202537,2025,4,12,FY25,0,0,0,-1,-11,-49,-346,0,0,0,1
20250909,2025-09-09,2025,3,Q3,9,September,Sep,Sep 2025,202509,9,Tuesday,Tue,2,252,37,2025,2025-W37,202537,2025,4,12,FY25,0,0,0,-1,-11,-49,-345,0,0,0,1
20250910,2025-09-10,2025,3,Q3,9,September,Sep,Sep 2025,202509,10,Wednesday,Wed,3,253,37,2025,2025-W37,202537,2025,4,12,FY25,0,0,0,-1,-11,-49,-344,0,0,0,1
20250911,2025-09-11,2025,3,Q3,9,September,Sep,Sep 2025,202509,11,Thursday,Thu,4,254,37,2025,2025-W37,202537,2025,4,12,FY25,0,0,0,-1,-11,-49,-343,0,0,0,1
20250912,2025-09-12,2025,3,Q3,9,September,Sep,Sep 2025,202509,12,Friday,Fri,5,255,37,2025,2025-W37,202537,2025,4,12,FY25,0,0,0,-1,-11,-49,-342,0,0,0,1
20250913,2025-09-13,2025,3,Q3,9,September,Sep,Sep 2025,202509,13,Saturday,Sat,6,256,37,2025,2025-W37,202537,2025,4,12,FY25,1,0,0,-1,-11,-49,-341,0,0,0,1
20250914,2025-09-14,2025,3,Q3,9,September,Sep,Sep 2025,202509,14,Sunday,Sun,7,257,37,2025,2025-W37,202537,2025,4,12,FY25,1,0,0,-1,-11,-49,-340,0,0,0,1
20250915,2025-09-15,2025,3,Q3,9,September,Sep,Sep 2025,202509,15,Monday,Mon,1,258,38,2025,2025-W38,202538,2025,4,12,FY25,0,0,0,-1,-11,-48,-339,0,0,0,1
20250916,2025-09-16,2025,3,Q3,9,September,Sep,Sep 2025,202509,16,Tuesday,Tue,2,259,38,2025,2025-W38,202538,2025,4,12,FY25,0,0,0,-1,-11,-48,-338,0,0,0,1
20250917,2025-09-17,2025,3,Q3,9,September,Sep,Sep 2025,202509,17,Wednesday,Wed,3,260,38,2025,2025-W38,202538,2025,4,12,FY25,0,0,0,-1,-11,-48,-337,0,0,0,1
20250918,2025-09-18,2025,3,Q3,9,September,Sep,Sep 2025,202509,18,Thursday,Thu,4,261,38,2025,2025-W38,202538,2025,4,12,FY25,0,0,0,-1,-11,-48,-336,0,0,0,1
20250919,2025-09-19,2025,3,Q3,9,September,Sep,Sep 2025,202509,19,Friday,Fri,5,262,38,2025,2025-W38,202538,2025,4,12,FY25,0,0,0,-1,-11,-48,-335,0,0,0,1
20250920,2025-09-20,2025,3,Q3,9,September,Sep,Sep 2025,202509,20,Saturday,Sat,6,263,38,2025,2025-W38,202538,2025,4,12,FY25,1,0,0,-1,-11,-48,-334,0,0,0,1
20250921,2025-09-21,2025,3,Q3,9,September,Sep,Sep 2025,202509,21,Sunday,Sun,7,264,38,2025,2025-W38,202538,2025,4,12,FY25,1,0,0,-1,-11,-48,-333,0,0,0,1
20250922,2025-09-22,2025,3,Q3,9,September,Sep,Sep 2025,202509,22,Monday,Mon,1,265,39,2025,2025-W39,202539,2025,4,12,FY25,0,0,0,-1,-11,-47,-332,0,0,0,1
20250923,2025-09-23,2025,3,Q3,9,September,Sep,Sep 2025,202509,23,Tuesday,Tue,2,266,39,2025,2025-W39,202539,2025,4,12,FY25,0,0,0,-1,-11,-47,-331,0,0,0,1
20250924,2025-09-24,2025,3,Q3,9,September,Sep,Sep 2025,202509,24,Wednesday,Wed,3,267,39,2025,2025-W39,202539,2025,4,12,FY25,0,0,0,-1,-11,-47,-330,0,0,0,1
20250925,2025-09-25,2025,3,Q3,9,September,Sep,Sep 2025,202509,25,Thursday,Thu,4,268,39,2025,2025-W39,202539,2025,4,12,FY25,0,0,0,-1,-11,-47,-329,0,0,0,1
20250926,2025-09-26,2025,3,Q3,9,September,Sep,Sep 2025,202509,26,Friday,Fri,5,269,39,2025,2025-W39,202539,2025,4,12,FY25,0,0,0,-1,-11,-47,-328,0,0,0,1
20250927,2025-09-27,2025,3,Q3,9,September,Sep,Sep 2025,202509,27,Saturday,Sat,6,270,39,2025,2025-W39,202539,2025,4,12,FY25,1,0,0,-1,-11,-47,-327,0,0,0,1
20250928,2025-09-28,2025,3,Q3,9,September,Sep,Sep 2025,202509,28,Sunday,Sun,7,271,39,2025,2025-W39,202539,2025,4,12,FY25,1,0,0,-1,-11,-47,-326,0,0,0,1
20250929,2025-09-29,2025,3,Q3,9,September,Sep,Sep 2025,202509,29,Monday,Mon,1,272,40,2025,2025-W40,202540,2025,4,12,FY25,0,0,0,-1,-11,-46,-325,0,0,0,1
20250930,2025-09-30,2025,3,Q3,9,September,Sep,Sep 2025,202509,30,Tuesday,Tue,2,273,40,2025,2025-W40,202540,2025,4,12,FY25,0,1,1,-1,-11,-46,-324,0,0,0,1
20251001,2025-10-01,2025,4,Q4,10,October,Oct,Oct 2025,202510,1,Wednesday,Wed,3,274,40,2025,2025-W40,202540,2026,1,1,FY26,0,0,0,-1,-10,-46,-323,0,0,0,1
20251002,2025-10-02,2025,4,Q4,10,October,Oct,Oct 2025,202510,2,Thursday,Thu,4,275,40,2025,2025-W40,202540,2026,1,1,FY26,0,0,0,-1,-10,-46,-322,0,0,0,1
20251003,2025-10-03,2025,4,Q4,10,October,Oct,Oct 2025,202510,3,Friday,Fri,5,276,40,2025,2025-W40,202540,2026,1,1,FY26,0,0,0,-1,-10,-46,-321,0,0,0,1
20251004,2025-10-04,2025,4,Q4,10,October,Oct,Oct 2025,202510,4,Saturday,Sat,6,277,40,2025,2025-W40,202540,2026,1,1,FY26,1,0,0,-1,-10,-46,-320,0,0,0,1
20251005,2025-10-05,2025,4,Q4,10,October,Oct,Oct 2025,202510,5,Sunday,Sun,7,278,40,2025,2025-W40,202540,2026,1,1,FY26,1,0,0,-1,-10,-46,-319,0,0,0,1
20251006,2025-10-06,2025,4,Q4,10,October,Oct,Oct 2025,202510,6,Monday,Mon,1,279,41,2025,2025-W41,202541,2026,1,1,FY26,0,0,0,-1,-10,-45,-318,0,0,0,1
20251007,2025-10-07,2025,4,Q4,10,October,Oct,Oct 2025,202510,7,Tuesday,Tue,2,280,41,2025,2025-W41,202541,2026,1,1,FY26,0,0,0,-1,-10,-45,-317,0,0,0,1
20251008,2025-10-08,2025,4,Q4,10,October,Oct,Oct 2025,202510,8,Wednesday,Wed,3,281,41,2025,2025-W41,202541,2026,1,1,FY26,0,0,0,-1,-10,-45,-316,0,0,0,1
20251009,2025-10-09,2025,4,Q4,10,October,Oct,Oct 2025,202510,9,Thursday,Thu,4,282,41,2025,2025-W41,202541,2026,1,1,FY26,0,0,0,-1,-10,-45,-315,0,0,0,1
20251010,2025-10-10,2025,4,Q4,10,October,Oct,Oct 2025,202510,10,Friday,Fri,5,283,41,2025,2025-W41,202541,2026,1,1,FY26,0,0,0,-1,-10,-45,-314,0,0,0,1
20251011,2025-10-11,2025,4,Q4,10,October,Oct,Oct 2025,202510,11,Saturday,Sat,6,284,41,2025,2025-W41,202541,2026,1,1,FY26,1,0,0,-1,-10,-45,-313,0,0,0,1
20251012,2025-10-12,2025,4,Q4,10,October,Oct,Oct 2025,202510,12,Sunday,Sun,7,285,41,2025,2025-W41,202541,2026,1,1,FY26,1,0,0,-1,-10,-45,-312,0,0,0,1
20251013,2025-10-13,2025,4,Q4,10,October,Oct,Oct 2025,202510,13,Monday,Mon,1,286,42,2025,2025-W42,202542,2026,1,1,FY26,0,0,0,-1,-10,-44,-311,0,0,0,1
20251014,2025-10-14,2025,4,Q4,10,October,Oct,Oct 2025,202510,14,Tuesday,Tue,2,287,42,2025,2025-W42,202542,2026,1,1,FY26,0,0,0,-1,-10,-44,-310,0,0,0,1
20251015,2025-10-15,2025,4,Q4,10,October,Oct,Oct 2025,202510,15,Wednesday,Wed,3,288,42,2025,2025-W42,202542,2026,1,1,FY26,0,0,0,-1,-10,-44,-309,0,0,0,1
20251016,2025-10-16,2025,4,Q4,10,October,Oct,Oct 2025,202510,16,Thursday,Thu,4,289,42,2025,2025-W42,202542,2026,1,1,FY26,0,0,0,-1,-10,-44,-308,0,0,0,1
20251017,2025-10-17,2025,4,Q4,10,October,Oct,Oct 2025,202510,17,Friday,Fri,5,290,42,2025,2025-W42,202542,2026,1,1,FY26,0,0,0,-1,-10,-44,-307,0,0,0,1
20251018,2025-10-18,2025,4,Q4,10,October,Oct,Oct 2025,202510,18,Saturday,Sat,6,291,42,2025,2025-W42,202542,2026,1,1,FY26,1,0,0,-1,-10,-44,-306,0,0,0,1
20251019,2025-10-19,2025,4,Q4,10,October,Oct,Oct 2025,202510,19,Sunday,Sun,7,292,42,2025,2025-W42,202542,2026,1,1,FY26,1,0,0,-1,-10,-44,-305,0,0,0,1
20251020,2025-10-20,2025,4,Q4,10,October,Oct,Oct 2025,202510,20,Monday,Mon,1,293,43,2025,2025-W43,202543,2026,1,1,FY26,0,0,0,-1,-10,-43,-304,0,0,0,1
20251021,2025-10-21,2025,4,Q4,10,October,Oct,Oct 2025,202510,21,Tuesday,Tue,2,294,43,2025,2025-W43,202543,2026,1,1,FY26,0,0,0,-1,-10,-43,-303,0,0,0,1
20251022,2025-10-22,2025,4,Q4,10,October,Oct,Oct 2025,202510,22,Wednesday,Wed,3,295,43,2025,2025-W43,202543,2026,1,1,FY26,0,0,0,-1,-10,-43,-302,0,0,0,1
20251023,2025-10-23,2025,4,Q4,10,October,Oct,Oct 2025,202510,23,Thursday,Thu,4,296,43,2025,2025-W43,202543,2026,1,1,FY26,0,0,0,-1,-10,-43,-301,0,0,0,1
20251024,2025-10-24,2025,4,Q4,10,October,Oct,Oct 2025,202510,24,Friday,Fri,5,297,43,2025,2025-W43,202543,2026,1,1,FY26,0,0,0,-1,-10,-43,-300,0,0,0,1
20251025,2025-10-25,2025,4,Q4,10,October,Oct,Oct 2025,202510,25,Saturday,Sat,6,298,43,2025,2025-W43,202543,2026,1,1,FY26,1,0,0,-1,-10,-43,-299,0,0,0,1
20251026,2025-10-26,2025,4,Q4,10,October,Oct,Oct 2025,202510,26,Sunday,Sun,7,299,43,2025,2025-W43,202543,2026,1,1,FY26,1,0,0,-1,-10,-43,-298,0,0,0,1
20251027,2025-10-27,2025,4,Q4,10,October,Oct,Oct 2025,202510,27,Monday,Mon,1,300,44,2025,2025-W44,202544,2026,1,1,FY26,0,0,0,-1,-10,-42,-297,0,0,0,1
20251028,2025-10-28,2025,4,Q4,10,October,Oct,Oct 2025,202510,28,Tuesday,Tue,2,301,44,2025,2025-W44,202544,2026,1,1,FY26,0,0,0,-1,-10,-42,-296,0,0,0,1
20251029,2025-10-29,2025,4,Q4,10,October,Oct,Oct 2025,202510,29,Wednesday,Wed,3,302,44,2025,2025-W44,202544,2026,1,1,FY26,0,0,0,-1,-10,-42,-295,0,0,0,1
20251030,2025-10-30,2025,4,Q4,10,October,Oct,Oct 2025,202510,30,Thursday,Thu,4,303,44,2025,2025-W44,202544,2026,1,1,FY26,0,0,0,-1,-10,-42,-294,0,0,0,1
20251031,2025-10-31,2025,4,Q4,10,October,Oct,Oct 2025,202510,31,Friday,Fri,5,304,44,2025,2025-W44,202544,2026,1,1,FY26,0,1,0,-1,-10,-42,-293,0,0,0,1
20251101,2025-11-01,2025,4,Q4,11,November,Nov,Nov 2025,202511,1,Saturday,Sat,6,305,44,2025,2025-W44,202544,2026,1,2,FY26,1,0,0,-1,-9,-42,-292,0,0,0,0
20251102,2025-11-02,2025,4,Q4,11,November,Nov,Nov 2025,202511,2,Sunday,Sun,7,306,44,2025,2025-W44,202544,2026,1,2,FY26,1,0,0,-1,-9,-42,-291,0,0,0,0
20251103,2025-11-03,2025,4,Q4,11,November,Nov,Nov 2025,202511,3,Monday,Mon,1,307,45,2025,2025-W45,202545,2026,1,2,FY26,0,0,0,-1,-9,-41,-290,0,0,0,0
20251104,2025-11-04,2025,4,Q4,11,November,Nov,Nov 2025,202511,4,Tuesday,Tue,2,308,45,2025,2025-W45,202545,2026,1,2,FY26,0,0,0,-1,-9,-41,-289,0,0,0,0
20251105,2025-11-05,2025,4,Q4,11,November,Nov,Nov 2025,202511,5,Wednesday,Wed,3,309,45,2025,2025-W45,202545,2026,1,2,FY26,0,0,0,-1,-9,-41,-288,0,0,0,0
20251106,2025-11-06,2025,4,Q4,11,November,Nov,Nov 2025,202511,6,Thursday,Thu,4,310,45,2025,2025-W45,202545,2026,1,2,FY26,0,0,0,-1,-9,-41,-287,0,0,0,0
20251107,2025-11-07,2025,4,Q4,11,November,Nov,Nov 2025,202511,7,Friday,Fri,5,311,45,2025,2025-W45,202545,2026,1,2,FY26,0,0,0,-1,-9,-41,-286,0,0,0,0
20251108,2025-11-08,2025,4,Q4,11,November,Nov,Nov 2025,202511,8,Saturday,Sat,6,312,45,2025,2025-W45,202545,2026,1,2,FY26,1,0,0,-1,-9,-41,-285,0,0,0,0
20251109,2025-11-09,2025,4,Q4,11,November,Nov,Nov 2025,202511,9,Sunday,Sun,7,313,45,2025,2025-W45,202545,2026,1,2,FY26,1,0,0,-1,-9,-41,-284,0,0,0,0
20251110,2025-11-10,2025,4,Q4,11,November,Nov,Nov 2025,202511,10,Monday,Mon,1,314,46,2025,2025-W46,202546,2026,1,2,FY26,0,0,0,-1,-9,-40,-283,0,0,0,0
20251111,2025-11-11,2025,4,Q4,11,November,Nov,Nov 2025,202511,11,Tuesday,Tue,2,315,46,2025,2025-W46,202546,2026,1,2,FY26,0,0,0,-1,-9,-40,-282,0,0,0,0
20251112,2025-11-12,2025,4,Q4,11,November,Nov,Nov 2025,202511,12,Wednesday,Wed,3,316,46,2025,2025-W46,202546,2026,1,2,FY26,0,0,0,-1,-9,-40,-281,0,0,0,0
20251113,2025-11-13,2025,4,Q4,11,November,Nov,Nov 2025,202511,13,Thursday,Thu,4,317,46,2025,2025-W46,202546,2026,1,2,FY26,0,0,0,-1,-9,-40,-280,0,0,0,0
20251114,2025-11-14,2025,4,Q4,11,November,Nov,Nov 2025,202511,14,Friday,Fri,5,318,46,2025,2025-W46,202546,2026,1,2,FY26,0,0,0,-1,-9,-40,-279,0,0,0,0
20251115,2025-11-15,2025,4,Q4,11,November,Nov,Nov 2025,202511,15,Saturday,Sat,6,319,46,2025,2025-W46,202546,2026,1,2,FY26,1,0,0,-1,-9,-40,-278,0,0,0,0
20251116,2025-11-16,2025,4,Q4,11,November,Nov,Nov 2025,202511,16,Sunday,Sun,7,320,46,2025,2025-W46,202546,2026,1,2,FY26,1,0,0,-1,-9,-40,-277,0,0,0,0
20251117,2025-11-17,2025,4,Q4,11,November,Nov,Nov 2025,202511,17,Monday,Mon,1,321,47,2025,2025-W47,202547,2026,1,2,FY26,0,0,0,-1,-9,-39,-276,0,0,0,0
20251118,2025-11-18,2025,4,Q4,11,November,Nov,Nov 2025,202511,18,Tuesday,Tue,2,322,47,2025,2025-W47,202547,2026,1,2,FY26,0,0,0,-1,-9,-39,-275,0,0,0,0
20251119,2025-11-19,2025,4,Q4,11,November,Nov,Nov 2025,202511,19,Wednesday,Wed,3,323,47,2025,2025-W47,202547,2026,1,2,FY26,0,0,0,-1,-9,-39,-274,0,0,0,0
20251120,2025-11-20,2025,4,Q4,11,November,Nov,Nov 2025,202511,20,Thursday,Thu,4,324,47,2025,2025-W47,202547,2026,1,2,FY26,0,0,0,-1,-9,-39,-273,0,0,0,0
20251121,2025-11-21,2025,4,Q4,11,November,Nov,Nov 2025,202511,21,Friday,Fri,5,325,47,2025,2025-W47,202547,2026,1,2,FY26,0,0,0,-1,-9,-39,-272,0,0,0,0
20251122,2025-11-22,2025,4,Q4,11,November,Nov,Nov 2025,202511,22,Saturday,Sat,6,326,47,2025,2025-W47,202547,2026,1,2,FY26,1,0,0,-1,-9,-39,-271,0,0,0,0
20251123,2025-11-23,2025,4,Q4,11,November,Nov,Nov 2025,202511,23,Sunday,Sun,7,327,47,2025,2025-W47,202547,2026,1,2,FY26,1,0,0,-1,-9,-39,-270,0,0,0,0
20251124,2025-11-24,2025,4,Q4,11,November,Nov,Nov 2025,202511,24,Monday,Mon,1,328,48,2025,2025-W48,202548,2026,1,2,FY26,0,0,0,-1,-9,-38,-269,0,0,0,0
20251125,2025-11-25,2025,4,Q4,11,November,Nov,Nov 2025,202511,25,Tuesday,Tue,2,329,48,2025,2025-W48,202548,2026,1,2,FY26,0,0,0,-1,-9,-38,-268,0,0,0,0
20251126,2025-11-26,2025,4,Q4,11,November,Nov,Nov 2025,202511,26,Wednesday,Wed,3,330,48,2025,2025-W48,202548,2026,1,2,FY26,0,0,0,-1,-9,-38,-267,0,0,0,0
20251127,2025-11-27,2025,4,Q4,11,November,Nov,Nov 2025,202511,27,Thursday,Thu,4,331,48,2025,2025-W48,202548,2026,1,2,FY26,0,0,0,-1,-9,-38,-266,0,0,0,0
20251128,2025-11-28,2025,4,Q4,11,November,Nov,Nov 2025,202511,28,Friday,Fri,5,332,48,2025,2025-W48,202548,2026,1,2,FY26,0,0,0,-1,-9,-38,-265,0,0,0,0
20251129,2025-11-29,2025,4,Q4,11,November,Nov,Nov 2025,202511,29,Saturday,Sat,6,333,48,2025,2025-W48,202548,2026,1,2,FY26,1,0,0,-1,-9,-38,-264,0,0,0,0
20251130,2025-11-30,2025,4,Q4,11,November,Nov,Nov 2025,202511,30,Sunday,Sun,7,334,48,2025,2025-W48,202548,2026,1,2,FY26,1,1,0,-1,-9,-38,-263,0,0,0,0
20251201,2025-12-01,2025,4,Q4,12,December,Dec,Dec 2025,202512,1,Monday,Mon,1,335,49,2025,2025-W49,202549,2026,1,3,FY26,0,0,0,-1,-8,-37,-262,0,0,0,0
20251202,2025-12-02,2025,4,Q4,12,December,Dec,Dec 2025,202512,2,Tuesday,Tue,2,336,49,2025,2025-W49,202549,2026,1,3,FY26,0,0,0,-1,-8,-37,-261,0,0,0,0
20251203,2025-12-03,2025,4,Q4,12,December,Dec,Dec 2025,202512,3,Wednesday,Wed,3,337,49,2025,2025-W49,202549,2026,1,3,FY26,0,0,0,-1,-8,-37,-260,0,0,0,0
20251204,2025-12-04,2025,4,Q4,12,December,Dec,Dec 2025,202512,4,Thursday,Thu,4,338,49,2025,2025-W49,202549,2026,1,3,FY26,0,0,0,-1,-8,-37,-259,0,0,0,0
20251205,2025-12-05,2025,4,Q4,12,December,Dec,Dec 2025,202512,5,Friday,Fri,5,339,49,2025,2025-W49,202549,2026,1,3,FY26,0,0,0,-1,-8,-37,-258,0,0,0,0
20251206,2025-12-06,2025,4,Q4,12,December,Dec,Dec 2025,202512,6,Saturday,Sat,6,340,49,2025,2025-W49,202549,2026,1,3,FY26,1,0,0,-1,-8,-37,-257,0,0,0,0
20251207,2025-12-07,2025,4,Q4,12,December,Dec,Dec 2025,202512,7,Sunday,Sun,7,341,49,2025,2025-W49,202549,2026,1,3,FY26,1,0,0,-1,-8,-37,-256,0,0,0,0
20251208,2025-12-08,2025,4,Q4,12,December,Dec,Dec 2025,202512,8,Monday,Mon,1,342,50,2025,2025-W50,202550,2026,1,3,FY26,0,0,0,-1,-8,-36,-255,0,0,0,0
20251209,2025-12-09,2025,4,Q4,12,December,Dec,Dec 2025,202512,9,Tuesday,Tue,2,343,50,2025,2025-W50,202550,2026,1,3,FY26,0,0,0,-1,-8,-36,-254,0,0,0,0
20251210,2025-12-10,2025,4,Q4,12,December,Dec,Dec 2025,202512,10,Wednesday,Wed,3,344,50,2025,2025-W50,202550,2026,1,3,FY26,0,0,0,-1,-8,-36,-253,0,0,0,0
20251211,2025-12-11,2025,4,Q4,12,December,Dec,Dec 2025,202512,11,Thursday,Thu,4,345,50,2025,2025-W50,202550,2026,1,3,FY26,0,0,0,-1,-8,-36,-252,0,0,0,0
20251212,2025-12-12,2025,4,Q4,12,December,Dec,Dec 2025,202512,12,Friday,Fri,5,346,50,2025,2025-W50,202550,2026,1,3,FY26,0,0,0,-1,-8,-36,-251,0,0,0,0
20251213,2025-12-13,2025,4,Q4,12,December,Dec,Dec 2025,202512,13,Saturday,Sat,6,347,50,2025,2025-W50,202550,2026,1,3,FY26,1,0,0,-1,-8,-36,-250,0,0,0,0
20251214,2025-12-14,2025,4,Q4,12,December,Dec,Dec 2025,202512,14,Sunday,Sun,7,348,50,2025,2025-W50,202550,2026,1,3,FY26,1,0,0,-1,-8,-36,-249,0,0,0,0
20251215,2025-12-15,2025,4,Q4,12,December,Dec,Dec 2025,202512,15,Monday,Mon,1,349,51,2025,2025-W51,202551,2026,1,3,FY26,0,0,0,-1,-8,-35,-248,0,0,0,0
20251216,2025-12-16,2025,4,Q4,12,December,Dec,Dec 2025,202512,16,Tuesday,Tue,2,350,51,2025,2025-W51,202551,2026,1,3,FY26,0,0,0,-1,-8,-35,-247,0,0,0,0
20251217,2025-12-17,2025,4,Q4,12,December,Dec,Dec 2025,202512,17,Wednesday,Wed,3,351,51,2025,2025-W51,202551,2026,1,3,FY26,0,0,0,-1,-8,-35,-246,0,0,0,0
20251218,2025-12-18,2025,4,Q4,12,December,Dec,Dec 2025,202512,18,Thursday,Thu,4,352,51,2025,2025-W51,202551,2026,1,3,FY26,0,0,0,-1,-8,-35,-245,0,0,0,0
20251219,2025-12-19,2025,4,Q4,12,December,Dec,Dec 2025,202512,19,Friday,Fri,5,353,51,2025,2025-W51,202551,2026,1,3,FY26,0,0,0,-1,-8,-35,-244,0,0,0,0
20251220,2025-12-20,2025,4,Q4,12,December,Dec,Dec 2025,202512,20,Saturday,Sat,6,354,51,2025,2025-W51,202551,2026,1,3,FY26,1,0,0,-1,-8,-35,-243,0,0,0,0
20251221,2025-12-21,2025,4,Q4,12,December,Dec,Dec 2025,202512,21,Sunday,Sun,7,355,51,2025,2025-W51,202551,2026,1,3,FY26,1,0,0,-1,-8,-35,-242,0,0,0,0
20251222,2025-12-22,2025,4,Q4,12,December,Dec,Dec 2025,202512,22,Monday,Mon,1,356,52,2025,2025-W52,202552,2026,1,3,FY26,0,0,0,-1,-8,-34,-241,0,0,0,0
20251223,2025-12-23,2025,4,Q4,12,December,Dec,Dec 2025,202512,23,Tuesday,Tue,2,357,52,2025,2025-W52,202552,2026,1,3,FY26,0,0,0,-1,-8,-34,-240,0,0,0,0
20251224,2025-12-24,2025,4,Q4,12,December,Dec,Dec 2025,202512,24,Wednesday,Wed,3,358,52,2025,2025-W52,202552,2026,1,3,FY26,0,0,0,-1,-8,-34,-239,0,0,0,0
20251225,2025-12-25,2025,4,Q4,12,December,Dec,Dec 2025,202512,25,Thursday,Thu,4,359,52,2025,2025-W52,202552,2026,1,3,FY26,0,0,0,-1,-8,-34,-238,0,0,0,0
20251226,2025-12-26,2025,4,Q4,12,December,Dec,Dec 2025,202512,26,Friday,Fri,5,360,52,2025,2025-W52,202552,2026,1,3,FY26,0,0,0,-1,-8,-34,-237,0,0,0,0
20251227,2025-12-27,2025,4,Q4,12,December,Dec,Dec 2025,202512,27,Saturday,Sat,6,361,52,2025,2025-W52,202552,2026,1,3,FY26,1,0,0,-1,-8,-34,-236,0,0,0,0
20251228,2025-12-28,2025,4,Q4,12,December,Dec,Dec 2025,202512,28,Sunday,Sun,7,362,52,2025,2025-W52,202552,2026,1,3,FY26,1,0,0,-1,-8,-34,-235,0,0,0,0
20251229,2025-12-29,2025,4,Q4,12,December,Dec,Dec 2025,202512,29,Monday,Mon,1,363,1,2026,2026-W01,202601,2026,1,3,FY26,0,0,0,-1,-8,-33,-234,0,0,0,0
20251230,2025-12-30,2025,4,Q4,12,December,Dec,Dec 2025,202512,30,Tuesday,Tue,2,364,1,2026,2026-W01,202601,2026,1,3,FY26,0,0,0,-1,-8,-33,-233,0,0,0,0
20251231,2025-12-31,2025,4,Q4,12,December,Dec,Dec 2025,202512,31,Wednesday,Wed,3,365,1,2026,2026-W01,202601,2026,1,3,FY26,0,1,1,-1,-8,-33,-232,0,0,0,0
20260101,2026-01-01,2026,1,Q1,1,January,Jan,Jan 2026,202601,1,Thursday,Thu,4,1,1,2026,2026-W01,202601,2026,2,4,FY26,0,0,0,0,-7,-33,-231,1,0,0,0
20260102,2026-01-02,2026,1,Q1,1,January,Jan,Jan 2026,202601,2,Friday,Fri,5,2,1,2026,2026-W01,202601,2026,2,4,FY26,0,0,0,0,-7,-33,-230,1,0,0,0
20260103,2026-01-03,2026,1,Q1,1,January,Jan,Jan 2026,202601,3,Saturday,Sat,6,3,1,2026,2026-W01,202601,2026,2,4,FY26,1,0,0,0,-7,-33,-229,1,0,0,0
20260104,2026-01-04,2026,1,Q1,1,January,Jan,Jan 2026,202601,4,Sunday,Sun,7,4,1,2026,2026-W01,202601,2026,2,4,FY26,1,0,0,0,-7,-33,-228,1,0,0,0
20260105,2026-01-05,2026,1,Q1,1,January,Jan,Jan 2026,202601,5,Monday,Mon,1,5,2,2026,2026-W02,202602,2026,2,4,FY26,0,0,0,0,-7,-32,-227,1,0,0,0
20260106,2026-01-06,2026,1,Q1,1,January,Jan,Jan 2026,202601,6,Tuesday,Tue,2,6,2,2026,2026-W02,202602,2026,2,4,FY26,0,0,0,0,-7,-32,-226,1,0,0,0
20260107,2026-01-07,2026,1,Q1,1,January,Jan,Jan 2026,202601,7,Wednesday,Wed,3,7,2,2026,2026-W02,202602,2026,2,4,FY26,0,0,0,0,-7,-32,-225,1,0,0,0
20260108,2026-01-08,2026,1,Q1,1,January,Jan,Jan 2026,202601,8,Thursday,Thu,4,8,2,2026,2026-W02,202602,2026,2,4,FY26,0,0,0,0,-7,-32,-224,1,0,0,0
20260109,2026-01-09,2026,1,Q1,1,January,Jan,Jan 2026,202601,9,Friday,Fri,5,9,2,2026,2026-W02,202602,2026,2,4,FY26,0,0,0,0,-7,-32,-223,1,0,0,0
20260110,2026-01-10,2026,1,Q1,1,January,Jan,Jan 2026,202601,10,Saturday,Sat,6,10,2,2026,2026-W02,202602,2026,2,4,FY26,1,0,0,0,-7,-32,-222,1,0,0,0
20260111,2026-01-11,2026,1,Q1,1,January,Jan,Jan 2026,202601,11,Sunday,Sun,7,11,2,2026,2026-W02,202602,2026,2,4,FY26,1,0,0,0,-7,-32,-221,1,0,0,0
20260112,2026-01-12,2026,1,Q1,1,January,Jan,Jan 2026,202601,12,Monday,Mon,1,12,3,2026,2026-W03,202603,2026,2,4,FY26,0,0,0,0,-7,-31,-220,1,0,0,0
20260113,2026-01-13,2026,1,Q1,1,January,Jan,Jan 2026,202601,13,Tuesday,Tue,2,13,3,2026,2026-W03,202603,2026,2,4,FY26,0,0,0,0,-7,-31,-219,1,0,0,0
20260114,2026-01-14,2026,1,Q1,1,January,Jan,Jan 2026,202601,14,Wednesday,Wed,3,14,3,2026,2026-W03,202603,2026,2,4,FY26,0,0,0,0,-7,-31,-218,1,0,0,0
20260115,2026-01-15,2026,1,Q1,1,January,Jan,Jan 2026,202601,15,Thursday,Thu,4,15,3,2026,2026-W03,202603,2026,2,4,FY26,0,0,0,0,-7,-31,-217,1,0,0,0
20260116,2026-01-16,2026,1,Q1,1,January,Jan,Jan 2026,202601,16,Friday,Fri,5,16,3,2026,2026-W03,202603,2026,2,4,FY26,0,0,0,0,-7,-31,-216,1,0,0,0
20260117,2026-01-17,2026,1,Q1,1,January,Jan,Jan 2026,202601,17,Saturday,Sat,6,17,3,2026,2026-W03,202603,2026,2,4,FY26,1,0,0,0,-7,-31,-215,1,0,0,0
20260118,2026-01-18,2026,1,Q1,1,January,Jan,Jan 2026,202601,18,Sunday,Sun,7,18,3,2026,2026-W03,202603,2026,2,4,FY26,1,0,0,0,-7,-31,-214,1,0,0,0
20260119,2026-01-19,2026,1,Q1,1,January,Jan,Jan 2026,202601,19,Monday,Mon,1,19,4,2026,2026-W04,202604,2026,2,4,FY26,0,0,0,0,-7,-30,-213,1,0,0,0
20260120,2026-01-20,2026,1,Q1,1,January,Jan,Jan 2026,202601,20,Tuesday,Tue,2,20,4,2026,2026-W04,202604,2026,2,4,FY26,0,0,0,0,-7,-30,-212,1,0,0,0
20260121,2026-01-21,2026,1,Q1,1,January,Jan,Jan 2026,202601,21,Wednesday,Wed,3,21,4,2026,2026-W04,202604,2026,2,4,FY26,0,0,0,0,-7,-30,-211,1,0,0,0
20260122,2026-01-22,2026,1,Q1,1,January,Jan,Jan 2026,202601,22,Thursday,Thu,4,22,4,2026,2026-W04,202604,2026,2,4,FY26,0,0,0,0,-7,-30,-210,1,0,0,0
20260123,2026-01-23,2026,1,Q1,1,January,Jan,Jan 2026,202601,23,Friday,Fri,5,23,4,2026,2026-W04,202604,2026,2,4,FY26,0,0,0,0,-7,-30,-209,1,0,0,0
20260124,2026-01-24,2026,1,Q1,1,January,Jan,Jan 2026,202601,24,Saturday,Sat,6,24,4,2026,2026-W04,202604,2026,2,4,FY26,1,0,0,0,-7,-30,-208,1,0,0,0
20260125,2026-01-25,2026,1,Q1,1,January,Jan,Jan 2026,202601,25,Sunday,Sun,7,25,4,2026,2026-W04,202604,2026,2,4,FY26,1,0,0,0,-7,-30,-207,1,0,0,0
20260126,2026-01-26,2026,1,Q1,1,January,Jan,Jan 2026,202601,26,Monday,Mon,1,26,5,2026,2026-W05,202605,2026,2,4,FY26,0,0,0,0,-7,-29,-206,1,0,0,0
20260127,2026-01-27,2026,1,Q1,1,January,Jan,Jan 2026,202601,27,Tuesday,Tue,2,27,5,2026,2026-W05,202605,2026,2,4,FY26,0,0,0,0,-7,-29,-205,1,0,0,0
20260128,2026-01-28,2026,1,Q1,1,January,Jan,Jan 2026,202601,28,Wednesday,Wed,3,28,5,2026,2026-W05,202605,2026,2,4,FY26,0,0,0,0,-7,-29,-204,1,0,0,0
20260129,2026-01-29,2026,1,Q1,1,January,Jan,Jan 2026,202601,29,Thursday,Thu,4,29,5,2026,2026-W05,202605,2026,2,4,FY26,0,0,0,0,-7,-29,-203,1,0,0,0
20260130,2026-01-30,2026,1,Q1,1,January,Jan,Jan 2026,202601,30,Friday,Fri,5,30,5,2026,2026-W05,202605,2026,2,4,FY26,0,0,0,0,-7,-29,-202,1,0,0,0
20260131,2026-01-31,2026,1,Q1,1,January,Jan,Jan 2026,202601,31,Saturday,Sat,6,31,5,2026,2026-W05,202605,2026,2,4,FY26,1,1,0,0,-7,-29,-201,1,0,0,0
20260201,2026-02-01,2026,1,Q1,2,February,Feb,Feb 2026,202602,1,Sunday,Sun,7,32,5,2026,2026-W05,202605,2026,2,5,FY26,1,0,0,0,-6,-29,-200,1,0,0,0
20260202,2026-02-02,2026,1,Q1,2,February,Feb,Feb 2026,202602,2,Monday,Mon,1,33,6,2026,2026-W06,202606,2026,2,5,FY26,0,0,0,0,-6,-28,-199,1,0,0,0
20260203,2026-02-03,2026,1,Q1,2,February,Feb,Feb 2026,202602,3,Tuesday,Tue,2,34,6,2026,2026-W06,202606,2026,2,5,FY26,0,0,0,0,-6,-28,-198,1,0,0,0
20260204,2026-02-04,2026,1,Q1,2,February,Feb,Feb 2026,202602,4,Wednesday,Wed,3,35,6,2026,2026-W06,202606,2026,2,5,FY26,0,0,0,0,-6,-28,-197,1,0,0,0
20260205,2026-02-05,2026,1,Q1,2,February,Feb,Feb 2026,202602,5,Thursday,Thu,4,36,6,2026,2026-W06,202606,2026,2,5,FY26,0,0,0,0,-6,-28,-196,1,0,0,0
20260206,2026-02-06,2026,1,Q1,2,February,Feb,Feb 2026,202602,6,Friday,Fri,5,37,6,2026,2026-W06,202606,2026,2,5,FY26,0,0,0,0,-6,-28,-195,1,0,0,0
20260207,2026-02-07,2026,1,Q1,2,February,Feb,Feb 2026,202602,7,Saturday,Sat,6,38,6,2026,2026-W06,202606,2026,2,5,FY26,1,0,0,0,-6,-28,-194,1,0,0,0
20260208,2026-02-08,2026,1,Q1,2,February,Feb,Feb 2026,202602,8,Sunday,Sun,7,39,6,2026,2026-W06,202606,2026,2,5,FY26,1,0,0,0,-6,-28,-193,1,0,0,0
20260209,2026-02-09,2026,1,Q1,2,February,Feb,Feb 2026,202602,9,Monday,Mon,1,40,7,2026,2026-W07,202607,2026,2,5,FY26,0,0,0,0,-6,-27,-192,1,0,0,0
20260210,2026-02-10,2026,1,Q1,2,February,Feb,Feb 2026,202602,10,Tuesday,Tue,2,41,7,2026,2026-W07,202607,2026,2,5,FY26,0,0,0,0,-6,-27,-191,1,0,0,0
20260211,2026-02-11,2026,1,Q1,2,February,Feb,Feb 2026,202602,11,Wednesday,Wed,3,42,7,2026,2026-W07,202607,2026,2,5,FY26,0,0,0,0,-6,-27,-190,1,0,0,0
20260212,2026-02-12,2026,1,Q1,2,February,Feb,Feb 2026,202602,12,Thursday,Thu,4,43,7,2026,2026-W07,202607,2026,2,5,FY26,0,0,0,0,-6,-27,-189,1,0,0,0
20260213,2026-02-13,2026,1,Q1,2,February,Feb,Feb 2026,202602,13,Friday,Fri,5,44,7,2026,2026-W07,202607,2026,2,5,FY26,0,0,0,0,-6,-27,-188,1,0,0,0
20260214,2026-02-14,2026,1,Q1,2,February,Feb,Feb 2026,202602,14,Saturday,Sat,6,45,7,2026,2026-W07,202607,2026,2,5,FY26,1,0,0,0,-6,-27,-187,1,0,0,0
20260215,2026-02-15,2026,1,Q1,2,February,Feb,Feb 2026,202602,15,Sunday,Sun,7,46,7,2026,2026-W07,202607,2026,2,5,FY26,1,0,0,0,-6,-27,-186,1,0,0,0
20260216,2026-02-16,2026,1,Q1,2,February,Feb,Feb 2026,202602,16,Monday,Mon,1,47,8,2026,2026-W08,202608,2026,2,5,FY26,0,0,0,0,-6,-26,-185,1,0,1,0
20260217,2026-02-17,2026,1,Q1,2,February,Feb,Feb 2026,202602,17,Tuesday,Tue,2,48,8,2026,2026-W08,202608,2026,2,5,FY26,0,0,0,0,-6,-26,-184,1,0,1,0
20260218,2026-02-18,2026,1,Q1,2,February,Feb,Feb 2026,202602,18,Wednesday,Wed,3,49,8,2026,2026-W08,202608,2026,2,5,FY26,0,0,0,0,-6,-26,-183,1,0,1,0
20260219,2026-02-19,2026,1,Q1,2,February,Feb,Feb 2026,202602,19,Thursday,Thu,4,50,8,2026,2026-W08,202608,2026,2,5,FY26,0,0,0,0,-6,-26,-182,1,0,1,0
20260220,2026-02-20,2026,1,Q1,2,February,Feb,Feb 2026,202602,20,Friday,Fri,5,51,8,2026,2026-W08,202608,2026,2,5,FY26,0,0,0,0,-6,-26,-181,1,0,1,0
20260221,2026-02-21,2026,1,Q1,2,February,Feb,Feb 2026,202602,21,Saturday,Sat,6,52,8,2026,2026-W08,202608,2026,2,5,FY26,1,0,0,0,-6,-26,-180,1,0,1,0
20260222,2026-02-22,2026,1,Q1,2,February,Feb,Feb 2026,202602,22,Sunday,Sun,7,53,8,2026,2026-W08,202608,2026,2,5,FY26,1,0,0,0,-6,-26,-179,1,0,1,0
20260223,2026-02-23,2026,1,Q1,2,February,Feb,Feb 2026,202602,23,Monday,Mon,1,54,9,2026,2026-W09,202609,2026,2,5,FY26,0,0,0,0,-6,-25,-178,1,0,1,0
20260224,2026-02-24,2026,1,Q1,2,February,Feb,Feb 2026,202602,24,Tuesday,Tue,2,55,9,2026,2026-W09,202609,2026,2,5,FY26,0,0,0,0,-6,-25,-177,1,0,1,0
20260225,2026-02-25,2026,1,Q1,2,February,Feb,Feb 2026,202602,25,Wednesday,Wed,3,56,9,2026,2026-W09,202609,2026,2,5,FY26,0,0,0,0,-6,-25,-176,1,0,1,0
20260226,2026-02-26,2026,1,Q1,2,February,Feb,Feb 2026,202602,26,Thursday,Thu,4,57,9,2026,2026-W09,202609,2026,2,5,FY26,0,0,0,0,-6,-25,-175,1,0,1,0
20260227,2026-02-27,2026,1,Q1,2,February,Feb,Feb 2026,202602,27,Friday,Fri,5,58,9,2026,2026-W09,202609,2026,2,5,FY26,0,0,0,0,-6,-25,-174,1,0,1,0
20260228,2026-02-28,2026,1,Q1,2,February,Feb,Feb 2026,202602,28,Saturday,Sat,6,59,9,2026,2026-W09,202609,2026,2,5,FY26,1,1,0,0,-6,-25,-173,1,0,1,0
20260301,2026-03-01,2026,1,Q1,3,March,Mar,Mar 2026,202603,1,Sunday,Sun,7,60,9,2026,2026-W09,202609,2026,2,6,FY26,1,0,0,0,-5,-25,-172,1,0,1,0
20260302,2026-03-02,2026,1,Q1,3,March,Mar,Mar 2026,202603,2,Monday,Mon,1,61,10,2026,2026-W10,202610,2026,2,6,FY26,0,0,0,0,-5,-24,-171,1,0,1,0
20260303,2026-03-03,2026,1,Q1,3,March,Mar,Mar 2026,202603,3,Tuesday,Tue,2,62,10,2026,2026-W10,202610,2026,2,6,FY26,0,0,0,0,-5,-24,-170,1,0,1,0
20260304,2026-03-04,2026,1,Q1,3,March,Mar,Mar 2026,202603,4,Wednesday,Wed,3,63,10,2026,2026-W10,202610,2026,2,6,FY26,0,0,0,0,-5,-24,-169,1,0,1,0
20260305,2026-03-05,2026,1,Q1,3,March,Mar,Mar 2026,202603,5,Thursday,Thu,4,64,10,2026,2026-W10,202610,2026,2,6,FY26,0,0,0,0,-5,-24,-168,1,0,1,0
20260306,2026-03-06,2026,1,Q1,3,March,Mar,Mar 2026,202603,6,Friday,Fri,5,65,10,2026,2026-W10,202610,2026,2,6,FY26,0,0,0,0,-5,-24,-167,1,0,1,0
20260307,2026-03-07,2026,1,Q1,3,March,Mar,Mar 2026,202603,7,Saturday,Sat,6,66,10,2026,2026-W10,202610,2026,2,6,FY26,1,0,0,0,-5,-24,-166,1,0,1,0
20260308,2026-03-08,2026,1,Q1,3,March,Mar,Mar 2026,202603,8,Sunday,Sun,7,67,10,2026,2026-W10,202610,2026,2,6,FY26,1,0,0,0,-5,-24,-165,1,0,1,0
20260309,2026-03-09,2026,1,Q1,3,March,Mar,Mar 2026,202603,9,Monday,Mon,1,68,11,2026,2026-W11,202611,2026,2,6,FY26,0,0,0,0,-5,-23,-164,1,0,1,0
20260310,2026-03-10,2026,1,Q1,3,March,Mar,Mar 2026,202603,10,Tuesday,Tue,2,69,11,2026,2026-W11,202611,2026,2,6,FY26,0,0,0,0,-5,-23,-163,1,0,1,0
20260311,2026-03-11,2026,1,Q1,3,March,Mar,Mar 2026,202603,11,Wednesday,Wed,3,70,11,2026,2026-W11,202611,2026,2,6,FY26,0,0,0,0,-5,-23,-162,1,0,1,0
20260312,2026-03-12,2026,1,Q1,3,March,Mar,Mar 2026,202603,12,Thursday,Thu,4,71,11,2026,2026-W11,202611,2026,2,6,FY26,0,0,0,0,-5,-23,-161,1,0,1,0
20260313,2026-03-13,2026,1,Q1,3,March,Mar,Mar 2026,202603,13,Friday,Fri,5,72,11,2026,2026-W11,202611,2026,2,6,FY26,0,0,0,0,-5,-23,-160,1,0,1,0
20260314,2026-03-14,2026,1,Q1,3,March,Mar,Mar 2026,202603,14,Saturday,Sat,6,73,11,2026,2026-W11,202611,2026,2,6,FY26,1,0,0,0,-5,-23,-159,1,0,1,0
20260315,2026-03-15,2026,1,Q1,3,March,Mar,Mar 2026,202603,15,Sunday,Sun,7,74,11,2026,2026-W11,202611,2026,2,6,FY26,1,0,0,0,-5,-23,-158,1,0,1,0
20260316,2026-03-16,2026,1,Q1,3,March,Mar,Mar 2026,202603,16,Monday,Mon,1,75,12,2026,2026-W12,202612,2026,2,6,FY26,0,0,0,0,-5,-22,-157,1,0,0,0
20260317,2026-03-17,2026,1,Q1,3,March,Mar,Mar 2026,202603,17,Tuesday,Tue,2,76,12,2026,2026-W12,202612,2026,2,6,FY26,0,0,0,0,-5,-22,-156,1,0,0,0
20260318,2026-03-18,2026,1,Q1,3,March,Mar,Mar 2026,202603,18,Wednesday,Wed,3,77,12,2026,2026-W12,202612,2026,2,6,FY26,0,0,0,0,-5,-22,-155,1,0,0,0
20260319,2026-03-19,2026,1,Q1,3,March,Mar,Mar 2026,202603,19,Thursday,Thu,4,78,12,2026,2026-W12,202612,2026,2,6,FY26,0,0,0,0,-5,-22,-154,1,0,0,0
20260320,2026-03-20,2026,1,Q1,3,March,Mar,Mar 2026,202603,20,Friday,Fri,5,79,12,2026,2026-W12,202612,2026,2,6,FY26,0,0,0,0,-5,-22,-153,1,0,0,0
20260321,2026-03-21,2026,1,Q1,3,March,Mar,Mar 2026,202603,21,Saturday,Sat,6,80,12,2026,2026-W12,202612,2026,2,6,FY26,1,0,0,0,-5,-22,-152,1,0,0,0
20260322,2026-03-22,2026,1,Q1,3,March,Mar,Mar 2026,202603,22,Sunday,Sun,7,81,12,2026,2026-W12,202612,2026,2,6,FY26,1,0,0,0,-5,-22,-151,1,0,0,0
20260323,2026-03-23,2026,1,Q1,3,March,Mar,Mar 2026,202603,23,Monday,Mon,1,82,13,2026,2026-W13,202613,2026,2,6,FY26,0,0,0,0,-5,-21,-150,1,0,0,0
20260324,2026-03-24,2026,1,Q1,3,March,Mar,Mar 2026,202603,24,Tuesday,Tue,2,83,13,2026,2026-W13,202613,2026,2,6,FY26,0,0,0,0,-5,-21,-149,1,0,0,0
20260325,2026-03-25,2026,1,Q1,3,March,Mar,Mar 2026,202603,25,Wednesday,Wed,3,84,13,2026,2026-W13,202613,2026,2,6,FY26,0,0,0,0,-5,-21,-148,1,0,0,0
20260326,2026-03-26,2026,1,Q1,3,March,Mar,Mar 2026,202603,26,Thursday,Thu,4,85,13,2026,2026-W13,202613,2026,2,6,FY26,0,0,0,0,-5,-21,-147,1,0,0,0
20260327,2026-03-27,2026,1,Q1,3,March,Mar,Mar 2026,202603,27,Friday,Fri,5,86,13,2026,2026-W13,202613,2026,2,6,FY26,0,0,0,0,-5,-21,-146,1,0,0,0
20260328,2026-03-28,2026,1,Q1,3,March,Mar,Mar 2026,202603,28,Saturday,Sat,6,87,13,2026,2026-W13,202613,2026,2,6,FY26,1,0,0,0,-5,-21,-145,1,0,0,0
20260329,2026-03-29,2026,1,Q1,3,March,Mar,Mar 2026,202603,29,Sunday,Sun,7,88,13,2026,2026-W13,202613,2026,2,6,FY26,1,0,0,0,-5,-21,-144,1,0,0,0
20260330,2026-03-30,2026,1,Q1,3,March,Mar,Mar 2026,202603,30,Monday,Mon,1,89,14,2026,2026-W14,202614,2026,2,6,FY26,0,0,0,0,-5,-20,-143,1,0,0,0
20260331,2026-03-31,2026,1,Q1,3,March,Mar,Mar 2026,202603,31,Tuesday,Tue,2,90,14,2026,2026-W14,202614,2026,2,6,FY26,0,1,1,0,-5,-20,-142,1,0,0,0
20260401,2026-04-01,2026,2,Q2,4,April,Apr,Apr 2026,202604,1,Wednesday,Wed,3,91,14,2026,2026-W14,202614,2026,3,7,FY26,0,0,0,0,-4,-20,-141,1,0,0,0
20260402,2026-04-02,2026,2,Q2,4,April,Apr,Apr 2026,202604,2,Thursday,Thu,4,92,14,2026,2026-W14,202614,2026,3,7,FY26,0,0,0,0,-4,-20,-140,1,0,0,0
20260403,2026-04-03,2026,2,Q2,4,April,Apr,Apr 2026,202604,3,Friday,Fri,5,93,14,2026,2026-W14,202614,2026,3,7,FY26,0,0,0,0,-4,-20,-139,1,0,0,0
20260404,2026-04-04,2026,2,Q2,4,April,Apr,Apr 2026,202604,4,Saturday,Sat,6,94,14,2026,2026-W14,202614,2026,3,7,FY26,1,0,0,0,-4,-20,-138,1,0,0,0
20260405,2026-04-05,2026,2,Q2,4,April,Apr,Apr 2026,202604,5,Sunday,Sun,7,95,14,2026,2026-W14,202614,2026,3,7,FY26,1,0,0,0,-4,-20,-137,1,0,0,0
20260406,2026-04-06,2026,2,Q2,4,April,Apr,Apr 2026,202604,6,Monday,Mon,1,96,15,2026,2026-W15,202615,2026,3,7,FY26,0,0,0,0,-4,-19,-136,1,0,0,0
20260407,2026-04-07,2026,2,Q2,4,April,Apr,Apr 2026,202604,7,Tuesday,Tue,2,97,15,2026,2026-W15,202615,2026,3,7,FY26,0,0,0,0,-4,-19,-135,1,0,0,0
20260408,2026-04-08,2026,2,Q2,4,April,Apr,Apr 2026,202604,8,Wednesday,Wed,3,98,15,2026,2026-W15,202615,2026,3,7,FY26,0,0,0,0,-4,-19,-134,1,0,0,0
20260409,2026-04-09,2026,2,Q2,4,April,Apr,Apr 2026,202604,9,Thursday,Thu,4,99,15,2026,2026-W15,202615,2026,3,7,FY26,0,0,0,0,-4,-19,-133,1,0,0,0
20260410,2026-04-10,2026,2,Q2,4,April,Apr,Apr 2026,202604,10,Friday,Fri,5,100,15,2026,2026-W15,202615,2026,3,7,FY26,0,0,0,0,-4,-19,-132,1,0,0,0
20260411,2026-04-11,2026,2,Q2,4,April,Apr,Apr 2026,202604,11,Saturday,Sat,6,101,15,2026,2026-W15,202615,2026,3,7,FY26,1,0,0,0,-4,-19,-131,1,0,0,0
20260412,2026-04-12,2026,2,Q2,4,April,Apr,Apr 2026,202604,12,Sunday,Sun,7,102,15,2026,2026-W15,202615,2026,3,7,FY26,1,0,0,0,-4,-19,-130,1,0,0,0
20260413,2026-04-13,2026,2,Q2,4,April,Apr,Apr 2026,202604,13,Monday,Mon,1,103,16,2026,2026-W16,202616,2026,3,7,FY26,0,0,0,0,-4,-18,-129,1,0,0,0
20260414,2026-04-14,2026,2,Q2,4,April,Apr,Apr 2026,202604,14,Tuesday,Tue,2,104,16,2026,2026-W16,202616,2026,3,7,FY26,0,0,0,0,-4,-18,-128,1,0,0,0
20260415,2026-04-15,2026,2,Q2,4,April,Apr,Apr 2026,202604,15,Wednesday,Wed,3,105,16,2026,2026-W16,202616,2026,3,7,FY26,0,0,0,0,-4,-18,-127,1,0,0,0
20260416,2026-04-16,2026,2,Q2,4,April,Apr,Apr 2026,202604,16,Thursday,Thu,4,106,16,2026,2026-W16,202616,2026,3,7,FY26,0,0,0,0,-4,-18,-126,1,0,0,0
20260417,2026-04-17,2026,2,Q2,4,April,Apr,Apr 2026,202604,17,Friday,Fri,5,107,16,2026,2026-W16,202616,2026,3,7,FY26,0,0,0,0,-4,-18,-125,1,0,0,0
20260418,2026-04-18,2026,2,Q2,4,April,Apr,Apr 2026,202604,18,Saturday,Sat,6,108,16,2026,2026-W16,202616,2026,3,7,FY26,1,0,0,0,-4,-18,-124,1,0,0,0
20260419,2026-04-19,2026,2,Q2,4,April,Apr,Apr 2026,202604,19,Sunday,Sun,7,109,16,2026,2026-W16,202616,2026,3,7,FY26,1,0,0,0,-4,-18,-123,1,0,0,0
20260420,2026-04-20,2026,2,Q2,4,April,Apr,Apr 2026,202604,20,Monday,Mon,1,110,17,2026,2026-W17,202617,2026,3,7,FY26,0,0,0,0,-4,-17,-122,1,0,0,0
20260421,2026-04-21,2026,2,Q2,4,April,Apr,Apr 2026,202604,21,Tuesday,Tue,2,111,17,2026,2026-W17,202617,2026,3,7,FY26,0,0,0,0,-4,-17,-121,1,0,0,0
20260422,2026-04-22,2026,2,Q2,4,April,Apr,Apr 2026,202604,22,Wednesday,Wed,3,112,17,2026,2026-W17,202617,2026,3,7,FY26,0,0,0,0,-4,-17,-120,1,0,0,0
20260423,2026-04-23,2026,2,Q2,4,April,Apr,Apr 2026,202604,23,Thursday,Thu,4,113,17,2026,2026-W17,202617,2026,3,7,FY26,0,0,0,0,-4,-17,-119,1,0,0,0
20260424,2026-04-24,2026,2,Q2,4,April,Apr,Apr 2026,202604,24,Friday,Fri,5,114,17,2026,2026-W17,202617,2026,3,7,FY26,0,0,0,0,-4,-17,-118,1,0,0,0
20260425,2026-04-25,2026,2,Q2,4,April,Apr,Apr 2026,202604,25,Saturday,Sat,6,115,17,2026,2026-W17,202617,2026,3,7,FY26,1,0,0,0,-4,-17,-117,1,0,0,0
20260426,2026-04-26,2026,2,Q2,4,April,Apr,Apr 2026,202604,26,Sunday,Sun,7,116,17,2026,2026-W17,202617,2026,3,7,FY26,1,0,0,0,-4,-17,-116,1,0,0,0
20260427,2026-04-27,2026,2,Q2,4,April,Apr,Apr 2026,202604,27,Monday,Mon,1,117,18,2026,2026-W18,202618,2026,3,7,FY26,0,0,0,0,-4,-16,-115,1,0,0,0
20260428,2026-04-28,2026,2,Q2,4,April,Apr,Apr 2026,202604,28,Tuesday,Tue,2,118,18,2026,2026-W18,202618,2026,3,7,FY26,0,0,0,0,-4,-16,-114,1,0,0,0
20260429,2026-04-29,2026,2,Q2,4,April,Apr,Apr 2026,202604,29,Wednesday,Wed,3,119,18,2026,2026-W18,202618,2026,3,7,FY26,0,0,0,0,-4,-16,-113,1,0,0,0
20260430,2026-04-30,2026,2,Q2,4,April,Apr,Apr 2026,202604,30,Thursday,Thu,4,120,18,2026,2026-W18,202618,2026,3,7,FY26,0,1,0,0,-4,-16,-112,1,0,0,0
20260501,2026-05-01,2026,2,Q2,5,May,May,May 2026,202605,1,Friday,Fri,5,121,18,2026,2026-W18,202618,2026,3,8,FY26,0,0,0,0,-3,-16,-111,1,0,0,0
20260502,2026-05-02,2026,2,Q2,5,May,May,May 2026,202605,2,Saturday,Sat,6,122,18,2026,2026-W18,202618,2026,3,8,FY26,1,0,0,0,-3,-16,-110,1,0,0,0
20260503,2026-05-03,2026,2,Q2,5,May,May,May 2026,202605,3,Sunday,Sun,7,123,18,2026,2026-W18,202618,2026,3,8,FY26,1,0,0,0,-3,-16,-109,1,0,0,0
20260504,2026-05-04,2026,2,Q2,5,May,May,May 2026,202605,4,Monday,Mon,1,124,19,2026,2026-W19,202619,2026,3,8,FY26,0,0,0,0,-3,-15,-108,1,0,0,0
20260505,2026-05-05,2026,2,Q2,5,May,May,May 2026,202605,5,Tuesday,Tue,2,125,19,2026,2026-W19,202619,2026,3,8,FY26,0,0,0,0,-3,-15,-107,1,0,0,0
20260506,2026-05-06,2026,2,Q2,5,May,May,May 2026,202605,6,Wednesday,Wed,3,126,19,2026,2026-W19,202619,2026,3,8,FY26,0,0,0,0,-3,-15,-106,1,0,0,0
20260507,2026-05-07,2026,2,Q2,5,May,May,May 2026,202605,7,Thursday,Thu,4,127,19,2026,2026-W19,202619,2026,3,8,FY26,0,0,0,0,-3,-15,-105,1,0,0,0
20260508,2026-05-08,2026,2,Q2,5,May,May,May 2026,202605,8,Friday,Fri,5,128,19,2026,2026-W19,202619,2026,3,8,FY26,0,0,0,0,-3,-15,-104,1,0,0,0
20260509,2026-05-09,2026,2,Q2,5,May,May,May 2026,202605,9,Saturday,Sat,6,129,19,2026,2026-W19,202619,2026,3,8,FY26,1,0,0,0,-3,-15,-103,1,0,0,0
20260510,2026-05-10,2026,2,Q2,5,May,May,May 2026,202605,10,Sunday,Sun,7,130,19,2026,2026-W19,202619,2026,3,8,FY26,1,0,0,0,-3,-15,-102,1,0,0,0
20260511,2026-05-11,2026,2,Q2,5,May,May,May 2026,202605,11,Monday,Mon,1,131,20,2026,2026-W20,202620,2026,3,8,FY26,0,0,0,0,-3,-14,-101,1,0,0,0
20260512,2026-05-12,2026,2,Q2,5,May,May,May 2026,202605,12,Tuesday,Tue,2,132,20,2026,2026-W20,202620,2026,3,8,FY26,0,0,0,0,-3,-14,-100,1,0,0,0
20260513,2026-05-13,2026,2,Q2,5,May,May,May 2026,202605,13,Wednesday,Wed,3,133,20,2026,2026-W20,202620,2026,3,8,FY26,0,0,0,0,-3,-14,-99,1,0,0,0
20260514,2026-05-14,2026,2,Q2,5,May,May,May 2026,202605,14,Thursday,Thu,4,134,20,2026,2026-W20,202620,2026,3,8,FY26,0,0,0,0,-3,-14,-98,1,0,0,0
20260515,2026-05-15,2026,2,Q2,5,May,May,May 2026,202605,15,Friday,Fri,5,135,20,2026,2026-W20,202620,2026,3,8,FY26,0,0,0,0,-3,-14,-97,1,0,0,0
20260516,2026-05-16,2026,2,Q2,5,May,May,May 2026,202605,16,Saturday,Sat,6,136,20,2026,2026-W20,202620,2026,3,8,FY26,1,0,0,0,-3,-14,-96,1,0,0,0
20260517,2026-05-17,2026,2,Q2,5,May,May,May 2026,202605,17,Sunday,Sun,7,137,20,2026,2026-W20,202620,2026,3,8,FY26,1,0,0,0,-3,-14,-95,1,0,0,0
20260518,2026-05-18,2026,2,Q2,5,May,May,May 2026,202605,18,Monday,Mon,1,138,21,2026,2026-W21,202621,2026,3,8,FY26,0,0,0,0,-3,-13,-94,1,0,0,0
20260519,2026-05-19,2026,2,Q2,5,May,May,May 2026,202605,19,Tuesday,Tue,2,139,21,2026,2026-W21,202621,2026,3,8,FY26,0,0,0,0,-3,-13,-93,1,0,0,0
20260520,2026-05-20,2026,2,Q2,5,May,May,May 2026,202605,20,Wednesday,Wed,3,140,21,2026,2026-W21,202621,2026,3,8,FY26,0,0,0,0,-3,-13,-92,1,0,0,0
20260521,2026-05-21,2026,2,Q2,5,May,May,May 2026,202605,21,Thursday,Thu,4,141,21,2026,2026-W21,202621,2026,3,8,FY26,0,0,0,0,-3,-13,-91,1,0,0,0
20260522,2026-05-22,2026,2,Q2,5,May,May,May 2026,202605,22,Friday,Fri,5,142,21,2026,2026-W21,202621,2026,3,8,FY26,0,0,0,0,-3,-13,-90,1,0,0,0
20260523,2026-05-23,2026,2,Q2,5,May,May,May 2026,202605,23,Saturday,Sat,6,143,21,2026,2026-W21,202621,2026,3,8,FY26,1,0,0,0,-3,-13,-89,1,0,0,0
20260524,2026-05-24,2026,2,Q2,5,May,May,May 2026,202605,24,Sunday,Sun,7,144,21,2026,2026-W21,202621,2026,3,8,FY26,1,0,0,0,-3,-13,-88,1,0,0,0
20260525,2026-05-25,2026,2,Q2,5,May,May,May 2026,202605,25,Monday,Mon,1,145,22,2026,2026-W22,202622,2026,3,8,FY26,0,0,0,0,-3,-12,-87,1,0,0,0
20260526,2026-05-26,2026,2,Q2,5,May,May,May 2026,202605,26,Tuesday,Tue,2,146,22,2026,2026-W22,202622,2026,3,8,FY26,0,0,0,0,-3,-12,-86,1,0,0,0
20260527,2026-05-27,2026,2,Q2,5,May,May,May 2026,202605,27,Wednesday,Wed,3,147,22,2026,2026-W22,202622,2026,3,8,FY26,0,0,0,0,-3,-12,-85,1,0,0,0
20260528,2026-05-28,2026,2,Q2,5,May,May,May 2026,202605,28,Thursday,Thu,4,148,22,2026,2026-W22,202622,2026,3,8,FY26,0,0,0,0,-3,-12,-84,1,0,0,0
20260529,2026-05-29,2026,2,Q2,5,May,May,May 2026,202605,29,Friday,Fri,5,149,22,2026,2026-W22,202622,2026,3,8,FY26,0,0,0,0,-3,-12,-83,1,0,0,0
20260530,2026-05-30,2026,2,Q2,5,May,May,May 2026,202605,30,Saturday,Sat,6,150,22,2026,2026-W22,202622,2026,3,8,FY26,1,0,0,0,-3,-12,-82,1,0,0,0
20260531,2026-05-31,2026,2,Q2,5,May,May,May 2026,202605,31,Sunday,Sun,7,151,22,2026,2026-W22,202622,2026,3,8,FY26,1,1,0,0,-3,-12,-81,1,0,0,0
20260601,2026-06-01,2026,2,Q2,6,June,Jun,Jun 2026,202606,1,Monday,Mon,1,152,23,2026,2026-W23,202623,2026,3,9,FY26,0,0,0,0,-2,-11,-80,1,0,0,0
20260602,2026-06-02,2026,2,Q2,6,June,Jun,Jun 2026,202606,2,Tuesday,Tue,2,153,23,2026,2026-W23,202623,2026,3,9,FY26,0,0,0,0,-2,-11,-79,1,0,0,0
20260603,2026-06-03,2026,2,Q2,6,June,Jun,Jun 2026,202606,3,Wednesday,Wed,3,154,23,2026,2026-W23,202623,2026,3,9,FY26,0,0,0,0,-2,-11,-78,1,0,0,0
20260604,2026-06-04,2026,2,Q2,6,June,Jun,Jun 2026,202606,4,Thursday,Thu,4,155,23,2026,2026-W23,202623,2026,3,9,FY26,0,0,0,0,-2,-11,-77,1,0,0,0
20260605,2026-06-05,2026,2,Q2,6,June,Jun,Jun 2026,202606,5,Friday,Fri,5,156,23,2026,2026-W23,202623,2026,3,9,FY26,0,0,0,0,-2,-11,-76,1,0,0,0
20260606,2026-06-06,2026,2,Q2,6,June,Jun,Jun 2026,202606,6,Saturday,Sat,6,157,23,2026,2026-W23,202623,2026,3,9,FY26,1,0,0,0,-2,-11,-75,1,0,0,0
20260607,2026-06-07,2026,2,Q2,6,June,Jun,Jun 2026,202606,7,Sunday,Sun,7,158,23,2026,2026-W23,202623,2026,3,9,FY26,1,0,0,0,-2,-11,-74,1,0,0,0
20260608,2026-06-08,2026,2,Q2,6,June,Jun,Jun 2026,202606,8,Monday,Mon,1,159,24,2026,2026-W24,202624,2026,3,9,FY26,0,0,0,0,-2,-10,-73,1,0,0,0
20260609,2026-06-09,2026,2,Q2,6,June,Jun,Jun 2026,202606,9,Tuesday,Tue,2,160,24,2026,2026-W24,202624,2026,3,9,FY26,0,0,0,0,-2,-10,-72,1,0,0,0
20260610,2026-06-10,2026,2,Q2,6,June,Jun,Jun 2026,202606,10,Wednesday,Wed,3,161,24,2026,2026-W24,202624,2026,3,9,FY26,0,0,0,0,-2,-10,-71,1,0,0,0
20260611,2026-06-11,2026,2,Q2,6,June,Jun,Jun 2026,202606,11,Thursday,Thu,4,162,24,2026,2026-W24,202624,2026,3,9,FY26,0,0,0,0,-2,-10,-70,1,0,0,0
20260612,2026-06-12,2026,2,Q2,6,June,Jun,Jun 2026,202606,12,Friday,Fri,5,163,24,2026,2026-W24,202624,2026,3,9,FY26,0,0,0,0,-2,-10,-69,1,0,0,0
20260613,2026-06-13,2026,2,Q2,6,June,Jun,Jun 2026,202606,13,Saturday,Sat,6,164,24,2026,2026-W24,202624,2026,3,9,FY26,1,0,0,0,-2,-10,-68,1,0,0,0
20260614,2026-06-14,2026,2,Q2,6,June,Jun,Jun 2026,202606,14,Sunday,Sun,7,165,24,2026,2026-W24,202624,2026,3,9,FY26,1,0,0,0,-2,-10,-67,1,0,0,0
20260615,2026-06-15,2026,2,Q2,6,June,Jun,Jun 2026,202606,15,Monday,Mon,1,166,25,2026,2026-W25,202625,2026,3,9,FY26,0,0,0,0,-2,-9,-66,1,0,0,0
20260616,2026-06-16,2026,2,Q2,6,June,Jun,Jun 2026,202606,16,Tuesday,Tue,2,167,25,2026,2026-W25,202625,2026,3,9,FY26,0,0,0,0,-2,-9,-65,1,0,0,0
20260617,2026-06-17,2026,2,Q2,6,June,Jun,Jun 2026,202606,17,Wednesday,Wed,3,168,25,2026,2026-W25,202625,2026,3,9,FY26,0,0,0,0,-2,-9,-64,1,0,0,0
20260618,2026-06-18,2026,2,Q2,6,June,Jun,Jun 2026,202606,18,Thursday,Thu,4,169,25,2026,2026-W25,202625,2026,3,9,FY26,0,0,0,0,-2,-9,-63,1,0,0,0
20260619,2026-06-19,2026,2,Q2,6,June,Jun,Jun 2026,202606,19,Friday,Fri,5,170,25,2026,2026-W25,202625,2026,3,9,FY26,0,0,0,0,-2,-9,-62,1,0,0,0
20260620,2026-06-20,2026,2,Q2,6,June,Jun,Jun 2026,202606,20,Saturday,Sat,6,171,25,2026,2026-W25,202625,2026,3,9,FY26,1,0,0,0,-2,-9,-61,1,0,0,0
20260621,2026-06-21,2026,2,Q2,6,June,Jun,Jun 2026,202606,21,Sunday,Sun,7,172,25,2026,2026-W25,202625,2026,3,9,FY26,1,0,0,0,-2,-9,-60,1,0,0,0
20260622,2026-06-22,2026,2,Q2,6,June,Jun,Jun 2026,202606,22,Monday,Mon,1,173,26,2026,2026-W26,202626,2026,3,9,FY26,0,0,0,0,-2,-8,-59,1,0,0,0
20260623,2026-06-23,2026,2,Q2,6,June,Jun,Jun 2026,202606,23,Tuesday,Tue,2,174,26,2026,2026-W26,202626,2026,3,9,FY26,0,0,0,0,-2,-8,-58,1,0,0,0
20260624,2026-06-24,2026,2,Q2,6,June,Jun,Jun 2026,202606,24,Wednesday,Wed,3,175,26,2026,2026-W26,202626,2026,3,9,FY26,0,0,0,0,-2,-8,-57,1,0,0,0
20260625,2026-06-25,2026,2,Q2,6,June,Jun,Jun 2026,202606,25,Thursday,Thu,4,176,26,2026,2026-W26,202626,2026,3,9,FY26,0,0,0,0,-2,-8,-56,1,0,0,0
20260626,2026-06-26,2026,2,Q2,6,June,Jun,Jun 2026,202606,26,Friday,Fri,5,177,26,2026,2026-W26,202626,2026,3,9,FY26,0,0,0,0,-2,-8,-55,1,0,0,0
20260627,2026-06-27,2026,2,Q2,6,June,Jun,Jun 2026,202606,27,Saturday,Sat,6,178,26,2026,2026-W26,202626,2026,3,9,FY26,1,0,0,0,-2,-8,-54,1,0,0,0
20260628,2026-06-28,2026,2,Q2,6,June,Jun,Jun 2026,202606,28,Sunday,Sun,7,179,26,2026,2026-W26,202626,2026,3,9,FY26,1,0,0,0,-2,-8,-53,1,0,0,0
20260629,2026-06-29,2026,2,Q2,6,June,Jun,Jun 2026,202606,29,Monday,Mon,1,180,27,2026,2026-W27,202627,2026,3,9,FY26,0,0,0,0,-2,-7,-52,1,0,0,0
20260630,2026-06-30,2026,2,Q2,6,June,Jun,Jun 2026,202606,30,Tuesday,Tue,2,181,27,2026,2026-W27,202627,2026,3,9,FY26,0,1,1,0,-2,-7,-51,1,0,0,0
20260701,2026-07-01,2026,3,Q3,7,July,Jul,Jul 2026,202607,1,Wednesday,Wed,3,182,27,2026,2026-W27,202627,2026,4,10,FY26,0,0,0,0,-1,-7,-50,1,0,0,0
20260702,2026-07-02,2026,3,Q3,7,July,Jul,Jul 2026,202607,2,Thursday,Thu,4,183,27,2026,2026-W27,202627,2026,4,10,FY26,0,0,0,0,-1,-7,-49,1,0,0,0
20260703,2026-07-03,2026,3,Q3,7,July,Jul,Jul 2026,202607,3,Friday,Fri,5,184,27,2026,2026-W27,202627,2026,4,10,FY26,0,0,0,0,-1,-7,-48,1,0,0,0
20260704,2026-07-04,2026,3,Q3,7,July,Jul,Jul 2026,202607,4,Saturday,Sat,6,185,27,2026,2026-W27,202627,2026,4,10,FY26,1,0,0,0,-1,-7,-47,1,0,0,0
20260705,2026-07-05,2026,3,Q3,7,July,Jul,Jul 2026,202607,5,Sunday,Sun,7,186,27,2026,2026-W27,202627,2026,4,10,FY26,1,0,0,0,-1,-7,-46,1,0,0,0
20260706,2026-07-06,2026,3,Q3,7,July,Jul,Jul 2026,202607,6,Monday,Mon,1,187,28,2026,2026-W28,202628,2026,4,10,FY26,0,0,0,0,-1,-6,-45,1,0,0,0
20260707,2026-07-07,2026,3,Q3,7,July,Jul,Jul 2026,202607,7,Tuesday,Tue,2,188,28,2026,2026-W28,202628,2026,4,10,FY26,0,0,0,0,-1,-6,-44,1,0,0,0
20260708,2026-07-08,2026,3,Q3,7,July,Jul,Jul 2026,202607,8,Wednesday,Wed,3,189,28,2026,2026-W28,202628,2026,4,10,FY26,0,0,0,0,-1,-6,-43,1,0,0,0
20260709,2026-07-09,2026,3,Q3,7,July,Jul,Jul 2026,202607,9,Thursday,Thu,4,190,28,2026,2026-W28,202628,2026,4,10,FY26,0,0,0,0,-1,-6,-42,1,0,0,0
20260710,2026-07-10,2026,3,Q3,7,July,Jul,Jul 2026,202607,10,Friday,Fri,5,191,28,2026,2026-W28,202628,2026,4,10,FY26,0,0,0,0,-1,-6,-41,1,0,0,0
20260711,2026-07-11,2026,3,Q3,7,July,Jul,Jul 2026,202607,11,Saturday,Sat,6,192,28,2026,2026-W28,202628,2026,4,10,FY26,1,0,0,0,-1,-6,-40,1,0,0,0
20260712,2026-07-12,2026,3,Q3,7,July,Jul,Jul 2026,202607,12,Sunday,Sun,7,193,28,2026,2026-W28,202628,2026,4,10,FY26,1,0,0,0,-1,-6,-39,1,0,0,0
20260713,2026-07-13,2026,3,Q3,7,July,Jul,Jul 2026,202607,13,Monday,Mon,1,194,29,2026,2026-W29,202629,2026,4,10,FY26,0,0,0,0,-1,-5,-38,1,0,0,0
20260714,2026-07-14,2026,3,Q3,7,July,Jul,Jul 2026,202607,14,Tuesday,Tue,2,195,29,2026,2026-W29,202629,2026,4,10,FY26,0,0,0,0,-1,-5,-37,1,0,0,0
20260715,2026-07-15,2026,3,Q3,7,July,Jul,Jul 2026,202607,15,Wednesday,Wed,3,196,29,2026,2026-W29,202629,2026,4,10,FY26,0,0,0,0,-1,-5,-36,1,0,0,0
20260716,2026-07-16,2026,3,Q3,7,July,Jul,Jul 2026,202607,16,Thursday,Thu,4,197,29,2026,2026-W29,202629,2026,4,10,FY26,0,0,0,0,-1,-5,-35,1,0,0,0
20260717,2026-07-17,2026,3,Q3,7,July,Jul,Jul 2026,202607,17,Friday,Fri,5,198,29,2026,2026-W29,202629,2026,4,10,FY26,0,0,0,0,-1,-5,-34,1,0,0,0
20260718,2026-07-18,2026,3,Q3,7,July,Jul,Jul 2026,202607,18,Saturday,Sat,6,199,29,2026,2026-W29,202629,2026,4,10,FY26,1,0,0,0,-1,-5,-33,1,0,0,0
20260719,2026-07-19,2026,3,Q3,7,July,Jul,Jul 2026,202607,19,Sunday,Sun,7,200,29,2026,2026-W29,202629,2026,4,10,FY26,1,0,0,0,-1,-5,-32,1,0,0,0
20260720,2026-07-20,2026,3,Q3,7,July,Jul,Jul 2026,202607,20,Monday,Mon,1,201,30,2026,2026-W30,202630,2026,4,10,FY26,0,0,0,0,-1,-4,-31,1,0,0,0
20260721,2026-07-21,2026,3,Q3,7,July,Jul,Jul 2026,202607,21,Tuesday,Tue,2,202,30,2026,2026-W30,202630,2026,4,10,FY26,0,0,0,0,-1,-4,-30,1,0,0,0
20260722,2026-07-22,2026,3,Q3,7,July,Jul,Jul 2026,202607,22,Wednesday,Wed,3,203,30,2026,2026-W30,202630,2026,4,10,FY26,0,0,0,0,-1,-4,-29,1,0,0,0
20260723,2026-07-23,2026,3,Q3,7,July,Jul,Jul 2026,202607,23,Thursday,Thu,4,204,30,2026,2026-W30,202630,2026,4,10,FY26,0,0,0,0,-1,-4,-28,1,0,0,0
20260724,2026-07-24,2026,3,Q3,7,July,Jul,Jul 2026,202607,24,Friday,Fri,5,205,30,2026,2026-W30,202630,2026,4,10,FY26,0,0,0,0,-1,-4,-27,1,0,0,0
20260725,2026-07-25,2026,3,Q3,7,July,Jul,Jul 2026,202607,25,Saturday,Sat,6,206,30,2026,2026-W30,202630,2026,4,10,FY26,1,0,0,0,-1,-4,-26,1,0,0,0
20260726,2026-07-26,2026,3,Q3,7,July,Jul,Jul 2026,202607,26,Sunday,Sun,7,207,30,2026,2026-W30,202630,2026,4,10,FY26,1,0,0,0,-1,-4,-25,1,0,0,0
20260727,2026-07-27,2026,3,Q3,7,July,Jul,Jul 2026,202607,27,Monday,Mon,1,208,31,2026,2026-W31,202631,2026,4,10,FY26,0,0,0,0,-1,-3,-24,1,0,0,0
20260728,2026-07-28,2026,3,Q3,7,July,Jul,Jul 2026,202607,28,Tuesday,Tue,2,209,31,2026,2026-W31,202631,2026,4,10,FY26,0,0,0,0,-1,-3,-23,1,0,0,0
20260729,2026-07-29,2026,3,Q3,7,July,Jul,Jul 2026,202607,29,Wednesday,Wed,3,210,31,2026,2026-W31,202631,2026,4,10,FY26,0,0,0,0,-1,-3,-22,1,0,0,0
20260730,2026-07-30,2026,3,Q3,7,July,Jul,Jul 2026,202607,30,Thursday,Thu,4,211,31,2026,2026-W31,202631,2026,4,10,FY26,0,0,0,0,-1,-3,-21,1,0,0,0
20260731,2026-07-31,2026,3,Q3,7,July,Jul,Jul 2026,202607,31,Friday,Fri,5,212,31,2026,2026-W31,202631,2026,4,10,FY26,0,1,0,0,-1,-3,-20,1,0,0,0
20260801,2026-08-01,2026,3,Q3,8,August,Aug,Aug 2026,202608,1,Saturday,Sat,6,213,31,2026,2026-W31,202631,2026,4,11,FY26,1,0,0,0,0,-3,-19,1,1,0,1
20260802,2026-08-02,2026,3,Q3,8,August,Aug,Aug 2026,202608,2,Sunday,Sun,7,214,31,2026,2026-W31,202631,2026,4,11,FY26,1,0,0,0,0,-3,-18,1,1,0,1
20260803,2026-08-03,2026,3,Q3,8,August,Aug,Aug 2026,202608,3,Monday,Mon,1,215,32,2026,2026-W32,202632,2026,4,11,FY26,0,0,0,0,0,-2,-17,1,1,0,1
20260804,2026-08-04,2026,3,Q3,8,August,Aug,Aug 2026,202608,4,Tuesday,Tue,2,216,32,2026,2026-W32,202632,2026,4,11,FY26,0,0,0,0,0,-2,-16,1,1,0,1
20260805,2026-08-05,2026,3,Q3,8,August,Aug,Aug 2026,202608,5,Wednesday,Wed,3,217,32,2026,2026-W32,202632,2026,4,11,FY26,0,0,0,0,0,-2,-15,1,1,0,1
20260806,2026-08-06,2026,3,Q3,8,August,Aug,Aug 2026,202608,6,Thursday,Thu,4,218,32,2026,2026-W32,202632,2026,4,11,FY26,0,0,0,0,0,-2,-14,1,1,0,1
20260807,2026-08-07,2026,3,Q3,8,August,Aug,Aug 2026,202608,7,Friday,Fri,5,219,32,2026,2026-W32,202632,2026,4,11,FY26,0,0,0,0,0,-2,-13,1,1,0,1
20260808,2026-08-08,2026,3,Q3,8,August,Aug,Aug 2026,202608,8,Saturday,Sat,6,220,32,2026,2026-W32,202632,2026,4,11,FY26,1,0,0,0,0,-2,-12,1,1,0,1
20260809,2026-08-09,2026,3,Q3,8,August,Aug,Aug 2026,202608,9,Sunday,Sun,7,221,32,2026,2026-W32,202632,2026,4,11,FY26,1,0,0,0,0,-2,-11,1,1,0,1
20260810,2026-08-10,2026,3,Q3,8,August,Aug,Aug 2026,202608,10,Monday,Mon,1,222,33,2026,2026-W33,202633,2026,4,11,FY26,0,0,0,0,0,-1,-10,1,1,0,1
20260811,2026-08-11,2026,3,Q3,8,August,Aug,Aug 2026,202608,11,Tuesday,Tue,2,223,33,2026,2026-W33,202633,2026,4,11,FY26,0,0,0,0,0,-1,-9,1,1,0,1
20260812,2026-08-12,2026,3,Q3,8,August,Aug,Aug 2026,202608,12,Wednesday,Wed,3,224,33,2026,2026-W33,202633,2026,4,11,FY26,0,0,0,0,0,-1,-8,1,1,0,1
20260813,2026-08-13,2026,3,Q3,8,August,Aug,Aug 2026,202608,13,Thursday,Thu,4,225,33,2026,2026-W33,202633,2026,4,11,FY26,0,0,0,0,0,-1,-7,1,1,0,1
20260814,2026-08-14,2026,3,Q3,8,August,Aug,Aug 2026,202608,14,Friday,Fri,5,226,33,2026,2026-W33,202633,2026,4,11,FY26,0,0,0,0,0,-1,-6,1,1,0,1
20260815,2026-08-15,2026,3,Q3,8,August,Aug,Aug 2026,202608,15,Saturday,Sat,6,227,33,2026,2026-W33,202633,2026,4,11,FY26,1,0,0,0,0,-1,-5,1,1,0,1
20260816,2026-08-16,2026,3,Q3,8,August,Aug,Aug 2026,202608,16,Sunday,Sun,7,228,33,2026,2026-W33,202633,2026,4,11,FY26,1,0,0,0,0,-1,-4,1,1,0,1
20260817,2026-08-17,2026,3,Q3,8,August,Aug,Aug 2026,202608,17,Monday,Mon,1,229,34,2026,2026-W34,202634,2026,4,11,FY26,0,0,0,0,0,0,-3,1,1,0,1
20260818,2026-08-18,2026,3,Q3,8,August,Aug,Aug 2026,202608,18,Tuesday,Tue,2,230,34,2026,2026-W34,202634,2026,4,11,FY26,0,0,0,0,0,0,-2,1,1,0,1
20260819,2026-08-19,2026,3,Q3,8,August,Aug,Aug 2026,202608,19,Wednesday,Wed,3,231,34,2026,2026-W34,202634,2026,4,11,FY26,0,0,0,0,0,0,-1,1,1,0,1
20260820,2026-08-20,2026,3,Q3,8,August,Aug,Aug 2026,202608,20,Thursday,Thu,4,232,34,2026,2026-W34,202634,2026,4,11,FY26,0,0,0,0,0,0,0,1,1,0,1
20260821,2026-08-21,2026,3,Q3,8,August,Aug,Aug 2026,202608,21,Friday,Fri,5,233,34,2026,2026-W34,202634,2026,4,11,FY26,0,0,0,0,0,0,1,1,1,0,1
20260822,2026-08-22,2026,3,Q3,8,August,Aug,Aug 2026,202608,22,Saturday,Sat,6,234,34,2026,2026-W34,202634,2026,4,11,FY26,1,0,0,0,0,0,2,1,1,0,1
20260823,2026-08-23,2026,3,Q3,8,August,Aug,Aug 2026,202608,23,Sunday,Sun,7,235,34,2026,2026-W34,202634,2026,4,11,FY26,1,0,0,0,0,0,3,1,1,0,1
20260824,2026-08-24,2026,3,Q3,8,August,Aug,Aug 2026,202608,24,Monday,Mon,1,236,35,2026,2026-W35,202635,2026,4,11,FY26,0,0,0,0,0,1,4,1,1,0,1
20260825,2026-08-25,2026,3,Q3,8,August,Aug,Aug 2026,202608,25,Tuesday,Tue,2,237,35,2026,2026-W35,202635,2026,4,11,FY26,0,0,0,0,0,1,5,1,1,0,1
20260826,2026-08-26,2026,3,Q3,8,August,Aug,Aug 2026,202608,26,Wednesday,Wed,3,238,35,2026,2026-W35,202635,2026,4,11,FY26,0,0,0,0,0,1,6,1,1,0,1
20260827,2026-08-27,2026,3,Q3,8,August,Aug,Aug 2026,202608,27,Thursday,Thu,4,239,35,2026,2026-W35,202635,2026,4,11,FY26,0,0,0,0,0,1,7,1,1,0,1
20260828,2026-08-28,2026,3,Q3,8,August,Aug,Aug 2026,202608,28,Friday,Fri,5,240,35,2026,2026-W35,202635,2026,4,11,FY26,0,0,0,0,0,1,8,1,1,0,1
20260829,2026-08-29,2026,3,Q3,8,August,Aug,Aug 2026,202608,29,Saturday,Sat,6,241,35,2026,2026-W35,202635,2026,4,11,FY26,1,0,0,0,0,1,9,1,1,0,1
20260830,2026-08-30,2026,3,Q3,8,August,Aug,Aug 2026,202608,30,Sunday,Sun,7,242,35,2026,2026-W35,202635,2026,4,11,FY26,1,0,0,0,0,1,10,1,1,0,1
20260831,2026-08-31,2026,3,Q3,8,August,Aug,Aug 2026,202608,31,Monday,Mon,1,243,36,2026,2026-W36,202636,2026,4,11,FY26,0,1,0,0,0,2,11,1,1,0,1
20260901,2026-09-01,2026,3,Q3,9,September,Sep,Sep 2026,202609,1,Tuesday,Tue,2,244,36,2026,2026-W36,202636,2026,4,12,FY26,0,0,0,0,1,2,12,1,0,0,1
20260902,2026-09-02,2026,3,Q3,9,September,Sep,Sep 2026,202609,2,Wednesday,Wed,3,245,36,2026,2026-W36,202636,2026,4,12,FY26,0,0,0,0,1,2,13,1,0,0,1
20260903,2026-09-03,2026,3,Q3,9,September,Sep,Sep 2026,202609,3,Thursday,Thu,4,246,36,2026,2026-W36,202636,2026,4,12,FY26,0,0,0,0,1,2,14,1,0,0,1
20260904,2026-09-04,2026,3,Q3,9,September,Sep,Sep 2026,202609,4,Friday,Fri,5,247,36,2026,2026-W36,202636,2026,4,12,FY26,0,0,0,0,1,2,15,1,0,0,1
20260905,2026-09-05,2026,3,Q3,9,September,Sep,Sep 2026,202609,5,Saturday,Sat,6,248,36,2026,2026-W36,202636,2026,4,12,FY26,1,0,0,0,1,2,16,1,0,0,1
20260906,2026-09-06,2026,3,Q3,9,September,Sep,Sep 2026,202609,6,Sunday,Sun,7,249,36,2026,2026-W36,202636,2026,4,12,FY26,1,0,0,0,1,2,17,1,0,0,1
20260907,2026-09-07,2026,3,Q3,9,September,Sep,Sep 2026,202609,7,Monday,Mon,1,250,37,2026,2026-W37,202637,2026,4,12,FY26,0,0,0,0,1,3,18,1,0,0,1
20260908,2026-09-08,2026,3,Q3,9,September,Sep,Sep 2026,202609,8,Tuesday,Tue,2,251,37,2026,2026-W37,202637,2026,4,12,FY26,0,0,0,0,1,3,19,1,0,0,1
20260909,2026-09-09,2026,3,Q3,9,September,Sep,Sep 2026,202609,9,Wednesday,Wed,3,252,37,2026,2026-W37,202637,2026,4,12,FY26,0,0,0,0,1,3,20,1,0,0,1
20260910,2026-09-10,2026,3,Q3,9,September,Sep,Sep 2026,202609,10,Thursday,Thu,4,253,37,2026,2026-W37,202637,2026,4,12,FY26,0,0,0,0,1,3,21,1,0,0,1
20260911,2026-09-11,2026,3,Q3,9,September,Sep,Sep 2026,202609,11,Friday,Fri,5,254,37,2026,2026-W37,202637,2026,4,12,FY26,0,0,0,0,1,3,22,1,0,0,1
20260912,2026-09-12,2026,3,Q3,9,September,Sep,Sep 2026,202609,12,Saturday,Sat,6,255,37,2026,2026-W37,202637,2026,4,12,FY26,1,0,0,0,1,3,23,1,0,0,1
20260913,2026-09-13,2026,3,Q3,9,September,Sep,Sep 2026,202609,13,Sunday,Sun,7,256,37,2026,2026-W37,202637,2026,4,12,FY26,1,0,0,0,1,3,24,1,0,0,1
20260914,2026-09-14,2026,3,Q3,9,September,Sep,Sep 2026,202609,14,Monday,Mon,1,257,38,2026,2026-W38,202638,2026,4,12,FY26,0,0,0,0,1,4,25,1,0,0,1
20260915,2026-09-15,2026,3,Q3,9,September,Sep,Sep 2026,202609,15,Tuesday,Tue,2,258,38,2026,2026-W38,202638,2026,4,12,FY26,0,0,0,0,1,4,26,1,0,0,1
20260916,2026-09-16,2026,3,Q3,9,September,Sep,Sep 2026,202609,16,Wednesday,Wed,3,259,38,2026,2026-W38,202638,2026,4,12,FY26,0,0,0,0,1,4,27,1,0,0,1
20260917,2026-09-17,2026,3,Q3,9,September,Sep,Sep 2026,202609,17,Thursday,Thu,4,260,38,2026,2026-W38,202638,2026,4,12,FY26,0,0,0,0,1,4,28,1,0,0,1
20260918,2026-09-18,2026,3,Q3,9,September,Sep,Sep 2026,202609,18,Friday,Fri,5,261,38,2026,2026-W38,202638,2026,4,12,FY26,0,0,0,0,1,4,29,1,0,0,1
20260919,2026-09-19,2026,3,Q3,9,September,Sep,Sep 2026,202609,19,Saturday,Sat,6,262,38,2026,2026-W38,202638,2026,4,12,FY26,1,0,0,0,1,4,30,1,0,0,1
20260920,2026-09-20,2026,3,Q3,9,September,Sep,Sep 2026,202609,20,Sunday,Sun,7,263,38,2026,2026-W38,202638,2026,4,12,FY26,1,0,0,0,1,4,31,1,0,0,1
20260921,2026-09-21,2026,3,Q3,9,September,Sep,Sep 2026,202609,21,Monday,Mon,1,264,39,2026,2026-W39,202639,2026,4,12,FY26,0,0,0,0,1,5,32,1,0,0,1
20260922,2026-09-22,2026,3,Q3,9,September,Sep,Sep 2026,202609,22,Tuesday,Tue,2,265,39,2026,2026-W39,202639,2026,4,12,FY26,0,0,0,0,1,5,33,1,0,0,1
20260923,2026-09-23,2026,3,Q3,9,September,Sep,Sep 2026,202609,23,Wednesday,Wed,3,266,39,2026,2026-W39,202639,2026,4,12,FY26,0,0,0,0,1,5,34,1,0,0,1
20260924,2026-09-24,2026,3,Q3,9,September,Sep,Sep 2026,202609,24,Thursday,Thu,4,267,39,2026,2026-W39,202639,2026,4,12,FY26,0,0,0,0,1,5,35,1,0,0,1
20260925,2026-09-25,2026,3,Q3,9,September,Sep,Sep 2026,202609,25,Friday,Fri,5,268,39,2026,2026-W39,202639,2026,4,12,FY26,0,0,0,0,1,5,36,1,0,0,1
20260926,2026-09-26,2026,3,Q3,9,September,Sep,Sep 2026,202609,26,Saturday,Sat,6,269,39,2026,2026-W39,202639,2026,4,12,FY26,1,0,0,0,1,5,37,1,0,0,1
20260927,2026-09-27,2026,3,Q3,9,September,Sep,Sep 2026,202609,27,Sunday,Sun,7,270,39,2026,2026-W39,202639,2026,4,12,FY26,1,0,0,0,1,5,38,1,0,0,1
20260928,2026-09-28,2026,3,Q3,9,September,Sep,Sep 2026,202609,28,Monday,Mon,1,271,40,2026,2026-W40,202640,2026,4,12,FY26,0,0,0,0,1,6,39,1,0,0,1
20260929,2026-09-29,2026,3,Q3,9,September,Sep,Sep 2026,202609,29,Tuesday,Tue,2,272,40,2026,2026-W40,202640,2026,4,12,FY26,0,0,0,0,1,6,40,1,0,0,1
20260930,2026-09-30,2026,3,Q3,9,September,Sep,Sep 2026,202609,30,Wednesday,Wed,3,273,40,2026,2026-W40,202640,2026,4,12,FY26,0,1,1,0,1,6,41,1,0,0,1
20261001,2026-10-01,2026,4,Q4,10,October,Oct,Oct 2026,202610,1,Thursday,Thu,4,274,40,2026,2026-W40,202640,2027,1,1,FY27,0,0,0,0,2,6,42,1,0,0,1
20261002,2026-10-02,2026,4,Q4,10,October,Oct,Oct 2026,202610,2,Friday,Fri,5,275,40,2026,2026-W40,202640,2027,1,1,FY27,0,0,0,0,2,6,43,1,0,0,1
20261003,2026-10-03,2026,4,Q4,10,October,Oct,Oct 2026,202610,3,Saturday,Sat,6,276,40,2026,2026-W40,202640,2027,1,1,FY27,1,0,0,0,2,6,44,1,0,0,1
20261004,2026-10-04,2026,4,Q4,10,October,Oct,Oct 2026,202610,4,Sunday,Sun,7,277,40,2026,2026-W40,202640,2027,1,1,FY27,1,0,0,0,2,6,45,1,0,0,1
20261005,2026-10-05,2026,4,Q4,10,October,Oct,Oct 2026,202610,5,Monday,Mon,1,278,41,2026,2026-W41,202641,2027,1,1,FY27,0,0,0,0,2,7,46,1,0,0,1
20261006,2026-10-06,2026,4,Q4,10,October,Oct,Oct 2026,202610,6,Tuesday,Tue,2,279,41,2026,2026-W41,202641,2027,1,1,FY27,0,0,0,0,2,7,47,1,0,0,1
20261007,2026-10-07,2026,4,Q4,10,October,Oct,Oct 2026,202610,7,Wednesday,Wed,3,280,41,2026,2026-W41,202641,2027,1,1,FY27,0,0,0,0,2,7,48,1,0,0,1
20261008,2026-10-08,2026,4,Q4,10,October,Oct,Oct 2026,202610,8,Thursday,Thu,4,281,41,2026,2026-W41,202641,2027,1,1,FY27,0,0,0,0,2,7,49,1,0,0,1
20261009,2026-10-09,2026,4,Q4,10,October,Oct,Oct 2026,202610,9,Friday,Fri,5,282,41,2026,2026-W41,202641,2027,1,1,FY27,0,0,0,0,2,7,50,1,0,0,1
20261010,2026-10-10,2026,4,Q4,10,October,Oct,Oct 2026,202610,10,Saturday,Sat,6,283,41,2026,2026-W41,202641,2027,1,1,FY27,1,0,0,0,2,7,51,1,0,0,1
20261011,2026-10-11,2026,4,Q4,10,October,Oct,Oct 2026,202610,11,Sunday,Sun,7,284,41,2026,2026-W41,202641,2027,1,1,FY27,1,0,0,0,2,7,52,1,0,0,1
20261012,2026-10-12,2026,4,Q4,10,October,Oct,Oct 2026,202610,12,Monday,Mon,1,285,42,2026,2026-W42,202642,2027,1,1,FY27,0,0,0,0,2,8,53,1,0,0,1
20261013,2026-10-13,2026,4,Q4,10,October,Oct,Oct 2026,202610,13,Tuesday,Tue,2,286,42,2026,2026-W42,202642,2027,1,1,FY27,0,0,0,0,2,8,54,1,0,0,1
20261014,2026-10-14,2026,4,Q4,10,October,Oct,Oct 2026,202610,14,Wednesday,Wed,3,287,42,2026,2026-W42,202642,2027,1,1,FY27,0,0,0,0,2,8,55,1,0,0,1
20261015,2026-10-15,2026,4,Q4,10,October,Oct,Oct 2026,202610,15,Thursday,Thu,4,288,42,2026,2026-W42,202642,2027,1,1,FY27,0,0,0,0,2,8,56,1,0,0,1
20261016,2026-10-16,2026,4,Q4,10,October,Oct,Oct 2026,202610,16,Friday,Fri,5,289,42,2026,2026-W42,202642,2027,1,1,FY27,0,0,0,0,2,8,57,1,0,0,1
20261017,2026-10-17,2026,4,Q4,10,October,Oct,Oct 2026,202610,17,Saturday,Sat,6,290,42,2026,2026-W42,202642,2027,1,1,FY27,1,0,0,0,2,8,58,1,0,0,1
20261018,2026-10-18,2026,4,Q4,10,October,Oct,Oct 2026,202610,18,Sunday,Sun,7,291,42,2026,2026-W42,202642,2027,1,1,FY27,1,0,0,0,2,8,59,1,0,0,1
20261019,2026-10-19,2026,4,Q4,10,October,Oct,Oct 2026,202610,19,Monday,Mon,1,292,43,2026,2026-W43,202643,2027,1,1,FY27,0,0,0,0,2,9,60,1,0,0,1
20261020,2026-10-20,2026,4,Q4,10,October,Oct,Oct 2026,202610,20,Tuesday,Tue,2,293,43,2026,2026-W43,202643,2027,1,1,FY27,0,0,0,0,2,9,61,1,0,0,1
20261021,2026-10-21,2026,4,Q4,10,October,Oct,Oct 2026,202610,21,Wednesday,Wed,3,294,43,2026,2026-W43,202643,2027,1,1,FY27,0,0,0,0,2,9,62,1,0,0,1
20261022,2026-10-22,2026,4,Q4,10,October,Oct,Oct 2026,202610,22,Thursday,Thu,4,295,43,2026,2026-W43,202643,2027,1,1,FY27,0,0,0,0,2,9,63,1,0,0,1
20261023,2026-10-23,2026,4,Q4,10,October,Oct,Oct 2026,202610,23,Friday,Fri,5,296,43,2026,2026-W43,202643,2027,1,1,FY27,0,0,0,0,2,9,64,1,0,0,1
20261024,2026-10-24,2026,4,Q4,10,October,Oct,Oct 2026,202610,24,Saturday,Sat,6,297,43,2026,2026-W43,202643,2027,1,1,FY27,1,0,0,0,2,9,65,1,0,0,1
20261025,2026-10-25,2026,4,Q4,10,October,Oct,Oct 2026,202610,25,Sunday,Sun,7,298,43,2026,2026-W43,202643,2027,1,1,FY27,1,0,0,0,2,9,66,1,0,0,1
20261026,2026-10-26,2026,4,Q4,10,October,Oct,Oct 2026,202610,26,Monday,Mon,1,299,44,2026,2026-W44,202644,2027,1,1,FY27,0,0,0,0,2,10,67,1,0,0,1
20261027,2026-10-27,2026,4,Q4,10,October,Oct,Oct 2026,202610,27,Tuesday,Tue,2,300,44,2026,2026-W44,202644,2027,1,1,FY27,0,0,0,0,2,10,68,1,0,0,1
20261028,2026-10-28,2026,4,Q4,10,October,Oct,Oct 2026,202610,28,Wednesday,Wed,3,301,44,2026,2026-W44,202644,2027,1,1,FY27,0,0,0,0,2,10,69,1,0,0,1
20261029,2026-10-29,2026,4,Q4,10,October,Oct,Oct 2026,202610,29,Thursday,Thu,4,302,44,2026,2026-W44,202644,2027,1,1,FY27,0,0,0,0,2,10,70,1,0,0,1
20261030,2026-10-30,2026,4,Q4,10,October,Oct,Oct 2026,202610,30,Friday,Fri,5,303,44,2026,2026-W44,202644,2027,1,1,FY27,0,0,0,0,2,10,71,1,0,0,1
20261031,2026-10-31,2026,4,Q4,10,October,Oct,Oct 2026,202610,31,Saturday,Sat,6,304,44,2026,2026-W44,202644,2027,1,1,FY27,1,1,0,0,2,10,72,1,0,0,1
20261101,2026-11-01,2026,4,Q4,11,November,Nov,Nov 2026,202611,1,Sunday,Sun,7,305,44,2026,2026-W44,202644,2027,1,2,FY27,1,0,0,0,3,10,73,1,0,0,0
20261102,2026-11-02,2026,4,Q4,11,November,Nov,Nov 2026,202611,2,Monday,Mon,1,306,45,2026,2026-W45,202645,2027,1,2,FY27,0,0,0,0,3,11,74,1,0,0,0
20261103,2026-11-03,2026,4,Q4,11,November,Nov,Nov 2026,202611,3,Tuesday,Tue,2,307,45,2026,2026-W45,202645,2027,1,2,FY27,0,0,0,0,3,11,75,1,0,0,0
20261104,2026-11-04,2026,4,Q4,11,November,Nov,Nov 2026,202611,4,Wednesday,Wed,3,308,45,2026,2026-W45,202645,2027,1,2,FY27,0,0,0,0,3,11,76,1,0,0,0
20261105,2026-11-05,2026,4,Q4,11,November,Nov,Nov 2026,202611,5,Thursday,Thu,4,309,45,2026,2026-W45,202645,2027,1,2,FY27,0,0,0,0,3,11,77,1,0,0,0
20261106,2026-11-06,2026,4,Q4,11,November,Nov,Nov 2026,202611,6,Friday,Fri,5,310,45,2026,2026-W45,202645,2027,1,2,FY27,0,0,0,0,3,11,78,1,0,0,0
20261107,2026-11-07,2026,4,Q4,11,November,Nov,Nov 2026,202611,7,Saturday,Sat,6,311,45,2026,2026-W45,202645,2027,1,2,FY27,1,0,0,0,3,11,79,1,0,0,0
20261108,2026-11-08,2026,4,Q4,11,November,Nov,Nov 2026,202611,8,Sunday,Sun,7,312,45,2026,2026-W45,202645,2027,1,2,FY27,1,0,0,0,3,11,80,1,0,0,0
20261109,2026-11-09,2026,4,Q4,11,November,Nov,Nov 2026,202611,9,Monday,Mon,1,313,46,2026,2026-W46,202646,2027,1,2,FY27,0,0,0,0,3,12,81,1,0,0,0
20261110,2026-11-10,2026,4,Q4,11,November,Nov,Nov 2026,202611,10,Tuesday,Tue,2,314,46,2026,2026-W46,202646,2027,1,2,FY27,0,0,0,0,3,12,82,1,0,0,0
20261111,2026-11-11,2026,4,Q4,11,November,Nov,Nov 2026,202611,11,Wednesday,Wed,3,315,46,2026,2026-W46,202646,2027,1,2,FY27,0,0,0,0,3,12,83,1,0,0,0
20261112,2026-11-12,2026,4,Q4,11,November,Nov,Nov 2026,202611,12,Thursday,Thu,4,316,46,2026,2026-W46,202646,2027,1,2,FY27,0,0,0,0,3,12,84,1,0,0,0
20261113,2026-11-13,2026,4,Q4,11,November,Nov,Nov 2026,202611,13,Friday,Fri,5,317,46,2026,2026-W46,202646,2027,1,2,FY27,0,0,0,0,3,12,85,1,0,0,0
20261114,2026-11-14,2026,4,Q4,11,November,Nov,Nov 2026,202611,14,Saturday,Sat,6,318,46,2026,2026-W46,202646,2027,1,2,FY27,1,0,0,0,3,12,86,1,0,0,0
20261115,2026-11-15,2026,4,Q4,11,November,Nov,Nov 2026,202611,15,Sunday,Sun,7,319,46,2026,2026-W46,202646,2027,1,2,FY27,1,0,0,0,3,12,87,1,0,0,0
20261116,2026-11-16,2026,4,Q4,11,November,Nov,Nov 2026,202611,16,Monday,Mon,1,320,47,2026,2026-W47,202647,2027,1,2,FY27,0,0,0,0,3,13,88,1,0,0,0
20261117,2026-11-17,2026,4,Q4,11,November,Nov,Nov 2026,202611,17,Tuesday,Tue,2,321,47,2026,2026-W47,202647,2027,1,2,FY27,0,0,0,0,3,13,89,1,0,0,0
20261118,2026-11-18,2026,4,Q4,11,November,Nov,Nov 2026,202611,18,Wednesday,Wed,3,322,47,2026,2026-W47,202647,2027,1,2,FY27,0,0,0,0,3,13,90,1,0,0,0
20261119,2026-11-19,2026,4,Q4,11,November,Nov,Nov 2026,202611,19,Thursday,Thu,4,323,47,2026,2026-W47,202647,2027,1,2,FY27,0,0,0,0,3,13,91,1,0,0,0
20261120,2026-11-20,2026,4,Q4,11,November,Nov,Nov 2026,202611,20,Friday,Fri,5,324,47,2026,2026-W47,202647,2027,1,2,FY27,0,0,0,0,3,13,92,1,0,0,0
20261121,2026-11-21,2026,4,Q4,11,November,Nov,Nov 2026,202611,21,Saturday,Sat,6,325,47,2026,2026-W47,202647,2027,1,2,FY27,1,0,0,0,3,13,93,1,0,0,0
20261122,2026-11-22,2026,4,Q4,11,November,Nov,Nov 2026,202611,22,Sunday,Sun,7,326,47,2026,2026-W47,202647,2027,1,2,FY27,1,0,0,0,3,13,94,1,0,0,0
20261123,2026-11-23,2026,4,Q4,11,November,Nov,Nov 2026,202611,23,Monday,Mon,1,327,48,2026,2026-W48,202648,2027,1,2,FY27,0,0,0,0,3,14,95,1,0,0,0
20261124,2026-11-24,2026,4,Q4,11,November,Nov,Nov 2026,202611,24,Tuesday,Tue,2,328,48,2026,2026-W48,202648,2027,1,2,FY27,0,0,0,0,3,14,96,1,0,0,0
20261125,2026-11-25,2026,4,Q4,11,November,Nov,Nov 2026,202611,25,Wednesday,Wed,3,329,48,2026,2026-W48,202648,2027,1,2,FY27,0,0,0,0,3,14,97,1,0,0,0
20261126,2026-11-26,2026,4,Q4,11,November,Nov,Nov 2026,202611,26,Thursday,Thu,4,330,48,2026,2026-W48,202648,2027,1,2,FY27,0,0,0,0,3,14,98,1,0,0,0
20261127,2026-11-27,2026,4,Q4,11,November,Nov,Nov 2026,202611,27,Friday,Fri,5,331,48,2026,2026-W48,202648,2027,1,2,FY27,0,0,0,0,3,14,99,1,0,0,0
20261128,2026-11-28,2026,4,Q4,11,November,Nov,Nov 2026,202611,28,Saturday,Sat,6,332,48,2026,2026-W48,202648,2027,1,2,FY27,1,0,0,0,3,14,100,1,0,0,0
20261129,2026-11-29,2026,4,Q4,11,November,Nov,Nov 2026,202611,29,Sunday,Sun,7,333,48,2026,2026-W48,202648,2027,1,2,FY27,1,0,0,0,3,14,101,1,0,0,0
20261130,2026-11-30,2026,4,Q4,11,November,Nov,Nov 2026,202611,30,Monday,Mon,1,334,49,2026,2026-W49,202649,2027,1,2,FY27,0,1,0,0,3,15,102,1,0,0,0
20261201,2026-12-01,2026,4,Q4,12,December,Dec,Dec 2026,202612,1,Tuesday,Tue,2,335,49,2026,2026-W49,202649,2027,1,3,FY27,0,0,0,0,4,15,103,1,0,0,0
20261202,2026-12-02,2026,4,Q4,12,December,Dec,Dec 2026,202612,2,Wednesday,Wed,3,336,49,2026,2026-W49,202649,2027,1,3,FY27,0,0,0,0,4,15,104,1,0,0,0
20261203,2026-12-03,2026,4,Q4,12,December,Dec,Dec 2026,202612,3,Thursday,Thu,4,337,49,2026,2026-W49,202649,2027,1,3,FY27,0,0,0,0,4,15,105,1,0,0,0
20261204,2026-12-04,2026,4,Q4,12,December,Dec,Dec 2026,202612,4,Friday,Fri,5,338,49,2026,2026-W49,202649,2027,1,3,FY27,0,0,0,0,4,15,106,1,0,0,0
20261205,2026-12-05,2026,4,Q4,12,December,Dec,Dec 2026,202612,5,Saturday,Sat,6,339,49,2026,2026-W49,202649,2027,1,3,FY27,1,0,0,0,4,15,107,1,0,0,0
20261206,2026-12-06,2026,4,Q4,12,December,Dec,Dec 2026,202612,6,Sunday,Sun,7,340,49,2026,2026-W49,202649,2027,1,3,FY27,1,0,0,0,4,15,108,1,0,0,0
20261207,2026-12-07,2026,4,Q4,12,December,Dec,Dec 2026,202612,7,Monday,Mon,1,341,50,2026,2026-W50,202650,2027,1,3,FY27,0,0,0,0,4,16,109,1,0,0,0
20261208,2026-12-08,2026,4,Q4,12,December,Dec,Dec 2026,202612,8,Tuesday,Tue,2,342,50,2026,2026-W50,202650,2027,1,3,FY27,0,0,0,0,4,16,110,1,0,0,0
20261209,2026-12-09,2026,4,Q4,12,December,Dec,Dec 2026,202612,9,Wednesday,Wed,3,343,50,2026,2026-W50,202650,2027,1,3,FY27,0,0,0,0,4,16,111,1,0,0,0
20261210,2026-12-10,2026,4,Q4,12,December,Dec,Dec 2026,202612,10,Thursday,Thu,4,344,50,2026,2026-W50,202650,2027,1,3,FY27,0,0,0,0,4,16,112,1,0,0,0
20261211,2026-12-11,2026,4,Q4,12,December,Dec,Dec 2026,202612,11,Friday,Fri,5,345,50,2026,2026-W50,202650,2027,1,3,FY27,0,0,0,0,4,16,113,1,0,0,0
20261212,2026-12-12,2026,4,Q4,12,December,Dec,Dec 2026,202612,12,Saturday,Sat,6,346,50,2026,2026-W50,202650,2027,1,3,FY27,1,0,0,0,4,16,114,1,0,0,0
20261213,2026-12-13,2026,4,Q4,12,December,Dec,Dec 2026,202612,13,Sunday,Sun,7,347,50,2026,2026-W50,202650,2027,1,3,FY27,1,0,0,0,4,16,115,1,0,0,0
20261214,2026-12-14,2026,4,Q4,12,December,Dec,Dec 2026,202612,14,Monday,Mon,1,348,51,2026,2026-W51,202651,2027,1,3,FY27,0,0,0,0,4,17,116,1,0,0,0
20261215,2026-12-15,2026,4,Q4,12,December,Dec,Dec 2026,202612,15,Tuesday,Tue,2,349,51,2026,2026-W51,202651,2027,1,3,FY27,0,0,0,0,4,17,117,1,0,0,0
20261216,2026-12-16,2026,4,Q4,12,December,Dec,Dec 2026,202612,16,Wednesday,Wed,3,350,51,2026,2026-W51,202651,2027,1,3,FY27,0,0,0,0,4,17,118,1,0,0,0
20261217,2026-12-17,2026,4,Q4,12,December,Dec,Dec 2026,202612,17,Thursday,Thu,4,351,51,2026,2026-W51,202651,2027,1,3,FY27,0,0,0,0,4,17,119,1,0,0,0
20261218,2026-12-18,2026,4,Q4,12,December,Dec,Dec 2026,202612,18,Friday,Fri,5,352,51,2026,2026-W51,202651,2027,1,3,FY27,0,0,0,0,4,17,120,1,0,0,0
20261219,2026-12-19,2026,4,Q4,12,December,Dec,Dec 2026,202612,19,Saturday,Sat,6,353,51,2026,2026-W51,202651,2027,1,3,FY27,1,0,0,0,4,17,121,1,0,0,0
20261220,2026-12-20,2026,4,Q4,12,December,Dec,Dec 2026,202612,20,Sunday,Sun,7,354,51,2026,2026-W51,202651,2027,1,3,FY27,1,0,0,0,4,17,122,1,0,0,0
20261221,2026-12-21,2026,4,Q4,12,December,Dec,Dec 2026,202612,21,Monday,Mon,1,355,52,2026,2026-W52,202652,2027,1,3,FY27,0,0,0,0,4,18,123,1,0,0,0
20261222,2026-12-22,2026,4,Q4,12,December,Dec,Dec 2026,202612,22,Tuesday,Tue,2,356,52,2026,2026-W52,202652,2027,1,3,FY27,0,0,0,0,4,18,124,1,0,0,0
20261223,2026-12-23,2026,4,Q4,12,December,Dec,Dec 2026,202612,23,Wednesday,Wed,3,357,52,2026,2026-W52,202652,2027,1,3,FY27,0,0,0,0,4,18,125,1,0,0,0
20261224,2026-12-24,2026,4,Q4,12,December,Dec,Dec 2026,202612,24,Thursday,Thu,4,358,52,2026,2026-W52,202652,2027,1,3,FY27,0,0,0,0,4,18,126,1,0,0,0
20261225,2026-12-25,2026,4,Q4,12,December,Dec,Dec 2026,202612,25,Friday,Fri,5,359,52,2026,2026-W52,202652,2027,1,3,FY27,0,0,0,0,4,18,127,1,0,0,0
20261226,2026-12-26,2026,4,Q4,12,December,Dec,Dec 2026,202612,26,Saturday,Sat,6,360,52,2026,2026-W52,202652,2027,1,3,FY27,1,0,0,0,4,18,128,1,0,0,0
20261227,2026-12-27,2026,4,Q4,12,December,Dec,Dec 2026,202612,27,Sunday,Sun,7,361,52,2026,2026-W52,202652,2027,1,3,FY27,1,0,0,0,4,18,129,1,0,0,0
20261228,2026-12-28,2026,4,Q4,12,December,Dec,Dec 2026,202612,28,Monday,Mon,1,362,53,2026,2026-W53,202653,2027,1,3,FY27,0,0,0,0,4,19,130,1,0,0,0
20261229,2026-12-29,2026,4,Q4,12,December,Dec,Dec 2026,202612,29,Tuesday,Tue,2,363,53,2026,2026-W53,202653,2027,1,3,FY27,0,0,0,0,4,19,131,1,0,0,0
20261230,2026-12-30,2026,4,Q4,12,December,Dec,Dec 2026,202612,30,Wednesday,Wed,3,364,53,2026,2026-W53,202653,2027,1,3,FY27,0,0,0,0,4,19,132,1,0,0,0
20261231,2026-12-31,2026,4,Q4,12,December,Dec,Dec 2026,202612,31,Thursday,Thu,4,365,53,2026,2026-W53,202653,2027,1,3,FY27,0,1,1,0,4,19,133,1,0,0,0
